"Repo","Abbreviation","WorkshopId","RuleInfo","RelativePath"
"MPE","MPE","3726274827","gfx/coat_of_arms/.gitignore:1:*","""gfx/coat_of_arms/.gitignore\r"""
"MPE","MPE","3726274827","gfx/coat_of_arms/.gitignore:1:*","""gfx/coat_of_arms/colored_emblems/_wappen.dds\r"""
"MPE","MPE","3726274827","gfx/coat_of_arms/.gitignore:1:*","""gfx/coat_of_arms/colored_emblems/51_asdac_coa_designer_emblems.txt\r"""
"MPE","MPE","3726274827","gfx/coat_of_arms/.gitignore:1:*","""gfx/coat_of_arms/colored_emblems/baekje_crown.dds\r"""
"MPE","MPE","3726274827","gfx/coat_of_arms/.gitignore:1:*","""gfx/coat_of_arms/colored_emblems/c_aargau.dds\r"""
"MPE","MPE","3726274827","gfx/coat_of_arms/.gitignore:1:*","""gfx/coat_of_arms/colored_emblems/c_abensberg.dds\r"""
"MPE","MPE","3726274827","gfx/coat_of_arms/.gitignore:1:*","""gfx/coat_of_arms/colored_emblems/c_agen.dds\r"""
"MPE","MPE","3726274827","gfx/coat_of_arms/.gitignore:1:*","""gfx/coat_of_arms/colored_emblems/c_alava.dds\r"""
"MPE","MPE","3726274827","gfx/coat_of_arms/.gitignore:1:*","""gfx/coat_of_arms/colored_emblems/c_albi.dds\r"""
"MPE","MPE","3726274827","gfx/coat_of_arms/.gitignore:1:*","""gfx/coat_of_arms/colored_emblems/c_alcaraz.dds\r"""
"MPE","MPE","3726274827","gfx/coat_of_arms/.gitignore:1:*","""gfx/coat_of_arms/colored_emblems/c_alencon.dds\r"""
"MPE","MPE","3726274827","gfx/coat_of_arms/.gitignore:1:*","""gfx/coat_of_arms/colored_emblems/c_alto_aragon.dds\r"""
"MPE","MPE","3726274827","gfx/coat_of_arms/.gitignore:1:*","""gfx/coat_of_arms/colored_emblems/c_amalfi.dds\r"""
"MPE","MPE","3726274827","gfx/coat_of_arms/.gitignore:1:*","""gfx/coat_of_arms/colored_emblems/c_andechs.dds\r"""
"MPE","MPE","3726274827","gfx/coat_of_arms/.gitignore:1:*","""gfx/coat_of_arms/colored_emblems/c_andria.dds\r"""
"MPE","MPE","3726274827","gfx/coat_of_arms/.gitignore:1:*","""gfx/coat_of_arms/colored_emblems/c_antibes.dds\r"""
"MPE","MPE","3726274827","gfx/coat_of_arms/.gitignore:1:*","""gfx/coat_of_arms/colored_emblems/c_aprutium.dds\r"""
"MPE","MPE","3726274827","gfx/coat_of_arms/.gitignore:1:*","""gfx/coat_of_arms/colored_emblems/c_apulia.dds\r"""
"MPE","MPE","3726274827","gfx/coat_of_arms/.gitignore:1:*","""gfx/coat_of_arms/colored_emblems/c_aquino.dds\r"""
"MPE","MPE","3726274827","gfx/coat_of_arms/.gitignore:1:*","""gfx/coat_of_arms/colored_emblems/c_arezzo.dds\r"""
"MPE","MPE","3726274827","gfx/coat_of_arms/.gitignore:1:*","""gfx/coat_of_arms/colored_emblems/c_armagnac.dds\r"""
"MPE","MPE","3726274827","gfx/coat_of_arms/.gitignore:1:*","""gfx/coat_of_arms/colored_emblems/c_arques.dds\r"""
"MPE","MPE","3726274827","gfx/coat_of_arms/.gitignore:1:*","""gfx/coat_of_arms/colored_emblems/c_artois.dds\r"""
"MPE","MPE","3726274827","gfx/coat_of_arms/.gitignore:1:*","""gfx/coat_of_arms/colored_emblems/c_augsburg.dds\r"""
"MPE","MPE","3726274827","gfx/coat_of_arms/.gitignore:1:*","""gfx/coat_of_arms/colored_emblems/c_aukshayts.dds\r"""
"MPE","MPE","3726274827","gfx/coat_of_arms/.gitignore:1:*","""gfx/coat_of_arms/colored_emblems/c_auvergne.dds\r"""
"MPE","MPE","3726274827","gfx/coat_of_arms/.gitignore:1:*","""gfx/coat_of_arms/colored_emblems/c_auxerre.dds\r"""
"MPE","MPE","3726274827","gfx/coat_of_arms/.gitignore:1:*","""gfx/coat_of_arms/colored_emblems/c_auxois.dds\r"""
"MPE","MPE","3726274827","gfx/coat_of_arms/.gitignore:1:*","""gfx/coat_of_arms/colored_emblems/c_avila.dds\r"""
"MPE","MPE","3726274827","gfx/coat_of_arms/.gitignore:1:*","""gfx/coat_of_arms/colored_emblems/c_avranches.dds\r"""
"MPE","MPE","3726274827","gfx/coat_of_arms/.gitignore:1:*","""gfx/coat_of_arms/colored_emblems/c_baden.dds\r"""
"MPE","MPE","3726274827","gfx/coat_of_arms/.gitignore:1:*","""gfx/coat_of_arms/colored_emblems/c_bamberg.dds\r"""
"MPE","MPE","3726274827","gfx/coat_of_arms/.gitignore:1:*","""gfx/coat_of_arms/colored_emblems/c_bar.dds\r"""
"MPE","MPE","3726274827","gfx/coat_of_arms/.gitignore:1:*","""gfx/coat_of_arms/colored_emblems/c_bari.dds\r"""
"MPE","MPE","3726274827","gfx/coat_of_arms/.gitignore:1:*","""gfx/coat_of_arms/colored_emblems/c_basel.dds\r"""
"MPE","MPE","3726274827","gfx/coat_of_arms/.gitignore:1:*","""gfx/coat_of_arms/colored_emblems/c_bayeux.dds\r"""
"MPE","MPE","3726274827","gfx/coat_of_arms/.gitignore:1:*","""gfx/coat_of_arms/colored_emblems/c_bedford.dds\r"""
"MPE","MPE","3726274827","gfx/coat_of_arms/.gitignore:1:*","""gfx/coat_of_arms/colored_emblems/c_belgard.dds\r"""
"MPE","MPE","3726274827","gfx/coat_of_arms/.gitignore:1:*","""gfx/coat_of_arms/colored_emblems/c_bentheim.dds\r"""
"MPE","MPE","3726274827","gfx/coat_of_arms/.gitignore:1:*","""gfx/coat_of_arms/colored_emblems/c_berg.dds\r"""
"MPE","MPE","3726274827","gfx/coat_of_arms/.gitignore:1:*","""gfx/coat_of_arms/colored_emblems/c_bergamo.dds\r"""
"MPE","MPE","3726274827","gfx/coat_of_arms/.gitignore:1:*","""gfx/coat_of_arms/colored_emblems/c_berks.dds\r"""
"MPE","MPE","3726274827","gfx/coat_of_arms/.gitignore:1:*","""gfx/coat_of_arms/colored_emblems/c_besancon.dds\r"""
"MPE","MPE","3726274827","gfx/coat_of_arms/.gitignore:1:*","""gfx/coat_of_arms/colored_emblems/c_bigorre.dds\r"""
"MPE","MPE","3726274827","gfx/coat_of_arms/.gitignore:1:*","""gfx/coat_of_arms/colored_emblems/c_blamont.dds\r"""
"MPE","MPE","3726274827","gfx/coat_of_arms/.gitignore:1:*","""gfx/coat_of_arms/colored_emblems/c_blankenburg.dds\r"""
"MPE","MPE","3726274827","gfx/coat_of_arms/.gitignore:1:*","""gfx/coat_of_arms/colored_emblems/c_bordeaux.dds\r"""
"MPE","MPE","3726274827","gfx/coat_of_arms/.gitignore:1:*","""gfx/coat_of_arms/colored_emblems/c_boulogne.dds\r"""
"MPE","MPE","3726274827","gfx/coat_of_arms/.gitignore:1:*","""gfx/coat_of_arms/colored_emblems/c_bourges.dds\r"""
"MPE","MPE","3726274827","gfx/coat_of_arms/.gitignore:1:*","""gfx/coat_of_arms/colored_emblems/c_brandenburg.dds\r"""
"MPE","MPE","3726274827","gfx/coat_of_arms/.gitignore:1:*","""gfx/coat_of_arms/colored_emblems/c_braunschweig.dds\r"""
"MPE","MPE","3726274827","gfx/coat_of_arms/.gitignore:1:*","""gfx/coat_of_arms/colored_emblems/c_breda.dds\r"""
"MPE","MPE","3726274827","gfx/coat_of_arms/.gitignore:1:*","""gfx/coat_of_arms/colored_emblems/c_breisgau.dds\r"""
"MPE","MPE","3726274827","gfx/coat_of_arms/.gitignore:1:*","""gfx/coat_of_arms/colored_emblems/c_bremen.dds\r"""
"MPE","MPE","3726274827","gfx/coat_of_arms/.gitignore:1:*","""gfx/coat_of_arms/colored_emblems/c_brescia.dds\r"""
"MPE","MPE","3726274827","gfx/coat_of_arms/.gitignore:1:*","""gfx/coat_of_arms/colored_emblems/c_bresse.dds\r"""
"MPE","MPE","3726274827","gfx/coat_of_arms/.gitignore:1:*","""gfx/coat_of_arms/colored_emblems/c_brie.dds\r"""
"MPE","MPE","3726274827","gfx/coat_of_arms/.gitignore:1:*","""gfx/coat_of_arms/colored_emblems/c_brussel.dds\r"""
"MPE","MPE","3726274827","gfx/coat_of_arms/.gitignore:1:*","""gfx/coat_of_arms/colored_emblems/c_bucks.dds\r"""
"MPE","MPE","3726274827","gfx/coat_of_arms/.gitignore:1:*","""gfx/coat_of_arms/colored_emblems/c_burgos.dds\r"""
"MPE","MPE","3726274827","gfx/coat_of_arms/.gitignore:1:*","""gfx/coat_of_arms/colored_emblems/c_caceres.dds\r"""
"MPE","MPE","3726274827","gfx/coat_of_arms/.gitignore:1:*","""gfx/coat_of_arms/colored_emblems/c_calatayud.dds\r"""
"MPE","MPE","3726274827","gfx/coat_of_arms/.gitignore:1:*","""gfx/coat_of_arms/colored_emblems/c_calatrava.dds\r"""
"MPE","MPE","3726274827","gfx/coat_of_arms/.gitignore:1:*","""gfx/coat_of_arms/colored_emblems/c_calw.dds\r"""
"MPE","MPE","3726274827","gfx/coat_of_arms/.gitignore:1:*","""gfx/coat_of_arms/colored_emblems/c_cambridge.dds\r"""
"MPE","MPE","3726274827","gfx/coat_of_arms/.gitignore:1:*","""gfx/coat_of_arms/colored_emblems/c_capua.dds\r"""
"MPE","MPE","3726274827","gfx/coat_of_arms/.gitignore:1:*","""gfx/coat_of_arms/colored_emblems/c_carcassonne.dds\r"""
"MPE","MPE","3726274827","gfx/coat_of_arms/.gitignore:1:*","""gfx/coat_of_arms/colored_emblems/c_carlades.dds\r"""
"MPE","MPE","3726274827","gfx/coat_of_arms/.gitignore:1:*","""gfx/coat_of_arms/colored_emblems/c_caspe.dds\r"""
"MPE","MPE","3726274827","gfx/coat_of_arms/.gitignore:1:*","""gfx/coat_of_arms/colored_emblems/c_castellon.dds\r"""
"MPE","MPE","3726274827","gfx/coat_of_arms/.gitignore:1:*","""gfx/coat_of_arms/colored_emblems/c_chablais.dds\r"""
"MPE","MPE","3726274827","gfx/coat_of_arms/.gitignore:1:*","""gfx/coat_of_arms/colored_emblems/c_chalons.dds\r"""
"MPE","MPE","3726274827","gfx/coat_of_arms/.gitignore:1:*","""gfx/coat_of_arms/colored_emblems/c_chartres.dds\r"""
"MPE","MPE","3726274827","gfx/coat_of_arms/.gitignore:1:*","""gfx/coat_of_arms/colored_emblems/c_chester.dds\r"""
"MPE","MPE","3726274827","gfx/coat_of_arms/.gitignore:1:*","""gfx/coat_of_arms/colored_emblems/c_chiny.dds\r"""
"MPE","MPE","3726274827","gfx/coat_of_arms/.gitignore:1:*","""gfx/coat_of_arms/colored_emblems/c_chur.dds\r"""
"MPE","MPE","3726274827","gfx/coat_of_arms/.gitignore:1:*","""gfx/coat_of_arms/colored_emblems/c_cieszyn.dds\r"""
"MPE","MPE","3726274827","gfx/coat_of_arms/.gitignore:1:*","""gfx/coat_of_arms/colored_emblems/c_clermont.dds\r"""
"MPE","MPE","3726274827","gfx/coat_of_arms/.gitignore:1:*","""gfx/coat_of_arms/colored_emblems/c_comminges.dds\r"""
"MPE","MPE","3726274827","gfx/coat_of_arms/.gitignore:1:*","""gfx/coat_of_arms/colored_emblems/c_consenza.dds\r"""
"MPE","MPE","3726274827","gfx/coat_of_arms/.gitignore:1:*","""gfx/coat_of_arms/colored_emblems/c_cornouaille.dds\r"""
"MPE","MPE","3726274827","gfx/coat_of_arms/.gitignore:1:*","""gfx/coat_of_arms/colored_emblems/c_cornwall.dds\r"""
"MPE","MPE","3726274827","gfx/coat_of_arms/.gitignore:1:*","""gfx/coat_of_arms/colored_emblems/c_coruna.dds\r"""
"MPE","MPE","3726274827","gfx/coat_of_arms/.gitignore:1:*","""gfx/coat_of_arms/colored_emblems/c_coustance.dds\r"""
"MPE","MPE","3726274827","gfx/coat_of_arms/.gitignore:1:*","""gfx/coat_of_arms/colored_emblems/c_cremona.dds\r"""
"MPE","MPE","3726274827","gfx/coat_of_arms/.gitignore:1:*","""gfx/coat_of_arms/colored_emblems/c_cumberland.dds\r"""
"MPE","MPE","3726274827","gfx/coat_of_arms/.gitignore:1:*","""gfx/coat_of_arms/colored_emblems/c_czersk.dds\r"""
"MPE","MPE","3726274827","gfx/coat_of_arms/.gitignore:1:*","""gfx/coat_of_arms/colored_emblems/c_dagsburg.dds\r"""
"MPE","MPE","3726274827","gfx/coat_of_arms/.gitignore:1:*","""gfx/coat_of_arms/colored_emblems/c_dannenberg.dds\r"""
"MPE","MPE","3726274827","gfx/coat_of_arms/.gitignore:1:*","""gfx/coat_of_arms/colored_emblems/c_danzig.dds\r"""
"MPE","MPE","3726274827","gfx/coat_of_arms/.gitignore:1:*","""gfx/coat_of_arms/colored_emblems/c_dauphine_viennois.dds\r"""
"MPE","MPE","3726274827","gfx/coat_of_arms/.gitignore:1:*","""gfx/coat_of_arms/colored_emblems/c_derby.dds\r"""
"MPE","MPE","3726274827","gfx/coat_of_arms/.gitignore:1:*","""gfx/coat_of_arms/colored_emblems/c_devon.dds\r"""
"MPE","MPE","3726274827","gfx/coat_of_arms/.gitignore:1:*","""gfx/coat_of_arms/colored_emblems/c_dijon.dds\r"""
"MPE","MPE","3726274827","gfx/coat_of_arms/.gitignore:1:*","""gfx/coat_of_arms/colored_emblems/c_dithmarschen.dds\r"""
"MPE","MPE","3726274827","gfx/coat_of_arms/.gitignore:1:*","""gfx/coat_of_arms/colored_emblems/c_dole.dds\r"""
"MPE","MPE","3726274827","gfx/coat_of_arms/.gitignore:1:*","""gfx/coat_of_arms/colored_emblems/c_dorset.dds\r"""
"MPE","MPE","3726274827","gfx/coat_of_arms/.gitignore:1:*","""gfx/coat_of_arms/colored_emblems/c_dreux.dds\r"""
"MPE","MPE","3726274827","gfx/coat_of_arms/.gitignore:1:*","""gfx/coat_of_arms/colored_emblems/c_durham.dds\r"""
"MPE","MPE","3726274827","gfx/coat_of_arms/.gitignore:1:*","""gfx/coat_of_arms/colored_emblems/c_empuries.dds\r"""
"MPE","MPE","3726274827","gfx/coat_of_arms/.gitignore:1:*","""gfx/coat_of_arms/colored_emblems/c_essex.dds\r"""
"MPE","MPE","3726274827","gfx/coat_of_arms/.gitignore:1:*","""gfx/coat_of_arms/colored_emblems/c_este.dds\r"""
"MPE","MPE","3726274827","gfx/coat_of_arms/.gitignore:1:*","""gfx/coat_of_arms/colored_emblems/c_eu.dds\r"""
"MPE","MPE","3726274827","gfx/coat_of_arms/.gitignore:1:*","""gfx/coat_of_arms/colored_emblems/c_everstein.dds\r"""
"MPE","MPE","3726274827","gfx/coat_of_arms/.gitignore:1:*","""gfx/coat_of_arms/colored_emblems/c_evreux.dds\r"""
"MPE","MPE","3726274827","gfx/coat_of_arms/.gitignore:1:*","""gfx/coat_of_arms/colored_emblems/c_forcalquier.dds\r"""
"MPE","MPE","3726274827","gfx/coat_of_arms/.gitignore:1:*","""gfx/coat_of_arms/colored_emblems/c_forez.dds\r"""
"MPE","MPE","3726274827","gfx/coat_of_arms/.gitignore:1:*","""gfx/coat_of_arms/colored_emblems/c_french_leon.dds\r"""
"MPE","MPE","3726274827","gfx/coat_of_arms/.gitignore:1:*","""gfx/coat_of_arms/colored_emblems/c_frisia.dds\r"""
"MPE","MPE","3726274827","gfx/coat_of_arms/.gitignore:1:*","""gfx/coat_of_arms/colored_emblems/c_gavi.dds\r"""
"MPE","MPE","3726274827","gfx/coat_of_arms/.gitignore:1:*","""gfx/coat_of_arms/colored_emblems/c_gevaudan.dds\r"""
"MPE","MPE","3726274827","gfx/coat_of_arms/.gitignore:1:*","""gfx/coat_of_arms/colored_emblems/c_girona.dds\r"""
"MPE","MPE","3726274827","gfx/coat_of_arms/.gitignore:1:*","""gfx/coat_of_arms/colored_emblems/c_gloucester.dds\r"""
"MPE","MPE","3726274827","gfx/coat_of_arms/.gitignore:1:*","""gfx/coat_of_arms/colored_emblems/c_gottingen.dds\r"""
"MPE","MPE","3726274827","gfx/coat_of_arms/.gitignore:1:*","""gfx/coat_of_arms/colored_emblems/c_graisivaudan.dds\r"""
"MPE","MPE","3726274827","gfx/coat_of_arms/.gitignore:1:*","""gfx/coat_of_arms/colored_emblems/c_gravina.dds\r"""
"MPE","MPE","3726274827","gfx/coat_of_arms/.gitignore:1:*","""gfx/coat_of_arms/colored_emblems/c_gudensberg.dds\r"""
"MPE","MPE","3726274827","gfx/coat_of_arms/.gitignore:1:*","""gfx/coat_of_arms/colored_emblems/c_guines.dds\r"""
"MPE","MPE","3726274827","gfx/coat_of_arms/.gitignore:1:*","""gfx/coat_of_arms/colored_emblems/c_guipuzcoa.dds\r"""
"MPE","MPE","3726274827","gfx/coat_of_arms/.gitignore:1:*","""gfx/coat_of_arms/colored_emblems/c_gutzkow.dds\r"""
"MPE","MPE","3726274827","gfx/coat_of_arms/.gitignore:1:*","""gfx/coat_of_arms/colored_emblems/c_gwyr.dds\r"""
"MPE","MPE","3726274827","gfx/coat_of_arms/.gitignore:1:*","""gfx/coat_of_arms/colored_emblems/c_hainaut.dds\r"""
"MPE","MPE","3726274827","gfx/coat_of_arms/.gitignore:1:*","""gfx/coat_of_arms/colored_emblems/c_hamaland.dds\r"""
"MPE","MPE","3726274827","gfx/coat_of_arms/.gitignore:1:*","""gfx/coat_of_arms/colored_emblems/c_hamburg.dds\r"""
"MPE","MPE","3726274827","gfx/coat_of_arms/.gitignore:1:*","""gfx/coat_of_arms/colored_emblems/c_hanau.dds\r"""
"MPE","MPE","3726274827","gfx/coat_of_arms/.gitignore:1:*","""gfx/coat_of_arms/colored_emblems/c_helfenstein.dds\r"""
"MPE","MPE","3726274827","gfx/coat_of_arms/.gitignore:1:*","""gfx/coat_of_arms/colored_emblems/c_henneberg.dds\r"""
"MPE","MPE","3726274827","gfx/coat_of_arms/.gitignore:1:*","""gfx/coat_of_arms/colored_emblems/c_hereford.dds\r"""
"MPE","MPE","3726274827","gfx/coat_of_arms/.gitignore:1:*","""gfx/coat_of_arms/colored_emblems/c_hertford.dds\r"""
"MPE","MPE","3726274827","gfx/coat_of_arms/.gitignore:1:*","""gfx/coat_of_arms/colored_emblems/c_hirschberg.dds\r"""
"MPE","MPE","3726274827","gfx/coat_of_arms/.gitignore:1:*","""gfx/coat_of_arms/colored_emblems/c_hohenlohe.dds\r"""
"MPE","MPE","3726274827","gfx/coat_of_arms/.gitignore:1:*","""gfx/coat_of_arms/colored_emblems/c_holland.dds\r"""
"MPE","MPE","3726274827","gfx/coat_of_arms/.gitignore:1:*","""gfx/coat_of_arms/colored_emblems/c_hoya.dds\r"""
"MPE","MPE","3726274827","gfx/coat_of_arms/.gitignore:1:*","""gfx/coat_of_arms/colored_emblems/c_huesca.dds\r"""
"MPE","MPE","3726274827","gfx/coat_of_arms/.gitignore:1:*","""gfx/coat_of_arms/colored_emblems/c_huntingdon.dds\r"""
"MPE","MPE","3726274827","gfx/coat_of_arms/.gitignore:1:*","""gfx/coat_of_arms/colored_emblems/c_ile_de_france.dds\r"""
"MPE","MPE","3726274827","gfx/coat_of_arms/.gitignore:1:*","""gfx/coat_of_arms/colored_emblems/c_jersey.dds\r"""
"MPE","MPE","3726274827","gfx/coat_of_arms/.gitignore:1:*","""gfx/coat_of_arms/colored_emblems/c_julich.dds\r"""
"MPE","MPE","3726274827","gfx/coat_of_arms/.gitignore:1:*","""gfx/coat_of_arms/colored_emblems/c_katzenelnbogen.dds\r"""
"MPE","MPE","3726274827","gfx/coat_of_arms/.gitignore:1:*","""gfx/coat_of_arms/colored_emblems/c_kent.dds\r"""
"MPE","MPE","3726274827","gfx/coat_of_arms/.gitignore:1:*","""gfx/coat_of_arms/colored_emblems/c_kiel.dds\r"""
"MPE","MPE","3726274827","gfx/coat_of_arms/.gitignore:1:*","""gfx/coat_of_arms/colored_emblems/c_kiev.dds\r"""
"MPE","MPE","3726274827","gfx/coat_of_arms/.gitignore:1:*","""gfx/coat_of_arms/colored_emblems/c_kleve.dds\r"""
"MPE","MPE","3726274827","gfx/coat_of_arms/.gitignore:1:*","""gfx/coat_of_arms/colored_emblems/c_knin.dds\r"""
"MPE","MPE","3726274827","gfx/coat_of_arms/.gitignore:1:*","""gfx/coat_of_arms/colored_emblems/c_kraiburg.dds\r"""
"MPE","MPE","3726274827","gfx/coat_of_arms/.gitignore:1:*","""gfx/coat_of_arms/colored_emblems/c_krain.dds\r"""
"MPE","MPE","3726274827","gfx/coat_of_arms/.gitignore:1:*","""gfx/coat_of_arms/colored_emblems/c_la_mancha.dds\r"""
"MPE","MPE","3726274827","gfx/coat_of_arms/.gitignore:1:*","""gfx/coat_of_arms/colored_emblems/c_la_marche.dds\r"""
"MPE","MPE","3726274827","gfx/coat_of_arms/.gitignore:1:*","""gfx/coat_of_arms/colored_emblems/c_labourd.dds\r"""
"MPE","MPE","3726274827","gfx/coat_of_arms/.gitignore:1:*","""gfx/coat_of_arms/colored_emblems/c_lancaster.dds\r"""
"MPE","MPE","3726274827","gfx/coat_of_arms/.gitignore:1:*","""gfx/coat_of_arms/colored_emblems/c_langres.dds\r"""
"MPE","MPE","3726274827","gfx/coat_of_arms/.gitignore:1:*","""gfx/coat_of_arms/colored_emblems/c_laroche.dds\r"""
"MPE","MPE","3726274827","gfx/coat_of_arms/.gitignore:1:*","""gfx/coat_of_arms/colored_emblems/c_lecce.dds\r"""
"MPE","MPE","3726274827","gfx/coat_of_arms/.gitignore:1:*","""gfx/coat_of_arms/colored_emblems/c_legnica.dds\r"""
"MPE","MPE","3726274827","gfx/coat_of_arms/.gitignore:1:*","""gfx/coat_of_arms/colored_emblems/c_leicester.dds\r"""
"MPE","MPE","3726274827","gfx/coat_of_arms/.gitignore:1:*","""gfx/coat_of_arms/colored_emblems/c_leiningen.dds\r"""
"MPE","MPE","3726274827","gfx/coat_of_arms/.gitignore:1:*","""gfx/coat_of_arms/colored_emblems/c_lemos.dds\r"""
"MPE","MPE","3726274827","gfx/coat_of_arms/.gitignore:1:*","""gfx/coat_of_arms/colored_emblems/c_lida.dds\r"""
"MPE","MPE","3726274827","gfx/coat_of_arms/.gitignore:1:*","""gfx/coat_of_arms/colored_emblems/c_liege.dds\r"""
"MPE","MPE","3726274827","gfx/coat_of_arms/.gitignore:1:*","""gfx/coat_of_arms/colored_emblems/c_lille.dds\r"""
"MPE","MPE","3726274827","gfx/coat_of_arms/.gitignore:1:*","""gfx/coat_of_arms/colored_emblems/c_limburg.dds\r"""
"MPE","MPE","3726274827","gfx/coat_of_arms/.gitignore:1:*","""gfx/coat_of_arms/colored_emblems/c_limousin.dds\r"""
"MPE","MPE","3726274827","gfx/coat_of_arms/.gitignore:1:*","""gfx/coat_of_arms/colored_emblems/c_lincoln.dds\r"""
"MPE","MPE","3726274827","gfx/coat_of_arms/.gitignore:1:*","""gfx/coat_of_arms/colored_emblems/c_lippe.dds\r"""
"MPE","MPE","3726274827","gfx/coat_of_arms/.gitignore:1:*","""gfx/coat_of_arms/colored_emblems/c_lleida.dds\r"""
"MPE","MPE","3726274827","gfx/coat_of_arms/.gitignore:1:*","""gfx/coat_of_arms/colored_emblems/c_logrono.dds\r"""
"MPE","MPE","3726274827","gfx/coat_of_arms/.gitignore:1:*","""gfx/coat_of_arms/colored_emblems/c_lombardia.dds\r"""
"MPE","MPE","3726274827","gfx/coat_of_arms/.gitignore:1:*","""gfx/coat_of_arms/colored_emblems/c_loon.dds\r"""
"MPE","MPE","3726274827","gfx/coat_of_arms/.gitignore:1:*","""gfx/coat_of_arms/colored_emblems/c_lubeck.dds\r"""
"MPE","MPE","3726274827","gfx/coat_of_arms/.gitignore:1:*","""gfx/coat_of_arms/colored_emblems/c_lugo.dds\r"""
"MPE","MPE","3726274827","gfx/coat_of_arms/.gitignore:1:*","""gfx/coat_of_arms/colored_emblems/c_luneburg.dds\r"""
"MPE","MPE","3726274827","gfx/coat_of_arms/.gitignore:1:*","""gfx/coat_of_arms/colored_emblems/c_lyon.dds\r"""
"MPE","MPE","3726274827","gfx/coat_of_arms/.gitignore:1:*","""gfx/coat_of_arms/colored_emblems/c_macon.dds\r"""
"MPE","MPE","3726274827","gfx/coat_of_arms/.gitignore:1:*","""gfx/coat_of_arms/colored_emblems/c_maine.dds\r"""
"MPE","MPE","3726274827","gfx/coat_of_arms/.gitignore:1:*","""gfx/coat_of_arms/colored_emblems/c_marsan.dds\r"""
"MPE","MPE","3726274827","gfx/coat_of_arms/.gitignore:1:*","""gfx/coat_of_arms/colored_emblems/c_marsico.dds\r"""
"MPE","MPE","3726274827","gfx/coat_of_arms/.gitignore:1:*","""gfx/coat_of_arms/colored_emblems/c_meissen.dds\r"""
"MPE","MPE","3726274827","gfx/coat_of_arms/.gitignore:1:*","""gfx/coat_of_arms/colored_emblems/c_messina.dds\r"""
"MPE","MPE","3726274827","gfx/coat_of_arms/.gitignore:1:*","""gfx/coat_of_arms/colored_emblems/c_metz.dds\r"""
"MPE","MPE","3726274827","gfx/coat_of_arms/.gitignore:1:*","""gfx/coat_of_arms/colored_emblems/c_middlesex.dds\r"""
"MPE","MPE","3726274827","gfx/coat_of_arms/.gitignore:1:*","""gfx/coat_of_arms/colored_emblems/c_milau.dds\r"""
"MPE","MPE","3726274827","gfx/coat_of_arms/.gitignore:1:*","""gfx/coat_of_arms/colored_emblems/c_modena.dds\r"""
"MPE","MPE","3726274827","gfx/coat_of_arms/.gitignore:1:*","""gfx/coat_of_arms/colored_emblems/c_montbeliard.dds\r"""
"MPE","MPE","3726274827","gfx/coat_of_arms/.gitignore:1:*","""gfx/coat_of_arms/colored_emblems/c_montfort.dds\r"""
"MPE","MPE","3726274827","gfx/coat_of_arms/.gitignore:1:*","""gfx/coat_of_arms/colored_emblems/c_mortain.dds\r"""
"MPE","MPE","3726274827","gfx/coat_of_arms/.gitignore:1:*","""gfx/coat_of_arms/colored_emblems/c_moskva.dds\r"""
"MPE","MPE","3726274827","gfx/coat_of_arms/.gitignore:1:*","""gfx/coat_of_arms/colored_emblems/c_murcia.dds\r"""
"MPE","MPE","3726274827","gfx/coat_of_arms/.gitignore:1:*","""gfx/coat_of_arms/colored_emblems/c_najera.dds\r"""
"MPE","MPE","3726274827","gfx/coat_of_arms/.gitignore:1:*","""gfx/coat_of_arms/colored_emblems/c_namur.dds\r"""
"MPE","MPE","3726274827","gfx/coat_of_arms/.gitignore:1:*","""gfx/coat_of_arms/colored_emblems/c_nantes.dds\r"""
"MPE","MPE","3726274827","gfx/coat_of_arms/.gitignore:1:*","""gfx/coat_of_arms/colored_emblems/c_narbonne.dds\r"""
"MPE","MPE","3726274827","gfx/coat_of_arms/.gitignore:1:*","""gfx/coat_of_arms/colored_emblems/c_nassau.dds\r"""
"MPE","MPE","3726274827","gfx/coat_of_arms/.gitignore:1:*","""gfx/coat_of_arms/colored_emblems/c_nellenburg.dds\r"""
"MPE","MPE","3726274827","gfx/coat_of_arms/.gitignore:1:*","""gfx/coat_of_arms/colored_emblems/c_neuchatel.dds\r"""
"MPE","MPE","3726274827","gfx/coat_of_arms/.gitignore:1:*","""gfx/coat_of_arms/colored_emblems/c_nevers.dds\r"""
"MPE","MPE","3726274827","gfx/coat_of_arms/.gitignore:1:*","""gfx/coat_of_arms/colored_emblems/c_nordgau.dds\r"""
"MPE","MPE","3726274827","gfx/coat_of_arms/.gitignore:1:*","""gfx/coat_of_arms/colored_emblems/c_norfolk.dds\r"""
"MPE","MPE","3726274827","gfx/coat_of_arms/.gitignore:1:*","""gfx/coat_of_arms/colored_emblems/c_northampton.dds\r"""
"MPE","MPE","3726274827","gfx/coat_of_arms/.gitignore:1:*","""gfx/coat_of_arms/colored_emblems/c_northumberland.dds\r"""
"MPE","MPE","3726274827","gfx/coat_of_arms/.gitignore:1:*","""gfx/coat_of_arms/colored_emblems/c_nottingham.dds\r"""
"MPE","MPE","3726274827","gfx/coat_of_arms/.gitignore:1:*","""gfx/coat_of_arms/colored_emblems/c_oldenburg.dds\r"""
"MPE","MPE","3726274827","gfx/coat_of_arms/.gitignore:1:*","""gfx/coat_of_arms/colored_emblems/c_opole.dds\r"""
"MPE","MPE","3726274827","gfx/coat_of_arms/.gitignore:1:*","""gfx/coat_of_arms/colored_emblems/c_orbetello.dds\r"""
"MPE","MPE","3726274827","gfx/coat_of_arms/.gitignore:1:*","""gfx/coat_of_arms/colored_emblems/c_orleans.dds\r"""
"MPE","MPE","3726274827","gfx/coat_of_arms/.gitignore:1:*","""gfx/coat_of_arms/colored_emblems/c_orvieto.dds\r"""
"MPE","MPE","3726274827","gfx/coat_of_arms/.gitignore:1:*","""gfx/coat_of_arms/colored_emblems/c_osnabruck.dds\r"""
"MPE","MPE","3726274827","gfx/coat_of_arms/.gitignore:1:*","""gfx/coat_of_arms/colored_emblems/c_ostfriesland.dds\r"""
"MPE","MPE","3726274827","gfx/coat_of_arms/.gitignore:1:*","""gfx/coat_of_arms/colored_emblems/c_oversticht.dds\r"""
"MPE","MPE","3726274827","gfx/coat_of_arms/.gitignore:1:*","""gfx/coat_of_arms/colored_emblems/c_palermo.dds\r"""
"MPE","MPE","3726274827","gfx/coat_of_arms/.gitignore:1:*","""gfx/coat_of_arms/colored_emblems/c_pallars.dds\r"""
"MPE","MPE","3726274827","gfx/coat_of_arms/.gitignore:1:*","""gfx/coat_of_arms/colored_emblems/c_parma.dds\r"""
"MPE","MPE","3726274827","gfx/coat_of_arms/.gitignore:1:*","""gfx/coat_of_arms/colored_emblems/c_passau.dds\r"""
"MPE","MPE","3726274827","gfx/coat_of_arms/.gitignore:1:*","""gfx/coat_of_arms/colored_emblems/c_penthievre.dds\r"""
"MPE","MPE","3726274827","gfx/coat_of_arms/.gitignore:1:*","""gfx/coat_of_arms/colored_emblems/c_perigord.dds\r"""
"MPE","MPE","3726274827","gfx/coat_of_arms/.gitignore:1:*","""gfx/coat_of_arms/colored_emblems/c_pfalz.dds\r"""
"MPE","MPE","3726274827","gfx/coat_of_arms/.gitignore:1:*","""gfx/coat_of_arms/colored_emblems/c_piacenza.dds\r"""
"MPE","MPE","3726274827","gfx/coat_of_arms/.gitignore:1:*","""gfx/coat_of_arms/colored_emblems/c_pitten.dds\r"""
"MPE","MPE","3726274827","gfx/coat_of_arms/.gitignore:1:*","""gfx/coat_of_arms/colored_emblems/c_plauen.dds\r"""
"MPE","MPE","3726274827","gfx/coat_of_arms/.gitignore:1:*","""gfx/coat_of_arms/colored_emblems/c_podlasie.dds\r"""
"MPE","MPE","3726274827","gfx/coat_of_arms/.gitignore:1:*","""gfx/coat_of_arms/colored_emblems/c_poitiers.dds\r"""
"MPE","MPE","3726274827","gfx/coat_of_arms/.gitignore:1:*","""gfx/coat_of_arms/colored_emblems/c_pombia.dds\r"""
"MPE","MPE","3726274827","gfx/coat_of_arms/.gitignore:1:*","""gfx/coat_of_arms/colored_emblems/c_ponthieu.dds\r"""
"MPE","MPE","3726274827","gfx/coat_of_arms/.gitignore:1:*","""gfx/coat_of_arms/colored_emblems/c_porhoet.dds\r"""
"MPE","MPE","3726274827","gfx/coat_of_arms/.gitignore:1:*","""gfx/coat_of_arms/colored_emblems/c_poznanskie.dds\r"""
"MPE","MPE","3726274827","gfx/coat_of_arms/.gitignore:1:*","""gfx/coat_of_arms/colored_emblems/c_prato.dds\r"""
"MPE","MPE","3726274827","gfx/coat_of_arms/.gitignore:1:*","""gfx/coat_of_arms/colored_emblems/c_prignitz.dds\r"""
"MPE","MPE","3726274827","gfx/coat_of_arms/.gitignore:1:*","""gfx/coat_of_arms/colored_emblems/c_quercy.dds\r"""
"MPE","MPE","3726274827","gfx/coat_of_arms/.gitignore:1:*","""gfx/coat_of_arms/colored_emblems/c_ragusa.dds\r"""
"MPE","MPE","3726274827","gfx/coat_of_arms/.gitignore:1:*","""gfx/coat_of_arms/colored_emblems/c_ratzeburg.dds\r"""
"MPE","MPE","3726274827","gfx/coat_of_arms/.gitignore:1:*","""gfx/coat_of_arms/colored_emblems/c_ravenna.dds\r"""
"MPE","MPE","3726274827","gfx/coat_of_arms/.gitignore:1:*","""gfx/coat_of_arms/colored_emblems/c_reims.dds\r"""
"MPE","MPE","3726274827","gfx/coat_of_arms/.gitignore:1:*","""gfx/coat_of_arms/colored_emblems/c_rennes.dds\r"""
"MPE","MPE","3726274827","gfx/coat_of_arms/.gitignore:1:*","""gfx/coat_of_arms/colored_emblems/c_rethel.dds\r"""
"MPE","MPE","3726274827","gfx/coat_of_arms/.gitignore:1:*","""gfx/coat_of_arms/colored_emblems/c_ribagorza.dds\r"""
"MPE","MPE","3726274827","gfx/coat_of_arms/.gitignore:1:*","""gfx/coat_of_arms/colored_emblems/c_richmond.dds\r"""
"MPE","MPE","3726274827","gfx/coat_of_arms/.gitignore:1:*","""gfx/coat_of_arms/colored_emblems/c_rosello.dds\r"""
"MPE","MPE","3726274827","gfx/coat_of_arms/.gitignore:1:*","""gfx/coat_of_arms/colored_emblems/c_rostock.dds\r"""
"MPE","MPE","3726274827","gfx/coat_of_arms/.gitignore:1:*","""gfx/coat_of_arms/colored_emblems/c_rouergue.dds\r"""
"MPE","MPE","3726274827","gfx/coat_of_arms/.gitignore:1:*","""gfx/coat_of_arms/colored_emblems/c_rugen.dds\r"""
"MPE","MPE","3726274827","gfx/coat_of_arms/.gitignore:1:*","""gfx/coat_of_arms/colored_emblems/c_rutland.dds\r"""
"MPE","MPE","3726274827","gfx/coat_of_arms/.gitignore:1:*","""gfx/coat_of_arms/colored_emblems/c_saarbrucken.dds\r"""
"MPE","MPE","3726274827","gfx/coat_of_arms/.gitignore:1:*","""gfx/coat_of_arms/colored_emblems/c_sabina.dds\r"""
"MPE","MPE","3726274827","gfx/coat_of_arms/.gitignore:1:*","""gfx/coat_of_arms/colored_emblems/c_saintpol.dds\r"""
"MPE","MPE","3726274827","gfx/coat_of_arms/.gitignore:1:*","""gfx/coat_of_arms/colored_emblems/c_salamanca.dds\r"""
"MPE","MPE","3726274827","gfx/coat_of_arms/.gitignore:1:*","""gfx/coat_of_arms/colored_emblems/c_salm.dds\r"""
"MPE","MPE","3726274827","gfx/coat_of_arms/.gitignore:1:*","""gfx/coat_of_arms/colored_emblems/c_salzburg.dds\r"""
"MPE","MPE","3726274827","gfx/coat_of_arms/.gitignore:1:*","""gfx/coat_of_arms/colored_emblems/c_sancerre.dds\r"""
"MPE","MPE","3726274827","gfx/coat_of_arms/.gitignore:1:*","""gfx/coat_of_arms/colored_emblems/c_santiago.dds\r"""
"MPE","MPE","3726274827","gfx/coat_of_arms/.gitignore:1:*","""gfx/coat_of_arms/colored_emblems/c_sayn.dds\r"""
"MPE","MPE","3726274827","gfx/coat_of_arms/.gitignore:1:*","""gfx/coat_of_arms/colored_emblems/c_schaumburg.dds\r"""
"MPE","MPE","3726274827","gfx/coat_of_arms/.gitignore:1:*","""gfx/coat_of_arms/colored_emblems/c_schwarzburg.dds\r"""
"MPE","MPE","3726274827","gfx/coat_of_arms/.gitignore:1:*","""gfx/coat_of_arms/colored_emblems/c_schwerin.dds\r"""
"MPE","MPE","3726274827","gfx/coat_of_arms/.gitignore:1:*","""gfx/coat_of_arms/colored_emblems/c_schwyz.dds\r"""
"MPE","MPE","3726274827","gfx/coat_of_arms/.gitignore:1:*","""gfx/coat_of_arms/colored_emblems/c_segovia.dds\r"""
"MPE","MPE","3726274827","gfx/coat_of_arms/.gitignore:1:*","""gfx/coat_of_arms/colored_emblems/c_seleukeia.dds\r"""
"MPE","MPE","3726274827","gfx/coat_of_arms/.gitignore:1:*","""gfx/coat_of_arms/colored_emblems/c_sens.dds\r"""
"MPE","MPE","3726274827","gfx/coat_of_arms/.gitignore:1:*","""gfx/coat_of_arms/colored_emblems/c_seprio.dds\r"""
"MPE","MPE","3726274827","gfx/coat_of_arms/.gitignore:1:*","""gfx/coat_of_arms/colored_emblems/c_shrewsbury.dds\r"""
"MPE","MPE","3726274827","gfx/coat_of_arms/.gitignore:1:*","""gfx/coat_of_arms/colored_emblems/c_siracusa.dds\r"""
"MPE","MPE","3726274827","gfx/coat_of_arms/.gitignore:1:*","""gfx/coat_of_arms/colored_emblems/c_slupsk.dds\r"""
"MPE","MPE","3726274827","gfx/coat_of_arms/.gitignore:1:*","""gfx/coat_of_arms/colored_emblems/c_smolensk.dds\r"""
"MPE","MPE","3726274827","gfx/coat_of_arms/.gitignore:1:*","""gfx/coat_of_arms/colored_emblems/c_sobrarbe.dds\r"""
"MPE","MPE","3726274827","gfx/coat_of_arms/.gitignore:1:*","""gfx/coat_of_arms/colored_emblems/c_somerset.dds\r"""
"MPE","MPE","3726274827","gfx/coat_of_arms/.gitignore:1:*","""gfx/coat_of_arms/colored_emblems/c_soria.dds\r"""
"MPE","MPE","3726274827","gfx/coat_of_arms/.gitignore:1:*","""gfx/coat_of_arms/colored_emblems/c_southern_sjaelland.dds\r"""
"MPE","MPE","3726274827","gfx/coat_of_arms/.gitignore:1:*","""gfx/coat_of_arms/colored_emblems/c_southvexin.dds\r"""
"MPE","MPE","3726274827","gfx/coat_of_arms/.gitignore:1:*","""gfx/coat_of_arms/colored_emblems/c_spoleto.dds\r"""
"MPE","MPE","3726274827","gfx/coat_of_arms/.gitignore:1:*","""gfx/coat_of_arms/colored_emblems/c_sponheim.dds\r"""
"MPE","MPE","3726274827","gfx/coat_of_arms/.gitignore:1:*","""gfx/coat_of_arms/colored_emblems/c_stade.dds\r"""
"MPE","MPE","3726274827","gfx/coat_of_arms/.gitignore:1:*","""gfx/coat_of_arms/colored_emblems/c_staufen.dds\r"""
"MPE","MPE","3726274827","gfx/coat_of_arms/.gitignore:1:*","""gfx/coat_of_arms/colored_emblems/c_stettin.dds\r"""
"MPE","MPE","3726274827","gfx/coat_of_arms/.gitignore:1:*","""gfx/coat_of_arms/colored_emblems/c_sulzbach.dds\r"""
"MPE","MPE","3726274827","gfx/coat_of_arms/.gitignore:1:*","""gfx/coat_of_arms/colored_emblems/c_sundgau.dds\r"""
"MPE","MPE","3726274827","gfx/coat_of_arms/.gitignore:1:*","""gfx/coat_of_arms/colored_emblems/c_susa.dds\r"""
"MPE","MPE","3726274827","gfx/coat_of_arms/.gitignore:1:*","""gfx/coat_of_arms/colored_emblems/c_sussex.dds\r"""
"MPE","MPE","3726274827","gfx/coat_of_arms/.gitignore:1:*","""gfx/coat_of_arms/colored_emblems/c_taranto.dds\r"""
"MPE","MPE","3726274827","gfx/coat_of_arms/.gitignore:1:*","""gfx/coat_of_arms/colored_emblems/c_teck.dds\r"""
"MPE","MPE","3726274827","gfx/coat_of_arms/.gitignore:1:*","""gfx/coat_of_arms/colored_emblems/c_tecklenburg.dds\r"""
"MPE","MPE","3726274827","gfx/coat_of_arms/.gitignore:1:*","""gfx/coat_of_arms/colored_emblems/c_thurgau.dds\r"""
"MPE","MPE","3726274827","gfx/coat_of_arms/.gitignore:1:*","""gfx/coat_of_arms/colored_emblems/c_thuringen.dds\r"""
"MPE","MPE","3726274827","gfx/coat_of_arms/.gitignore:1:*","""gfx/coat_of_arms/colored_emblems/c_tirol.dds\r"""
"MPE","MPE","3726274827","gfx/coat_of_arms/.gitignore:1:*","""gfx/coat_of_arms/colored_emblems/c_toledo.dds\r"""
"MPE","MPE","3726274827","gfx/coat_of_arms/.gitignore:1:*","""gfx/coat_of_arms/colored_emblems/c_toulouse.dds\r"""
"MPE","MPE","3726274827","gfx/coat_of_arms/.gitignore:1:*","""gfx/coat_of_arms/colored_emblems/c_tourraine.dds\r"""
"MPE","MPE","3726274827","gfx/coat_of_arms/.gitignore:1:*","""gfx/coat_of_arms/colored_emblems/c_trakai.dds\r"""
"MPE","MPE","3726274827","gfx/coat_of_arms/.gitignore:1:*","""gfx/coat_of_arms/colored_emblems/c_trencin.dds\r"""
"MPE","MPE","3726274827","gfx/coat_of_arms/.gitignore:1:*","""gfx/coat_of_arms/colored_emblems/c_troyes.dds\r"""
"MPE","MPE","3726274827","gfx/coat_of_arms/.gitignore:1:*","""gfx/coat_of_arms/colored_emblems/c_tudela.dds\r"""
"MPE","MPE","3726274827","gfx/coat_of_arms/.gitignore:1:*","""gfx/coat_of_arms/colored_emblems/c_valassina.dds\r"""
"MPE","MPE","3726274827","gfx/coat_of_arms/.gitignore:1:*","""gfx/coat_of_arms/colored_emblems/c_valencia.dds\r"""
"MPE","MPE","3726274827","gfx/coat_of_arms/.gitignore:1:*","""gfx/coat_of_arms/colored_emblems/c_valenciennes.dds\r"""
"MPE","MPE","3726274827","gfx/coat_of_arms/.gitignore:1:*","""gfx/coat_of_arms/colored_emblems/c_valois.dds\r"""
"MPE","MPE","3726274827","gfx/coat_of_arms/.gitignore:1:*","""gfx/coat_of_arms/colored_emblems/c_vannes.dds\r"""
"MPE","MPE","3726274827","gfx/coat_of_arms/.gitignore:1:*","""gfx/coat_of_arms/colored_emblems/c_vaud.dds\r"""
"MPE","MPE","3726274827","gfx/coat_of_arms/.gitignore:1:*","""gfx/coat_of_arms/colored_emblems/c_vaudemont.dds\r"""
"MPE","MPE","3726274827","gfx/coat_of_arms/.gitignore:1:*","""gfx/coat_of_arms/colored_emblems/c_vendome.dds\r"""
"MPE","MPE","3726274827","gfx/coat_of_arms/.gitignore:1:*","""gfx/coat_of_arms/colored_emblems/c_ventadour.dds\r"""
"MPE","MPE","3726274827","gfx/coat_of_arms/.gitignore:1:*","""gfx/coat_of_arms/colored_emblems/c_verona.dds\r"""
"MPE","MPE","3726274827","gfx/coat_of_arms/.gitignore:1:*","""gfx/coat_of_arms/colored_emblems/c_vertus.dds\r"""
"MPE","MPE","3726274827","gfx/coat_of_arms/.gitignore:1:*","""gfx/coat_of_arms/colored_emblems/c_vesoul.dds\r"""
"MPE","MPE","3726274827","gfx/coat_of_arms/.gitignore:1:*","""gfx/coat_of_arms/colored_emblems/c_vexin.dds\r"""
"MPE","MPE","3726274827","gfx/coat_of_arms/.gitignore:1:*","""gfx/coat_of_arms/colored_emblems/c_vianden.dds\r"""
"MPE","MPE","3726274827","gfx/coat_of_arms/.gitignore:1:*","""gfx/coat_of_arms/colored_emblems/c_vicenza.dds\r"""
"MPE","MPE","3726274827","gfx/coat_of_arms/.gitignore:1:*","""gfx/coat_of_arms/colored_emblems/c_viscaya.dds\r"""
"MPE","MPE","3726274827","gfx/coat_of_arms/.gitignore:1:*","""gfx/coat_of_arms/colored_emblems/c_viviers.dds\r"""
"MPE","MPE","3726274827","gfx/coat_of_arms/.gitignore:1:*","""gfx/coat_of_arms/colored_emblems/c_waldburg.dds\r"""
"MPE","MPE","3726274827","gfx/coat_of_arms/.gitignore:1:*","""gfx/coat_of_arms/colored_emblems/c_warwick.dds\r"""
"MPE","MPE","3726274827","gfx/coat_of_arms/.gitignore:1:*","""gfx/coat_of_arms/colored_emblems/c_wertheim.dds\r"""
"MPE","MPE","3726274827","gfx/coat_of_arms/.gitignore:1:*","""gfx/coat_of_arms/colored_emblems/c_westfriesland.dds\r"""
"MPE","MPE","3726274827","gfx/coat_of_arms/.gitignore:1:*","""gfx/coat_of_arms/colored_emblems/c_westmorland.dds\r"""
"MPE","MPE","3726274827","gfx/coat_of_arms/.gitignore:1:*","""gfx/coat_of_arms/colored_emblems/c_wittenberg.dds\r"""
"MPE","MPE","3726274827","gfx/coat_of_arms/.gitignore:1:*","""gfx/coat_of_arms/colored_emblems/c_wolgast.dds\r"""
"MPE","MPE","3726274827","gfx/coat_of_arms/.gitignore:1:*","""gfx/coat_of_arms/colored_emblems/c_worcester.dds\r"""
"MPE","MPE","3726274827","gfx/coat_of_arms/.gitignore:1:*","""gfx/coat_of_arms/colored_emblems/c_wroclaw.dds\r"""
"MPE","MPE","3726274827","gfx/coat_of_arms/.gitignore:1:*","""gfx/coat_of_arms/colored_emblems/c_wurttemberg.dds\r"""
"MPE","MPE","3726274827","gfx/coat_of_arms/.gitignore:1:*","""gfx/coat_of_arms/colored_emblems/c_wurzburg.dds\r"""
"MPE","MPE","3726274827","gfx/coat_of_arms/.gitignore:1:*","""gfx/coat_of_arms/colored_emblems/c_york_moors.dds\r"""
"MPE","MPE","3726274827","gfx/coat_of_arms/.gitignore:1:*","""gfx/coat_of_arms/colored_emblems/c_york_wolds.dds\r"""
"MPE","MPE","3726274827","gfx/coat_of_arms/.gitignore:1:*","""gfx/coat_of_arms/colored_emblems/c_york.dds\r"""
"MPE","MPE","3726274827","gfx/coat_of_arms/.gitignore:1:*","""gfx/coat_of_arms/colored_emblems/c_yperen.dds\r"""
"MPE","MPE","3726274827","gfx/coat_of_arms/.gitignore:1:*","""gfx/coat_of_arms/colored_emblems/c_zaragoza.dds\r"""
"MPE","MPE","3726274827","gfx/coat_of_arms/.gitignore:1:*","""gfx/coat_of_arms/colored_emblems/c_zeeland.dds\r"""
"MPE","MPE","3726274827","gfx/coat_of_arms/.gitignore:1:*","""gfx/coat_of_arms/colored_emblems/c_ziegenhain.dds\r"""
"MPE","MPE","3726274827","gfx/coat_of_arms/.gitignore:1:*","""gfx/coat_of_arms/colored_emblems/c_zweibrucken.dds\r"""
"MPE","MPE","3726274827","gfx/coat_of_arms/.gitignore:1:*","""gfx/coat_of_arms/colored_emblems/ca_dragont_wales2.dds\r"""
"MPE","MPE","3726274827","gfx/coat_of_arms/.gitignore:1:*","""gfx/coat_of_arms/colored_emblems/canossa.dds\r"""
"MPE","MPE","3726274827","gfx/coat_of_arms/.gitignore:1:*","""gfx/coat_of_arms/colored_emblems/capet.dds\r"""
"MPE","MPE","3726274827","gfx/coat_of_arms/.gitignore:1:*","""gfx/coat_of_arms/colored_emblems/capetanjou.dds\r"""
"MPE","MPE","3726274827","gfx/coat_of_arms/.gitignore:1:*","""gfx/coat_of_arms/colored_emblems/car_iran_persia_senmurv.dds\r"""
"MPE","MPE","3726274827","gfx/coat_of_arms/.gitignore:1:*","""gfx/coat_of_arms/colored_emblems/castro.dds\r"""
"MPE","MPE","3726274827","gfx/coat_of_arms/.gitignore:1:*","""gfx/coat_of_arms/colored_emblems/cat_aalborg_castle.dds\r"""
"MPE","MPE","3726274827","gfx/coat_of_arms/.gitignore:1:*","""gfx/coat_of_arms/colored_emblems/cat_aarhus_building.dds\r"""
"MPE","MPE","3726274827","gfx/coat_of_arms/.gitignore:1:*","""gfx/coat_of_arms/colored_emblems/cat_aarhus_man_anchor1.dds\r"""
"MPE","MPE","3726274827","gfx/coat_of_arms/.gitignore:1:*","""gfx/coat_of_arms/colored_emblems/cat_aarhus_man_anchor2.dds\r"""
"MPE","MPE","3726274827","gfx/coat_of_arms/.gitignore:1:*","""gfx/coat_of_arms/colored_emblems/cat_aarhus_man_sword1.dds\r"""
"MPE","MPE","3726274827","gfx/coat_of_arms/.gitignore:1:*","""gfx/coat_of_arms/colored_emblems/cat_aarhus_man_sword2.dds\r"""
"MPE","MPE","3726274827","gfx/coat_of_arms/.gitignore:1:*","""gfx/coat_of_arms/colored_emblems/cat_acorn_tree_stub_wappen.dds\r"""
"MPE","MPE","3726274827","gfx/coat_of_arms/.gitignore:1:*","""gfx/coat_of_arms/colored_emblems/cat_acorn_tree_wappen.dds\r"""
"MPE","MPE","3726274827","gfx/coat_of_arms/.gitignore:1:*","""gfx/coat_of_arms/colored_emblems/cat_acorn.dds\r"""
"MPE","MPE","3726274827","gfx/coat_of_arms/.gitignore:1:*","""gfx/coat_of_arms/colored_emblems/cat_acorn2.dds\r"""
"MPE","MPE","3726274827","gfx/coat_of_arms/.gitignore:1:*","""gfx/coat_of_arms/colored_emblems/cat_acorn3.dds\r"""
"MPE","MPE","3726274827","gfx/coat_of_arms/.gitignore:1:*","""gfx/coat_of_arms/colored_emblems/cat_aden_dagger.dds\r"""
"MPE","MPE","3726274827","gfx/coat_of_arms/.gitignore:1:*","""gfx/coat_of_arms/colored_emblems/cat_afghanistan_frame.dds\r"""
"MPE","MPE","3726274827","gfx/coat_of_arms/.gitignore:1:*","""gfx/coat_of_arms/colored_emblems/cat_afghanistan.dds\r"""
"MPE","MPE","3726274827","gfx/coat_of_arms/.gitignore:1:*","""gfx/coat_of_arms/colored_emblems/cat_afrighid_eagle.dds\r"""
"MPE","MPE","3726274827","gfx/coat_of_arms/.gitignore:1:*","""gfx/coat_of_arms/colored_emblems/cat_agerskov_eagle.dds\r"""
"MPE","MPE","3726274827","gfx/coat_of_arms/.gitignore:1:*","""gfx/coat_of_arms/colored_emblems/cat_agerskov_tree.dds\r"""
"MPE","MPE","3726274827","gfx/coat_of_arms/.gitignore:1:*","""gfx/coat_of_arms/colored_emblems/cat_agt_stark_wolf.dds\r"""
"MPE","MPE","3726274827","gfx/coat_of_arms/.gitignore:1:*","""gfx/coat_of_arms/colored_emblems/cat_air_circle.dds\r"""
"MPE","MPE","3726274827","gfx/coat_of_arms/.gitignore:1:*","""gfx/coat_of_arms/colored_emblems/cat_alan_totalwar.dds\r"""
"MPE","MPE","3726274827","gfx/coat_of_arms/.gitignore:1:*","""gfx/coat_of_arms/colored_emblems/cat_albanian_helmet_wappen.dds\r"""
"MPE","MPE","3726274827","gfx/coat_of_arms/.gitignore:1:*","""gfx/coat_of_arms/colored_emblems/cat_albi_cross.dds\r"""
"MPE","MPE","3726274827","gfx/coat_of_arms/.gitignore:1:*","""gfx/coat_of_arms/colored_emblems/cat_alexander_lion.dds\r"""
"MPE","MPE","3726274827","gfx/coat_of_arms/.gitignore:1:*","""gfx/coat_of_arms/colored_emblems/cat_alytus_man.dds\r"""
"MPE","MPE","3726274827","gfx/coat_of_arms/.gitignore:1:*","""gfx/coat_of_arms/colored_emblems/cat_america_earth_globe.dds\r"""
"MPE","MPE","3726274827","gfx/coat_of_arms/.gitignore:1:*","""gfx/coat_of_arms/colored_emblems/cat_amiens_tree.dds\r"""
"MPE","MPE","3726274827","gfx/coat_of_arms/.gitignore:1:*","""gfx/coat_of_arms/colored_emblems/cat_ananas_pineapple_wappen.dds\r"""
"MPE","MPE","3726274827","gfx/coat_of_arms/.gitignore:1:*","""gfx/coat_of_arms/colored_emblems/cat_anchor.dds\r"""
"MPE","MPE","3726274827","gfx/coat_of_arms/.gitignore:1:*","""gfx/coat_of_arms/colored_emblems/cat_anchor1.dds\r"""
"MPE","MPE","3726274827","gfx/coat_of_arms/.gitignore:1:*","""gfx/coat_of_arms/colored_emblems/cat_anchor2.dds\r"""
"MPE","MPE","3726274827","gfx/coat_of_arms/.gitignore:1:*","""gfx/coat_of_arms/colored_emblems/cat_anchor3.dds\r"""
"MPE","MPE","3726274827","gfx/coat_of_arms/.gitignore:1:*","""gfx/coat_of_arms/colored_emblems/cat_anchor4.dds\r"""
"MPE","MPE","3726274827","gfx/coat_of_arms/.gitignore:1:*","""gfx/coat_of_arms/colored_emblems/cat_anchor5.dds\r"""
"MPE","MPE","3726274827","gfx/coat_of_arms/.gitignore:1:*","""gfx/coat_of_arms/colored_emblems/cat_anchor6.dds\r"""
"MPE","MPE","3726274827","gfx/coat_of_arms/.gitignore:1:*","""gfx/coat_of_arms/colored_emblems/cat_anchor7.dds\r"""
"MPE","MPE","3726274827","gfx/coat_of_arms/.gitignore:1:*","""gfx/coat_of_arms/colored_emblems/cat_angel_belarus.dds\r"""
"MPE","MPE","3726274827","gfx/coat_of_arms/.gitignore:1:*","""gfx/coat_of_arms/colored_emblems/cat_angel_brussels.dds\r"""
"MPE","MPE","3726274827","gfx/coat_of_arms/.gitignore:1:*","""gfx/coat_of_arms/colored_emblems/cat_angel_george01.dds\r"""
"MPE","MPE","3726274827","gfx/coat_of_arms/.gitignore:1:*","""gfx/coat_of_arms/colored_emblems/cat_angel_kyiv.dds\r"""
"MPE","MPE","3726274827","gfx/coat_of_arms/.gitignore:1:*","""gfx/coat_of_arms/colored_emblems/cat_angel_rus_kholmogory.dds\r"""
"MPE","MPE","3726274827","gfx/coat_of_arms/.gitignore:1:*","""gfx/coat_of_arms/colored_emblems/cat_angel1_wappen.dds\r"""
"MPE","MPE","3726274827","gfx/coat_of_arms/.gitignore:1:*","""gfx/coat_of_arms/colored_emblems/cat_angel2_wappen.dds\r"""
"MPE","MPE","3726274827","gfx/coat_of_arms/.gitignore:1:*","""gfx/coat_of_arms/colored_emblems/cat_angel3_woman_wappen.dds\r"""
"MPE","MPE","3726274827","gfx/coat_of_arms/.gitignore:1:*","""gfx/coat_of_arms/colored_emblems/cat_angel4_woman_wappen.dds\r"""
"MPE","MPE","3726274827","gfx/coat_of_arms/.gitignore:1:*","""gfx/coat_of_arms/colored_emblems/cat_angel5_woman_wappen.dds\r"""
"MPE","MPE","3726274827","gfx/coat_of_arms/.gitignore:1:*","""gfx/coat_of_arms/colored_emblems/cat_angel6_woman_wappen.dds\r"""
"MPE","MPE","3726274827","gfx/coat_of_arms/.gitignore:1:*","""gfx/coat_of_arms/colored_emblems/cat_anteans_slavic_totalwar.dds\r"""
"MPE","MPE","3726274827","gfx/coat_of_arms/.gitignore:1:*","""gfx/coat_of_arms/colored_emblems/cat_antioch_leaf_wappen.dds\r"""
"MPE","MPE","3726274827","gfx/coat_of_arms/.gitignore:1:*","""gfx/coat_of_arms/colored_emblems/cat_anvil_wappen.dds\r"""
"MPE","MPE","3726274827","gfx/coat_of_arms/.gitignore:1:*","""gfx/coat_of_arms/colored_emblems/cat_aq_qoyunlu_tamgha.dds\r"""
"MPE","MPE","3726274827","gfx/coat_of_arms/.gitignore:1:*","""gfx/coat_of_arms/colored_emblems/cat_arabia_islam.dds\r"""
"MPE","MPE","3726274827","gfx/coat_of_arms/.gitignore:1:*","""gfx/coat_of_arms/colored_emblems/cat_aragon_cross.dds\r"""
"MPE","MPE","3726274827","gfx/coat_of_arms/.gitignore:1:*","""gfx/coat_of_arms/colored_emblems/cat_arborea_tree_wappen.dds\r"""
"MPE","MPE","3726274827","gfx/coat_of_arms/.gitignore:1:*","""gfx/coat_of_arms/colored_emblems/cat_ardiaei_man_totalwar.dds\r"""
"MPE","MPE","3726274827","gfx/coat_of_arms/.gitignore:1:*","""gfx/coat_of_arms/colored_emblems/cat_arm_bosnia.dds\r"""
"MPE","MPE","3726274827","gfx/coat_of_arms/.gitignore:1:*","""gfx/coat_of_arms/colored_emblems/cat_arm_hand1_wappen.dds\r"""
"MPE","MPE","3726274827","gfx/coat_of_arms/.gitignore:1:*","""gfx/coat_of_arms/colored_emblems/cat_arm_hand2_wappen.dds\r"""
"MPE","MPE","3726274827","gfx/coat_of_arms/.gitignore:1:*","""gfx/coat_of_arms/colored_emblems/cat_arm_hand3_wappen.dds\r"""
"MPE","MPE","3726274827","gfx/coat_of_arms/.gitignore:1:*","""gfx/coat_of_arms/colored_emblems/cat_arm_hand4_dagger_wappen.dds\r"""
"MPE","MPE","3726274827","gfx/coat_of_arms/.gitignore:1:*","""gfx/coat_of_arms/colored_emblems/cat_arm_hand5.dds\r"""
"MPE","MPE","3726274827","gfx/coat_of_arms/.gitignore:1:*","""gfx/coat_of_arms/colored_emblems/cat_arm_hand6.dds\r"""
"MPE","MPE","3726274827","gfx/coat_of_arms/.gitignore:1:*","""gfx/coat_of_arms/colored_emblems/cat_arm_holding_spear1.dds\r"""
"MPE","MPE","3726274827","gfx/coat_of_arms/.gitignore:1:*","""gfx/coat_of_arms/colored_emblems/cat_arm_holding_spear2.dds\r"""
"MPE","MPE","3726274827","gfx/coat_of_arms/.gitignore:1:*","""gfx/coat_of_arms/colored_emblems/cat_arm_holding_sword1.dds\r"""
"MPE","MPE","3726274827","gfx/coat_of_arms/.gitignore:1:*","""gfx/coat_of_arms/colored_emblems/cat_arm_holding_sword2.dds\r"""
"MPE","MPE","3726274827","gfx/coat_of_arms/.gitignore:1:*","""gfx/coat_of_arms/colored_emblems/cat_arm_holding_sword3.dds\r"""
"MPE","MPE","3726274827","gfx/coat_of_arms/.gitignore:1:*","""gfx/coat_of_arms/colored_emblems/cat_arm_holding_sword4.dds\r"""
"MPE","MPE","3726274827","gfx/coat_of_arms/.gitignore:1:*","""gfx/coat_of_arms/colored_emblems/cat_arm_holding_sword5.dds\r"""
"MPE","MPE","3726274827","gfx/coat_of_arms/.gitignore:1:*","""gfx/coat_of_arms/colored_emblems/cat_arm_holding_sword6.dds\r"""
"MPE","MPE","3726274827","gfx/coat_of_arms/.gitignore:1:*","""gfx/coat_of_arms/colored_emblems/cat_arm_holding1.dds\r"""
"MPE","MPE","3726274827","gfx/coat_of_arms/.gitignore:1:*","""gfx/coat_of_arms/colored_emblems/cat_arm_holding2.dds\r"""
"MPE","MPE","3726274827","gfx/coat_of_arms/.gitignore:1:*","""gfx/coat_of_arms/colored_emblems/cat_arm_holding3.dds\r"""
"MPE","MPE","3726274827","gfx/coat_of_arms/.gitignore:1:*","""gfx/coat_of_arms/colored_emblems/cat_arm_holding4_wappen.dds\r"""
"MPE","MPE","3726274827","gfx/coat_of_arms/.gitignore:1:*","""gfx/coat_of_arms/colored_emblems/cat_arm_holding5_wappen.dds\r"""
"MPE","MPE","3726274827","gfx/coat_of_arms/.gitignore:1:*","""gfx/coat_of_arms/colored_emblems/cat_arm_holding6_wappen.dds\r"""
"MPE","MPE","3726274827","gfx/coat_of_arms/.gitignore:1:*","""gfx/coat_of_arms/colored_emblems/cat_arm02_head.dds\r"""
"MPE","MPE","3726274827","gfx/coat_of_arms/.gitignore:1:*","""gfx/coat_of_arms/colored_emblems/cat_arm02.dds\r"""
"MPE","MPE","3726274827","gfx/coat_of_arms/.gitignore:1:*","""gfx/coat_of_arms/colored_emblems/cat_arm03.dds\r"""
"MPE","MPE","3726274827","gfx/coat_of_arms/.gitignore:1:*","""gfx/coat_of_arms/colored_emblems/cat_arm2_holding_dushmani.dds\r"""
"MPE","MPE","3726274827","gfx/coat_of_arms/.gitignore:1:*","""gfx/coat_of_arms/colored_emblems/cat_arm2_holding_sword1_dushmani.dds\r"""
"MPE","MPE","3726274827","gfx/coat_of_arms/.gitignore:1:*","""gfx/coat_of_arms/colored_emblems/cat_arm2_holding_sword1.dds\r"""
"MPE","MPE","3726274827","gfx/coat_of_arms/.gitignore:1:*","""gfx/coat_of_arms/colored_emblems/cat_arm2_holding_sword2_dushmani.dds\r"""
"MPE","MPE","3726274827","gfx/coat_of_arms/.gitignore:1:*","""gfx/coat_of_arms/colored_emblems/cat_arm2_holding_sword2.dds\r"""
"MPE","MPE","3726274827","gfx/coat_of_arms/.gitignore:1:*","""gfx/coat_of_arms/colored_emblems/cat_arm2_holding_sword3.dds\r"""
"MPE","MPE","3726274827","gfx/coat_of_arms/.gitignore:1:*","""gfx/coat_of_arms/colored_emblems/cat_arm2_holding1.dds\r"""
"MPE","MPE","3726274827","gfx/coat_of_arms/.gitignore:1:*","""gfx/coat_of_arms/colored_emblems/cat_arm3_holding_sword.dds\r"""
"MPE","MPE","3726274827","gfx/coat_of_arms/.gitignore:1:*","""gfx/coat_of_arms/colored_emblems/cat_arm3_holding1.dds\r"""
"MPE","MPE","3726274827","gfx/coat_of_arms/.gitignore:1:*","""gfx/coat_of_arms/colored_emblems/cat_arm4_holding_wappen.dds\r"""
"MPE","MPE","3726274827","gfx/coat_of_arms/.gitignore:1:*","""gfx/coat_of_arms/colored_emblems/cat_arm5_holding_wappen.dds\r"""
"MPE","MPE","3726274827","gfx/coat_of_arms/.gitignore:1:*","""gfx/coat_of_arms/colored_emblems/cat_armed_leg1_wappen.dds\r"""
"MPE","MPE","3726274827","gfx/coat_of_arms/.gitignore:1:*","""gfx/coat_of_arms/colored_emblems/cat_armed_leg2_wappen.dds\r"""
"MPE","MPE","3726274827","gfx/coat_of_arms/.gitignore:1:*","""gfx/coat_of_arms/colored_emblems/cat_armenia_artaxiad_eagle.dds\r"""
"MPE","MPE","3726274827","gfx/coat_of_arms/.gitignore:1:*","""gfx/coat_of_arms/colored_emblems/cat_armenia_artaxiad_sun.dds\r"""
"MPE","MPE","3726274827","gfx/coat_of_arms/.gitignore:1:*","""gfx/coat_of_arms/colored_emblems/cat_armenia_emblem.dds\r"""
"MPE","MPE","3726274827","gfx/coat_of_arms/.gitignore:1:*","""gfx/coat_of_arms/colored_emblems/cat_armenia_emblem2.dds\r"""
"MPE","MPE","3726274827","gfx/coat_of_arms/.gitignore:1:*","""gfx/coat_of_arms/colored_emblems/cat_armenia_sun_totalwar.dds\r"""
"MPE","MPE","3726274827","gfx/coat_of_arms/.gitignore:1:*","""gfx/coat_of_arms/colored_emblems/cat_armiansk_key.dds\r"""
"MPE","MPE","3726274827","gfx/coat_of_arms/.gitignore:1:*","""gfx/coat_of_arms/colored_emblems/cat_armor_helmet.dds\r"""
"MPE","MPE","3726274827","gfx/coat_of_arms/.gitignore:1:*","""gfx/coat_of_arms/colored_emblems/cat_armor_man_doudleby.dds\r"""
"MPE","MPE","3726274827","gfx/coat_of_arms/.gitignore:1:*","""gfx/coat_of_arms/colored_emblems/cat_armor_man2.dds\r"""
"MPE","MPE","3726274827","gfx/coat_of_arms/.gitignore:1:*","""gfx/coat_of_arms/colored_emblems/cat_arrow_bow_wappen.dds\r"""
"MPE","MPE","3726274827","gfx/coat_of_arms/.gitignore:1:*","""gfx/coat_of_arms/colored_emblems/cat_arrow_wappen.dds\r"""
"MPE","MPE","3726274827","gfx/coat_of_arms/.gitignore:1:*","""gfx/coat_of_arms/colored_emblems/cat_arrow2_wappen.dds\r"""
"MPE","MPE","3726274827","gfx/coat_of_arms/.gitignore:1:*","""gfx/coat_of_arms/colored_emblems/cat_arrow3_wappen.dds\r"""
"MPE","MPE","3726274827","gfx/coat_of_arms/.gitignore:1:*","""gfx/coat_of_arms/colored_emblems/cat_arrow4_spain.dds\r"""
"MPE","MPE","3726274827","gfx/coat_of_arms/.gitignore:1:*","""gfx/coat_of_arms/colored_emblems/cat_arrow5_wappen.dds\r"""
"MPE","MPE","3726274827","gfx/coat_of_arms/.gitignore:1:*","""gfx/coat_of_arms/colored_emblems/cat_arrow6_wappen.dds\r"""
"MPE","MPE","3726274827","gfx/coat_of_arms/.gitignore:1:*","""gfx/coat_of_arms/colored_emblems/cat_arrowhead_wappen.dds\r"""
"MPE","MPE","3726274827","gfx/coat_of_arms/.gitignore:1:*","""gfx/coat_of_arms/colored_emblems/cat_arrowhead2_wappen.dds\r"""
"MPE","MPE","3726274827","gfx/coat_of_arms/.gitignore:1:*","""gfx/coat_of_arms/colored_emblems/cat_arrows_falange.dds\r"""
"MPE","MPE","3726274827","gfx/coat_of_arms/.gitignore:1:*","""gfx/coat_of_arms/colored_emblems/cat_arrows_falange1.dds\r"""
"MPE","MPE","3726274827","gfx/coat_of_arms/.gitignore:1:*","""gfx/coat_of_arms/colored_emblems/cat_arrows_falange2.dds\r"""
"MPE","MPE","3726274827","gfx/coat_of_arms/.gitignore:1:*","""gfx/coat_of_arms/colored_emblems/cat_augsburg_tree_wappen.dds\r"""
"MPE","MPE","3726274827","gfx/coat_of_arms/.gitignore:1:*","""gfx/coat_of_arms/colored_emblems/cat_austria_crown.dds\r"""
"MPE","MPE","3726274827","gfx/coat_of_arms/.gitignore:1:*","""gfx/coat_of_arms/colored_emblems/cat_austria_crown2.dds\r"""
"MPE","MPE","3726274827","gfx/coat_of_arms/.gitignore:1:*","""gfx/coat_of_arms/colored_emblems/cat_avar_logo.dds\r"""
"MPE","MPE","3726274827","gfx/coat_of_arms/.gitignore:1:*","""gfx/coat_of_arms/colored_emblems/cat_avar_man_totalwar.dds\r"""
"MPE","MPE","3726274827","gfx/coat_of_arms/.gitignore:1:*","""gfx/coat_of_arms/colored_emblems/cat_axe_wappen.dds\r"""
"MPE","MPE","3726274827","gfx/coat_of_arms/.gitignore:1:*","""gfx/coat_of_arms/colored_emblems/cat_axe1.dds\r"""
"MPE","MPE","3726274827","gfx/coat_of_arms/.gitignore:1:*","""gfx/coat_of_arms/colored_emblems/cat_axe2.dds\r"""
"MPE","MPE","3726274827","gfx/coat_of_arms/.gitignore:1:*","""gfx/coat_of_arms/colored_emblems/cat_axum_totalwar.dds\r"""
"MPE","MPE","3726274827","gfx/coat_of_arms/.gitignore:1:*","""gfx/coat_of_arms/colored_emblems/cat_baby_wing.dds\r"""
"MPE","MPE","3726274827","gfx/coat_of_arms/.gitignore:1:*","""gfx/coat_of_arms/colored_emblems/cat_baby2.dds\r"""
"MPE","MPE","3726274827","gfx/coat_of_arms/.gitignore:1:*","""gfx/coat_of_arms/colored_emblems/cat_baby3.dds\r"""
"MPE","MPE","3726274827","gfx/coat_of_arms/.gitignore:1:*","""gfx/coat_of_arms/colored_emblems/cat_baby4.dds\r"""
"MPE","MPE","3726274827","gfx/coat_of_arms/.gitignore:1:*","""gfx/coat_of_arms/colored_emblems/cat_baby5_wing_angle.dds\r"""
"MPE","MPE","3726274827","gfx/coat_of_arms/.gitignore:1:*","""gfx/coat_of_arms/colored_emblems/cat_bactria_helmet_totalwar.dds\r"""
"MPE","MPE","3726274827","gfx/coat_of_arms/.gitignore:1:*","""gfx/coat_of_arms/colored_emblems/cat_badger.dds\r"""
"MPE","MPE","3726274827","gfx/coat_of_arms/.gitignore:1:*","""gfx/coat_of_arms/colored_emblems/cat_badger2.dds\r"""
"MPE","MPE","3726274827","gfx/coat_of_arms/.gitignore:1:*","""gfx/coat_of_arms/colored_emblems/cat_bag.dds\r"""
"MPE","MPE","3726274827","gfx/coat_of_arms/.gitignore:1:*","""gfx/coat_of_arms/colored_emblems/cat_bagrationi_sling.dds\r"""
"MPE","MPE","3726274827","gfx/coat_of_arms/.gitignore:1:*","""gfx/coat_of_arms/colored_emblems/cat_balashov_watermelon.dds\r"""
"MPE","MPE","3726274827","gfx/coat_of_arms/.gitignore:1:*","""gfx/coat_of_arms/colored_emblems/cat_bar_eagle_napoleon.dds\r"""
"MPE","MPE","3726274827","gfx/coat_of_arms/.gitignore:1:*","""gfx/coat_of_arms/colored_emblems/cat_barbados_trident.dds\r"""
"MPE","MPE","3726274827","gfx/coat_of_arms/.gitignore:1:*","""gfx/coat_of_arms/colored_emblems/cat_basel_stad_wappen.dds\r"""
"MPE","MPE","3726274827","gfx/coat_of_arms/.gitignore:1:*","""gfx/coat_of_arms/colored_emblems/cat_basque_cross.dds\r"""
"MPE","MPE","3726274827","gfx/coat_of_arms/.gitignore:1:*","""gfx/coat_of_arms/colored_emblems/cat_basques_totalwar.dds\r"""
"MPE","MPE","3726274827","gfx/coat_of_arms/.gitignore:1:*","""gfx/coat_of_arms/colored_emblems/cat_bat.dds\r"""
"MPE","MPE","3726274827","gfx/coat_of_arms/.gitignore:1:*","""gfx/coat_of_arms/colored_emblems/cat_bathory_teeth_wappan.dds\r"""
"MPE","MPE","3726274827","gfx/coat_of_arms/.gitignore:1:*","""gfx/coat_of_arms/colored_emblems/cat_bathory_teeth.dds\r"""
"MPE","MPE","3726274827","gfx/coat_of_arms/.gitignore:1:*","""gfx/coat_of_arms/colored_emblems/cat_bear_axe1_wappen.dds\r"""
"MPE","MPE","3726274827","gfx/coat_of_arms/.gitignore:1:*","""gfx/coat_of_arms/colored_emblems/cat_bear_axe2_wappen.dds\r"""
"MPE","MPE","3726274827","gfx/coat_of_arms/.gitignore:1:*","""gfx/coat_of_arms/colored_emblems/cat_bear_chain1_wappen.dds\r"""
"MPE","MPE","3726274827","gfx/coat_of_arms/.gitignore:1:*","""gfx/coat_of_arms/colored_emblems/cat_bear_chain2_wappen.dds\r"""
"MPE","MPE","3726274827","gfx/coat_of_arms/.gitignore:1:*","""gfx/coat_of_arms/colored_emblems/cat_bear_chain3_wappen.dds\r"""
"MPE","MPE","3726274827","gfx/coat_of_arms/.gitignore:1:*","""gfx/coat_of_arms/colored_emblems/cat_bear_foot_wappen.dds\r"""
"MPE","MPE","3726274827","gfx/coat_of_arms/.gitignore:1:*","""gfx/coat_of_arms/colored_emblems/cat_bear_head.dds\r"""
"MPE","MPE","3726274827","gfx/coat_of_arms/.gitignore:1:*","""gfx/coat_of_arms/colored_emblems/cat_bear1_wappen.dds\r"""
"MPE","MPE","3726274827","gfx/coat_of_arms/.gitignore:1:*","""gfx/coat_of_arms/colored_emblems/cat_bear2_wappen.dds\r"""
"MPE","MPE","3726274827","gfx/coat_of_arms/.gitignore:1:*","""gfx/coat_of_arms/colored_emblems/cat_bear3_wappen.dds\r"""
"MPE","MPE","3726274827","gfx/coat_of_arms/.gitignore:1:*","""gfx/coat_of_arms/colored_emblems/cat_beast_wappen.dds\r"""
"MPE","MPE","3726274827","gfx/coat_of_arms/.gitignore:1:*","""gfx/coat_of_arms/colored_emblems/cat_beast2_wappen.dds\r"""
"MPE","MPE","3726274827","gfx/coat_of_arms/.gitignore:1:*","""gfx/coat_of_arms/colored_emblems/cat_beaver1_wappen.dds\r"""
"MPE","MPE","3726274827","gfx/coat_of_arms/.gitignore:1:*","""gfx/coat_of_arms/colored_emblems/cat_beaver2_wappen.dds\r"""
"MPE","MPE","3726274827","gfx/coat_of_arms/.gitignore:1:*","""gfx/coat_of_arms/colored_emblems/cat_bee_wappen.dds\r"""
"MPE","MPE","3726274827","gfx/coat_of_arms/.gitignore:1:*","""gfx/coat_of_arms/colored_emblems/cat_belgium_crown1.dds\r"""
"MPE","MPE","3726274827","gfx/coat_of_arms/.gitignore:1:*","""gfx/coat_of_arms/colored_emblems/cat_belgium_lion.dds\r"""
"MPE","MPE","3726274827","gfx/coat_of_arms/.gitignore:1:*","""gfx/coat_of_arms/colored_emblems/cat_belgium_lion2.dds\r"""
"MPE","MPE","3726274827","gfx/coat_of_arms/.gitignore:1:*","""gfx/coat_of_arms/colored_emblems/cat_bell_wappen.dds\r"""
"MPE","MPE","3726274827","gfx/coat_of_arms/.gitignore:1:*","""gfx/coat_of_arms/colored_emblems/cat_bell2_wappen.dds\r"""
"MPE","MPE","3726274827","gfx/coat_of_arms/.gitignore:1:*","""gfx/coat_of_arms/colored_emblems/cat_berbers_totalwar.dds\r"""
"MPE","MPE","3726274827","gfx/coat_of_arms/.gitignore:1:*","""gfx/coat_of_arms/colored_emblems/cat_biaroza_gate.dds\r"""
"MPE","MPE","3726274827","gfx/coat_of_arms/.gitignore:1:*","""gfx/coat_of_arms/colored_emblems/cat_big_crossbow.dds\r"""
"MPE","MPE","3726274827","gfx/coat_of_arms/.gitignore:1:*","""gfx/coat_of_arms/colored_emblems/cat_billund_patten.dds\r"""
"MPE","MPE","3726274827","gfx/coat_of_arms/.gitignore:1:*","""gfx/coat_of_arms/colored_emblems/cat_bird_cage_prison_wappen.dds\r"""
"MPE","MPE","3726274827","gfx/coat_of_arms/.gitignore:1:*","""gfx/coat_of_arms/colored_emblems/cat_bird_wappen.dds\r"""
"MPE","MPE","3726274827","gfx/coat_of_arms/.gitignore:1:*","""gfx/coat_of_arms/colored_emblems/cat_bird2_wappen.dds\r"""
"MPE","MPE","3726274827","gfx/coat_of_arms/.gitignore:1:*","""gfx/coat_of_arms/colored_emblems/cat_bird3_wappen.dds\r"""
"MPE","MPE","3726274827","gfx/coat_of_arms/.gitignore:1:*","""gfx/coat_of_arms/colored_emblems/cat_bird4_wappen.dds\r"""
"MPE","MPE","3726274827","gfx/coat_of_arms/.gitignore:1:*","""gfx/coat_of_arms/colored_emblems/cat_bird5.dds\r"""
"MPE","MPE","3726274827","gfx/coat_of_arms/.gitignore:1:*","""gfx/coat_of_arms/colored_emblems/cat_bird6.dds\r"""
"MPE","MPE","3726274827","gfx/coat_of_arms/.gitignore:1:*","""gfx/coat_of_arms/colored_emblems/cat_bjarmaland_angel.dds\r"""
"MPE","MPE","3726274827","gfx/coat_of_arms/.gitignore:1:*","""gfx/coat_of_arms/colored_emblems/cat_blakc_letter_big_a.dds\r"""
"MPE","MPE","3726274827","gfx/coat_of_arms/.gitignore:1:*","""gfx/coat_of_arms/colored_emblems/cat_blakc_letter_big_b.dds\r"""
"MPE","MPE","3726274827","gfx/coat_of_arms/.gitignore:1:*","""gfx/coat_of_arms/colored_emblems/cat_blakc_letter_big_b2.dds\r"""
"MPE","MPE","3726274827","gfx/coat_of_arms/.gitignore:1:*","""gfx/coat_of_arms/colored_emblems/cat_blakc_letter_big_c.dds\r"""
"MPE","MPE","3726274827","gfx/coat_of_arms/.gitignore:1:*","""gfx/coat_of_arms/colored_emblems/cat_blakc_letter_big_d.dds\r"""
"MPE","MPE","3726274827","gfx/coat_of_arms/.gitignore:1:*","""gfx/coat_of_arms/colored_emblems/cat_blakc_letter_big_d2.dds\r"""
"MPE","MPE","3726274827","gfx/coat_of_arms/.gitignore:1:*","""gfx/coat_of_arms/colored_emblems/cat_blakc_letter_big_e.dds\r"""
"MPE","MPE","3726274827","gfx/coat_of_arms/.gitignore:1:*","""gfx/coat_of_arms/colored_emblems/cat_blakc_letter_big_f.dds\r"""
"MPE","MPE","3726274827","gfx/coat_of_arms/.gitignore:1:*","""gfx/coat_of_arms/colored_emblems/cat_blakc_letter_big_f2.dds\r"""
"MPE","MPE","3726274827","gfx/coat_of_arms/.gitignore:1:*","""gfx/coat_of_arms/colored_emblems/cat_blakc_letter_big_g.dds\r"""
"MPE","MPE","3726274827","gfx/coat_of_arms/.gitignore:1:*","""gfx/coat_of_arms/colored_emblems/cat_blakc_letter_big_h.dds\r"""
"MPE","MPE","3726274827","gfx/coat_of_arms/.gitignore:1:*","""gfx/coat_of_arms/colored_emblems/cat_blakc_letter_big_i.dds\r"""
"MPE","MPE","3726274827","gfx/coat_of_arms/.gitignore:1:*","""gfx/coat_of_arms/colored_emblems/cat_blakc_letter_big_j.dds\r"""
"MPE","MPE","3726274827","gfx/coat_of_arms/.gitignore:1:*","""gfx/coat_of_arms/colored_emblems/cat_blakc_letter_big_k.dds\r"""
"MPE","MPE","3726274827","gfx/coat_of_arms/.gitignore:1:*","""gfx/coat_of_arms/colored_emblems/cat_blakc_letter_big_k2.dds\r"""
"MPE","MPE","3726274827","gfx/coat_of_arms/.gitignore:1:*","""gfx/coat_of_arms/colored_emblems/cat_blakc_letter_big_l.dds\r"""
"MPE","MPE","3726274827","gfx/coat_of_arms/.gitignore:1:*","""gfx/coat_of_arms/colored_emblems/cat_blakc_letter_big_m.dds\r"""
"MPE","MPE","3726274827","gfx/coat_of_arms/.gitignore:1:*","""gfx/coat_of_arms/colored_emblems/cat_blakc_letter_big_m2.dds\r"""
"MPE","MPE","3726274827","gfx/coat_of_arms/.gitignore:1:*","""gfx/coat_of_arms/colored_emblems/cat_blakc_letter_big_n.dds\r"""
"MPE","MPE","3726274827","gfx/coat_of_arms/.gitignore:1:*","""gfx/coat_of_arms/colored_emblems/cat_blakc_letter_big_o.dds\r"""
"MPE","MPE","3726274827","gfx/coat_of_arms/.gitignore:1:*","""gfx/coat_of_arms/colored_emblems/cat_blakc_letter_big_o2.dds\r"""
"MPE","MPE","3726274827","gfx/coat_of_arms/.gitignore:1:*","""gfx/coat_of_arms/colored_emblems/cat_blakc_letter_big_p.dds\r"""
"MPE","MPE","3726274827","gfx/coat_of_arms/.gitignore:1:*","""gfx/coat_of_arms/colored_emblems/cat_blakc_letter_big_q.dds\r"""
"MPE","MPE","3726274827","gfx/coat_of_arms/.gitignore:1:*","""gfx/coat_of_arms/colored_emblems/cat_blakc_letter_big_r.dds\r"""
"MPE","MPE","3726274827","gfx/coat_of_arms/.gitignore:1:*","""gfx/coat_of_arms/colored_emblems/cat_blakc_letter_big_s.dds\r"""
"MPE","MPE","3726274827","gfx/coat_of_arms/.gitignore:1:*","""gfx/coat_of_arms/colored_emblems/cat_blakc_letter_big_t.dds\r"""
"MPE","MPE","3726274827","gfx/coat_of_arms/.gitignore:1:*","""gfx/coat_of_arms/colored_emblems/cat_blakc_letter_big_u.dds\r"""
"MPE","MPE","3726274827","gfx/coat_of_arms/.gitignore:1:*","""gfx/coat_of_arms/colored_emblems/cat_blakc_letter_big_v.dds\r"""
"MPE","MPE","3726274827","gfx/coat_of_arms/.gitignore:1:*","""gfx/coat_of_arms/colored_emblems/cat_blakc_letter_big_w.dds\r"""
"MPE","MPE","3726274827","gfx/coat_of_arms/.gitignore:1:*","""gfx/coat_of_arms/colored_emblems/cat_blakc_letter_big_x.dds\r"""
"MPE","MPE","3726274827","gfx/coat_of_arms/.gitignore:1:*","""gfx/coat_of_arms/colored_emblems/cat_blakc_letter_big_y.dds\r"""
"MPE","MPE","3726274827","gfx/coat_of_arms/.gitignore:1:*","""gfx/coat_of_arms/colored_emblems/cat_blakc_letter_big_z.dds\r"""
"MPE","MPE","3726274827","gfx/coat_of_arms/.gitignore:1:*","""gfx/coat_of_arms/colored_emblems/cat_blakc_letter_big_z2.dds\r"""
"MPE","MPE","3726274827","gfx/coat_of_arms/.gitignore:1:*","""gfx/coat_of_arms/colored_emblems/cat_blakc_letter_small_a.dds\r"""
"MPE","MPE","3726274827","gfx/coat_of_arms/.gitignore:1:*","""gfx/coat_of_arms/colored_emblems/cat_blakc_letter_small_a2.dds\r"""
"MPE","MPE","3726274827","gfx/coat_of_arms/.gitignore:1:*","""gfx/coat_of_arms/colored_emblems/cat_blakc_letter_small_b.dds\r"""
"MPE","MPE","3726274827","gfx/coat_of_arms/.gitignore:1:*","""gfx/coat_of_arms/colored_emblems/cat_blakc_letter_small_c.dds\r"""
"MPE","MPE","3726274827","gfx/coat_of_arms/.gitignore:1:*","""gfx/coat_of_arms/colored_emblems/cat_blakc_letter_small_d.dds\r"""
"MPE","MPE","3726274827","gfx/coat_of_arms/.gitignore:1:*","""gfx/coat_of_arms/colored_emblems/cat_blakc_letter_small_e.dds\r"""
"MPE","MPE","3726274827","gfx/coat_of_arms/.gitignore:1:*","""gfx/coat_of_arms/colored_emblems/cat_blakc_letter_small_f.dds\r"""
"MPE","MPE","3726274827","gfx/coat_of_arms/.gitignore:1:*","""gfx/coat_of_arms/colored_emblems/cat_blakc_letter_small_g.dds\r"""
"MPE","MPE","3726274827","gfx/coat_of_arms/.gitignore:1:*","""gfx/coat_of_arms/colored_emblems/cat_blakc_letter_small_h.dds\r"""
"MPE","MPE","3726274827","gfx/coat_of_arms/.gitignore:1:*","""gfx/coat_of_arms/colored_emblems/cat_blakc_letter_small_i.dds\r"""
"MPE","MPE","3726274827","gfx/coat_of_arms/.gitignore:1:*","""gfx/coat_of_arms/colored_emblems/cat_blakc_letter_small_j.dds\r"""
"MPE","MPE","3726274827","gfx/coat_of_arms/.gitignore:1:*","""gfx/coat_of_arms/colored_emblems/cat_blakc_letter_small_k.dds\r"""
"MPE","MPE","3726274827","gfx/coat_of_arms/.gitignore:1:*","""gfx/coat_of_arms/colored_emblems/cat_blakc_letter_small_l.dds\r"""
"MPE","MPE","3726274827","gfx/coat_of_arms/.gitignore:1:*","""gfx/coat_of_arms/colored_emblems/cat_blakc_letter_small_m.dds\r"""
"MPE","MPE","3726274827","gfx/coat_of_arms/.gitignore:1:*","""gfx/coat_of_arms/colored_emblems/cat_blakc_letter_small_n.dds\r"""
"MPE","MPE","3726274827","gfx/coat_of_arms/.gitignore:1:*","""gfx/coat_of_arms/colored_emblems/cat_blakc_letter_small_o.dds\r"""
"MPE","MPE","3726274827","gfx/coat_of_arms/.gitignore:1:*","""gfx/coat_of_arms/colored_emblems/cat_blakc_letter_small_p.dds\r"""
"MPE","MPE","3726274827","gfx/coat_of_arms/.gitignore:1:*","""gfx/coat_of_arms/colored_emblems/cat_blakc_letter_small_q.dds\r"""
"MPE","MPE","3726274827","gfx/coat_of_arms/.gitignore:1:*","""gfx/coat_of_arms/colored_emblems/cat_blakc_letter_small_r.dds\r"""
"MPE","MPE","3726274827","gfx/coat_of_arms/.gitignore:1:*","""gfx/coat_of_arms/colored_emblems/cat_blakc_letter_small_s.dds\r"""
"MPE","MPE","3726274827","gfx/coat_of_arms/.gitignore:1:*","""gfx/coat_of_arms/colored_emblems/cat_blakc_letter_small_t.dds\r"""
"MPE","MPE","3726274827","gfx/coat_of_arms/.gitignore:1:*","""gfx/coat_of_arms/colored_emblems/cat_blakc_letter_small_u.dds\r"""
"MPE","MPE","3726274827","gfx/coat_of_arms/.gitignore:1:*","""gfx/coat_of_arms/colored_emblems/cat_blakc_letter_small_v.dds\r"""
"MPE","MPE","3726274827","gfx/coat_of_arms/.gitignore:1:*","""gfx/coat_of_arms/colored_emblems/cat_blakc_letter_small_w.dds\r"""
"MPE","MPE","3726274827","gfx/coat_of_arms/.gitignore:1:*","""gfx/coat_of_arms/colored_emblems/cat_blakc_letter_small_x.dds\r"""
"MPE","MPE","3726274827","gfx/coat_of_arms/.gitignore:1:*","""gfx/coat_of_arms/colored_emblems/cat_blakc_letter_small_y.dds\r"""
"MPE","MPE","3726274827","gfx/coat_of_arms/.gitignore:1:*","""gfx/coat_of_arms/colored_emblems/cat_blakc_letter_small_z.dds\r"""
"MPE","MPE","3726274827","gfx/coat_of_arms/.gitignore:1:*","""gfx/coat_of_arms/colored_emblems/cat_blemmyes_egyptian_insect.dds\r"""
"MPE","MPE","3726274827","gfx/coat_of_arms/.gitignore:1:*","""gfx/coat_of_arms/colored_emblems/cat_blizzard_korhal.dds\r"""
"MPE","MPE","3726274827","gfx/coat_of_arms/.gitignore:1:*","""gfx/coat_of_arms/colored_emblems/cat_blizzard_protoss_akilae.dds\r"""
"MPE","MPE","3726274827","gfx/coat_of_arms/.gitignore:1:*","""gfx/coat_of_arms/colored_emblems/cat_blizzard_protoss_ara.dds\r"""
"MPE","MPE","3726274827","gfx/coat_of_arms/.gitignore:1:*","""gfx/coat_of_arms/colored_emblems/cat_blizzard_protoss_auriga.dds\r"""
"MPE","MPE","3726274827","gfx/coat_of_arms/.gitignore:1:*","""gfx/coat_of_arms/colored_emblems/cat_blizzard_protoss_furinax.dds\r"""
"MPE","MPE","3726274827","gfx/coat_of_arms/.gitignore:1:*","""gfx/coat_of_arms/colored_emblems/cat_blizzard_protoss_nerazim.dds\r"""
"MPE","MPE","3726274827","gfx/coat_of_arms/.gitignore:1:*","""gfx/coat_of_arms/colored_emblems/cat_blizzard_protoss_sargas.dds\r"""
"MPE","MPE","3726274827","gfx/coat_of_arms/.gitignore:1:*","""gfx/coat_of_arms/colored_emblems/cat_blizzard_protoss_shelak.dds\r"""
"MPE","MPE","3726274827","gfx/coat_of_arms/.gitignore:1:*","""gfx/coat_of_arms/colored_emblems/cat_blizzard_protoss_taldarim.dds\r"""
"MPE","MPE","3726274827","gfx/coat_of_arms/.gitignore:1:*","""gfx/coat_of_arms/colored_emblems/cat_blizzard_protoss_venatir.dds\r"""
"MPE","MPE","3726274827","gfx/coat_of_arms/.gitignore:1:*","""gfx/coat_of_arms/colored_emblems/cat_blizzard_protoss.dds\r"""
"MPE","MPE","3726274827","gfx/coat_of_arms/.gitignore:1:*","""gfx/coat_of_arms/colored_emblems/cat_blizzard_raynor_raiders.dds\r"""
"MPE","MPE","3726274827","gfx/coat_of_arms/.gitignore:1:*","""gfx/coat_of_arms/colored_emblems/cat_blizzard_terran_dominion.dds\r"""
"MPE","MPE","3726274827","gfx/coat_of_arms/.gitignore:1:*","""gfx/coat_of_arms/colored_emblems/cat_blizzard_terran.dds\r"""
"MPE","MPE","3726274827","gfx/coat_of_arms/.gitignore:1:*","""gfx/coat_of_arms/colored_emblems/cat_blizzard_ued.dds\r"""
"MPE","MPE","3726274827","gfx/coat_of_arms/.gitignore:1:*","""gfx/coat_of_arms/colored_emblems/cat_blizzard_zerg.dds\r"""
"MPE","MPE","3726274827","gfx/coat_of_arms/.gitignore:1:*","""gfx/coat_of_arms/colored_emblems/cat_boar_boar2.dds\r"""
"MPE","MPE","3726274827","gfx/coat_of_arms/.gitignore:1:*","""gfx/coat_of_arms/colored_emblems/cat_boar_half_wappen.dds\r"""
"MPE","MPE","3726274827","gfx/coat_of_arms/.gitignore:1:*","""gfx/coat_of_arms/colored_emblems/cat_boar_half1_wappen.dds\r"""
"MPE","MPE","3726274827","gfx/coat_of_arms/.gitignore:1:*","""gfx/coat_of_arms/colored_emblems/cat_boar_half2_wappen.dds\r"""
"MPE","MPE","3726274827","gfx/coat_of_arms/.gitignore:1:*","""gfx/coat_of_arms/colored_emblems/cat_boar_half3_wappen.dds\r"""
"MPE","MPE","3726274827","gfx/coat_of_arms/.gitignore:1:*","""gfx/coat_of_arms/colored_emblems/cat_boar_half4_wappen.dds\r"""
"MPE","MPE","3726274827","gfx/coat_of_arms/.gitignore:1:*","""gfx/coat_of_arms/colored_emblems/cat_boar_half5_wappen.dds\r"""
"MPE","MPE","3726274827","gfx/coat_of_arms/.gitignore:1:*","""gfx/coat_of_arms/colored_emblems/cat_boar_half6_wappen.dds\r"""
"MPE","MPE","3726274827","gfx/coat_of_arms/.gitignore:1:*","""gfx/coat_of_arms/colored_emblems/cat_boar_head_wappen.dds\r"""
"MPE","MPE","3726274827","gfx/coat_of_arms/.gitignore:1:*","""gfx/coat_of_arms/colored_emblems/cat_boar_head2_wappen.dds\r"""
"MPE","MPE","3726274827","gfx/coat_of_arms/.gitignore:1:*","""gfx/coat_of_arms/colored_emblems/cat_boar_head3_wappen.dds\r"""
"MPE","MPE","3726274827","gfx/coat_of_arms/.gitignore:1:*","""gfx/coat_of_arms/colored_emblems/cat_boar_leg_arrow_wappen.dds\r"""
"MPE","MPE","3726274827","gfx/coat_of_arms/.gitignore:1:*","""gfx/coat_of_arms/colored_emblems/cat_boar.dds\r"""
"MPE","MPE","3726274827","gfx/coat_of_arms/.gitignore:1:*","""gfx/coat_of_arms/colored_emblems/cat_boar2_wappen.dds\r"""
"MPE","MPE","3726274827","gfx/coat_of_arms/.gitignore:1:*","""gfx/coat_of_arms/colored_emblems/cat_bogolyubsky_salv1_wappen.dds\r"""
"MPE","MPE","3726274827","gfx/coat_of_arms/.gitignore:1:*","""gfx/coat_of_arms/colored_emblems/cat_bone_scissors_wappen.dds\r"""
"MPE","MPE","3726274827","gfx/coat_of_arms/.gitignore:1:*","""gfx/coat_of_arms/colored_emblems/cat_bone.dds\r"""
"MPE","MPE","3726274827","gfx/coat_of_arms/.gitignore:1:*","""gfx/coat_of_arms/colored_emblems/cat_bone2.dds\r"""
"MPE","MPE","3726274827","gfx/coat_of_arms/.gitignore:1:*","""gfx/coat_of_arms/colored_emblems/cat_bonfire_wappen.dds\r"""
"MPE","MPE","3726274827","gfx/coat_of_arms/.gitignore:1:*","""gfx/coat_of_arms/colored_emblems/cat_bonfire2.dds\r"""
"MPE","MPE","3726274827","gfx/coat_of_arms/.gitignore:1:*","""gfx/coat_of_arms/colored_emblems/cat_book.dds\r"""
"MPE","MPE","3726274827","gfx/coat_of_arms/.gitignore:1:*","""gfx/coat_of_arms/colored_emblems/cat_book2.dds\r"""
"MPE","MPE","3726274827","gfx/coat_of_arms/.gitignore:1:*","""gfx/coat_of_arms/colored_emblems/cat_book3.dds\r"""
"MPE","MPE","3726274827","gfx/coat_of_arms/.gitignore:1:*","""gfx/coat_of_arms/colored_emblems/cat_book4.dds\r"""
"MPE","MPE","3726274827","gfx/coat_of_arms/.gitignore:1:*","""gfx/coat_of_arms/colored_emblems/cat_border_shield_compony.dds\r"""
"MPE","MPE","3726274827","gfx/coat_of_arms/.gitignore:1:*","""gfx/coat_of_arms/colored_emblems/cat_border_shield.dds\r"""
"MPE","MPE","3726274827","gfx/coat_of_arms/.gitignore:1:*","""gfx/coat_of_arms/colored_emblems/cat_border_shield2.dds\r"""
"MPE","MPE","3726274827","gfx/coat_of_arms/.gitignore:1:*","""gfx/coat_of_arms/colored_emblems/cat_bosnia_bend1.dds\r"""
"MPE","MPE","3726274827","gfx/coat_of_arms/.gitignore:1:*","""gfx/coat_of_arms/colored_emblems/cat_bosnia_bend2.dds\r"""
"MPE","MPE","3726274827","gfx/coat_of_arms/.gitignore:1:*","""gfx/coat_of_arms/colored_emblems/cat_bosporou_horse_man_totalwar.dds\r"""
"MPE","MPE","3726274827","gfx/coat_of_arms/.gitignore:1:*","""gfx/coat_of_arms/colored_emblems/cat_bow_spain.dds\r"""
"MPE","MPE","3726274827","gfx/coat_of_arms/.gitignore:1:*","""gfx/coat_of_arms/colored_emblems/cat_branch_astorga.dds\r"""
"MPE","MPE","3726274827","gfx/coat_of_arms/.gitignore:1:*","""gfx/coat_of_arms/colored_emblems/cat_branch_leaf_wappen.dds\r"""
"MPE","MPE","3726274827","gfx/coat_of_arms/.gitignore:1:*","""gfx/coat_of_arms/colored_emblems/cat_branch1_wappen.dds\r"""
"MPE","MPE","3726274827","gfx/coat_of_arms/.gitignore:1:*","""gfx/coat_of_arms/colored_emblems/cat_branch2_wappen.dds\r"""
"MPE","MPE","3726274827","gfx/coat_of_arms/.gitignore:1:*","""gfx/coat_of_arms/colored_emblems/cat_branch3_wappen.dds\r"""
"MPE","MPE","3726274827","gfx/coat_of_arms/.gitignore:1:*","""gfx/coat_of_arms/colored_emblems/cat_branch4_wappen.dds\r"""
"MPE","MPE","3726274827","gfx/coat_of_arms/.gitignore:1:*","""gfx/coat_of_arms/colored_emblems/cat_brazil_crown.dds\r"""
"MPE","MPE","3726274827","gfx/coat_of_arms/.gitignore:1:*","""gfx/coat_of_arms/colored_emblems/cat_brazil_globe_wappen.dds\r"""
"MPE","MPE","3726274827","gfx/coat_of_arms/.gitignore:1:*","""gfx/coat_of_arms/colored_emblems/cat_brazil_seal.dds\r"""
"MPE","MPE","3726274827","gfx/coat_of_arms/.gitignore:1:*","""gfx/coat_of_arms/colored_emblems/cat_bridge1.dds\r"""
"MPE","MPE","3726274827","gfx/coat_of_arms/.gitignore:1:*","""gfx/coat_of_arms/colored_emblems/cat_bridge2.dds\r"""
"MPE","MPE","3726274827","gfx/coat_of_arms/.gitignore:1:*","""gfx/coat_of_arms/colored_emblems/cat_bridge3.dds\r"""
"MPE","MPE","3726274827","gfx/coat_of_arms/.gitignore:1:*","""gfx/coat_of_arms/colored_emblems/cat_bridge4.dds\r"""
"MPE","MPE","3726274827","gfx/coat_of_arms/.gitignore:1:*","""gfx/coat_of_arms/colored_emblems/cat_bridge5.dds\r"""
"MPE","MPE","3726274827","gfx/coat_of_arms/.gitignore:1:*","""gfx/coat_of_arms/colored_emblems/cat_bridge6_wappen.dds\r"""
"MPE","MPE","3726274827","gfx/coat_of_arms/.gitignore:1:*","""gfx/coat_of_arms/colored_emblems/cat_bridge7_wappen.dds\r"""
"MPE","MPE","3726274827","gfx/coat_of_arms/.gitignore:1:*","""gfx/coat_of_arms/colored_emblems/cat_britain_crown.dds\r"""
"MPE","MPE","3726274827","gfx/coat_of_arms/.gitignore:1:*","""gfx/coat_of_arms/colored_emblems/cat_britain_dragon_totalwar.dds\r"""
"MPE","MPE","3726274827","gfx/coat_of_arms/.gitignore:1:*","""gfx/coat_of_arms/colored_emblems/cat_brorup_grain.dds\r"""
"MPE","MPE","3726274827","gfx/coat_of_arms/.gitignore:1:*","""gfx/coat_of_arms/colored_emblems/cat_bulgaria_lion.dds\r"""
"MPE","MPE","3726274827","gfx/coat_of_arms/.gitignore:1:*","""gfx/coat_of_arms/colored_emblems/cat_bulgarian_orthodox_cross.dds\r"""
"MPE","MPE","3726274827","gfx/coat_of_arms/.gitignore:1:*","""gfx/coat_of_arms/colored_emblems/cat_bull_body_wappen.dds\r"""
"MPE","MPE","3726274827","gfx/coat_of_arms/.gitignore:1:*","""gfx/coat_of_arms/colored_emblems/cat_bull_head_fur1_wappen.dds\r"""
"MPE","MPE","3726274827","gfx/coat_of_arms/.gitignore:1:*","""gfx/coat_of_arms/colored_emblems/cat_bull_head_fur2_wappen.dds\r"""
"MPE","MPE","3726274827","gfx/coat_of_arms/.gitignore:1:*","""gfx/coat_of_arms/colored_emblems/cat_bull_horn1_wappen.dds\r"""
"MPE","MPE","3726274827","gfx/coat_of_arms/.gitignore:1:*","""gfx/coat_of_arms/colored_emblems/cat_bull_horn1_wappenwiki.dds\r"""
"MPE","MPE","3726274827","gfx/coat_of_arms/.gitignore:1:*","""gfx/coat_of_arms/colored_emblems/cat_bull_horn2_wappen.dds\r"""
"MPE","MPE","3726274827","gfx/coat_of_arms/.gitignore:1:*","""gfx/coat_of_arms/colored_emblems/cat_bull_horn2_wappenwiki.dds\r"""
"MPE","MPE","3726274827","gfx/coat_of_arms/.gitignore:1:*","""gfx/coat_of_arms/colored_emblems/cat_bull_luckau.dds\r"""
"MPE","MPE","3726274827","gfx/coat_of_arms/.gitignore:1:*","""gfx/coat_of_arms/colored_emblems/cat_bull_standing_wappen.dds\r"""
"MPE","MPE","3726274827","gfx/coat_of_arms/.gitignore:1:*","""gfx/coat_of_arms/colored_emblems/cat_bull10_head.dds\r"""
"MPE","MPE","3726274827","gfx/coat_of_arms/.gitignore:1:*","""gfx/coat_of_arms/colored_emblems/cat_bull11_head_mecklenburg_wappen.dds\r"""
"MPE","MPE","3726274827","gfx/coat_of_arms/.gitignore:1:*","""gfx/coat_of_arms/colored_emblems/cat_bull12_head_mecklenburg_wappen.dds\r"""
"MPE","MPE","3726274827","gfx/coat_of_arms/.gitignore:1:*","""gfx/coat_of_arms/colored_emblems/cat_bull13_wappen.dds\r"""
"MPE","MPE","3726274827","gfx/coat_of_arms/.gitignore:1:*","""gfx/coat_of_arms/colored_emblems/cat_bull2.dds\r"""
"MPE","MPE","3726274827","gfx/coat_of_arms/.gitignore:1:*","""gfx/coat_of_arms/colored_emblems/cat_bull4_head.dds\r"""
"MPE","MPE","3726274827","gfx/coat_of_arms/.gitignore:1:*","""gfx/coat_of_arms/colored_emblems/cat_bull5_head.dds\r"""
"MPE","MPE","3726274827","gfx/coat_of_arms/.gitignore:1:*","""gfx/coat_of_arms/colored_emblems/cat_bull6_wappen.dds\r"""
"MPE","MPE","3726274827","gfx/coat_of_arms/.gitignore:1:*","""gfx/coat_of_arms/colored_emblems/cat_bull7_cow_wappen.dds\r"""
"MPE","MPE","3726274827","gfx/coat_of_arms/.gitignore:1:*","""gfx/coat_of_arms/colored_emblems/cat_bull7_cow2_wappen.dds\r"""
"MPE","MPE","3726274827","gfx/coat_of_arms/.gitignore:1:*","""gfx/coat_of_arms/colored_emblems/cat_bull7_wappen.dds\r"""
"MPE","MPE","3726274827","gfx/coat_of_arms/.gitignore:1:*","""gfx/coat_of_arms/colored_emblems/cat_bull8_head.dds\r"""
"MPE","MPE","3726274827","gfx/coat_of_arms/.gitignore:1:*","""gfx/coat_of_arms/colored_emblems/cat_bull9.dds\r"""
"MPE","MPE","3726274827","gfx/coat_of_arms/.gitignore:1:*","""gfx/coat_of_arms/colored_emblems/cat_burgos_man.dds\r"""
"MPE","MPE","3726274827","gfx/coat_of_arms/.gitignore:1:*","""gfx/coat_of_arms/colored_emblems/cat_burgundy_cross.dds\r"""
"MPE","MPE","3726274827","gfx/coat_of_arms/.gitignore:1:*","""gfx/coat_of_arms/colored_emblems/cat_byz_eagle_totalwar.dds\r"""
"MPE","MPE","3726274827","gfx/coat_of_arms/.gitignore:1:*","""gfx/coat_of_arms/colored_emblems/cat_callimachi_snake.dds\r"""
"MPE","MPE","3726274827","gfx/coat_of_arms/.gitignore:1:*","""gfx/coat_of_arms/colored_emblems/cat_camel_wappen.dds\r"""
"MPE","MPE","3726274827","gfx/coat_of_arms/.gitignore:1:*","""gfx/coat_of_arms/colored_emblems/cat_canada_maple.dds\r"""
"MPE","MPE","3726274827","gfx/coat_of_arms/.gitignore:1:*","""gfx/coat_of_arms/colored_emblems/cat_cannon_smolensk.dds\r"""
"MPE","MPE","3726274827","gfx/coat_of_arms/.gitignore:1:*","""gfx/coat_of_arms/colored_emblems/cat_cannon.dds\r"""
"MPE","MPE","3726274827","gfx/coat_of_arms/.gitignore:1:*","""gfx/coat_of_arms/colored_emblems/cat_cannon2.dds\r"""
"MPE","MPE","3726274827","gfx/coat_of_arms/.gitignore:1:*","""gfx/coat_of_arms/colored_emblems/cat_cannon3.dds\r"""
"MPE","MPE","3726274827","gfx/coat_of_arms/.gitignore:1:*","""gfx/coat_of_arms/colored_emblems/cat_cannon4.dds\r"""
"MPE","MPE","3726274827","gfx/coat_of_arms/.gitignore:1:*","""gfx/coat_of_arms/colored_emblems/cat_cannon5.dds\r"""
"MPE","MPE","3726274827","gfx/coat_of_arms/.gitignore:1:*","""gfx/coat_of_arms/colored_emblems/cat_cannon6.dds\r"""
"MPE","MPE","3726274827","gfx/coat_of_arms/.gitignore:1:*","""gfx/coat_of_arms/colored_emblems/cat_carbuncle_fleur_shield_wappen.dds\r"""
"MPE","MPE","3726274827","gfx/coat_of_arms/.gitignore:1:*","""gfx/coat_of_arms/colored_emblems/cat_carbuncle_fleur_shield2_wappen.dds\r"""
"MPE","MPE","3726274827","gfx/coat_of_arms/.gitignore:1:*","""gfx/coat_of_arms/colored_emblems/cat_carbuncle_fleur_square_wappen.dds\r"""
"MPE","MPE","3726274827","gfx/coat_of_arms/.gitignore:1:*","""gfx/coat_of_arms/colored_emblems/cat_carbuncle_fleur_square_wappenwiki.dds\r"""
"MPE","MPE","3726274827","gfx/coat_of_arms/.gitignore:1:*","""gfx/coat_of_arms/colored_emblems/cat_card_clover_shamrock_club.dds\r"""
"MPE","MPE","3726274827","gfx/coat_of_arms/.gitignore:1:*","""gfx/coat_of_arms/colored_emblems/cat_card_diamond_star.dds\r"""
"MPE","MPE","3726274827","gfx/coat_of_arms/.gitignore:1:*","""gfx/coat_of_arms/colored_emblems/cat_card_diamond.dds\r"""
"MPE","MPE","3726274827","gfx/coat_of_arms/.gitignore:1:*","""gfx/coat_of_arms/colored_emblems/cat_card_heart.dds\r"""
"MPE","MPE","3726274827","gfx/coat_of_arms/.gitignore:1:*","""gfx/coat_of_arms/colored_emblems/cat_card_spade.dds\r"""
"MPE","MPE","3726274827","gfx/coat_of_arms/.gitignore:1:*","""gfx/coat_of_arms/colored_emblems/cat_cardona_plant_wappen.dds\r"""
"MPE","MPE","3726274827","gfx/coat_of_arms/.gitignore:1:*","""gfx/coat_of_arms/colored_emblems/cat_cardona_thistle_wappen.dds\r"""
"MPE","MPE","3726274827","gfx/coat_of_arms/.gitignore:1:*","""gfx/coat_of_arms/colored_emblems/cat_caroling_cross.dds\r"""
"MPE","MPE","3726274827","gfx/coat_of_arms/.gitignore:1:*","""gfx/coat_of_arms/colored_emblems/cat_carstein_dragon.dds\r"""
"MPE","MPE","3726274827","gfx/coat_of_arms/.gitignore:1:*","""gfx/coat_of_arms/colored_emblems/cat_carthage_totalwar.dds\r"""
"MPE","MPE","3726274827","gfx/coat_of_arms/.gitignore:1:*","""gfx/coat_of_arms/colored_emblems/cat_carthage1.dds\r"""
"MPE","MPE","3726274827","gfx/coat_of_arms/.gitignore:1:*","""gfx/coat_of_arms/colored_emblems/cat_carthage2.dds\r"""
"MPE","MPE","3726274827","gfx/coat_of_arms/.gitignore:1:*","""gfx/coat_of_arms/colored_emblems/cat_castle_door.dds\r"""
"MPE","MPE","3726274827","gfx/coat_of_arms/.gitignore:1:*","""gfx/coat_of_arms/colored_emblems/cat_castle_tartu.dds\r"""
"MPE","MPE","3726274827","gfx/coat_of_arms/.gitignore:1:*","""gfx/coat_of_arms/colored_emblems/cat_castle_wall01.dds\r"""
"MPE","MPE","3726274827","gfx/coat_of_arms/.gitignore:1:*","""gfx/coat_of_arms/colored_emblems/cat_castle_wall02.dds\r"""
"MPE","MPE","3726274827","gfx/coat_of_arms/.gitignore:1:*","""gfx/coat_of_arms/colored_emblems/cat_castle_wall03.dds\r"""
"MPE","MPE","3726274827","gfx/coat_of_arms/.gitignore:1:*","""gfx/coat_of_arms/colored_emblems/cat_castle1_wappen.dds\r"""
"MPE","MPE","3726274827","gfx/coat_of_arms/.gitignore:1:*","""gfx/coat_of_arms/colored_emblems/cat_castle1.dds\r"""
"MPE","MPE","3726274827","gfx/coat_of_arms/.gitignore:1:*","""gfx/coat_of_arms/colored_emblems/cat_castle10_tilt_wappen.dds\r"""
"MPE","MPE","3726274827","gfx/coat_of_arms/.gitignore:1:*","""gfx/coat_of_arms/colored_emblems/cat_castle10_wapen.dds\r"""
"MPE","MPE","3726274827","gfx/coat_of_arms/.gitignore:1:*","""gfx/coat_of_arms/colored_emblems/cat_castle11.dds\r"""
"MPE","MPE","3726274827","gfx/coat_of_arms/.gitignore:1:*","""gfx/coat_of_arms/colored_emblems/cat_castle2_wapen.dds\r"""
"MPE","MPE","3726274827","gfx/coat_of_arms/.gitignore:1:*","""gfx/coat_of_arms/colored_emblems/cat_castle2_wappen.dds\r"""
"MPE","MPE","3726274827","gfx/coat_of_arms/.gitignore:1:*","""gfx/coat_of_arms/colored_emblems/cat_castle2.dds\r"""
"MPE","MPE","3726274827","gfx/coat_of_arms/.gitignore:1:*","""gfx/coat_of_arms/colored_emblems/cat_castle3_wapen.dds\r"""
"MPE","MPE","3726274827","gfx/coat_of_arms/.gitignore:1:*","""gfx/coat_of_arms/colored_emblems/cat_castle3.dds\r"""
"MPE","MPE","3726274827","gfx/coat_of_arms/.gitignore:1:*","""gfx/coat_of_arms/colored_emblems/cat_castle4.dds\r"""
"MPE","MPE","3726274827","gfx/coat_of_arms/.gitignore:1:*","""gfx/coat_of_arms/colored_emblems/cat_castle5.dds\r"""
"MPE","MPE","3726274827","gfx/coat_of_arms/.gitignore:1:*","""gfx/coat_of_arms/colored_emblems/cat_castle6.dds\r"""
"MPE","MPE","3726274827","gfx/coat_of_arms/.gitignore:1:*","""gfx/coat_of_arms/colored_emblems/cat_castle7.dds\r"""
"MPE","MPE","3726274827","gfx/coat_of_arms/.gitignore:1:*","""gfx/coat_of_arms/colored_emblems/cat_castle8_2.dds\r"""
"MPE","MPE","3726274827","gfx/coat_of_arms/.gitignore:1:*","""gfx/coat_of_arms/colored_emblems/cat_castle8.dds\r"""
"MPE","MPE","3726274827","gfx/coat_of_arms/.gitignore:1:*","""gfx/coat_of_arms/colored_emblems/cat_castle9_tilt_wappen.dds\r"""
"MPE","MPE","3726274827","gfx/coat_of_arms/.gitignore:1:*","""gfx/coat_of_arms/colored_emblems/cat_castle9_wapen.dds\r"""
"MPE","MPE","3726274827","gfx/coat_of_arms/.gitignore:1:*","""gfx/coat_of_arms/colored_emblems/cat_cat_crescent_star2.dds\r"""
"MPE","MPE","3726274827","gfx/coat_of_arms/.gitignore:1:*","""gfx/coat_of_arms/colored_emblems/cat_cat_wappen.dds\r"""
"MPE","MPE","3726274827","gfx/coat_of_arms/.gitignore:1:*","""gfx/coat_of_arms/colored_emblems/cat_caucasian_goat_totalwar.dds\r"""
"MPE","MPE","3726274827","gfx/coat_of_arms/.gitignore:1:*","""gfx/coat_of_arms/colored_emblems/cat_celtic_cross.dds\r"""
"MPE","MPE","3726274827","gfx/coat_of_arms/.gitignore:1:*","""gfx/coat_of_arms/colored_emblems/cat_celtic_cross2.dds\r"""
"MPE","MPE","3726274827","gfx/coat_of_arms/.gitignore:1:*","""gfx/coat_of_arms/colored_emblems/cat_celtic_cross3.dds\r"""
"MPE","MPE","3726274827","gfx/coat_of_arms/.gitignore:1:*","""gfx/coat_of_arms/colored_emblems/cat_celtic_cross4.dds\r"""
"MPE","MPE","3726274827","gfx/coat_of_arms/.gitignore:1:*","""gfx/coat_of_arms/colored_emblems/cat_celtic_cross5.dds\r"""
"MPE","MPE","3726274827","gfx/coat_of_arms/.gitignore:1:*","""gfx/coat_of_arms/colored_emblems/cat_celtic_knot.dds\r"""
"MPE","MPE","3726274827","gfx/coat_of_arms/.gitignore:1:*","""gfx/coat_of_arms/colored_emblems/cat_celtic_knot2.dds\r"""
"MPE","MPE","3726274827","gfx/coat_of_arms/.gitignore:1:*","""gfx/coat_of_arms/colored_emblems/cat_celtic.dds\r"""
"MPE","MPE","3726274827","gfx/coat_of_arms/.gitignore:1:*","""gfx/coat_of_arms/colored_emblems/cat_centaur_bithynia_totalwar.dds\r"""
"MPE","MPE","3726274827","gfx/coat_of_arms/.gitignore:1:*","""gfx/coat_of_arms/colored_emblems/cat_centaurus_completed.dds\r"""
"MPE","MPE","3726274827","gfx/coat_of_arms/.gitignore:1:*","""gfx/coat_of_arms/colored_emblems/cat_centaurus_horse_lower.dds\r"""
"MPE","MPE","3726274827","gfx/coat_of_arms/.gitignore:1:*","""gfx/coat_of_arms/colored_emblems/cat_centaurus_man_upper.dds\r"""
"MPE","MPE","3726274827","gfx/coat_of_arms/.gitignore:1:*","""gfx/coat_of_arms/colored_emblems/cat_cephalonia_lion.dds\r"""
"MPE","MPE","3726274827","gfx/coat_of_arms/.gitignore:1:*","""gfx/coat_of_arms/colored_emblems/cat_chain_square_frame_wappen.dds\r"""
"MPE","MPE","3726274827","gfx/coat_of_arms/.gitignore:1:*","""gfx/coat_of_arms/colored_emblems/cat_chain_triangle_frame_wappen.dds\r"""
"MPE","MPE","3726274827","gfx/coat_of_arms/.gitignore:1:*","""gfx/coat_of_arms/colored_emblems/cat_chain.dds\r"""
"MPE","MPE","3726274827","gfx/coat_of_arms/.gitignore:1:*","""gfx/coat_of_arms/colored_emblems/cat_chains_wappen.dds\r"""
"MPE","MPE","3726274827","gfx/coat_of_arms/.gitignore:1:*","""gfx/coat_of_arms/colored_emblems/cat_chains.dds\r"""
"MPE","MPE","3726274827","gfx/coat_of_arms/.gitignore:1:*","""gfx/coat_of_arms/colored_emblems/cat_check_arrowhead_wappen.dds\r"""
"MPE","MPE","3726274827","gfx/coat_of_arms/.gitignore:1:*","""gfx/coat_of_arms/colored_emblems/cat_check_patten.dds\r"""
"MPE","MPE","3726274827","gfx/coat_of_arms/.gitignore:1:*","""gfx/coat_of_arms/colored_emblems/cat_checky_wappen.dds\r"""
"MPE","MPE","3726274827","gfx/coat_of_arms/.gitignore:1:*","""gfx/coat_of_arms/colored_emblems/cat_checky.dds\r"""
"MPE","MPE","3726274827","gfx/coat_of_arms/.gitignore:1:*","""gfx/coat_of_arms/colored_emblems/cat_chelyabinsk_camel.dds\r"""
"MPE","MPE","3726274827","gfx/coat_of_arms/.gitignore:1:*","""gfx/coat_of_arms/colored_emblems/cat_cherkasy_grain_sun.dds\r"""
"MPE","MPE","3726274827","gfx/coat_of_arms/.gitignore:1:*","""gfx/coat_of_arms/colored_emblems/cat_chevron.dds\r"""
"MPE","MPE","3726274827","gfx/coat_of_arms/.gitignore:1:*","""gfx/coat_of_arms/colored_emblems/cat_china_ben_root_letter.dds\r"""
"MPE","MPE","3726274827","gfx/coat_of_arms/.gitignore:1:*","""gfx/coat_of_arms/colored_emblems/cat_china_chen_arrange_letter.dds\r"""
"MPE","MPE","3726274827","gfx/coat_of_arms/.gitignore:1:*","""gfx/coat_of_arms/colored_emblems/cat_china_chiyou.dds\r"""
"MPE","MPE","3726274827","gfx/coat_of_arms/.gitignore:1:*","""gfx/coat_of_arms/colored_emblems/cat_china_communist.dds\r"""
"MPE","MPE","3726274827","gfx/coat_of_arms/.gitignore:1:*","""gfx/coat_of_arms/colored_emblems/cat_china_confucianism_scholar_ru_letter.dds\r"""
"MPE","MPE","3726274827","gfx/coat_of_arms/.gitignore:1:*","""gfx/coat_of_arms/colored_emblems/cat_china_confucianism_scholar_ru_letter2.dds\r"""
"MPE","MPE","3726274827","gfx/coat_of_arms/.gitignore:1:*","""gfx/coat_of_arms/colored_emblems/cat_china_du_close_letter.dds\r"""
"MPE","MPE","3726274827","gfx/coat_of_arms/.gitignore:1:*","""gfx/coat_of_arms/colored_emblems/cat_china_feng_wind_letter.dds\r"""
"MPE","MPE","3726274827","gfx/coat_of_arms/.gitignore:1:*","""gfx/coat_of_arms/colored_emblems/cat_china_frame.dds\r"""
"MPE","MPE","3726274827","gfx/coat_of_arms/.gitignore:1:*","""gfx/coat_of_arms/colored_emblems/cat_china_guo_wall_letter.dds\r"""
"MPE","MPE","3726274827","gfx/coat_of_arms/.gitignore:1:*","""gfx/coat_of_arms/colored_emblems/cat_china_he_what_letter.dds\r"""
"MPE","MPE","3726274827","gfx/coat_of_arms/.gitignore:1:*","""gfx/coat_of_arms/colored_emblems/cat_china_hu_barbarian_letter.dds\r"""
"MPE","MPE","3726274827","gfx/coat_of_arms/.gitignore:1:*","""gfx/coat_of_arms/colored_emblems/cat_china_la_drag_letter.dds\r"""
"MPE","MPE","3726274827","gfx/coat_of_arms/.gitignore:1:*","""gfx/coat_of_arms/colored_emblems/cat_china_letter_bai_white.dds\r"""
"MPE","MPE","3726274827","gfx/coat_of_arms/.gitignore:1:*","""gfx/coat_of_arms/colored_emblems/cat_china_letter_bei_north.dds\r"""
"MPE","MPE","3726274827","gfx/coat_of_arms/.gitignore:1:*","""gfx/coat_of_arms/colored_emblems/cat_china_letter_cai.dds\r"""
"MPE","MPE","3726274827","gfx/coat_of_arms/.gitignore:1:*","""gfx/coat_of_arms/colored_emblems/cat_china_letter_cao.dds\r"""
"MPE","MPE","3726274827","gfx/coat_of_arms/.gitignore:1:*","""gfx/coat_of_arms/colored_emblems/cat_china_letter_chao.dds\r"""
"MPE","MPE","3726274827","gfx/coat_of_arms/.gitignore:1:*","""gfx/coat_of_arms/colored_emblems/cat_china_letter_chen.dds\r"""
"MPE","MPE","3726274827","gfx/coat_of_arms/.gitignore:1:*","""gfx/coat_of_arms/colored_emblems/cat_china_letter_chu.dds\r"""
"MPE","MPE","3726274827","gfx/coat_of_arms/.gitignore:1:*","""gfx/coat_of_arms/colored_emblems/cat_china_letter_dade.dds\r"""
"MPE","MPE","3726274827","gfx/coat_of_arms/.gitignore:1:*","""gfx/coat_of_arms/colored_emblems/cat_china_letter_dong_east.dds\r"""
"MPE","MPE","3726274827","gfx/coat_of_arms/.gitignore:1:*","""gfx/coat_of_arms/colored_emblems/cat_china_letter_guojia.dds\r"""
"MPE","MPE","3726274827","gfx/coat_of_arms/.gitignore:1:*","""gfx/coat_of_arms/colored_emblems/cat_china_letter_han.dds\r"""
"MPE","MPE","3726274827","gfx/coat_of_arms/.gitignore:1:*","""gfx/coat_of_arms/colored_emblems/cat_china_letter_han2.dds\r"""
"MPE","MPE","3726274827","gfx/coat_of_arms/.gitignore:1:*","""gfx/coat_of_arms/colored_emblems/cat_china_letter_hei_black.dds\r"""
"MPE","MPE","3726274827","gfx/coat_of_arms/.gitignore:1:*","""gfx/coat_of_arms/colored_emblems/cat_china_letter_hong_red.dds\r"""
"MPE","MPE","3726274827","gfx/coat_of_arms/.gitignore:1:*","""gfx/coat_of_arms/colored_emblems/cat_china_letter_huang_yellow.dds\r"""
"MPE","MPE","3726274827","gfx/coat_of_arms/.gitignore:1:*","""gfx/coat_of_arms/colored_emblems/cat_china_letter_huo_fire.dds\r"""
"MPE","MPE","3726274827","gfx/coat_of_arms/.gitignore:1:*","""gfx/coat_of_arms/colored_emblems/cat_china_letter_imu_tree.dds\r"""
"MPE","MPE","3726274827","gfx/coat_of_arms/.gitignore:1:*","""gfx/coat_of_arms/colored_emblems/cat_china_letter_jin.dds\r"""
"MPE","MPE","3726274827","gfx/coat_of_arms/.gitignore:1:*","""gfx/coat_of_arms/colored_emblems/cat_china_letter_jinzi_gold.dds\r"""
"MPE","MPE","3726274827","gfx/coat_of_arms/.gitignore:1:*","""gfx/coat_of_arms/colored_emblems/cat_china_letter_jun_military.dds\r"""
"MPE","MPE","3726274827","gfx/coat_of_arms/.gitignore:1:*","""gfx/coat_of_arms/colored_emblems/cat_china_letter_lan_blue.dds\r"""
"MPE","MPE","3726274827","gfx/coat_of_arms/.gitignore:1:*","""gfx/coat_of_arms/colored_emblems/cat_china_letter_liang.dds\r"""
"MPE","MPE","3726274827","gfx/coat_of_arms/.gitignore:1:*","""gfx/coat_of_arms/colored_emblems/cat_china_letter_liang2.dds\r"""
"MPE","MPE","3726274827","gfx/coat_of_arms/.gitignore:1:*","""gfx/coat_of_arms/colored_emblems/cat_china_letter_liao.dds\r"""
"MPE","MPE","3726274827","gfx/coat_of_arms/.gitignore:1:*","""gfx/coat_of_arms/colored_emblems/cat_china_letter_lizi.dds\r"""
"MPE","MPE","3726274827","gfx/coat_of_arms/.gitignore:1:*","""gfx/coat_of_arms/colored_emblems/cat_china_letter_lu_green.dds\r"""
"MPE","MPE","3726274827","gfx/coat_of_arms/.gitignore:1:*","""gfx/coat_of_arms/colored_emblems/cat_china_letter_lu.dds\r"""
"MPE","MPE","3726274827","gfx/coat_of_arms/.gitignore:1:*","""gfx/coat_of_arms/colored_emblems/cat_china_letter_ma_horse.dds\r"""
"MPE","MPE","3726274827","gfx/coat_of_arms/.gitignore:1:*","""gfx/coat_of_arms/colored_emblems/cat_china_letter_min.dds\r"""
"MPE","MPE","3726274827","gfx/coat_of_arms/.gitignore:1:*","""gfx/coat_of_arms/colored_emblems/cat_china_letter_ming.dds\r"""
"MPE","MPE","3726274827","gfx/coat_of_arms/.gitignore:1:*","""gfx/coat_of_arms/colored_emblems/cat_china_letter_nan_south.dds\r"""
"MPE","MPE","3726274827","gfx/coat_of_arms/.gitignore:1:*","""gfx/coat_of_arms/colored_emblems/cat_china_letter_ning.dds\r"""
"MPE","MPE","3726274827","gfx/coat_of_arms/.gitignore:1:*","""gfx/coat_of_arms/colored_emblems/cat_china_letter_ping.dds\r"""
"MPE","MPE","3726274827","gfx/coat_of_arms/.gitignore:1:*","""gfx/coat_of_arms/colored_emblems/cat_china_letter_qi.dds\r"""
"MPE","MPE","3726274827","gfx/coat_of_arms/.gitignore:1:*","""gfx/coat_of_arms/colored_emblems/cat_china_letter_qin.dds\r"""
"MPE","MPE","3726274827","gfx/coat_of_arms/.gitignore:1:*","""gfx/coat_of_arms/colored_emblems/cat_china_letter_qing.dds\r"""
"MPE","MPE","3726274827","gfx/coat_of_arms/.gitignore:1:*","""gfx/coat_of_arms/colored_emblems/cat_china_letter_renmen.dds\r"""
"MPE","MPE","3726274827","gfx/coat_of_arms/.gitignore:1:*","""gfx/coat_of_arms/colored_emblems/cat_china_letter_shu_water.dds\r"""
"MPE","MPE","3726274827","gfx/coat_of_arms/.gitignore:1:*","""gfx/coat_of_arms/colored_emblems/cat_china_letter_shu.dds\r"""
"MPE","MPE","3726274827","gfx/coat_of_arms/.gitignore:1:*","""gfx/coat_of_arms/colored_emblems/cat_china_letter_shun.dds\r"""
"MPE","MPE","3726274827","gfx/coat_of_arms/.gitignore:1:*","""gfx/coat_of_arms/colored_emblems/cat_china_letter_song.dds\r"""
"MPE","MPE","3726274827","gfx/coat_of_arms/.gitignore:1:*","""gfx/coat_of_arms/colored_emblems/cat_china_letter_sui.dds\r"""
"MPE","MPE","3726274827","gfx/coat_of_arms/.gitignore:1:*","""gfx/coat_of_arms/colored_emblems/cat_china_letter_tang.dds\r"""
"MPE","MPE","3726274827","gfx/coat_of_arms/.gitignore:1:*","""gfx/coat_of_arms/colored_emblems/cat_china_letter_tu_land.dds\r"""
"MPE","MPE","3726274827","gfx/coat_of_arms/.gitignore:1:*","""gfx/coat_of_arms/colored_emblems/cat_china_letter_tungning.dds\r"""
"MPE","MPE","3726274827","gfx/coat_of_arms/.gitignore:1:*","""gfx/coat_of_arms/colored_emblems/cat_china_letter_wei.dds\r"""
"MPE","MPE","3726274827","gfx/coat_of_arms/.gitignore:1:*","""gfx/coat_of_arms/colored_emblems/cat_china_letter_wei2.dds\r"""
"MPE","MPE","3726274827","gfx/coat_of_arms/.gitignore:1:*","""gfx/coat_of_arms/colored_emblems/cat_china_letter_wu.dds\r"""
"MPE","MPE","3726274827","gfx/coat_of_arms/.gitignore:1:*","""gfx/coat_of_arms/colored_emblems/cat_china_letter_xi_west.dds\r"""
"MPE","MPE","3726274827","gfx/coat_of_arms/.gitignore:1:*","""gfx/coat_of_arms/colored_emblems/cat_china_letter_xia.dds\r"""
"MPE","MPE","3726274827","gfx/coat_of_arms/.gitignore:1:*","""gfx/coat_of_arms/colored_emblems/cat_china_letter_xia2.dds\r"""
"MPE","MPE","3726274827","gfx/coat_of_arms/.gitignore:1:*","""gfx/coat_of_arms/colored_emblems/cat_china_letter_yan.dds\r"""
"MPE","MPE","3726274827","gfx/coat_of_arms/.gitignore:1:*","""gfx/coat_of_arms/colored_emblems/cat_china_letter_yin_silver.dds\r"""
"MPE","MPE","3726274827","gfx/coat_of_arms/.gitignore:1:*","""gfx/coat_of_arms/colored_emblems/cat_china_letter_yuan.dds\r"""
"MPE","MPE","3726274827","gfx/coat_of_arms/.gitignore:1:*","""gfx/coat_of_arms/colored_emblems/cat_china_letter_yue.dds\r"""
"MPE","MPE","3726274827","gfx/coat_of_arms/.gitignore:1:*","""gfx/coat_of_arms/colored_emblems/cat_china_letter_yue2.dds\r"""
"MPE","MPE","3726274827","gfx/coat_of_arms/.gitignore:1:*","""gfx/coat_of_arms/colored_emblems/cat_china_letter_zhao.dds\r"""
"MPE","MPE","3726274827","gfx/coat_of_arms/.gitignore:1:*","""gfx/coat_of_arms/colored_emblems/cat_china_letter_zheng_tungning.dds\r"""
"MPE","MPE","3726274827","gfx/coat_of_arms/.gitignore:1:*","""gfx/coat_of_arms/colored_emblems/cat_china_letter_zhou.dds\r"""
"MPE","MPE","3726274827","gfx/coat_of_arms/.gitignore:1:*","""gfx/coat_of_arms/colored_emblems/cat_china_letter_zi_purple.dds\r"""
"MPE","MPE","3726274827","gfx/coat_of_arms/.gitignore:1:*","""gfx/coat_of_arms/colored_emblems/cat_china_li_yi_plum_letter.dds\r"""
"MPE","MPE","3726274827","gfx/coat_of_arms/.gitignore:1:*","""gfx/coat_of_arms/colored_emblems/cat_china_lin_wood_letter.dds\r"""
"MPE","MPE","3726274827","gfx/coat_of_arms/.gitignore:1:*","""gfx/coat_of_arms/colored_emblems/cat_china_liu_kill_letter.dds\r"""
"MPE","MPE","3726274827","gfx/coat_of_arms/.gitignore:1:*","""gfx/coat_of_arms/colored_emblems/cat_china_luo_net_letter.dds\r"""
"MPE","MPE","3726274827","gfx/coat_of_arms/.gitignore:1:*","""gfx/coat_of_arms/colored_emblems/cat_china_murong_letter.dds\r"""
"MPE","MPE","3726274827","gfx/coat_of_arms/.gitignore:1:*","""gfx/coat_of_arms/colored_emblems/cat_china_ri_sun_letter.dds\r"""
"MPE","MPE","3726274827","gfx/coat_of_arms/.gitignore:1:*","""gfx/coat_of_arms/colored_emblems/cat_china_shan_mountain_letter.dds\r"""
"MPE","MPE","3726274827","gfx/coat_of_arms/.gitignore:1:*","""gfx/coat_of_arms/colored_emblems/cat_china_sun_descendant_letter.dds\r"""
"MPE","MPE","3726274827","gfx/coat_of_arms/.gitignore:1:*","""gfx/coat_of_arms/colored_emblems/cat_china_sun.dds\r"""
"MPE","MPE","3726274827","gfx/coat_of_arms/.gitignore:1:*","""gfx/coat_of_arms/colored_emblems/cat_china_tian_sky_letter.dds\r"""
"MPE","MPE","3726274827","gfx/coat_of_arms/.gitignore:1:*","""gfx/coat_of_arms/colored_emblems/cat_china_wang_king_letter.dds\r"""
"MPE","MPE","3726274827","gfx/coat_of_arms/.gitignore:1:*","""gfx/coat_of_arms/colored_emblems/cat_china_xing_row_letter.dds\r"""
"MPE","MPE","3726274827","gfx/coat_of_arms/.gitignore:1:*","""gfx/coat_of_arms/colored_emblems/cat_china_xu_slow_letter.dds\r"""
"MPE","MPE","3726274827","gfx/coat_of_arms/.gitignore:1:*","""gfx/coat_of_arms/colored_emblems/cat_china_yang_willow_letter.dds\r"""
"MPE","MPE","3726274827","gfx/coat_of_arms/.gitignore:1:*","""gfx/coat_of_arms/colored_emblems/cat_china_yue_moon_letter.dds\r"""
"MPE","MPE","3726274827","gfx/coat_of_arms/.gitignore:1:*","""gfx/coat_of_arms/colored_emblems/cat_china_zhang_letter.dds\r"""
"MPE","MPE","3726274827","gfx/coat_of_arms/.gitignore:1:*","""gfx/coat_of_arms/colored_emblems/cat_china_zhu_red_letter.dds\r"""
"MPE","MPE","3726274827","gfx/coat_of_arms/.gitignore:1:*","""gfx/coat_of_arms/colored_emblems/cat_chuvash.dds\r"""
"MPE","MPE","3726274827","gfx/coat_of_arms/.gitignore:1:*","""gfx/coat_of_arms/colored_emblems/cat_cimmeria_lion_totalwar.dds\r"""
"MPE","MPE","3726274827","gfx/coat_of_arms/.gitignore:1:*","""gfx/coat_of_arms/colored_emblems/cat_cinquefoil_flower2.dds\r"""
"MPE","MPE","3726274827","gfx/coat_of_arms/.gitignore:1:*","""gfx/coat_of_arms/colored_emblems/cat_cinquefoil_flower3.dds\r"""
"MPE","MPE","3726274827","gfx/coat_of_arms/.gitignore:1:*","""gfx/coat_of_arms/colored_emblems/cat_cinquefoil_leicester_flower.dds\r"""
"MPE","MPE","3726274827","gfx/coat_of_arms/.gitignore:1:*","""gfx/coat_of_arms/colored_emblems/cat_circle_cannonball.dds\r"""
"MPE","MPE","3726274827","gfx/coat_of_arms/.gitignore:1:*","""gfx/coat_of_arms/colored_emblems/cat_circle_cannonball2.dds\r"""
"MPE","MPE","3726274827","gfx/coat_of_arms/.gitignore:1:*","""gfx/coat_of_arms/colored_emblems/cat_circle_star_eu.dds\r"""
"MPE","MPE","3726274827","gfx/coat_of_arms/.gitignore:1:*","""gfx/coat_of_arms/colored_emblems/cat_circle_star_us.dds\r"""
"MPE","MPE","3726274827","gfx/coat_of_arms/.gitignore:1:*","""gfx/coat_of_arms/colored_emblems/cat_clarinet_wappen.dds\r"""
"MPE","MPE","3726274827","gfx/coat_of_arms/.gitignore:1:*","""gfx/coat_of_arms/colored_emblems/cat_claw_wappen.dds\r"""
"MPE","MPE","3726274827","gfx/coat_of_arms/.gitignore:1:*","""gfx/coat_of_arms/colored_emblems/cat_cletgy_hat_wappen.dds\r"""
"MPE","MPE","3726274827","gfx/coat_of_arms/.gitignore:1:*","""gfx/coat_of_arms/colored_emblems/cat_cloud_hand.dds\r"""
"MPE","MPE","3726274827","gfx/coat_of_arms/.gitignore:1:*","""gfx/coat_of_arms/colored_emblems/cat_clover_shamrock_club2.dds\r"""
"MPE","MPE","3726274827","gfx/coat_of_arms/.gitignore:1:*","""gfx/coat_of_arms/colored_emblems/cat_clover_shamrock_club3.dds\r"""
"MPE","MPE","3726274827","gfx/coat_of_arms/.gitignore:1:*","""gfx/coat_of_arms/colored_emblems/cat_coa_designer_emblems.txt\r"""
"MPE","MPE","3726274827","gfx/coat_of_arms/.gitignore:1:*","""gfx/coat_of_arms/colored_emblems/cat_coa_designer_emblems2.txt\r"""
"MPE","MPE","3726274827","gfx/coat_of_arms/.gitignore:1:*","""gfx/coat_of_arms/colored_emblems/cat_cock_half1_wappen.dds\r"""
"MPE","MPE","3726274827","gfx/coat_of_arms/.gitignore:1:*","""gfx/coat_of_arms/colored_emblems/cat_cock_half2_wappen.dds\r"""
"MPE","MPE","3726274827","gfx/coat_of_arms/.gitignore:1:*","""gfx/coat_of_arms/colored_emblems/cat_cock_head1_wappen.dds\r"""
"MPE","MPE","3726274827","gfx/coat_of_arms/.gitignore:1:*","""gfx/coat_of_arms/colored_emblems/cat_cock_head2_wappen.dds\r"""
"MPE","MPE","3726274827","gfx/coat_of_arms/.gitignore:1:*","""gfx/coat_of_arms/colored_emblems/cat_cock_head3.dds\r"""
"MPE","MPE","3726274827","gfx/coat_of_arms/.gitignore:1:*","""gfx/coat_of_arms/colored_emblems/cat_cock_twin_head1_wappen.dds\r"""
"MPE","MPE","3726274827","gfx/coat_of_arms/.gitignore:1:*","""gfx/coat_of_arms/colored_emblems/cat_cock_twin_head2_wappen.dds\r"""
"MPE","MPE","3726274827","gfx/coat_of_arms/.gitignore:1:*","""gfx/coat_of_arms/colored_emblems/cat_cock1_wappen.dds\r"""
"MPE","MPE","3726274827","gfx/coat_of_arms/.gitignore:1:*","""gfx/coat_of_arms/colored_emblems/cat_cock2_wappen.dds\r"""
"MPE","MPE","3726274827","gfx/coat_of_arms/.gitignore:1:*","""gfx/coat_of_arms/colored_emblems/cat_cock3.dds\r"""
"MPE","MPE","3726274827","gfx/coat_of_arms/.gitignore:1:*","""gfx/coat_of_arms/colored_emblems/cat_cockatrice_wappen.dds\r"""
"MPE","MPE","3726274827","gfx/coat_of_arms/.gitignore:1:*","""gfx/coat_of_arms/colored_emblems/cat_cockatrice2_wappen.dds\r"""
"MPE","MPE","3726274827","gfx/coat_of_arms/.gitignore:1:*","""gfx/coat_of_arms/colored_emblems/cat_colchis_lion_head_totalwar.dds\r"""
"MPE","MPE","3726274827","gfx/coat_of_arms/.gitignore:1:*","""gfx/coat_of_arms/colored_emblems/cat_communist.dds\r"""
"MPE","MPE","3726274827","gfx/coat_of_arms/.gitignore:1:*","""gfx/coat_of_arms/colored_emblems/cat_concentration_line.dds\r"""
"MPE","MPE","3726274827","gfx/coat_of_arms/.gitignore:1:*","""gfx/coat_of_arms/colored_emblems/cat_concentration_line2.dds\r"""
"MPE","MPE","3726274827","gfx/coat_of_arms/.gitignore:1:*","""gfx/coat_of_arms/colored_emblems/cat_concentration_line3.dds\r"""
"MPE","MPE","3726274827","gfx/coat_of_arms/.gitignore:1:*","""gfx/coat_of_arms/colored_emblems/cat_coniferous_tree.dds\r"""
"MPE","MPE","3726274827","gfx/coat_of_arms/.gitignore:1:*","""gfx/coat_of_arms/colored_emblems/cat_coniferous_tree2.dds\r"""
"MPE","MPE","3726274827","gfx/coat_of_arms/.gitignore:1:*","""gfx/coat_of_arms/colored_emblems/cat_copenhagen_castle_tower1.dds\r"""
"MPE","MPE","3726274827","gfx/coat_of_arms/.gitignore:1:*","""gfx/coat_of_arms/colored_emblems/cat_copenhagen_castle_tower2.dds\r"""
"MPE","MPE","3726274827","gfx/coat_of_arms/.gitignore:1:*","""gfx/coat_of_arms/colored_emblems/cat_copenhagen_castle.dds\r"""
"MPE","MPE","3726274827","gfx/coat_of_arms/.gitignore:1:*","""gfx/coat_of_arms/colored_emblems/cat_copenhagen_crown.dds\r"""
"MPE","MPE","3726274827","gfx/coat_of_arms/.gitignore:1:*","""gfx/coat_of_arms/colored_emblems/cat_corn.dds\r"""
"MPE","MPE","3726274827","gfx/coat_of_arms/.gitignore:1:*","""gfx/coat_of_arms/colored_emblems/cat_cornucopia_grain.dds\r"""
"MPE","MPE","3726274827","gfx/coat_of_arms/.gitignore:1:*","""gfx/coat_of_arms/colored_emblems/cat_cossack_man1.dds\r"""
"MPE","MPE","3726274827","gfx/coat_of_arms/.gitignore:1:*","""gfx/coat_of_arms/colored_emblems/cat_cossack_man2.dds\r"""
"MPE","MPE","3726274827","gfx/coat_of_arms/.gitignore:1:*","""gfx/coat_of_arms/colored_emblems/cat_cotton.dds\r"""
"MPE","MPE","3726274827","gfx/coat_of_arms/.gitignore:1:*","""gfx/coat_of_arms/colored_emblems/cat_crane_wappen.dds\r"""
"MPE","MPE","3726274827","gfx/coat_of_arms/.gitignore:1:*","""gfx/coat_of_arms/colored_emblems/cat_crescent_bold.dds\r"""
"MPE","MPE","3726274827","gfx/coat_of_arms/.gitignore:1:*","""gfx/coat_of_arms/colored_emblems/cat_crescent_star.dds\r"""
"MPE","MPE","3726274827","gfx/coat_of_arms/.gitignore:1:*","""gfx/coat_of_arms/colored_emblems/cat_crescent.dds\r"""
"MPE","MPE","3726274827","gfx/coat_of_arms/.gitignore:1:*","""gfx/coat_of_arms/colored_emblems/cat_cresent_moon.dds\r"""
"MPE","MPE","3726274827","gfx/coat_of_arms/.gitignore:1:*","""gfx/coat_of_arms/colored_emblems/cat_cresent2.dds\r"""
"MPE","MPE","3726274827","gfx/coat_of_arms/.gitignore:1:*","""gfx/coat_of_arms/colored_emblems/cat_cresent3.dds\r"""
"MPE","MPE","3726274827","gfx/coat_of_arms/.gitignore:1:*","""gfx/coat_of_arms/colored_emblems/cat_crnojevic_double_headed_eagle.dds\r"""
"MPE","MPE","3726274827","gfx/coat_of_arms/.gitignore:1:*","""gfx/coat_of_arms/colored_emblems/cat_crnojevic_double_headed_eagle2.dds\r"""
"MPE","MPE","3726274827","gfx/coat_of_arms/.gitignore:1:*","""gfx/coat_of_arms/colored_emblems/cat_crocodile_wappen.dds\r"""
"MPE","MPE","3726274827","gfx/coat_of_arms/.gitignore:1:*","""gfx/coat_of_arms/colored_emblems/cat_cross_armenian01.dds\r"""
"MPE","MPE","3726274827","gfx/coat_of_arms/.gitignore:1:*","""gfx/coat_of_arms/colored_emblems/cat_cross_bolnisi.dds\r"""
"MPE","MPE","3726274827","gfx/coat_of_arms/.gitignore:1:*","""gfx/coat_of_arms/colored_emblems/cat_cross_canterbury.dds\r"""
"MPE","MPE","3726274827","gfx/coat_of_arms/.gitignore:1:*","""gfx/coat_of_arms/colored_emblems/cat_cross_celt01.dds\r"""
"MPE","MPE","3726274827","gfx/coat_of_arms/.gitignore:1:*","""gfx/coat_of_arms/colored_emblems/cat_cross_chi_rho.dds\r"""
"MPE","MPE","3726274827","gfx/coat_of_arms/.gitignore:1:*","""gfx/coat_of_arms/colored_emblems/cat_cross_chi_rho02.dds\r"""
"MPE","MPE","3726274827","gfx/coat_of_arms/.gitignore:1:*","""gfx/coat_of_arms/colored_emblems/cat_cross_chi_rho03.dds\r"""
"MPE","MPE","3726274827","gfx/coat_of_arms/.gitignore:1:*","""gfx/coat_of_arms/colored_emblems/cat_cross_iron.dds\r"""
"MPE","MPE","3726274827","gfx/coat_of_arms/.gitignore:1:*","""gfx/coat_of_arms/colored_emblems/cat_cross_Jerusalem.dds\r"""
"MPE","MPE","3726274827","gfx/coat_of_arms/.gitignore:1:*","""gfx/coat_of_arms/colored_emblems/cat_cross_macedonian01.dds\r"""
"MPE","MPE","3726274827","gfx/coat_of_arms/.gitignore:1:*","""gfx/coat_of_arms/colored_emblems/cat_cross_macedonian02.dds\r"""
"MPE","MPE","3726274827","gfx/coat_of_arms/.gitignore:1:*","""gfx/coat_of_arms/colored_emblems/cat_cross_maronite.dds\r"""
"MPE","MPE","3726274827","gfx/coat_of_arms/.gitignore:1:*","""gfx/coat_of_arms/colored_emblems/cat_cross_meira_wappen.dds\r"""
"MPE","MPE","3726274827","gfx/coat_of_arms/.gitignore:1:*","""gfx/coat_of_arms/colored_emblems/cat_cross_meira_wappenwiki.dds\r"""
"MPE","MPE","3726274827","gfx/coat_of_arms/.gitignore:1:*","""gfx/coat_of_arms/colored_emblems/cat_cross_nazi.dds\r"""
"MPE","MPE","3726274827","gfx/coat_of_arms/.gitignore:1:*","""gfx/coat_of_arms/colored_emblems/cat_cross_sacred_heart.dds\r"""
"MPE","MPE","3726274827","gfx/coat_of_arms/.gitignore:1:*","""gfx/coat_of_arms/colored_emblems/cat_cross_sacred_heart1.dds\r"""
"MPE","MPE","3726274827","gfx/coat_of_arms/.gitignore:1:*","""gfx/coat_of_arms/colored_emblems/cat_cross_sacred_heart2.dds\r"""
"MPE","MPE","3726274827","gfx/coat_of_arms/.gitignore:1:*","""gfx/coat_of_arms/colored_emblems/cat_cross_swastika.dds\r"""
"MPE","MPE","3726274827","gfx/coat_of_arms/.gitignore:1:*","""gfx/coat_of_arms/colored_emblems/cat_cross_tau.dds\r"""
"MPE","MPE","3726274827","gfx/coat_of_arms/.gitignore:1:*","""gfx/coat_of_arms/colored_emblems/cat_cross_tau02.dds\r"""
"MPE","MPE","3726274827","gfx/coat_of_arms/.gitignore:1:*","""gfx/coat_of_arms/colored_emblems/cat_cross_thomas.dds\r"""
"MPE","MPE","3726274827","gfx/coat_of_arms/.gitignore:1:*","""gfx/coat_of_arms/colored_emblems/cat_cross_toulouse_wappen.dds\r"""
"MPE","MPE","3726274827","gfx/coat_of_arms/.gitignore:1:*","""gfx/coat_of_arms/colored_emblems/cat_cross_toulouse2.dds\r"""
"MPE","MPE","3726274827","gfx/coat_of_arms/.gitignore:1:*","""gfx/coat_of_arms/colored_emblems/cat_cross_wappen.dds\r"""
"MPE","MPE","3726274827","gfx/coat_of_arms/.gitignore:1:*","""gfx/coat_of_arms/colored_emblems/cat_cross_wappen2.dds\r"""
"MPE","MPE","3726274827","gfx/coat_of_arms/.gitignore:1:*","""gfx/coat_of_arms/colored_emblems/cat_cross_warhammer.dds\r"""
"MPE","MPE","3726274827","gfx/coat_of_arms/.gitignore:1:*","""gfx/coat_of_arms/colored_emblems/cat_cross.dds\r"""
"MPE","MPE","3726274827","gfx/coat_of_arms/.gitignore:1:*","""gfx/coat_of_arms/colored_emblems/cat_cross01.dds\r"""
"MPE","MPE","3726274827","gfx/coat_of_arms/.gitignore:1:*","""gfx/coat_of_arms/colored_emblems/cat_cross2.dds\r"""
"MPE","MPE","3726274827","gfx/coat_of_arms/.gitignore:1:*","""gfx/coat_of_arms/colored_emblems/cat_cross3.dds\r"""
"MPE","MPE","3726274827","gfx/coat_of_arms/.gitignore:1:*","""gfx/coat_of_arms/colored_emblems/cat_crossbow_man.dds\r"""
"MPE","MPE","3726274827","gfx/coat_of_arms/.gitignore:1:*","""gfx/coat_of_arms/colored_emblems/cat_crossbow_small.dds\r"""
"MPE","MPE","3726274827","gfx/coat_of_arms/.gitignore:1:*","""gfx/coat_of_arms/colored_emblems/cat_crow_raven1_wappen.dds\r"""
"MPE","MPE","3726274827","gfx/coat_of_arms/.gitignore:1:*","""gfx/coat_of_arms/colored_emblems/cat_crow_raven10_wappen.dds\r"""
"MPE","MPE","3726274827","gfx/coat_of_arms/.gitignore:1:*","""gfx/coat_of_arms/colored_emblems/cat_crow_raven11_wappen.dds\r"""
"MPE","MPE","3726274827","gfx/coat_of_arms/.gitignore:1:*","""gfx/coat_of_arms/colored_emblems/cat_crow_raven2_wappen.dds\r"""
"MPE","MPE","3726274827","gfx/coat_of_arms/.gitignore:1:*","""gfx/coat_of_arms/colored_emblems/cat_crow_raven3_wappen.dds\r"""
"MPE","MPE","3726274827","gfx/coat_of_arms/.gitignore:1:*","""gfx/coat_of_arms/colored_emblems/cat_crow_raven4_wappen.dds\r"""
"MPE","MPE","3726274827","gfx/coat_of_arms/.gitignore:1:*","""gfx/coat_of_arms/colored_emblems/cat_crow_raven5_wappen.dds\r"""
"MPE","MPE","3726274827","gfx/coat_of_arms/.gitignore:1:*","""gfx/coat_of_arms/colored_emblems/cat_crow_raven7_crown_wappen.dds\r"""
"MPE","MPE","3726274827","gfx/coat_of_arms/.gitignore:1:*","""gfx/coat_of_arms/colored_emblems/cat_crow_raven8_wappen.dds\r"""
"MPE","MPE","3726274827","gfx/coat_of_arms/.gitignore:1:*","""gfx/coat_of_arms/colored_emblems/cat_crow_raven9_wappen.dds\r"""
"MPE","MPE","3726274827","gfx/coat_of_arms/.gitignore:1:*","""gfx/coat_of_arms/colored_emblems/cat_crow_wallachia.dds\r"""
"MPE","MPE","3726274827","gfx/coat_of_arms/.gitignore:1:*","""gfx/coat_of_arms/colored_emblems/cat_crown_croatia.dds\r"""
"MPE","MPE","3726274827","gfx/coat_of_arms/.gitignore:1:*","""gfx/coat_of_arms/colored_emblems/cat_crown_eastanglia.dds\r"""
"MPE","MPE","3726274827","gfx/coat_of_arms/.gitignore:1:*","""gfx/coat_of_arms/colored_emblems/cat_crown_pearl.dds\r"""
"MPE","MPE","3726274827","gfx/coat_of_arms/.gitignore:1:*","""gfx/coat_of_arms/colored_emblems/cat_crown_sasanid1.dds\r"""
"MPE","MPE","3726274827","gfx/coat_of_arms/.gitignore:1:*","""gfx/coat_of_arms/colored_emblems/cat_crown_sasanid2.dds\r"""
"MPE","MPE","3726274827","gfx/coat_of_arms/.gitignore:1:*","""gfx/coat_of_arms/colored_emblems/cat_crown01_head.dds\r"""
"MPE","MPE","3726274827","gfx/coat_of_arms/.gitignore:1:*","""gfx/coat_of_arms/colored_emblems/cat_crown02_kazan.dds\r"""
"MPE","MPE","3726274827","gfx/coat_of_arms/.gitignore:1:*","""gfx/coat_of_arms/colored_emblems/cat_crown02_munster.dds\r"""
"MPE","MPE","3726274827","gfx/coat_of_arms/.gitignore:1:*","""gfx/coat_of_arms/colored_emblems/cat_crown1_wappen.dds\r"""
"MPE","MPE","3726274827","gfx/coat_of_arms/.gitignore:1:*","""gfx/coat_of_arms/colored_emblems/cat_crown2_wappen.dds\r"""
"MPE","MPE","3726274827","gfx/coat_of_arms/.gitignore:1:*","""gfx/coat_of_arms/colored_emblems/cat_crown3_wappen.dds\r"""
"MPE","MPE","3726274827","gfx/coat_of_arms/.gitignore:1:*","""gfx/coat_of_arms/colored_emblems/cat_crown4.dds\r"""
"MPE","MPE","3726274827","gfx/coat_of_arms/.gitignore:1:*","""gfx/coat_of_arms/colored_emblems/cat_crown5.dds\r"""
"MPE","MPE","3726274827","gfx/coat_of_arms/.gitignore:1:*","""gfx/coat_of_arms/colored_emblems/cat_cup_wappen.dds\r"""
"MPE","MPE","3726274827","gfx/coat_of_arms/.gitignore:1:*","""gfx/coat_of_arms/colored_emblems/cat_cyrenaica.dds\r"""
"MPE","MPE","3726274827","gfx/coat_of_arms/.gitignore:1:*","""gfx/coat_of_arms/colored_emblems/cat_daae_diagonal_pattern_wappen.dds\r"""
"MPE","MPE","3726274827","gfx/coat_of_arms/.gitignore:1:*","""gfx/coat_of_arms/colored_emblems/cat_dacia_getae_totalwar.dds\r"""
"MPE","MPE","3726274827","gfx/coat_of_arms/.gitignore:1:*","""gfx/coat_of_arms/colored_emblems/cat_dacia_horseman_totalwar.dds\r"""
"MPE","MPE","3726274827","gfx/coat_of_arms/.gitignore:1:*","""gfx/coat_of_arms/colored_emblems/cat_dacia_totalwar.dds\r"""
"MPE","MPE","3726274827","gfx/coat_of_arms/.gitignore:1:*","""gfx/coat_of_arms/colored_emblems/cat_dagger_spain.dds\r"""
"MPE","MPE","3726274827","gfx/coat_of_arms/.gitignore:1:*","""gfx/coat_of_arms/colored_emblems/cat_dagger_wappen.dds\r"""
"MPE","MPE","3726274827","gfx/coat_of_arms/.gitignore:1:*","""gfx/coat_of_arms/colored_emblems/cat_dahae_seahorse_totalwar.dds\r"""
"MPE","MPE","3726274827","gfx/coat_of_arms/.gitignore:1:*","""gfx/coat_of_arms/colored_emblems/cat_dalmatia_lion_head.dds\r"""
"MPE","MPE","3726274827","gfx/coat_of_arms/.gitignore:1:*","""gfx/coat_of_arms/colored_emblems/cat_danish_totalwar.dds\r"""
"MPE","MPE","3726274827","gfx/coat_of_arms/.gitignore:1:*","""gfx/coat_of_arms/colored_emblems/cat_dauphin.dds\r"""
"MPE","MPE","3726274827","gfx/coat_of_arms/.gitignore:1:*","""gfx/coat_of_arms/colored_emblems/cat_deco_flame.dds\r"""
"MPE","MPE","3726274827","gfx/coat_of_arms/.gitignore:1:*","""gfx/coat_of_arms/colored_emblems/cat_deer_stag_head_wappen.dds\r"""
"MPE","MPE","3726274827","gfx/coat_of_arms/.gitignore:1:*","""gfx/coat_of_arms/colored_emblems/cat_demetae_man_totalwar.dds\r"""
"MPE","MPE","3726274827","gfx/coat_of_arms/.gitignore:1:*","""gfx/coat_of_arms/colored_emblems/cat_demi_griffon_wappen.dds\r"""
"MPE","MPE","3726274827","gfx/coat_of_arms/.gitignore:1:*","""gfx/coat_of_arms/colored_emblems/cat_demi_vol_wing.dds\r"""
"MPE","MPE","3726274827","gfx/coat_of_arms/.gitignore:1:*","""gfx/coat_of_arms/colored_emblems/cat_disney_arendelle_flower.dds\r"""
"MPE","MPE","3726274827","gfx/coat_of_arms/.gitignore:1:*","""gfx/coat_of_arms/colored_emblems/cat_disney_avengers.dds\r"""
"MPE","MPE","3726274827","gfx/coat_of_arms/.gitignore:1:*","""gfx/coat_of_arms/colored_emblems/cat_disney_corona_sun.dds\r"""
"MPE","MPE","3726274827","gfx/coat_of_arms/.gitignore:1:*","""gfx/coat_of_arms/colored_emblems/cat_disney_first_order.dds\r"""
"MPE","MPE","3726274827","gfx/coat_of_arms/.gitignore:1:*","""gfx/coat_of_arms/colored_emblems/cat_disney_galactic_council.dds\r"""
"MPE","MPE","3726274827","gfx/coat_of_arms/.gitignore:1:*","""gfx/coat_of_arms/colored_emblems/cat_disney_galactic_empire.dds\r"""
"MPE","MPE","3726274827","gfx/coat_of_arms/.gitignore:1:*","""gfx/coat_of_arms/colored_emblems/cat_disney_galactic_republic.dds\r"""
"MPE","MPE","3726274827","gfx/coat_of_arms/.gitignore:1:*","""gfx/coat_of_arms/colored_emblems/cat_disney_galactic_republic2.dds\r"""
"MPE","MPE","3726274827","gfx/coat_of_arms/.gitignore:1:*","""gfx/coat_of_arms/colored_emblems/cat_disney_hydra.dds\r"""
"MPE","MPE","3726274827","gfx/coat_of_arms/.gitignore:1:*","""gfx/coat_of_arms/colored_emblems/cat_disney_jedi_order1.dds\r"""
"MPE","MPE","3726274827","gfx/coat_of_arms/.gitignore:1:*","""gfx/coat_of_arms/colored_emblems/cat_disney_jedi_order2.dds\r"""
"MPE","MPE","3726274827","gfx/coat_of_arms/.gitignore:1:*","""gfx/coat_of_arms/colored_emblems/cat_disney_shield.dds\r"""
"MPE","MPE","3726274827","gfx/coat_of_arms/.gitignore:1:*","""gfx/coat_of_arms/colored_emblems/cat_disney_sith_empire.dds\r"""
"MPE","MPE","3726274827","gfx/coat_of_arms/.gitignore:1:*","""gfx/coat_of_arms/colored_emblems/cat_disney_trade_federation.dds\r"""
"MPE","MPE","3726274827","gfx/coat_of_arms/.gitignore:1:*","""gfx/coat_of_arms/colored_emblems/cat_dobruja_fish_dolphin1_wappen.dds\r"""
"MPE","MPE","3726274827","gfx/coat_of_arms/.gitignore:1:*","""gfx/coat_of_arms/colored_emblems/cat_dobruja_fish_dolphin2_wappen.dds\r"""
"MPE","MPE","3726274827","gfx/coat_of_arms/.gitignore:1:*","""gfx/coat_of_arms/colored_emblems/cat_dog_head1_wappen.dds\r"""
"MPE","MPE","3726274827","gfx/coat_of_arms/.gitignore:1:*","""gfx/coat_of_arms/colored_emblems/cat_dog_head2_wappen.dds\r"""
"MPE","MPE","3726274827","gfx/coat_of_arms/.gitignore:1:*","""gfx/coat_of_arms/colored_emblems/cat_dog_hound_canossa.dds\r"""
"MPE","MPE","3726274827","gfx/coat_of_arms/.gitignore:1:*","""gfx/coat_of_arms/colored_emblems/cat_dog_hounf_canossa.dds\r"""
"MPE","MPE","3726274827","gfx/coat_of_arms/.gitignore:1:*","""gfx/coat_of_arms/colored_emblems/cat_donkey_head1_wappen.dds\r"""
"MPE","MPE","3726274827","gfx/coat_of_arms/.gitignore:1:*","""gfx/coat_of_arms/colored_emblems/cat_donkey_head2_wappen.dds\r"""
"MPE","MPE","3726274827","gfx/coat_of_arms/.gitignore:1:*","""gfx/coat_of_arms/colored_emblems/cat_donkey_head3_wappen.dds\r"""
"MPE","MPE","3726274827","gfx/coat_of_arms/.gitignore:1:*","""gfx/coat_of_arms/colored_emblems/cat_donkey_head4_wappen.dds\r"""
"MPE","MPE","3726274827","gfx/coat_of_arms/.gitignore:1:*","""gfx/coat_of_arms/colored_emblems/cat_donkey_head5_wappen.dds\r"""
"MPE","MPE","3726274827","gfx/coat_of_arms/.gitignore:1:*","""gfx/coat_of_arms/colored_emblems/cat_donkey_wappen.dds\r"""
"MPE","MPE","3726274827","gfx/coat_of_arms/.gitignore:1:*","""gfx/coat_of_arms/colored_emblems/cat_donkey2_wappen.dds\r"""
"MPE","MPE","3726274827","gfx/coat_of_arms/.gitignore:1:*","""gfx/coat_of_arms/colored_emblems/cat_donkey3_wappen.dds\r"""
"MPE","MPE","3726274827","gfx/coat_of_arms/.gitignore:1:*","""gfx/coat_of_arms/colored_emblems/cat_door_wappen.dds\r"""
"MPE","MPE","3726274827","gfx/coat_of_arms/.gitignore:1:*","""gfx/coat_of_arms/colored_emblems/cat_door2_wappen.dds\r"""
"MPE","MPE","3726274827","gfx/coat_of_arms/.gitignore:1:*","""gfx/coat_of_arms/colored_emblems/cat_double_headed_eagle_arnhem.dds\r"""
"MPE","MPE","3726274827","gfx/coat_of_arms/.gitignore:1:*","""gfx/coat_of_arms/colored_emblems/cat_double_headed_eagle_Iran_persia.dds\r"""
"MPE","MPE","3726274827","gfx/coat_of_arms/.gitignore:1:*","""gfx/coat_of_arms/colored_emblems/cat_double_headed_eagle_russia.dds\r"""
"MPE","MPE","3726274827","gfx/coat_of_arms/.gitignore:1:*","""gfx/coat_of_arms/colored_emblems/cat_double_headed_eagle_small_wappen.dds\r"""
"MPE","MPE","3726274827","gfx/coat_of_arms/.gitignore:1:*","""gfx/coat_of_arms/colored_emblems/cat_double_headed_eagle_small2_wappen.dds\r"""
"MPE","MPE","3726274827","gfx/coat_of_arms/.gitignore:1:*","""gfx/coat_of_arms/colored_emblems/cat_double_headed_eagle_square_wappen.dds\r"""
"MPE","MPE","3726274827","gfx/coat_of_arms/.gitignore:1:*","""gfx/coat_of_arms/colored_emblems/cat_double_headed_eagle_square_wappenwiki.dds\r"""
"MPE","MPE","3726274827","gfx/coat_of_arms/.gitignore:1:*","""gfx/coat_of_arms/colored_emblems/cat_double_headed_eagle_square2_wappen.dds\r"""
"MPE","MPE","3726274827","gfx/coat_of_arms/.gitignore:1:*","""gfx/coat_of_arms/colored_emblems/cat_double_headed_eagle_square2_wappenwiki.dds\r"""
"MPE","MPE","3726274827","gfx/coat_of_arms/.gitignore:1:*","""gfx/coat_of_arms/colored_emblems/cat_double_headed_eagle1_wappen.dds\r"""
"MPE","MPE","3726274827","gfx/coat_of_arms/.gitignore:1:*","""gfx/coat_of_arms/colored_emblems/cat_double_headed_eagle2_wappen.dds\r"""
"MPE","MPE","3726274827","gfx/coat_of_arms/.gitignore:1:*","""gfx/coat_of_arms/colored_emblems/cat_double_headed_eagle2_wappenwiki.dds\r"""
"MPE","MPE","3726274827","gfx/coat_of_arms/.gitignore:1:*","""gfx/coat_of_arms/colored_emblems/cat_double_headed_eagle3_wappen.dds\r"""
"MPE","MPE","3726274827","gfx/coat_of_arms/.gitignore:1:*","""gfx/coat_of_arms/colored_emblems/cat_double_headed_eagle4_wappen.dds\r"""
"MPE","MPE","3726274827","gfx/coat_of_arms/.gitignore:1:*","""gfx/coat_of_arms/colored_emblems/cat_double_headed_eagle5.dds\r"""
"MPE","MPE","3726274827","gfx/coat_of_arms/.gitignore:1:*","""gfx/coat_of_arms/colored_emblems/cat_double_headed_eagle6.dds\r"""
"MPE","MPE","3726274827","gfx/coat_of_arms/.gitignore:1:*","""gfx/coat_of_arms/colored_emblems/cat_double_headed_eagle7.dds\r"""
"MPE","MPE","3726274827","gfx/coat_of_arms/.gitignore:1:*","""gfx/coat_of_arms/colored_emblems/cat_double_headed_eagle8_wappen.dds\r"""
"MPE","MPE","3726274827","gfx/coat_of_arms/.gitignore:1:*","""gfx/coat_of_arms/colored_emblems/cat_double_headed_eagle9_wappen.dds\r"""
"MPE","MPE","3726274827","gfx/coat_of_arms/.gitignore:1:*","""gfx/coat_of_arms/colored_emblems/cat_dragon_bastonne.dds\r"""
"MPE","MPE","3726274827","gfx/coat_of_arms/.gitignore:1:*","""gfx/coat_of_arms/colored_emblems/cat_dragon_china_qing_upp.dds\r"""
"MPE","MPE","3726274827","gfx/coat_of_arms/.gitignore:1:*","""gfx/coat_of_arms/colored_emblems/cat_dragon_china_qing1.dds\r"""
"MPE","MPE","3726274827","gfx/coat_of_arms/.gitignore:1:*","""gfx/coat_of_arms/colored_emblems/cat_dragon_china_qing2.dds\r"""
"MPE","MPE","3726274827","gfx/coat_of_arms/.gitignore:1:*","""gfx/coat_of_arms/colored_emblems/cat_dragon_china_qing3.dds\r"""
"MPE","MPE","3726274827","gfx/coat_of_arms/.gitignore:1:*","""gfx/coat_of_arms/colored_emblems/cat_dragon_george.dds\r"""
"MPE","MPE","3726274827","gfx/coat_of_arms/.gitignore:1:*","""gfx/coat_of_arms/colored_emblems/cat_dragon_george02.dds\r"""
"MPE","MPE","3726274827","gfx/coat_of_arms/.gitignore:1:*","""gfx/coat_of_arms/colored_emblems/cat_dragon_harp_wappen.dds\r"""
"MPE","MPE","3726274827","gfx/coat_of_arms/.gitignore:1:*","""gfx/coat_of_arms/colored_emblems/cat_dragon_head_totalwar.dds\r"""
"MPE","MPE","3726274827","gfx/coat_of_arms/.gitignore:1:*","""gfx/coat_of_arms/colored_emblems/cat_dragon_head.dds\r"""
"MPE","MPE","3726274827","gfx/coat_of_arms/.gitignore:1:*","""gfx/coat_of_arms/colored_emblems/cat_dragon_kazan.dds\r"""
"MPE","MPE","3726274827","gfx/coat_of_arms/.gitignore:1:*","""gfx/coat_of_arms/colored_emblems/cat_dragon_tail_wappen.dds\r"""
"MPE","MPE","3726274827","gfx/coat_of_arms/.gitignore:1:*","""gfx/coat_of_arms/colored_emblems/cat_dragon_wales.dds\r"""
"MPE","MPE","3726274827","gfx/coat_of_arms/.gitignore:1:*","""gfx/coat_of_arms/colored_emblems/cat_dragon_wing_wappen.dds\r"""
"MPE","MPE","3726274827","gfx/coat_of_arms/.gitignore:1:*","""gfx/coat_of_arms/colored_emblems/cat_dragon1_wappen.dds\r"""
"MPE","MPE","3726274827","gfx/coat_of_arms/.gitignore:1:*","""gfx/coat_of_arms/colored_emblems/cat_dragon10_wyvern_wappen.dds\r"""
"MPE","MPE","3726274827","gfx/coat_of_arms/.gitignore:1:*","""gfx/coat_of_arms/colored_emblems/cat_dragon11_wyvern_wappen.dds\r"""
"MPE","MPE","3726274827","gfx/coat_of_arms/.gitignore:1:*","""gfx/coat_of_arms/colored_emblems/cat_dragon12_wyvern_wappen.dds\r"""
"MPE","MPE","3726274827","gfx/coat_of_arms/.gitignore:1:*","""gfx/coat_of_arms/colored_emblems/cat_dragon13_wappen.dds\r"""
"MPE","MPE","3726274827","gfx/coat_of_arms/.gitignore:1:*","""gfx/coat_of_arms/colored_emblems/cat_dragon14_wappen.dds\r"""
"MPE","MPE","3726274827","gfx/coat_of_arms/.gitignore:1:*","""gfx/coat_of_arms/colored_emblems/cat_dragon15_wappen.dds\r"""
"MPE","MPE","3726274827","gfx/coat_of_arms/.gitignore:1:*","""gfx/coat_of_arms/colored_emblems/cat_dragon2_wappen.dds\r"""
"MPE","MPE","3726274827","gfx/coat_of_arms/.gitignore:1:*","""gfx/coat_of_arms/colored_emblems/cat_dragon3_wappen.dds\r"""
"MPE","MPE","3726274827","gfx/coat_of_arms/.gitignore:1:*","""gfx/coat_of_arms/colored_emblems/cat_dragon4_wappen.dds\r"""
"MPE","MPE","3726274827","gfx/coat_of_arms/.gitignore:1:*","""gfx/coat_of_arms/colored_emblems/cat_dragon5_wyvern_wappen.dds\r"""
"MPE","MPE","3726274827","gfx/coat_of_arms/.gitignore:1:*","""gfx/coat_of_arms/colored_emblems/cat_dragon6_wyvern_wappen.dds\r"""
"MPE","MPE","3726274827","gfx/coat_of_arms/.gitignore:1:*","""gfx/coat_of_arms/colored_emblems/cat_dragon7_wyvern_wappen.dds\r"""
"MPE","MPE","3726274827","gfx/coat_of_arms/.gitignore:1:*","""gfx/coat_of_arms/colored_emblems/cat_dragon8_wyvern_wappen.dds\r"""
"MPE","MPE","3726274827","gfx/coat_of_arms/.gitignore:1:*","""gfx/coat_of_arms/colored_emblems/cat_dragon9_wyvern_wappen.dds\r"""
"MPE","MPE","3726274827","gfx/coat_of_arms/.gitignore:1:*","""gfx/coat_of_arms/colored_emblems/cat_duck_head_wappen.dds\r"""
"MPE","MPE","3726274827","gfx/coat_of_arms/.gitignore:1:*","""gfx/coat_of_arms/colored_emblems/cat_duck_head2_wappen.dds\r"""
"MPE","MPE","3726274827","gfx/coat_of_arms/.gitignore:1:*","""gfx/coat_of_arms/colored_emblems/cat_duck_wappen.dds\r"""
"MPE","MPE","3726274827","gfx/coat_of_arms/.gitignore:1:*","""gfx/coat_of_arms/colored_emblems/cat_duck_winged_wappen.dds\r"""
"MPE","MPE","3726274827","gfx/coat_of_arms/.gitignore:1:*","""gfx/coat_of_arms/colored_emblems/cat_eagle_aachen.dds\r"""
"MPE","MPE","3726274827","gfx/coat_of_arms/.gitignore:1:*","""gfx/coat_of_arms/colored_emblems/cat_eagle_albanian.dds\r"""
"MPE","MPE","3726274827","gfx/coat_of_arms/.gitignore:1:*","""gfx/coat_of_arms/colored_emblems/cat_eagle_aquileia.dds\r"""
"MPE","MPE","3726274827","gfx/coat_of_arms/.gitignore:1:*","""gfx/coat_of_arms/colored_emblems/cat_eagle_assembly_body.dds\r"""
"MPE","MPE","3726274827","gfx/coat_of_arms/.gitignore:1:*","""gfx/coat_of_arms/colored_emblems/cat_eagle_assembly_claw.dds\r"""
"MPE","MPE","3726274827","gfx/coat_of_arms/.gitignore:1:*","""gfx/coat_of_arms/colored_emblems/cat_eagle_assembly_done.dds\r"""
"MPE","MPE","3726274827","gfx/coat_of_arms/.gitignore:1:*","""gfx/coat_of_arms/colored_emblems/cat_eagle_assembly_head.dds\r"""
"MPE","MPE","3726274827","gfx/coat_of_arms/.gitignore:1:*","""gfx/coat_of_arms/colored_emblems/cat_eagle_assembly_leg_claw.dds\r"""
"MPE","MPE","3726274827","gfx/coat_of_arms/.gitignore:1:*","""gfx/coat_of_arms/colored_emblems/cat_eagle_assembly_wing1.dds\r"""
"MPE","MPE","3726274827","gfx/coat_of_arms/.gitignore:1:*","""gfx/coat_of_arms/colored_emblems/cat_eagle_assembly_wing2.dds\r"""
"MPE","MPE","3726274827","gfx/coat_of_arms/.gitignore:1:*","""gfx/coat_of_arms/colored_emblems/cat_eagle_boned_wappen.dds\r"""
"MPE","MPE","3726274827","gfx/coat_of_arms/.gitignore:1:*","""gfx/coat_of_arms/colored_emblems/cat_eagle_boned2_wappen.dds\r"""
"MPE","MPE","3726274827","gfx/coat_of_arms/.gitignore:1:*","""gfx/coat_of_arms/colored_emblems/cat_eagle_claw_2_wappen.dds\r"""
"MPE","MPE","3726274827","gfx/coat_of_arms/.gitignore:1:*","""gfx/coat_of_arms/colored_emblems/cat_eagle_claw_3_wappen.dds\r"""
"MPE","MPE","3726274827","gfx/coat_of_arms/.gitignore:1:*","""gfx/coat_of_arms/colored_emblems/cat_eagle_claw_4_wappen.dds\r"""
"MPE","MPE","3726274827","gfx/coat_of_arms/.gitignore:1:*","""gfx/coat_of_arms/colored_emblems/cat_eagle_claw_peggau.dds\r"""
"MPE","MPE","3726274827","gfx/coat_of_arms/.gitignore:1:*","""gfx/coat_of_arms/colored_emblems/cat_eagle_claw_wappen.dds\r"""
"MPE","MPE","3726274827","gfx/coat_of_arms/.gitignore:1:*","""gfx/coat_of_arms/colored_emblems/cat_eagle_claw5_wappen.dds\r"""
"MPE","MPE","3726274827","gfx/coat_of_arms/.gitignore:1:*","""gfx/coat_of_arms/colored_emblems/cat_eagle_claw6_wappen.dds\r"""
"MPE","MPE","3726274827","gfx/coat_of_arms/.gitignore:1:*","""gfx/coat_of_arms/colored_emblems/cat_eagle_dagestan.dds\r"""
"MPE","MPE","3726274827","gfx/coat_of_arms/.gitignore:1:*","""gfx/coat_of_arms/colored_emblems/cat_eagle_double02.dds\r"""
"MPE","MPE","3726274827","gfx/coat_of_arms/.gitignore:1:*","""gfx/coat_of_arms/colored_emblems/cat_eagle_east01.dds\r"""
"MPE","MPE","3726274827","gfx/coat_of_arms/.gitignore:1:*","""gfx/coat_of_arms/colored_emblems/cat_eagle_east03.dds\r"""
"MPE","MPE","3726274827","gfx/coat_of_arms/.gitignore:1:*","""gfx/coat_of_arms/colored_emblems/cat_eagle_fascist.dds\r"""
"MPE","MPE","3726274827","gfx/coat_of_arms/.gitignore:1:*","""gfx/coat_of_arms/colored_emblems/cat_eagle_friuli.dds\r"""
"MPE","MPE","3726274827","gfx/coat_of_arms/.gitignore:1:*","""gfx/coat_of_arms/colored_emblems/cat_eagle_german.dds\r"""
"MPE","MPE","3726274827","gfx/coat_of_arms/.gitignore:1:*","""gfx/coat_of_arms/colored_emblems/cat_eagle_german2.dds\r"""
"MPE","MPE","3726274827","gfx/coat_of_arms/.gitignore:1:*","""gfx/coat_of_arms/colored_emblems/cat_eagle_head_wappen.dds\r"""
"MPE","MPE","3726274827","gfx/coat_of_arms/.gitignore:1:*","""gfx/coat_of_arms/colored_emblems/cat_eagle_head2_wappen.dds\r"""
"MPE","MPE","3726274827","gfx/coat_of_arms/.gitignore:1:*","""gfx/coat_of_arms/colored_emblems/cat_eagle_head3_wappen.dds\r"""
"MPE","MPE","3726274827","gfx/coat_of_arms/.gitignore:1:*","""gfx/coat_of_arms/colored_emblems/cat_eagle_iran_persia.dds\r"""
"MPE","MPE","3726274827","gfx/coat_of_arms/.gitignore:1:*","""gfx/coat_of_arms/colored_emblems/cat_eagle_leg_module_holding.dds\r"""
"MPE","MPE","3726274827","gfx/coat_of_arms/.gitignore:1:*","""gfx/coat_of_arms/colored_emblems/cat_eagle_leg_module_pick_up.dds\r"""
"MPE","MPE","3726274827","gfx/coat_of_arms/.gitignore:1:*","""gfx/coat_of_arms/colored_emblems/cat_eagle_montenegro.dds\r"""
"MPE","MPE","3726274827","gfx/coat_of_arms/.gitignore:1:*","""gfx/coat_of_arms/colored_emblems/cat_eagle_napoleon.dds\r"""
"MPE","MPE","3726274827","gfx/coat_of_arms/.gitignore:1:*","""gfx/coat_of_arms/colored_emblems/cat_eagle_no_head.dds\r"""
"MPE","MPE","3726274827","gfx/coat_of_arms/.gitignore:1:*","""gfx/coat_of_arms/colored_emblems/cat_eagle_no_head2.dds\r"""
"MPE","MPE","3726274827","gfx/coat_of_arms/.gitignore:1:*","""gfx/coat_of_arms/colored_emblems/cat_eagle_orthodox01.dds\r"""
"MPE","MPE","3726274827","gfx/coat_of_arms/.gitignore:1:*","""gfx/coat_of_arms/colored_emblems/cat_eagle_orthodox02.dds\r"""
"MPE","MPE","3726274827","gfx/coat_of_arms/.gitignore:1:*","""gfx/coat_of_arms/colored_emblems/cat_eagle_polish01.dds\r"""
"MPE","MPE","3726274827","gfx/coat_of_arms/.gitignore:1:*","""gfx/coat_of_arms/colored_emblems/cat_eagle_polish02.dds\r"""
"MPE","MPE","3726274827","gfx/coat_of_arms/.gitignore:1:*","""gfx/coat_of_arms/colored_emblems/cat_eagle_polish03.dds\r"""
"MPE","MPE","3726274827","gfx/coat_of_arms/.gitignore:1:*","""gfx/coat_of_arms/colored_emblems/cat_eagle_polish04.dds\r"""
"MPE","MPE","3726274827","gfx/coat_of_arms/.gitignore:1:*","""gfx/coat_of_arms/colored_emblems/cat_eagle_polish05.dds\r"""
"MPE","MPE","3726274827","gfx/coat_of_arms/.gitignore:1:*","""gfx/coat_of_arms/colored_emblems/cat_eagle_premyslid_fire.dds\r"""
"MPE","MPE","3726274827","gfx/coat_of_arms/.gitignore:1:*","""gfx/coat_of_arms/colored_emblems/cat_eagle_romania.dds\r"""
"MPE","MPE","3726274827","gfx/coat_of_arms/.gitignore:1:*","""gfx/coat_of_arms/colored_emblems/cat_eagle_rus_crown.dds\r"""
"MPE","MPE","3726274827","gfx/coat_of_arms/.gitignore:1:*","""gfx/coat_of_arms/colored_emblems/cat_eagle_rus.dds\r"""
"MPE","MPE","3726274827","gfx/coat_of_arms/.gitignore:1:*","""gfx/coat_of_arms/colored_emblems/cat_eagle_rus02.dds\r"""
"MPE","MPE","3726274827","gfx/coat_of_arms/.gitignore:1:*","""gfx/coat_of_arms/colored_emblems/cat_eagle_selcuklu.dds\r"""
"MPE","MPE","3726274827","gfx/coat_of_arms/.gitignore:1:*","""gfx/coat_of_arms/colored_emblems/cat_eagle_serbia.dds\r"""
"MPE","MPE","3726274827","gfx/coat_of_arms/.gitignore:1:*","""gfx/coat_of_arms/colored_emblems/cat_eagle_serbia01.dds\r"""
"MPE","MPE","3726274827","gfx/coat_of_arms/.gitignore:1:*","""gfx/coat_of_arms/colored_emblems/cat_eagle_serbia02.dds\r"""
"MPE","MPE","3726274827","gfx/coat_of_arms/.gitignore:1:*","""gfx/coat_of_arms/colored_emblems/cat_eagle_small1.dds\r"""
"MPE","MPE","3726274827","gfx/coat_of_arms/.gitignore:1:*","""gfx/coat_of_arms/colored_emblems/cat_eagle_small2.dds\r"""
"MPE","MPE","3726274827","gfx/coat_of_arms/.gitignore:1:*","""gfx/coat_of_arms/colored_emblems/cat_eagle_small3.dds\r"""
"MPE","MPE","3726274827","gfx/coat_of_arms/.gitignore:1:*","""gfx/coat_of_arms/colored_emblems/cat_eagle_small4.dds\r"""
"MPE","MPE","3726274827","gfx/coat_of_arms/.gitignore:1:*","""gfx/coat_of_arms/colored_emblems/cat_eagle_theodoro.dds\r"""
"MPE","MPE","3726274827","gfx/coat_of_arms/.gitignore:1:*","""gfx/coat_of_arms/colored_emblems/cat_eagle_totalwar.dds\r"""
"MPE","MPE","3726274827","gfx/coat_of_arms/.gitignore:1:*","""gfx/coat_of_arms/colored_emblems/cat_eagle_transylvania.dds\r"""
"MPE","MPE","3726274827","gfx/coat_of_arms/.gitignore:1:*","""gfx/coat_of_arms/colored_emblems/cat_eagle_trient_blood.dds\r"""
"MPE","MPE","3726274827","gfx/coat_of_arms/.gitignore:1:*","""gfx/coat_of_arms/colored_emblems/cat_eagle_venice.dds\r"""
"MPE","MPE","3726274827","gfx/coat_of_arms/.gitignore:1:*","""gfx/coat_of_arms/colored_emblems/cat_eagle_wolf1_wappen.dds\r"""
"MPE","MPE","3726274827","gfx/coat_of_arms/.gitignore:1:*","""gfx/coat_of_arms/colored_emblems/cat_eagle_wolf2_wappen.dds\r"""
"MPE","MPE","3726274827","gfx/coat_of_arms/.gitignore:1:*","""gfx/coat_of_arms/colored_emblems/cat_eagle01_01.dds\r"""
"MPE","MPE","3726274827","gfx/coat_of_arms/.gitignore:1:*","""gfx/coat_of_arms/colored_emblems/cat_eagle01.dds\r"""
"MPE","MPE","3726274827","gfx/coat_of_arms/.gitignore:1:*","""gfx/coat_of_arms/colored_emblems/cat_eagle02_body.dds\r"""
"MPE","MPE","3726274827","gfx/coat_of_arms/.gitignore:1:*","""gfx/coat_of_arms/colored_emblems/cat_eagle03.dds\r"""
"MPE","MPE","3726274827","gfx/coat_of_arms/.gitignore:1:*","""gfx/coat_of_arms/colored_emblems/cat_eagle04.dds\r"""
"MPE","MPE","3726274827","gfx/coat_of_arms/.gitignore:1:*","""gfx/coat_of_arms/colored_emblems/cat_eagle05_wappen.dds\r"""
"MPE","MPE","3726274827","gfx/coat_of_arms/.gitignore:1:*","""gfx/coat_of_arms/colored_emblems/cat_eagle06_wappen.dds\r"""
"MPE","MPE","3726274827","gfx/coat_of_arms/.gitignore:1:*","""gfx/coat_of_arms/colored_emblems/cat_eagle07_wappen.dds\r"""
"MPE","MPE","3726274827","gfx/coat_of_arms/.gitignore:1:*","""gfx/coat_of_arms/colored_emblems/cat_eagle08_wappen.dds\r"""
"MPE","MPE","3726274827","gfx/coat_of_arms/.gitignore:1:*","""gfx/coat_of_arms/colored_emblems/cat_eagle09_wappen.dds\r"""
"MPE","MPE","3726274827","gfx/coat_of_arms/.gitignore:1:*","""gfx/coat_of_arms/colored_emblems/cat_eagle10_wappen.dds\r"""
"MPE","MPE","3726274827","gfx/coat_of_arms/.gitignore:1:*","""gfx/coat_of_arms/colored_emblems/cat_eagle11_wappen.dds\r"""
"MPE","MPE","3726274827","gfx/coat_of_arms/.gitignore:1:*","""gfx/coat_of_arms/colored_emblems/cat_eagle12_wappen.dds\r"""
"MPE","MPE","3726274827","gfx/coat_of_arms/.gitignore:1:*","""gfx/coat_of_arms/colored_emblems/cat_eagle13_wappen.dds\r"""
"MPE","MPE","3726274827","gfx/coat_of_arms/.gitignore:1:*","""gfx/coat_of_arms/colored_emblems/cat_eagle14_wappen.dds\r"""
"MPE","MPE","3726274827","gfx/coat_of_arms/.gitignore:1:*","""gfx/coat_of_arms/colored_emblems/cat_eagle15_boned_wappen.dds\r"""
"MPE","MPE","3726274827","gfx/coat_of_arms/.gitignore:1:*","""gfx/coat_of_arms/colored_emblems/cat_eagle16_boned_wappen.dds\r"""
"MPE","MPE","3726274827","gfx/coat_of_arms/.gitignore:1:*","""gfx/coat_of_arms/colored_emblems/cat_eagle17_boned_blood_wappen.dds\r"""
"MPE","MPE","3726274827","gfx/coat_of_arms/.gitignore:1:*","""gfx/coat_of_arms/colored_emblems/cat_eagle18_boned_wappen.dds\r"""
"MPE","MPE","3726274827","gfx/coat_of_arms/.gitignore:1:*","""gfx/coat_of_arms/colored_emblems/cat_eagle19_wappen.dds\r"""
"MPE","MPE","3726274827","gfx/coat_of_arms/.gitignore:1:*","""gfx/coat_of_arms/colored_emblems/cat_eagle20_wappen.dds\r"""
"MPE","MPE","3726274827","gfx/coat_of_arms/.gitignore:1:*","""gfx/coat_of_arms/colored_emblems/cat_eagle21.dds\r"""
"MPE","MPE","3726274827","gfx/coat_of_arms/.gitignore:1:*","""gfx/coat_of_arms/colored_emblems/cat_eagle22_bonfire.dds\r"""
"MPE","MPE","3726274827","gfx/coat_of_arms/.gitignore:1:*","""gfx/coat_of_arms/colored_emblems/cat_east_cloud_color1.dds\r"""
"MPE","MPE","3726274827","gfx/coat_of_arms/.gitignore:1:*","""gfx/coat_of_arms/colored_emblems/cat_east_cloud_color2.dds\r"""
"MPE","MPE","3726274827","gfx/coat_of_arms/.gitignore:1:*","""gfx/coat_of_arms/colored_emblems/cat_east_cloud_color3.dds\r"""
"MPE","MPE","3726274827","gfx/coat_of_arms/.gitignore:1:*","""gfx/coat_of_arms/colored_emblems/cat_east_cloud_color4.dds\r"""
"MPE","MPE","3726274827","gfx/coat_of_arms/.gitignore:1:*","""gfx/coat_of_arms/colored_emblems/cat_east_cloud_color5.dds\r"""
"MPE","MPE","3726274827","gfx/coat_of_arms/.gitignore:1:*","""gfx/coat_of_arms/colored_emblems/cat_east_cloud_color6.dds\r"""
"MPE","MPE","3726274827","gfx/coat_of_arms/.gitignore:1:*","""gfx/coat_of_arms/colored_emblems/cat_east_cloud_color7.dds\r"""
"MPE","MPE","3726274827","gfx/coat_of_arms/.gitignore:1:*","""gfx/coat_of_arms/colored_emblems/cat_east_cloud_color8.dds\r"""
"MPE","MPE","3726274827","gfx/coat_of_arms/.gitignore:1:*","""gfx/coat_of_arms/colored_emblems/cat_east_cloud1.dds\r"""
"MPE","MPE","3726274827","gfx/coat_of_arms/.gitignore:1:*","""gfx/coat_of_arms/colored_emblems/cat_east_cloud2.dds\r"""
"MPE","MPE","3726274827","gfx/coat_of_arms/.gitignore:1:*","""gfx/coat_of_arms/colored_emblems/cat_east_cloud3.dds\r"""
"MPE","MPE","3726274827","gfx/coat_of_arms/.gitignore:1:*","""gfx/coat_of_arms/colored_emblems/cat_east_cloud4.dds\r"""
"MPE","MPE","3726274827","gfx/coat_of_arms/.gitignore:1:*","""gfx/coat_of_arms/colored_emblems/cat_east_cloud5.dds\r"""
"MPE","MPE","3726274827","gfx/coat_of_arms/.gitignore:1:*","""gfx/coat_of_arms/colored_emblems/cat_east_cloud6.dds\r"""
"MPE","MPE","3726274827","gfx/coat_of_arms/.gitignore:1:*","""gfx/coat_of_arms/colored_emblems/cat_east_cloud7.dds\r"""
"MPE","MPE","3726274827","gfx/coat_of_arms/.gitignore:1:*","""gfx/coat_of_arms/colored_emblems/cat_east_cloud8.dds\r"""
"MPE","MPE","3726274827","gfx/coat_of_arms/.gitignore:1:*","""gfx/coat_of_arms/colored_emblems/cat_east_dragon1.dds\r"""
"MPE","MPE","3726274827","gfx/coat_of_arms/.gitignore:1:*","""gfx/coat_of_arms/colored_emblems/cat_east_dragon2.dds\r"""
"MPE","MPE","3726274827","gfx/coat_of_arms/.gitignore:1:*","""gfx/coat_of_arms/colored_emblems/cat_east_dragon3_complete.dds\r"""
"MPE","MPE","3726274827","gfx/coat_of_arms/.gitignore:1:*","""gfx/coat_of_arms/colored_emblems/cat_east_dragon3_deco1.dds\r"""
"MPE","MPE","3726274827","gfx/coat_of_arms/.gitignore:1:*","""gfx/coat_of_arms/colored_emblems/cat_east_dragon3_deco2.dds\r"""
"MPE","MPE","3726274827","gfx/coat_of_arms/.gitignore:1:*","""gfx/coat_of_arms/colored_emblems/cat_east_dragon3.dds\r"""
"MPE","MPE","3726274827","gfx/coat_of_arms/.gitignore:1:*","""gfx/coat_of_arms/colored_emblems/cat_east_dragon4.dds\r"""
"MPE","MPE","3726274827","gfx/coat_of_arms/.gitignore:1:*","""gfx/coat_of_arms/colored_emblems/cat_east_dragon5_deco.dds\r"""
"MPE","MPE","3726274827","gfx/coat_of_arms/.gitignore:1:*","""gfx/coat_of_arms/colored_emblems/cat_east_dragon5_frame.dds\r"""
"MPE","MPE","3726274827","gfx/coat_of_arms/.gitignore:1:*","""gfx/coat_of_arms/colored_emblems/cat_east_dragon5.dds\r"""
"MPE","MPE","3726274827","gfx/coat_of_arms/.gitignore:1:*","""gfx/coat_of_arms/colored_emblems/cat_east_fire1.dds\r"""
"MPE","MPE","3726274827","gfx/coat_of_arms/.gitignore:1:*","""gfx/coat_of_arms/colored_emblems/cat_east_fire2.dds\r"""
"MPE","MPE","3726274827","gfx/coat_of_arms/.gitignore:1:*","""gfx/coat_of_arms/colored_emblems/cat_east_fire3.dds\r"""
"MPE","MPE","3726274827","gfx/coat_of_arms/.gitignore:1:*","""gfx/coat_of_arms/colored_emblems/cat_east_fire4.dds\r"""
"MPE","MPE","3726274827","gfx/coat_of_arms/.gitignore:1:*","""gfx/coat_of_arms/colored_emblems/cat_east_fire5.dds\r"""
"MPE","MPE","3726274827","gfx/coat_of_arms/.gitignore:1:*","""gfx/coat_of_arms/colored_emblems/cat_east_fire6.dds\r"""
"MPE","MPE","3726274827","gfx/coat_of_arms/.gitignore:1:*","""gfx/coat_of_arms/colored_emblems/cat_east_fire7.dds\r"""
"MPE","MPE","3726274827","gfx/coat_of_arms/.gitignore:1:*","""gfx/coat_of_arms/colored_emblems/cat_egypt_crocodile_totalwar.dds\r"""
"MPE","MPE","3726274827","gfx/coat_of_arms/.gitignore:1:*","""gfx/coat_of_arms/colored_emblems/cat_egypt_eagle_totalwar.dds\r"""
"MPE","MPE","3726274827","gfx/coat_of_arms/.gitignore:1:*","""gfx/coat_of_arms/colored_emblems/cat_egypt_eagle2_totalwar.dds\r"""
"MPE","MPE","3726274827","gfx/coat_of_arms/.gitignore:1:*","""gfx/coat_of_arms/colored_emblems/cat_egyptian_insect_totalwar.dds\r"""
"MPE","MPE","3726274827","gfx/coat_of_arms/.gitignore:1:*","""gfx/coat_of_arms/colored_emblems/cat_eight_trigrams1.dds\r"""
"MPE","MPE","3726274827","gfx/coat_of_arms/.gitignore:1:*","""gfx/coat_of_arms/colored_emblems/cat_eight_trigrams2.dds\r"""
"MPE","MPE","3726274827","gfx/coat_of_arms/.gitignore:1:*","""gfx/coat_of_arms/colored_emblems/cat_eight_trigrams3.dds\r"""
"MPE","MPE","3726274827","gfx/coat_of_arms/.gitignore:1:*","""gfx/coat_of_arms/colored_emblems/cat_eight_trigrams4.dds\r"""
"MPE","MPE","3726274827","gfx/coat_of_arms/.gitignore:1:*","""gfx/coat_of_arms/colored_emblems/cat_eivor_raven.dds\r"""
"MPE","MPE","3726274827","gfx/coat_of_arms/.gitignore:1:*","""gfx/coat_of_arms/colored_emblems/cat_elder_scrolls_dragon.dds\r"""
"MPE","MPE","3726274827","gfx/coat_of_arms/.gitignore:1:*","""gfx/coat_of_arms/colored_emblems/cat_endless_knot.dds\r"""
"MPE","MPE","3726274827","gfx/coat_of_arms/.gitignore:1:*","""gfx/coat_of_arms/colored_emblems/cat_endless_knot2.dds\r"""
"MPE","MPE","3726274827","gfx/coat_of_arms/.gitignore:1:*","""gfx/coat_of_arms/colored_emblems/cat_england_lion.dds\r"""
"MPE","MPE","3726274827","gfx/coat_of_arms/.gitignore:1:*","""gfx/coat_of_arms/colored_emblems/cat_england_panther1.dds\r"""
"MPE","MPE","3726274827","gfx/coat_of_arms/.gitignore:1:*","""gfx/coat_of_arms/colored_emblems/cat_england_panther2.dds\r"""
"MPE","MPE","3726274827","gfx/coat_of_arms/.gitignore:1:*","""gfx/coat_of_arms/colored_emblems/cat_ermine_spot_real_fur.dds\r"""
"MPE","MPE","3726274827","gfx/coat_of_arms/.gitignore:1:*","""gfx/coat_of_arms/colored_emblems/cat_ermine_spot2.dds\r"""
"MPE","MPE","3726274827","gfx/coat_of_arms/.gitignore:1:*","""gfx/coat_of_arms/colored_emblems/cat_ermine_spot3.dds\r"""
"MPE","MPE","3726274827","gfx/coat_of_arms/.gitignore:1:*","""gfx/coat_of_arms/colored_emblems/cat_estonia_laurel_wreath.dds\r"""
"MPE","MPE","3726274827","gfx/coat_of_arms/.gitignore:1:*","""gfx/coat_of_arms/colored_emblems/cat_ethiopia_star.dds\r"""
"MPE","MPE","3726274827","gfx/coat_of_arms/.gitignore:1:*","""gfx/coat_of_arms/colored_emblems/cat_etruscan_totalwar.dds\r"""
"MPE","MPE","3726274827","gfx/coat_of_arms/.gitignore:1:*","""gfx/coat_of_arms/colored_emblems/cat_european_earth_globe.dds\r"""
"MPE","MPE","3726274827","gfx/coat_of_arms/.gitignore:1:*","""gfx/coat_of_arms/colored_emblems/cat_eye_wappen.dds\r"""
"MPE","MPE","3726274827","gfx/coat_of_arms/.gitignore:1:*","""gfx/coat_of_arms/colored_emblems/cat_face_woman.dds\r"""
"MPE","MPE","3726274827","gfx/coat_of_arms/.gitignore:1:*","""gfx/coat_of_arms/colored_emblems/cat_falcon_eagle_falkenstein.dds\r"""
"MPE","MPE","3726274827","gfx/coat_of_arms/.gitignore:1:*","""gfx/coat_of_arms/colored_emblems/cat_falcon_wappen.dds\r"""
"MPE","MPE","3726274827","gfx/coat_of_arms/.gitignore:1:*","""gfx/coat_of_arms/colored_emblems/cat_falcon.dds\r"""
"MPE","MPE","3726274827","gfx/coat_of_arms/.gitignore:1:*","""gfx/coat_of_arms/colored_emblems/cat_falcon2_wappen.dds\r"""
"MPE","MPE","3726274827","gfx/coat_of_arms/.gitignore:1:*","""gfx/coat_of_arms/colored_emblems/cat_falcon3_wappen.dds\r"""
"MPE","MPE","3726274827","gfx/coat_of_arms/.gitignore:1:*","""gfx/coat_of_arms/colored_emblems/cat_fallout_bos.dds\r"""
"MPE","MPE","3726274827","gfx/coat_of_arms/.gitignore:1:*","""gfx/coat_of_arms/colored_emblems/cat_fallout_enclave.dds\r"""
"MPE","MPE","3726274827","gfx/coat_of_arms/.gitignore:1:*","""gfx/coat_of_arms/colored_emblems/cat_fallout_Institute.dds\r"""
"MPE","MPE","3726274827","gfx/coat_of_arms/.gitignore:1:*","""gfx/coat_of_arms/colored_emblems/cat_fallout_minutemen.dds\r"""
"MPE","MPE","3726274827","gfx/coat_of_arms/.gitignore:1:*","""gfx/coat_of_arms/colored_emblems/cat_fallout_railroad.dds\r"""
"MPE","MPE","3726274827","gfx/coat_of_arms/.gitignore:1:*","""gfx/coat_of_arms/colored_emblems/cat_faravahar.dds\r"""
"MPE","MPE","3726274827","gfx/coat_of_arms/.gitignore:1:*","""gfx/coat_of_arms/colored_emblems/cat_farla1_wappen.dds\r"""
"MPE","MPE","3726274827","gfx/coat_of_arms/.gitignore:1:*","""gfx/coat_of_arms/colored_emblems/cat_farla2_wappen.dds\r"""
"MPE","MPE","3726274827","gfx/coat_of_arms/.gitignore:1:*","""gfx/coat_of_arms/colored_emblems/cat_farla3_wappen.dds\r"""
"MPE","MPE","3726274827","gfx/coat_of_arms/.gitignore:1:*","""gfx/coat_of_arms/colored_emblems/cat_fars_islam.dds\r"""
"MPE","MPE","3726274827","gfx/coat_of_arms/.gitignore:1:*","""gfx/coat_of_arms/colored_emblems/cat_farum_bird.dds\r"""
"MPE","MPE","3726274827","gfx/coat_of_arms/.gitignore:1:*","""gfx/coat_of_arms/colored_emblems/cat_fasces.dds\r"""
"MPE","MPE","3726274827","gfx/coat_of_arms/.gitignore:1:*","""gfx/coat_of_arms/colored_emblems/cat_fasces2.dds\r"""
"MPE","MPE","3726274827","gfx/coat_of_arms/.gitignore:1:*","""gfx/coat_of_arms/colored_emblems/cat_feather.dds\r"""
"MPE","MPE","3726274827","gfx/coat_of_arms/.gitignore:1:*","""gfx/coat_of_arms/colored_emblems/cat_feather2.dds\r"""
"MPE","MPE","3726274827","gfx/coat_of_arms/.gitignore:1:*","""gfx/coat_of_arms/colored_emblems/cat_feather3.dds\r"""
"MPE","MPE","3726274827","gfx/coat_of_arms/.gitignore:1:*","""gfx/coat_of_arms/colored_emblems/cat_feather4.dds\r"""
"MPE","MPE","3726274827","gfx/coat_of_arms/.gitignore:1:*","""gfx/coat_of_arms/colored_emblems/cat_ferret_wappen.dds\r"""
"MPE","MPE","3726274827","gfx/coat_of_arms/.gitignore:1:*","""gfx/coat_of_arms/colored_emblems/cat_finland_lion1_wappen.dds\r"""
"MPE","MPE","3726274827","gfx/coat_of_arms/.gitignore:1:*","""gfx/coat_of_arms/colored_emblems/cat_finland_lion2_wappen.dds\r"""
"MPE","MPE","3726274827","gfx/coat_of_arms/.gitignore:1:*","""gfx/coat_of_arms/colored_emblems/cat_finland_lion3_wappen.dds\r"""
"MPE","MPE","3726274827","gfx/coat_of_arms/.gitignore:1:*","""gfx/coat_of_arms/colored_emblems/cat_finland_lion4_wappen.dds\r"""
"MPE","MPE","3726274827","gfx/coat_of_arms/.gitignore:1:*","""gfx/coat_of_arms/colored_emblems/cat_finland_lion5_wappen.dds\r"""
"MPE","MPE","3726274827","gfx/coat_of_arms/.gitignore:1:*","""gfx/coat_of_arms/colored_emblems/cat_fire_grenade.dds\r"""
"MPE","MPE","3726274827","gfx/coat_of_arms/.gitignore:1:*","""gfx/coat_of_arms/colored_emblems/cat_fire_grenade2.dds\r"""
"MPE","MPE","3726274827","gfx/coat_of_arms/.gitignore:1:*","""gfx/coat_of_arms/colored_emblems/cat_fire_wappen.dds\r"""
"MPE","MPE","3726274827","gfx/coat_of_arms/.gitignore:1:*","""gfx/coat_of_arms/colored_emblems/cat_fireplace_yekaterinburg.dds\r"""
"MPE","MPE","3726274827","gfx/coat_of_arms/.gitignore:1:*","""gfx/coat_of_arms/colored_emblems/cat_firewood_wappen.dds\r"""
"MPE","MPE","3726274827","gfx/coat_of_arms/.gitignore:1:*","""gfx/coat_of_arms/colored_emblems/cat_fish_carp_wappen.dds\r"""
"MPE","MPE","3726274827","gfx/coat_of_arms/.gitignore:1:*","""gfx/coat_of_arms/colored_emblems/cat_fish_halibut_wappen.dds\r"""
"MPE","MPE","3726274827","gfx/coat_of_arms/.gitignore:1:*","""gfx/coat_of_arms/colored_emblems/cat_fish_head1_wappen.dds\r"""
"MPE","MPE","3726274827","gfx/coat_of_arms/.gitignore:1:*","""gfx/coat_of_arms/colored_emblems/cat_fish_head2_wappen.dds\r"""
"MPE","MPE","3726274827","gfx/coat_of_arms/.gitignore:1:*","""gfx/coat_of_arms/colored_emblems/cat_fish_iceland.dds\r"""
"MPE","MPE","3726274827","gfx/coat_of_arms/.gitignore:1:*","""gfx/coat_of_arms/colored_emblems/cat_fish_lion_wappen.dds\r"""
"MPE","MPE","3726274827","gfx/coat_of_arms/.gitignore:1:*","""gfx/coat_of_arms/colored_emblems/cat_fish_skagen.dds\r"""
"MPE","MPE","3726274827","gfx/coat_of_arms/.gitignore:1:*","""gfx/coat_of_arms/colored_emblems/cat_fish_tail.dds\r"""
"MPE","MPE","3726274827","gfx/coat_of_arms/.gitignore:1:*","""gfx/coat_of_arms/colored_emblems/cat_fish_wappen.dds\r"""
"MPE","MPE","3726274827","gfx/coat_of_arms/.gitignore:1:*","""gfx/coat_of_arms/colored_emblems/cat_fish_wing_wappan.dds\r"""
"MPE","MPE","3726274827","gfx/coat_of_arms/.gitignore:1:*","""gfx/coat_of_arms/colored_emblems/cat_fish2_wappen.dds\r"""
"MPE","MPE","3726274827","gfx/coat_of_arms/.gitignore:1:*","""gfx/coat_of_arms/colored_emblems/cat_fish3_wappen.dds\r"""
"MPE","MPE","3726274827","gfx/coat_of_arms/.gitignore:1:*","""gfx/coat_of_arms/colored_emblems/cat_fish4_wappen.dds\r"""
"MPE","MPE","3726274827","gfx/coat_of_arms/.gitignore:1:*","""gfx/coat_of_arms/colored_emblems/cat_fish5_belozeroo_wappen.dds\r"""
"MPE","MPE","3726274827","gfx/coat_of_arms/.gitignore:1:*","""gfx/coat_of_arms/colored_emblems/cat_fish6_dolphin_wappen.dds\r"""
"MPE","MPE","3726274827","gfx/coat_of_arms/.gitignore:1:*","""gfx/coat_of_arms/colored_emblems/cat_fish7_dolphin_wappen.dds\r"""
"MPE","MPE","3726274827","gfx/coat_of_arms/.gitignore:1:*","""gfx/coat_of_arms/colored_emblems/cat_flag_lance.dds\r"""
"MPE","MPE","3726274827","gfx/coat_of_arms/.gitignore:1:*","""gfx/coat_of_arms/colored_emblems/cat_flag_wuerzburg.dds\r"""
"MPE","MPE","3726274827","gfx/coat_of_arms/.gitignore:1:*","""gfx/coat_of_arms/colored_emblems/cat_flamel_cross.dds\r"""
"MPE","MPE","3726274827","gfx/coat_of_arms/.gitignore:1:*","""gfx/coat_of_arms/colored_emblems/cat_fleur_circle.dds\r"""
"MPE","MPE","3726274827","gfx/coat_of_arms/.gitignore:1:*","""gfx/coat_of_arms/colored_emblems/cat_fleur_circle.tga\r"""
"MPE","MPE","3726274827","gfx/coat_of_arms/.gitignore:1:*","""gfx/coat_of_arms/colored_emblems/cat_fleur_cross_wappen.dds\r"""
"MPE","MPE","3726274827","gfx/coat_of_arms/.gitignore:1:*","""gfx/coat_of_arms/colored_emblems/cat_fleur_crown.dds\r"""
"MPE","MPE","3726274827","gfx/coat_of_arms/.gitignore:1:*","""gfx/coat_of_arms/colored_emblems/cat_fleur_scepter_wappen.dds\r"""
"MPE","MPE","3726274827","gfx/coat_of_arms/.gitignore:1:*","""gfx/coat_of_arms/colored_emblems/cat_fleur_scepter2_wappen.dds\r"""
"MPE","MPE","3726274827","gfx/coat_of_arms/.gitignore:1:*","""gfx/coat_of_arms/colored_emblems/cat_fleur.dds\r"""
"MPE","MPE","3726274827","gfx/coat_of_arms/.gitignore:1:*","""gfx/coat_of_arms/colored_emblems/cat_fleur2_wappen.dds\r"""
"MPE","MPE","3726274827","gfx/coat_of_arms/.gitignore:1:*","""gfx/coat_of_arms/colored_emblems/cat_flower_chaplet.dds\r"""
"MPE","MPE","3726274827","gfx/coat_of_arms/.gitignore:1:*","""gfx/coat_of_arms/colored_emblems/cat_flower_flame1.dds\r"""
"MPE","MPE","3726274827","gfx/coat_of_arms/.gitignore:1:*","""gfx/coat_of_arms/colored_emblems/cat_flower_flame2.dds\r"""
"MPE","MPE","3726274827","gfx/coat_of_arms/.gitignore:1:*","""gfx/coat_of_arms/colored_emblems/cat_flower_many.dds\r"""
"MPE","MPE","3726274827","gfx/coat_of_arms/.gitignore:1:*","""gfx/coat_of_arms/colored_emblems/cat_flower_orleans.dds\r"""
"MPE","MPE","3726274827","gfx/coat_of_arms/.gitignore:1:*","""gfx/coat_of_arms/colored_emblems/cat_flower_vase_wappen.dds\r"""
"MPE","MPE","3726274827","gfx/coat_of_arms/.gitignore:1:*","""gfx/coat_of_arms/colored_emblems/cat_flower01.dds\r"""
"MPE","MPE","3726274827","gfx/coat_of_arms/.gitignore:1:*","""gfx/coat_of_arms/colored_emblems/cat_flower02_tudor_rose.dds\r"""
"MPE","MPE","3726274827","gfx/coat_of_arms/.gitignore:1:*","""gfx/coat_of_arms/colored_emblems/cat_flower03_tudor_rose.dds\r"""
"MPE","MPE","3726274827","gfx/coat_of_arms/.gitignore:1:*","""gfx/coat_of_arms/colored_emblems/cat_flower1_wappen.dds\r"""
"MPE","MPE","3726274827","gfx/coat_of_arms/.gitignore:1:*","""gfx/coat_of_arms/colored_emblems/cat_flower10_wappen.dds\r"""
"MPE","MPE","3726274827","gfx/coat_of_arms/.gitignore:1:*","""gfx/coat_of_arms/colored_emblems/cat_flower11_wappen.dds\r"""
"MPE","MPE","3726274827","gfx/coat_of_arms/.gitignore:1:*","""gfx/coat_of_arms/colored_emblems/cat_flower2_wappen.dds\r"""
"MPE","MPE","3726274827","gfx/coat_of_arms/.gitignore:1:*","""gfx/coat_of_arms/colored_emblems/cat_flower3_wappen.dds\r"""
"MPE","MPE","3726274827","gfx/coat_of_arms/.gitignore:1:*","""gfx/coat_of_arms/colored_emblems/cat_flower4_wappen.dds\r"""
"MPE","MPE","3726274827","gfx/coat_of_arms/.gitignore:1:*","""gfx/coat_of_arms/colored_emblems/cat_flower5_wappen.dds\r"""
"MPE","MPE","3726274827","gfx/coat_of_arms/.gitignore:1:*","""gfx/coat_of_arms/colored_emblems/cat_flower6_tree_wappen.dds\r"""
"MPE","MPE","3726274827","gfx/coat_of_arms/.gitignore:1:*","""gfx/coat_of_arms/colored_emblems/cat_flower7_wappen.dds\r"""
"MPE","MPE","3726274827","gfx/coat_of_arms/.gitignore:1:*","""gfx/coat_of_arms/colored_emblems/cat_flower8_wappen.dds\r"""
"MPE","MPE","3726274827","gfx/coat_of_arms/.gitignore:1:*","""gfx/coat_of_arms/colored_emblems/cat_flower9_wappen_wappen.dds\r"""
"MPE","MPE","3726274827","gfx/coat_of_arms/.gitignore:1:*","""gfx/coat_of_arms/colored_emblems/cat_flower9_wappen.dds\r"""
"MPE","MPE","3726274827","gfx/coat_of_arms/.gitignore:1:*","""gfx/coat_of_arms/colored_emblems/cat_flowerce_cinquefoil.dds\r"""
"MPE","MPE","3726274827","gfx/coat_of_arms/.gitignore:1:*","""gfx/coat_of_arms/colored_emblems/cat_fly_wappen.dds\r"""
"MPE","MPE","3726274827","gfx/coat_of_arms/.gitignore:1:*","""gfx/coat_of_arms/colored_emblems/cat_foot_wappen.dds\r"""
"MPE","MPE","3726274827","gfx/coat_of_arms/.gitignore:1:*","""gfx/coat_of_arms/colored_emblems/cat_forian_cross.dds\r"""
"MPE","MPE","3726274827","gfx/coat_of_arms/.gitignore:1:*","""gfx/coat_of_arms/colored_emblems/cat_formosa_stamp.dds\r"""
"MPE","MPE","3726274827","gfx/coat_of_arms/.gitignore:1:*","""gfx/coat_of_arms/colored_emblems/cat_fountain1_wappen.dds\r"""
"MPE","MPE","3726274827","gfx/coat_of_arms/.gitignore:1:*","""gfx/coat_of_arms/colored_emblems/cat_fountain2_wappen.dds\r"""
"MPE","MPE","3726274827","gfx/coat_of_arms/.gitignore:1:*","""gfx/coat_of_arms/colored_emblems/cat_frame_decoration.dds\r"""
"MPE","MPE","3726274827","gfx/coat_of_arms/.gitignore:1:*","""gfx/coat_of_arms/colored_emblems/cat_frame_halo.dds\r"""
"MPE","MPE","3726274827","gfx/coat_of_arms/.gitignore:1:*","""gfx/coat_of_arms/colored_emblems/cat_france_crown.dds\r"""
"MPE","MPE","3726274827","gfx/coat_of_arms/.gitignore:1:*","""gfx/coat_of_arms/colored_emblems/cat_fredericia_lion1.dds\r"""
"MPE","MPE","3726274827","gfx/coat_of_arms/.gitignore:1:*","""gfx/coat_of_arms/colored_emblems/cat_fredericia_lion2.dds\r"""
"MPE","MPE","3726274827","gfx/coat_of_arms/.gitignore:1:*","""gfx/coat_of_arms/colored_emblems/cat_frederikshavn_anchor.dds\r"""
"MPE","MPE","3726274827","gfx/coat_of_arms/.gitignore:1:*","""gfx/coat_of_arms/colored_emblems/cat_french_republic1.dds\r"""
"MPE","MPE","3726274827","gfx/coat_of_arms/.gitignore:1:*","""gfx/coat_of_arms/colored_emblems/cat_french_republic2.dds\r"""
"MPE","MPE","3726274827","gfx/coat_of_arms/.gitignore:1:*","""gfx/coat_of_arms/colored_emblems/cat_fruit_basket.dds\r"""
"MPE","MPE","3726274827","gfx/coat_of_arms/.gitignore:1:*","""gfx/coat_of_arms/colored_emblems/cat_fruit_wappen.dds\r"""
"MPE","MPE","3726274827","gfx/coat_of_arms/.gitignore:1:*","""gfx/coat_of_arms/colored_emblems/cat_gabras_double_headed_eagle10.dds\r"""
"MPE","MPE","3726274827","gfx/coat_of_arms/.gitignore:1:*","""gfx/coat_of_arms/colored_emblems/cat_gabras_double_headed_eagle9.dds\r"""
"MPE","MPE","3726274827","gfx/coat_of_arms/.gitignore:1:*","""gfx/coat_of_arms/colored_emblems/cat_galicia_grail.dds\r"""
"MPE","MPE","3726274827","gfx/coat_of_arms/.gitignore:1:*","""gfx/coat_of_arms/colored_emblems/cat_galicia_grail2.dds\r"""
"MPE","MPE","3726274827","gfx/coat_of_arms/.gitignore:1:*","""gfx/coat_of_arms/colored_emblems/cat_galicia_grail3.dds\r"""
"MPE","MPE","3726274827","gfx/coat_of_arms/.gitignore:1:*","""gfx/coat_of_arms/colored_emblems/cat_galicia_grail4.dds\r"""
"MPE","MPE","3726274827","gfx/coat_of_arms/.gitignore:1:*","""gfx/coat_of_arms/colored_emblems/cat_gattilusio_scale_patten.dds\r"""
"MPE","MPE","3726274827","gfx/coat_of_arms/.gitignore:1:*","""gfx/coat_of_arms/colored_emblems/cat_gauntlet_lightning.dds\r"""
"MPE","MPE","3726274827","gfx/coat_of_arms/.gitignore:1:*","""gfx/coat_of_arms/colored_emblems/cat_gauntlet.dds\r"""
"MPE","MPE","3726274827","gfx/coat_of_arms/.gitignore:1:*","""gfx/coat_of_arms/colored_emblems/cat_gauntlets_vane.dds\r"""
"MPE","MPE","3726274827","gfx/coat_of_arms/.gitignore:1:*","""gfx/coat_of_arms/colored_emblems/cat_gear_gear_of_war.dds\r"""
"MPE","MPE","3726274827","gfx/coat_of_arms/.gitignore:1:*","""gfx/coat_of_arms/colored_emblems/cat_gear1.dds\r"""
"MPE","MPE","3726274827","gfx/coat_of_arms/.gitignore:1:*","""gfx/coat_of_arms/colored_emblems/cat_geats_totalwar.dds\r"""
"MPE","MPE","3726274827","gfx/coat_of_arms/.gitignore:1:*","""gfx/coat_of_arms/colored_emblems/cat_geman_iron_cross.dds\r"""
"MPE","MPE","3726274827","gfx/coat_of_arms/.gitignore:1:*","""gfx/coat_of_arms/colored_emblems/cat_gender_female_woman.dds\r"""
"MPE","MPE","3726274827","gfx/coat_of_arms/.gitignore:1:*","""gfx/coat_of_arms/colored_emblems/cat_gender_male_man.dds\r"""
"MPE","MPE","3726274827","gfx/coat_of_arms/.gitignore:1:*","""gfx/coat_of_arms/colored_emblems/cat_genista_flower.dds\r"""
"MPE","MPE","3726274827","gfx/coat_of_arms/.gitignore:1:*","""gfx/coat_of_arms/colored_emblems/cat_george_bucharest.dds\r"""
"MPE","MPE","3726274827","gfx/coat_of_arms/.gitignore:1:*","""gfx/coat_of_arms/colored_emblems/cat_george_moscow.dds\r"""
"MPE","MPE","3726274827","gfx/coat_of_arms/.gitignore:1:*","""gfx/coat_of_arms/colored_emblems/cat_george_nude_wappen.dds\r"""
"MPE","MPE","3726274827","gfx/coat_of_arms/.gitignore:1:*","""gfx/coat_of_arms/colored_emblems/cat_george1_wappen.dds\r"""
"MPE","MPE","3726274827","gfx/coat_of_arms/.gitignore:1:*","""gfx/coat_of_arms/colored_emblems/cat_george2_wappen.dds\r"""
"MPE","MPE","3726274827","gfx/coat_of_arms/.gitignore:1:*","""gfx/coat_of_arms/colored_emblems/cat_george3_wappen.dds\r"""
"MPE","MPE","3726274827","gfx/coat_of_arms/.gitignore:1:*","""gfx/coat_of_arms/colored_emblems/cat_german_crown.dds\r"""
"MPE","MPE","3726274827","gfx/coat_of_arms/.gitignore:1:*","""gfx/coat_of_arms/colored_emblems/cat_german_eagle.dds\r"""
"MPE","MPE","3726274827","gfx/coat_of_arms/.gitignore:1:*","""gfx/coat_of_arms/colored_emblems/cat_german_eagle2_1.dds\r"""
"MPE","MPE","3726274827","gfx/coat_of_arms/.gitignore:1:*","""gfx/coat_of_arms/colored_emblems/cat_german_eagle2_leg_orb.dds\r"""
"MPE","MPE","3726274827","gfx/coat_of_arms/.gitignore:1:*","""gfx/coat_of_arms/colored_emblems/cat_german_eagle2_leg_scepter.dds\r"""
"MPE","MPE","3726274827","gfx/coat_of_arms/.gitignore:1:*","""gfx/coat_of_arms/colored_emblems/cat_german_eagle2.dds\r"""
"MPE","MPE","3726274827","gfx/coat_of_arms/.gitignore:1:*","""gfx/coat_of_arms/colored_emblems/cat_german_empress_crown.dds\r"""
"MPE","MPE","3726274827","gfx/coat_of_arms/.gitignore:1:*","""gfx/coat_of_arms/colored_emblems/cat_german_empress_crown2.dds\r"""
"MPE","MPE","3726274827","gfx/coat_of_arms/.gitignore:1:*","""gfx/coat_of_arms/colored_emblems/cat_german_letter.dds\r"""
"MPE","MPE","3726274827","gfx/coat_of_arms/.gitignore:1:*","""gfx/coat_of_arms/colored_emblems/cat_germany_eagle.dds\r"""
"MPE","MPE","3726274827","gfx/coat_of_arms/.gitignore:1:*","""gfx/coat_of_arms/colored_emblems/cat_glass.dds\r"""
"MPE","MPE","3726274827","gfx/coat_of_arms/.gitignore:1:*","""gfx/coat_of_arms/colored_emblems/cat_goat_half_wappen.dds\r"""
"MPE","MPE","3726274827","gfx/coat_of_arms/.gitignore:1:*","""gfx/coat_of_arms/colored_emblems/cat_goat_half2_wappen.dds\r"""
"MPE","MPE","3726274827","gfx/coat_of_arms/.gitignore:1:*","""gfx/coat_of_arms/colored_emblems/cat_goat_head_side_wappen.dds\r"""
"MPE","MPE","3726274827","gfx/coat_of_arms/.gitignore:1:*","""gfx/coat_of_arms/colored_emblems/cat_goat_head2_wappen.dds\r"""
"MPE","MPE","3726274827","gfx/coat_of_arms/.gitignore:1:*","""gfx/coat_of_arms/colored_emblems/cat_goat_head3_wappen.dds\r"""
"MPE","MPE","3726274827","gfx/coat_of_arms/.gitignore:1:*","""gfx/coat_of_arms/colored_emblems/cat_goat_head4_wappen.dds\r"""
"MPE","MPE","3726274827","gfx/coat_of_arms/.gitignore:1:*","""gfx/coat_of_arms/colored_emblems/cat_goat_istria.dds\r"""
"MPE","MPE","3726274827","gfx/coat_of_arms/.gitignore:1:*","""gfx/coat_of_arms/colored_emblems/cat_goat_wappen.dds\r"""
"MPE","MPE","3726274827","gfx/coat_of_arms/.gitignore:1:*","""gfx/coat_of_arms/colored_emblems/cat_goat2_wappen.dds\r"""
"MPE","MPE","3726274827","gfx/coat_of_arms/.gitignore:1:*","""gfx/coat_of_arms/colored_emblems/cat_goat3_wappen.dds\r"""
"MPE","MPE","3726274827","gfx/coat_of_arms/.gitignore:1:*","""gfx/coat_of_arms/colored_emblems/cat_goat4_wappen.dds\r"""
"MPE","MPE","3726274827","gfx/coat_of_arms/.gitignore:1:*","""gfx/coat_of_arms/colored_emblems/cat_goat5_wappen.dds\r"""
"MPE","MPE","3726274827","gfx/coat_of_arms/.gitignore:1:*","""gfx/coat_of_arms/colored_emblems/cat_golden_fleece_order.dds\r"""
"MPE","MPE","3726274827","gfx/coat_of_arms/.gitignore:1:*","""gfx/coat_of_arms/colored_emblems/cat_gonfanon_wappen.dds\r"""
"MPE","MPE","3726274827","gfx/coat_of_arms/.gitignore:1:*","""gfx/coat_of_arms/colored_emblems/cat_gonfanon2_wappen.dds\r"""
"MPE","MPE","3726274827","gfx/coat_of_arms/.gitignore:1:*","""gfx/coat_of_arms/colored_emblems/cat_got_greyjoy_squid.dds\r"""
"MPE","MPE","3726274827","gfx/coat_of_arms/.gitignore:1:*","""gfx/coat_of_arms/colored_emblems/cat_got_stark_wolf.dds\r"""
"MPE","MPE","3726274827","gfx/coat_of_arms/.gitignore:1:*","""gfx/coat_of_arms/colored_emblems/cat_got_targaryen_dragon.dds\r"""
"MPE","MPE","3726274827","gfx/coat_of_arms/.gitignore:1:*","""gfx/coat_of_arms/colored_emblems/cat_goth1_letter_s.dds\r"""
"MPE","MPE","3726274827","gfx/coat_of_arms/.gitignore:1:*","""gfx/coat_of_arms/colored_emblems/cat_goth2_letter_a.dds\r"""
"MPE","MPE","3726274827","gfx/coat_of_arms/.gitignore:1:*","""gfx/coat_of_arms/colored_emblems/cat_goth2_letter_b.dds\r"""
"MPE","MPE","3726274827","gfx/coat_of_arms/.gitignore:1:*","""gfx/coat_of_arms/colored_emblems/cat_goth2_letter_c.dds\r"""
"MPE","MPE","3726274827","gfx/coat_of_arms/.gitignore:1:*","""gfx/coat_of_arms/colored_emblems/cat_goth2_letter_d.dds\r"""
"MPE","MPE","3726274827","gfx/coat_of_arms/.gitignore:1:*","""gfx/coat_of_arms/colored_emblems/cat_goth2_letter_e.dds\r"""
"MPE","MPE","3726274827","gfx/coat_of_arms/.gitignore:1:*","""gfx/coat_of_arms/colored_emblems/cat_goth2_letter_f.dds\r"""
"MPE","MPE","3726274827","gfx/coat_of_arms/.gitignore:1:*","""gfx/coat_of_arms/colored_emblems/cat_goth2_letter_g.dds\r"""
"MPE","MPE","3726274827","gfx/coat_of_arms/.gitignore:1:*","""gfx/coat_of_arms/colored_emblems/cat_goth2_letter_h.dds\r"""
"MPE","MPE","3726274827","gfx/coat_of_arms/.gitignore:1:*","""gfx/coat_of_arms/colored_emblems/cat_goth2_letter_ij.dds\r"""
"MPE","MPE","3726274827","gfx/coat_of_arms/.gitignore:1:*","""gfx/coat_of_arms/colored_emblems/cat_goth2_letter_k.dds\r"""
"MPE","MPE","3726274827","gfx/coat_of_arms/.gitignore:1:*","""gfx/coat_of_arms/colored_emblems/cat_goth2_letter_l.dds\r"""
"MPE","MPE","3726274827","gfx/coat_of_arms/.gitignore:1:*","""gfx/coat_of_arms/colored_emblems/cat_goth2_letter_m.dds\r"""
"MPE","MPE","3726274827","gfx/coat_of_arms/.gitignore:1:*","""gfx/coat_of_arms/colored_emblems/cat_goth2_letter_n.dds\r"""
"MPE","MPE","3726274827","gfx/coat_of_arms/.gitignore:1:*","""gfx/coat_of_arms/colored_emblems/cat_goth2_letter_o.dds\r"""
"MPE","MPE","3726274827","gfx/coat_of_arms/.gitignore:1:*","""gfx/coat_of_arms/colored_emblems/cat_goth2_letter_p.dds\r"""
"MPE","MPE","3726274827","gfx/coat_of_arms/.gitignore:1:*","""gfx/coat_of_arms/colored_emblems/cat_goth2_letter_q.dds\r"""
"MPE","MPE","3726274827","gfx/coat_of_arms/.gitignore:1:*","""gfx/coat_of_arms/colored_emblems/cat_goth2_letter_r.dds\r"""
"MPE","MPE","3726274827","gfx/coat_of_arms/.gitignore:1:*","""gfx/coat_of_arms/colored_emblems/cat_goth2_letter_s.dds\r"""
"MPE","MPE","3726274827","gfx/coat_of_arms/.gitignore:1:*","""gfx/coat_of_arms/colored_emblems/cat_goth2_letter_t.dds\r"""
"MPE","MPE","3726274827","gfx/coat_of_arms/.gitignore:1:*","""gfx/coat_of_arms/colored_emblems/cat_goth2_letter_u.dds\r"""
"MPE","MPE","3726274827","gfx/coat_of_arms/.gitignore:1:*","""gfx/coat_of_arms/colored_emblems/cat_goth2_letter_v.dds\r"""
"MPE","MPE","3726274827","gfx/coat_of_arms/.gitignore:1:*","""gfx/coat_of_arms/colored_emblems/cat_goth2_letter_w.dds\r"""
"MPE","MPE","3726274827","gfx/coat_of_arms/.gitignore:1:*","""gfx/coat_of_arms/colored_emblems/cat_goth2_letter_x.dds\r"""
"MPE","MPE","3726274827","gfx/coat_of_arms/.gitignore:1:*","""gfx/coat_of_arms/colored_emblems/cat_goth2_letter_y.dds\r"""
"MPE","MPE","3726274827","gfx/coat_of_arms/.gitignore:1:*","""gfx/coat_of_arms/colored_emblems/cat_goth2_letter_z.dds\r"""
"MPE","MPE","3726274827","gfx/coat_of_arms/.gitignore:1:*","""gfx/coat_of_arms/colored_emblems/cat_grail01.dds\r"""
"MPE","MPE","3726274827","gfx/coat_of_arms/.gitignore:1:*","""gfx/coat_of_arms/colored_emblems/cat_grail02.dds\r"""
"MPE","MPE","3726274827","gfx/coat_of_arms/.gitignore:1:*","""gfx/coat_of_arms/colored_emblems/cat_grail03_laurel.dds\r"""
"MPE","MPE","3726274827","gfx/coat_of_arms/.gitignore:1:*","""gfx/coat_of_arms/colored_emblems/cat_grail04.dds\r"""
"MPE","MPE","3726274827","gfx/coat_of_arms/.gitignore:1:*","""gfx/coat_of_arms/colored_emblems/cat_grain_wappen.dds\r"""
"MPE","MPE","3726274827","gfx/coat_of_arms/.gitignore:1:*","""gfx/coat_of_arms/colored_emblems/cat_grain_wheat_wappen.dds\r"""
"MPE","MPE","3726274827","gfx/coat_of_arms/.gitignore:1:*","""gfx/coat_of_arms/colored_emblems/cat_grape.dds\r"""
"MPE","MPE","3726274827","gfx/coat_of_arms/.gitignore:1:*","""gfx/coat_of_arms/colored_emblems/cat_grape2.dds\r"""
"MPE","MPE","3726274827","gfx/coat_of_arms/.gitignore:1:*","""gfx/coat_of_arms/colored_emblems/cat_grape3.dds\r"""
"MPE","MPE","3726274827","gfx/coat_of_arms/.gitignore:1:*","""gfx/coat_of_arms/colored_emblems/cat_grape4.dds\r"""
"MPE","MPE","3726274827","gfx/coat_of_arms/.gitignore:1:*","""gfx/coat_of_arms/colored_emblems/cat_great_sword.dds\r"""
"MPE","MPE","3726274827","gfx/coat_of_arms/.gitignore:1:*","""gfx/coat_of_arms/colored_emblems/cat_greatsword.dds\r"""
"MPE","MPE","3726274827","gfx/coat_of_arms/.gitignore:1:*","""gfx/coat_of_arms/colored_emblems/cat_greece_laurel_wreath.dds\r"""
"MPE","MPE","3726274827","gfx/coat_of_arms/.gitignore:1:*","""gfx/coat_of_arms/colored_emblems/cat_greenland_bear.dds\r"""
"MPE","MPE","3726274827","gfx/coat_of_arms/.gitignore:1:*","""gfx/coat_of_arms/colored_emblems/cat_griffin_head.dds\r"""
"MPE","MPE","3726274827","gfx/coat_of_arms/.gitignore:1:*","""gfx/coat_of_arms/colored_emblems/cat_griffin_head1_wappen.dds\r"""
"MPE","MPE","3726274827","gfx/coat_of_arms/.gitignore:1:*","""gfx/coat_of_arms/colored_emblems/cat_griffin_head2_crown_wappen.dds\r"""
"MPE","MPE","3726274827","gfx/coat_of_arms/.gitignore:1:*","""gfx/coat_of_arms/colored_emblems/cat_griffin_passant.dds\r"""
"MPE","MPE","3726274827","gfx/coat_of_arms/.gitignore:1:*","""gfx/coat_of_arms/colored_emblems/cat_griffin.dds\r"""
"MPE","MPE","3726274827","gfx/coat_of_arms/.gitignore:1:*","""gfx/coat_of_arms/colored_emblems/cat_griffin2.dds\r"""
"MPE","MPE","3726274827","gfx/coat_of_arms/.gitignore:1:*","""gfx/coat_of_arms/colored_emblems/cat_griffin3.dds\r"""
"MPE","MPE","3726274827","gfx/coat_of_arms/.gitignore:1:*","""gfx/coat_of_arms/colored_emblems/cat_griffin4.dds\r"""
"MPE","MPE","3726274827","gfx/coat_of_arms/.gitignore:1:*","""gfx/coat_of_arms/colored_emblems/cat_griffin5.dds\r"""
"MPE","MPE","3726274827","gfx/coat_of_arms/.gitignore:1:*","""gfx/coat_of_arms/colored_emblems/cat_griffon_eagle_wappen.dds\r"""
"MPE","MPE","3726274827","gfx/coat_of_arms/.gitignore:1:*","""gfx/coat_of_arms/colored_emblems/cat_griffon_wing.dds\r"""
"MPE","MPE","3726274827","gfx/coat_of_arms/.gitignore:1:*","""gfx/coat_of_arms/colored_emblems/cat_griffon1_wappen.dds\r"""
"MPE","MPE","3726274827","gfx/coat_of_arms/.gitignore:1:*","""gfx/coat_of_arms/colored_emblems/cat_griffon10_wappen.dds\r"""
"MPE","MPE","3726274827","gfx/coat_of_arms/.gitignore:1:*","""gfx/coat_of_arms/colored_emblems/cat_griffon11_wappen.dds\r"""
"MPE","MPE","3726274827","gfx/coat_of_arms/.gitignore:1:*","""gfx/coat_of_arms/colored_emblems/cat_griffon2_wappen.dds\r"""
"MPE","MPE","3726274827","gfx/coat_of_arms/.gitignore:1:*","""gfx/coat_of_arms/colored_emblems/cat_griffon3_wappen.dds\r"""
"MPE","MPE","3726274827","gfx/coat_of_arms/.gitignore:1:*","""gfx/coat_of_arms/colored_emblems/cat_griffon4_fish_wappen.dds\r"""
"MPE","MPE","3726274827","gfx/coat_of_arms/.gitignore:1:*","""gfx/coat_of_arms/colored_emblems/cat_griffon5_half_wappen.dds\r"""
"MPE","MPE","3726274827","gfx/coat_of_arms/.gitignore:1:*","""gfx/coat_of_arms/colored_emblems/cat_griffon6_wappen.dds\r"""
"MPE","MPE","3726274827","gfx/coat_of_arms/.gitignore:1:*","""gfx/coat_of_arms/colored_emblems/cat_griffon7_wappen.dds\r"""
"MPE","MPE","3726274827","gfx/coat_of_arms/.gitignore:1:*","""gfx/coat_of_arms/colored_emblems/cat_griffon8_wappen.dds\r"""
"MPE","MPE","3726274827","gfx/coat_of_arms/.gitignore:1:*","""gfx/coat_of_arms/colored_emblems/cat_griffon9_wappen.dds\r"""
"MPE","MPE","3726274827","gfx/coat_of_arms/.gitignore:1:*","""gfx/coat_of_arms/colored_emblems/cat_gronnov_window1_wappen.dds\r"""
"MPE","MPE","3726274827","gfx/coat_of_arms/.gitignore:1:*","""gfx/coat_of_arms/colored_emblems/cat_gronnov_window2_wappen.dds\r"""
"MPE","MPE","3726274827","gfx/coat_of_arms/.gitignore:1:*","""gfx/coat_of_arms/colored_emblems/cat_guge.dds\r"""
"MPE","MPE","3726274827","gfx/coat_of_arms/.gitignore:1:*","""gfx/coat_of_arms/colored_emblems/cat_gun.dds\r"""
"MPE","MPE","3726274827","gfx/coat_of_arms/.gitignore:1:*","""gfx/coat_of_arms/colored_emblems/cat_gun2.dds\r"""
"MPE","MPE","3726274827","gfx/coat_of_arms/.gitignore:1:*","""gfx/coat_of_arms/colored_emblems/cat_gun3.dds\r"""
"MPE","MPE","3726274827","gfx/coat_of_arms/.gitignore:1:*","""gfx/coat_of_arms/colored_emblems/cat_gun4.dds\r"""
"MPE","MPE","3726274827","gfx/coat_of_arms/.gitignore:1:*","""gfx/coat_of_arms/colored_emblems/cat_gun5.dds\r"""
"MPE","MPE","3726274827","gfx/coat_of_arms/.gitignore:1:*","""gfx/coat_of_arms/colored_emblems/cat_halberd.dds\r"""
"MPE","MPE","3726274827","gfx/coat_of_arms/.gitignore:1:*","""gfx/coat_of_arms/colored_emblems/cat_half_round.dds\r"""
"MPE","MPE","3726274827","gfx/coat_of_arms/.gitignore:1:*","""gfx/coat_of_arms/colored_emblems/cat_halflife_combine.dds\r"""
"MPE","MPE","3726274827","gfx/coat_of_arms/.gitignore:1:*","""gfx/coat_of_arms/colored_emblems/cat_halo.dds\r"""
"MPE","MPE","3726274827","gfx/coat_of_arms/.gitignore:1:*","""gfx/coat_of_arms/colored_emblems/cat_halych_crow_raven6_wappen.dds\r"""
"MPE","MPE","3726274827","gfx/coat_of_arms/.gitignore:1:*","""gfx/coat_of_arms/colored_emblems/cat_halych_rus.dds\r"""
"MPE","MPE","3726274827","gfx/coat_of_arms/.gitignore:1:*","""gfx/coat_of_arms/colored_emblems/cat_hand_arm_key.dds\r"""
"MPE","MPE","3726274827","gfx/coat_of_arms/.gitignore:1:*","""gfx/coat_of_arms/colored_emblems/cat_hand_arm_wappen.dds\r"""
"MPE","MPE","3726274827","gfx/coat_of_arms/.gitignore:1:*","""gfx/coat_of_arms/colored_emblems/cat_hand_arm1_wappen.dds\r"""
"MPE","MPE","3726274827","gfx/coat_of_arms/.gitignore:1:*","""gfx/coat_of_arms/colored_emblems/cat_hand_arm2_wappen.dds\r"""
"MPE","MPE","3726274827","gfx/coat_of_arms/.gitignore:1:*","""gfx/coat_of_arms/colored_emblems/cat_hand_arm22_wappen.dds\r"""
"MPE","MPE","3726274827","gfx/coat_of_arms/.gitignore:1:*","""gfx/coat_of_arms/colored_emblems/cat_hand_tyrconnell_wappen.dds\r"""
"MPE","MPE","3726274827","gfx/coat_of_arms/.gitignore:1:*","""gfx/coat_of_arms/colored_emblems/cat_hand_wappen.dds\r"""
"MPE","MPE","3726274827","gfx/coat_of_arms/.gitignore:1:*","""gfx/coat_of_arms/colored_emblems/cat_hand2_wappen.dds\r"""
"MPE","MPE","3726274827","gfx/coat_of_arms/.gitignore:1:*","""gfx/coat_of_arms/colored_emblems/cat_hand3_wappen.dds\r"""
"MPE","MPE","3726274827","gfx/coat_of_arms/.gitignore:1:*","""gfx/coat_of_arms/colored_emblems/cat_hand4_wappen.dds\r"""
"MPE","MPE","3726274827","gfx/coat_of_arms/.gitignore:1:*","""gfx/coat_of_arms/colored_emblems/cat_harbin_flower.dds\r"""
"MPE","MPE","3726274827","gfx/coat_of_arms/.gitignore:1:*","""gfx/coat_of_arms/colored_emblems/cat_harp_wappen.dds\r"""
"MPE","MPE","3726274827","gfx/coat_of_arms/.gitignore:1:*","""gfx/coat_of_arms/colored_emblems/cat_has_crown3.dds\r"""
"MPE","MPE","3726274827","gfx/coat_of_arms/.gitignore:1:*","""gfx/coat_of_arms/colored_emblems/cat_has_crown4.dds\r"""
"MPE","MPE","3726274827","gfx/coat_of_arms/.gitignore:1:*","""gfx/coat_of_arms/colored_emblems/cat_haskovo_key.dds\r"""
"MPE","MPE","3726274827","gfx/coat_of_arms/.gitignore:1:*","""gfx/coat_of_arms/colored_emblems/cat_hat2_wappen.dds\r"""
"MPE","MPE","3726274827","gfx/coat_of_arms/.gitignore:1:*","""gfx/coat_of_arms/colored_emblems/cat_hat3_wappen.dds\r"""
"MPE","MPE","3726274827","gfx/coat_of_arms/.gitignore:1:*","""gfx/coat_of_arms/colored_emblems/cat_hebrew_letter_alef.dds\r"""
"MPE","MPE","3726274827","gfx/coat_of_arms/.gitignore:1:*","""gfx/coat_of_arms/colored_emblems/cat_hebrew_letter_ayin.dds\r"""
"MPE","MPE","3726274827","gfx/coat_of_arms/.gitignore:1:*","""gfx/coat_of_arms/colored_emblems/cat_hebrew_letter_bet.dds\r"""
"MPE","MPE","3726274827","gfx/coat_of_arms/.gitignore:1:*","""gfx/coat_of_arms/colored_emblems/cat_hebrew_letter_chet.dds\r"""
"MPE","MPE","3726274827","gfx/coat_of_arms/.gitignore:1:*","""gfx/coat_of_arms/colored_emblems/cat_hebrew_letter_dalet.dds\r"""
"MPE","MPE","3726274827","gfx/coat_of_arms/.gitignore:1:*","""gfx/coat_of_arms/colored_emblems/cat_hebrew_letter_gimel.dds\r"""
"MPE","MPE","3726274827","gfx/coat_of_arms/.gitignore:1:*","""gfx/coat_of_arms/colored_emblems/cat_hebrew_letter_he.dds\r"""
"MPE","MPE","3726274827","gfx/coat_of_arms/.gitignore:1:*","""gfx/coat_of_arms/colored_emblems/cat_hebrew_letter_kaf1.dds\r"""
"MPE","MPE","3726274827","gfx/coat_of_arms/.gitignore:1:*","""gfx/coat_of_arms/colored_emblems/cat_hebrew_letter_kaf2.dds\r"""
"MPE","MPE","3726274827","gfx/coat_of_arms/.gitignore:1:*","""gfx/coat_of_arms/colored_emblems/cat_hebrew_letter_lamed.dds\r"""
"MPE","MPE","3726274827","gfx/coat_of_arms/.gitignore:1:*","""gfx/coat_of_arms/colored_emblems/cat_hebrew_letter_mem1.dds\r"""
"MPE","MPE","3726274827","gfx/coat_of_arms/.gitignore:1:*","""gfx/coat_of_arms/colored_emblems/cat_hebrew_letter_mem2.dds\r"""
"MPE","MPE","3726274827","gfx/coat_of_arms/.gitignore:1:*","""gfx/coat_of_arms/colored_emblems/cat_hebrew_letter_nun1.dds\r"""
"MPE","MPE","3726274827","gfx/coat_of_arms/.gitignore:1:*","""gfx/coat_of_arms/colored_emblems/cat_hebrew_letter_nun2.dds\r"""
"MPE","MPE","3726274827","gfx/coat_of_arms/.gitignore:1:*","""gfx/coat_of_arms/colored_emblems/cat_hebrew_letter_pe1.dds\r"""
"MPE","MPE","3726274827","gfx/coat_of_arms/.gitignore:1:*","""gfx/coat_of_arms/colored_emblems/cat_hebrew_letter_pe2.dds\r"""
"MPE","MPE","3726274827","gfx/coat_of_arms/.gitignore:1:*","""gfx/coat_of_arms/colored_emblems/cat_hebrew_letter_qof.dds\r"""
"MPE","MPE","3726274827","gfx/coat_of_arms/.gitignore:1:*","""gfx/coat_of_arms/colored_emblems/cat_hebrew_letter_resh.dds\r"""
"MPE","MPE","3726274827","gfx/coat_of_arms/.gitignore:1:*","""gfx/coat_of_arms/colored_emblems/cat_hebrew_letter_samech.dds\r"""
"MPE","MPE","3726274827","gfx/coat_of_arms/.gitignore:1:*","""gfx/coat_of_arms/colored_emblems/cat_hebrew_letter_shin.dds\r"""
"MPE","MPE","3726274827","gfx/coat_of_arms/.gitignore:1:*","""gfx/coat_of_arms/colored_emblems/cat_hebrew_letter_tav.dds\r"""
"MPE","MPE","3726274827","gfx/coat_of_arms/.gitignore:1:*","""gfx/coat_of_arms/colored_emblems/cat_hebrew_letter_tet.dds\r"""
"MPE","MPE","3726274827","gfx/coat_of_arms/.gitignore:1:*","""gfx/coat_of_arms/colored_emblems/cat_hebrew_letter_tsadi1.dds\r"""
"MPE","MPE","3726274827","gfx/coat_of_arms/.gitignore:1:*","""gfx/coat_of_arms/colored_emblems/cat_hebrew_letter_tsadi2.dds\r"""
"MPE","MPE","3726274827","gfx/coat_of_arms/.gitignore:1:*","""gfx/coat_of_arms/colored_emblems/cat_hebrew_letter_waw.dds\r"""
"MPE","MPE","3726274827","gfx/coat_of_arms/.gitignore:1:*","""gfx/coat_of_arms/colored_emblems/cat_hebrew_letter_yod.dds\r"""
"MPE","MPE","3726274827","gfx/coat_of_arms/.gitignore:1:*","""gfx/coat_of_arms/colored_emblems/cat_hebrew_letter_zayin.dds\r"""
"MPE","MPE","3726274827","gfx/coat_of_arms/.gitignore:1:*","""gfx/coat_of_arms/colored_emblems/cat_heddinge_building.dds\r"""
"MPE","MPE","3726274827","gfx/coat_of_arms/.gitignore:1:*","""gfx/coat_of_arms/colored_emblems/cat_hejaz_islam.dds\r"""
"MPE","MPE","3726274827","gfx/coat_of_arms/.gitignore:1:*","""gfx/coat_of_arms/colored_emblems/cat_hellenic_frame.dds\r"""
"MPE","MPE","3726274827","gfx/coat_of_arms/.gitignore:1:*","""gfx/coat_of_arms/colored_emblems/cat_helmet_crane1_wappen.dds\r"""
"MPE","MPE","3726274827","gfx/coat_of_arms/.gitignore:1:*","""gfx/coat_of_arms/colored_emblems/cat_helmet_crane2_wappen.dds\r"""
"MPE","MPE","3726274827","gfx/coat_of_arms/.gitignore:1:*","""gfx/coat_of_arms/colored_emblems/cat_helmet_dragon1.dds\r"""
"MPE","MPE","3726274827","gfx/coat_of_arms/.gitignore:1:*","""gfx/coat_of_arms/colored_emblems/cat_helmet_dragon2.dds\r"""
"MPE","MPE","3726274827","gfx/coat_of_arms/.gitignore:1:*","""gfx/coat_of_arms/colored_emblems/cat_helmet_dragon3.dds\r"""
"MPE","MPE","3726274827","gfx/coat_of_arms/.gitignore:1:*","""gfx/coat_of_arms/colored_emblems/cat_helmet_feather_wappen.dds\r"""
"MPE","MPE","3726274827","gfx/coat_of_arms/.gitignore:1:*","""gfx/coat_of_arms/colored_emblems/cat_helmet_feather2_wappen.dds\r"""
"MPE","MPE","3726274827","gfx/coat_of_arms/.gitignore:1:*","""gfx/coat_of_arms/colored_emblems/cat_helmet_wappen.dds\r"""
"MPE","MPE","3726274827","gfx/coat_of_arms/.gitignore:1:*","""gfx/coat_of_arms/colored_emblems/cat_helmet_wing1.dds\r"""
"MPE","MPE","3726274827","gfx/coat_of_arms/.gitignore:1:*","""gfx/coat_of_arms/colored_emblems/cat_helmet_wing2.dds\r"""
"MPE","MPE","3726274827","gfx/coat_of_arms/.gitignore:1:*","""gfx/coat_of_arms/colored_emblems/cat_helmet2_wappen.dds\r"""
"MPE","MPE","3726274827","gfx/coat_of_arms/.gitignore:1:*","""gfx/coat_of_arms/colored_emblems/cat_helsinge_cross.dds\r"""
"MPE","MPE","3726274827","gfx/coat_of_arms/.gitignore:1:*","""gfx/coat_of_arms/colored_emblems/cat_heracles_man.dds\r"""
"MPE","MPE","3726274827","gfx/coat_of_arms/.gitignore:1:*","""gfx/coat_of_arms/colored_emblems/cat_hermes.dds\r"""
"MPE","MPE","3726274827","gfx/coat_of_arms/.gitignore:1:*","""gfx/coat_of_arms/colored_emblems/cat_himyar_totalwar.dds\r"""
"MPE","MPE","3726274827","gfx/coat_of_arms/.gitignore:1:*","""gfx/coat_of_arms/colored_emblems/cat_hippocampus_seahorse2.dds\r"""
"MPE","MPE","3726274827","gfx/coat_of_arms/.gitignore:1:*","""gfx/coat_of_arms/colored_emblems/cat_hippocampusseahorse1.dds\r"""
"MPE","MPE","3726274827","gfx/coat_of_arms/.gitignore:1:*","""gfx/coat_of_arms/colored_emblems/cat_hirtshals_plow.dds\r"""
"MPE","MPE","3726274827","gfx/coat_of_arms/.gitignore:1:*","""gfx/coat_of_arms/colored_emblems/cat_hokkaido_star.dds\r"""
"MPE","MPE","3726274827","gfx/coat_of_arms/.gitignore:1:*","""gfx/coat_of_arms/colored_emblems/cat_hong_kong_flower.dds\r"""
"MPE","MPE","3726274827","gfx/coat_of_arms/.gitignore:1:*","""gfx/coat_of_arms/colored_emblems/cat_hop.dds\r"""
"MPE","MPE","3726274827","gfx/coat_of_arms/.gitignore:1:*","""gfx/coat_of_arms/colored_emblems/cat_horn_long.dds\r"""
"MPE","MPE","3726274827","gfx/coat_of_arms/.gitignore:1:*","""gfx/coat_of_arms/colored_emblems/cat_horn1_wappen.dds\r"""
"MPE","MPE","3726274827","gfx/coat_of_arms/.gitignore:1:*","""gfx/coat_of_arms/colored_emblems/cat_horn2_wappen.dds\r"""
"MPE","MPE","3726274827","gfx/coat_of_arms/.gitignore:1:*","""gfx/coat_of_arms/colored_emblems/cat_horn3_wappen.dds\r"""
"MPE","MPE","3726274827","gfx/coat_of_arms/.gitignore:1:*","""gfx/coat_of_arms/colored_emblems/cat_horn4_wappen.dds\r"""
"MPE","MPE","3726274827","gfx/coat_of_arms/.gitignore:1:*","""gfx/coat_of_arms/colored_emblems/cat_horn5_wappen.dds\r"""
"MPE","MPE","3726274827","gfx/coat_of_arms/.gitignore:1:*","""gfx/coat_of_arms/colored_emblems/cat_horn6.dds\r"""
"MPE","MPE","3726274827","gfx/coat_of_arms/.gitignore:1:*","""gfx/coat_of_arms/colored_emblems/cat_horn7_leg_wappen.dds\r"""
"MPE","MPE","3726274827","gfx/coat_of_arms/.gitignore:1:*","""gfx/coat_of_arms/colored_emblems/cat_horn8_ribbon.dds\r"""
"MPE","MPE","3726274827","gfx/coat_of_arms/.gitignore:1:*","""gfx/coat_of_arms/colored_emblems/cat_horn9_wappen.dds\r"""
"MPE","MPE","3726274827","gfx/coat_of_arms/.gitignore:1:*","""gfx/coat_of_arms/colored_emblems/cat_horse_head.dds\r"""
"MPE","MPE","3726274827","gfx/coat_of_arms/.gitignore:1:*","""gfx/coat_of_arms/colored_emblems/cat_horse_head2_wappen.dds\r"""
"MPE","MPE","3726274827","gfx/coat_of_arms/.gitignore:1:*","""gfx/coat_of_arms/colored_emblems/cat_horse_head3_wappen.dds\r"""
"MPE","MPE","3726274827","gfx/coat_of_arms/.gitignore:1:*","""gfx/coat_of_arms/colored_emblems/cat_horse_head4_wappen.dds\r"""
"MPE","MPE","3726274827","gfx/coat_of_arms/.gitignore:1:*","""gfx/coat_of_arms/colored_emblems/cat_horse_head5_wappen.dds\r"""
"MPE","MPE","3726274827","gfx/coat_of_arms/.gitignore:1:*","""gfx/coat_of_arms/colored_emblems/cat_horse_head6.dds\r"""
"MPE","MPE","3726274827","gfx/coat_of_arms/.gitignore:1:*","""gfx/coat_of_arms/colored_emblems/cat_horse_head7.dds\r"""
"MPE","MPE","3726274827","gfx/coat_of_arms/.gitignore:1:*","""gfx/coat_of_arms/colored_emblems/cat_horse_head8_crown_wappen.dds\r"""
"MPE","MPE","3726274827","gfx/coat_of_arms/.gitignore:1:*","""gfx/coat_of_arms/colored_emblems/cat_horse_head9_crown_wappen.dds\r"""
"MPE","MPE","3726274827","gfx/coat_of_arms/.gitignore:1:*","""gfx/coat_of_arms/colored_emblems/cat_horse_leg_wappen.dds\r"""
"MPE","MPE","3726274827","gfx/coat_of_arms/.gitignore:1:*","""gfx/coat_of_arms/colored_emblems/cat_horse_passant.dds\r"""
"MPE","MPE","3726274827","gfx/coat_of_arms/.gitignore:1:*","""gfx/coat_of_arms/colored_emblems/cat_horse_standing.dds\r"""
"MPE","MPE","3726274827","gfx/coat_of_arms/.gitignore:1:*","""gfx/coat_of_arms/colored_emblems/cat_horse_stirrup_wappen.dds\r"""
"MPE","MPE","3726274827","gfx/coat_of_arms/.gitignore:1:*","""gfx/coat_of_arms/colored_emblems/cat_horse1_wappen.dds\r"""
"MPE","MPE","3726274827","gfx/coat_of_arms/.gitignore:1:*","""gfx/coat_of_arms/colored_emblems/cat_horse2_wappen.dds\r"""
"MPE","MPE","3726274827","gfx/coat_of_arms/.gitignore:1:*","""gfx/coat_of_arms/colored_emblems/cat_horse3_wappen.dds\r"""
"MPE","MPE","3726274827","gfx/coat_of_arms/.gitignore:1:*","""gfx/coat_of_arms/colored_emblems/cat_horse4_wappen.dds\r"""
"MPE","MPE","3726274827","gfx/coat_of_arms/.gitignore:1:*","""gfx/coat_of_arms/colored_emblems/cat_horse5_wappen.dds\r"""
"MPE","MPE","3726274827","gfx/coat_of_arms/.gitignore:1:*","""gfx/coat_of_arms/colored_emblems/cat_horse6_wappen.dds\r"""
"MPE","MPE","3726274827","gfx/coat_of_arms/.gitignore:1:*","""gfx/coat_of_arms/colored_emblems/cat_horse7_wappen.dds\r"""
"MPE","MPE","3726274827","gfx/coat_of_arms/.gitignore:1:*","""gfx/coat_of_arms/colored_emblems/cat_horse8_wappen.dds\r"""
"MPE","MPE","3726274827","gfx/coat_of_arms/.gitignore:1:*","""gfx/coat_of_arms/colored_emblems/cat_horse9_wappen.dds\r"""
"MPE","MPE","3726274827","gfx/coat_of_arms/.gitignore:1:*","""gfx/coat_of_arms/colored_emblems/cat_horus_eye.dds\r"""
"MPE","MPE","3726274827","gfx/coat_of_arms/.gitignore:1:*","""gfx/coat_of_arms/colored_emblems/cat_horus_eye2.dds\r"""
"MPE","MPE","3726274827","gfx/coat_of_arms/.gitignore:1:*","""gfx/coat_of_arms/colored_emblems/cat_hound_wappen.dds\r"""
"MPE","MPE","3726274827","gfx/coat_of_arms/.gitignore:1:*","""gfx/coat_of_arms/colored_emblems/cat_hound2_wappen.dds\r"""
"MPE","MPE","3726274827","gfx/coat_of_arms/.gitignore:1:*","""gfx/coat_of_arms/colored_emblems/cat_hound3_wappen.dds\r"""
"MPE","MPE","3726274827","gfx/coat_of_arms/.gitignore:1:*","""gfx/coat_of_arms/colored_emblems/cat_hound4_wappen.dds\r"""
"MPE","MPE","3726274827","gfx/coat_of_arms/.gitignore:1:*","""gfx/coat_of_arms/colored_emblems/cat_hound5_wappen.dds\r"""
"MPE","MPE","3726274827","gfx/coat_of_arms/.gitignore:1:*","""gfx/coat_of_arms/colored_emblems/cat_hound6_wappen.dds\r"""
"MPE","MPE","3726274827","gfx/coat_of_arms/.gitignore:1:*","""gfx/coat_of_arms/colored_emblems/cat_hound7_wappen.dds\r"""
"MPE","MPE","3726274827","gfx/coat_of_arms/.gitignore:1:*","""gfx/coat_of_arms/colored_emblems/cat_hourglass.dds\r"""
"MPE","MPE","3726274827","gfx/coat_of_arms/.gitignore:1:*","""gfx/coat_of_arms/colored_emblems/cat_house_frontenhausen.dds\r"""
"MPE","MPE","3726274827","gfx/coat_of_arms/.gitignore:1:*","""gfx/coat_of_arms/colored_emblems/cat_hre_crown_wappen.dds\r"""
"MPE","MPE","3726274827","gfx/coat_of_arms/.gitignore:1:*","""gfx/coat_of_arms/colored_emblems/cat_hre_crown1.dds\r"""
"MPE","MPE","3726274827","gfx/coat_of_arms/.gitignore:1:*","""gfx/coat_of_arms/colored_emblems/cat_hre_crown2.dds\r"""
"MPE","MPE","3726274827","gfx/coat_of_arms/.gitignore:1:*","""gfx/coat_of_arms/colored_emblems/cat_hre_double_headed_eagle1.dds\r"""
"MPE","MPE","3726274827","gfx/coat_of_arms/.gitignore:1:*","""gfx/coat_of_arms/colored_emblems/cat_hre_double_headed_eagle2.dds\r"""
"MPE","MPE","3726274827","gfx/coat_of_arms/.gitignore:1:*","""gfx/coat_of_arms/colored_emblems/cat_hre_sceptre.dds\r"""
"MPE","MPE","3726274827","gfx/coat_of_arms/.gitignore:1:*","""gfx/coat_of_arms/colored_emblems/cat_huggut_arm1_axe_wappen.dds\r"""
"MPE","MPE","3726274827","gfx/coat_of_arms/.gitignore:1:*","""gfx/coat_of_arms/colored_emblems/cat_huggut_arm2_wappen.dds\r"""
"MPE","MPE","3726274827","gfx/coat_of_arms/.gitignore:1:*","""gfx/coat_of_arms/colored_emblems/cat_hun_totalwar.dds\r"""
"MPE","MPE","3726274827","gfx/coat_of_arms/.gitignore:1:*","""gfx/coat_of_arms/colored_emblems/cat_hungary_cross_laurel_wappen.dds\r"""
"MPE","MPE","3726274827","gfx/coat_of_arms/.gitignore:1:*","""gfx/coat_of_arms/colored_emblems/cat_hungary_cross.dds\r"""
"MPE","MPE","3726274827","gfx/coat_of_arms/.gitignore:1:*","""gfx/coat_of_arms/colored_emblems/cat_hydra1.dds\r"""
"MPE","MPE","3726274827","gfx/coat_of_arms/.gitignore:1:*","""gfx/coat_of_arms/colored_emblems/cat_hydra2.dds\r"""
"MPE","MPE","3726274827","gfx/coat_of_arms/.gitignore:1:*","""gfx/coat_of_arms/colored_emblems/cat_hydra3.dds\r"""
"MPE","MPE","3726274827","gfx/coat_of_arms/.gitignore:1:*","""gfx/coat_of_arms/colored_emblems/cat_hydra4.dds\r"""
"MPE","MPE","3726274827","gfx/coat_of_arms/.gitignore:1:*","""gfx/coat_of_arms/colored_emblems/cat_iastae_stag_totalwar.dds\r"""
"MPE","MPE","3726274827","gfx/coat_of_arms/.gitignore:1:*","""gfx/coat_of_arms/colored_emblems/cat_iceni_man_totalwar.dds\r"""
"MPE","MPE","3726274827","gfx/coat_of_arms/.gitignore:1:*","""gfx/coat_of_arms/colored_emblems/cat_illyria_ship1_wappen.dds\r"""
"MPE","MPE","3726274827","gfx/coat_of_arms/.gitignore:1:*","""gfx/coat_of_arms/colored_emblems/cat_illyria_ship2_wappen.dds\r"""
"MPE","MPE","3726274827","gfx/coat_of_arms/.gitignore:1:*","""gfx/coat_of_arms/colored_emblems/cat_Inari_fish.dds\r"""
"MPE","MPE","3726274827","gfx/coat_of_arms/.gitignore:1:*","""gfx/coat_of_arms/colored_emblems/cat_iraq_sun.dds\r"""
"MPE","MPE","3726274827","gfx/coat_of_arms/.gitignore:1:*","""gfx/coat_of_arms/colored_emblems/cat_Ireland.dds\r"""
"MPE","MPE","3726274827","gfx/coat_of_arms/.gitignore:1:*","""gfx/coat_of_arms/colored_emblems/cat_ireland02.dds\r"""
"MPE","MPE","3726274827","gfx/coat_of_arms/.gitignore:1:*","""gfx/coat_of_arms/colored_emblems/cat_ishtar_star.dds\r"""
"MPE","MPE","3726274827","gfx/coat_of_arms/.gitignore:1:*","""gfx/coat_of_arms/colored_emblems/cat_islam_arabic_shahada.dds\r"""
"MPE","MPE","3726274827","gfx/coat_of_arms/.gitignore:1:*","""gfx/coat_of_arms/colored_emblems/cat_islam_tughra_ottoman_calligraphy.dds\r"""
"MPE","MPE","3726274827","gfx/coat_of_arms/.gitignore:1:*","""gfx/coat_of_arms/colored_emblems/cat_islam01_bismillah.dds\r"""
"MPE","MPE","3726274827","gfx/coat_of_arms/.gitignore:1:*","""gfx/coat_of_arms/colored_emblems/cat_islam02_basmalah.dds\r"""
"MPE","MPE","3726274827","gfx/coat_of_arms/.gitignore:1:*","""gfx/coat_of_arms/colored_emblems/cat_islam03_peace.dds\r"""
"MPE","MPE","3726274827","gfx/coat_of_arms/.gitignore:1:*","""gfx/coat_of_arms/colored_emblems/cat_islam04_lion.dds\r"""
"MPE","MPE","3726274827","gfx/coat_of_arms/.gitignore:1:*","""gfx/coat_of_arms/colored_emblems/cat_islam04.dds\r"""
"MPE","MPE","3726274827","gfx/coat_of_arms/.gitignore:1:*","""gfx/coat_of_arms/colored_emblems/cat_islam05_lran.dds\r"""
"MPE","MPE","3726274827","gfx/coat_of_arms/.gitignore:1:*","""gfx/coat_of_arms/colored_emblems/cat_jar_wappen.dds\r"""
"MPE","MPE","3726274827","gfx/coat_of_arms/.gitignore:1:*","""gfx/coat_of_arms/colored_emblems/cat_jerusalem_cross_half.dds\r"""
"MPE","MPE","3726274827","gfx/coat_of_arms/.gitignore:1:*","""gfx/coat_of_arms/colored_emblems/cat_jesuit_sun.dds\r"""
"MPE","MPE","3726274827","gfx/coat_of_arms/.gitignore:1:*","""gfx/coat_of_arms/colored_emblems/cat_jesus_christ.dds\r"""
"MPE","MPE","3726274827","gfx/coat_of_arms/.gitignore:1:*","""gfx/coat_of_arms/colored_emblems/cat_jesus_head.dds\r"""
"MPE","MPE","3726274827","gfx/coat_of_arms/.gitignore:1:*","""gfx/coat_of_arms/colored_emblems/cat_jew_chai.dds\r"""
"MPE","MPE","3726274827","gfx/coat_of_arms/.gitignore:1:*","""gfx/coat_of_arms/colored_emblems/cat_jolly_roger_skeleton1.dds\r"""
"MPE","MPE","3726274827","gfx/coat_of_arms/.gitignore:1:*","""gfx/coat_of_arms/colored_emblems/cat_jolly_roger_skeleton2.dds\r"""
"MPE","MPE","3726274827","gfx/coat_of_arms/.gitignore:1:*","""gfx/coat_of_arms/colored_emblems/cat_jolly_roger_skeleton3.dds\r"""
"MPE","MPE","3726274827","gfx/coat_of_arms/.gitignore:1:*","""gfx/coat_of_arms/colored_emblems/cat_jolly_roger_skeleton4.dds\r"""
"MPE","MPE","3726274827","gfx/coat_of_arms/.gitignore:1:*","""gfx/coat_of_arms/colored_emblems/cat_jolly_roger_skull1.dds\r"""
"MPE","MPE","3726274827","gfx/coat_of_arms/.gitignore:1:*","""gfx/coat_of_arms/colored_emblems/cat_jolly_roger_skull10.dds\r"""
"MPE","MPE","3726274827","gfx/coat_of_arms/.gitignore:1:*","""gfx/coat_of_arms/colored_emblems/cat_jolly_roger_skull11.dds\r"""
"MPE","MPE","3726274827","gfx/coat_of_arms/.gitignore:1:*","""gfx/coat_of_arms/colored_emblems/cat_jolly_roger_skull2.dds\r"""
"MPE","MPE","3726274827","gfx/coat_of_arms/.gitignore:1:*","""gfx/coat_of_arms/colored_emblems/cat_jolly_roger_skull3.dds\r"""
"MPE","MPE","3726274827","gfx/coat_of_arms/.gitignore:1:*","""gfx/coat_of_arms/colored_emblems/cat_jolly_roger_skull4.dds\r"""
"MPE","MPE","3726274827","gfx/coat_of_arms/.gitignore:1:*","""gfx/coat_of_arms/colored_emblems/cat_jolly_roger_skull5.dds\r"""
"MPE","MPE","3726274827","gfx/coat_of_arms/.gitignore:1:*","""gfx/coat_of_arms/colored_emblems/cat_jolly_roger_skull6.dds\r"""
"MPE","MPE","3726274827","gfx/coat_of_arms/.gitignore:1:*","""gfx/coat_of_arms/colored_emblems/cat_jolly_roger_skull7.dds\r"""
"MPE","MPE","3726274827","gfx/coat_of_arms/.gitignore:1:*","""gfx/coat_of_arms/colored_emblems/cat_jolly_roger_skull8.dds\r"""
"MPE","MPE","3726274827","gfx/coat_of_arms/.gitignore:1:*","""gfx/coat_of_arms/colored_emblems/cat_jolly_roger_skull9.dds\r"""
"MPE","MPE","3726274827","gfx/coat_of_arms/.gitignore:1:*","""gfx/coat_of_arms/colored_emblems/cat_jutes_totalwar.dds\r"""
"MPE","MPE","3726274827","gfx/coat_of_arms/.gitignore:1:*","""gfx/coat_of_arms/colored_emblems/cat_kalundborg_castle.dds\r"""
"MPE","MPE","3726274827","gfx/coat_of_arms/.gitignore:1:*","""gfx/coat_of_arms/colored_emblems/cat_kazakhstan_bar.dds\r"""
"MPE","MPE","3726274827","gfx/coat_of_arms/.gitignore:1:*","""gfx/coat_of_arms/colored_emblems/cat_kazakhstan_eagle.dds\r"""
"MPE","MPE","3726274827","gfx/coat_of_arms/.gitignore:1:*","""gfx/coat_of_arms/colored_emblems/cat_kazakhstan_sun.dds\r"""
"MPE","MPE","3726274827","gfx/coat_of_arms/.gitignore:1:*","""gfx/coat_of_arms/colored_emblems/cat_kerman_patten.dds\r"""
"MPE","MPE","3726274827","gfx/coat_of_arms/.gitignore:1:*","""gfx/coat_of_arms/colored_emblems/cat_key_bremen.dds\r"""
"MPE","MPE","3726274827","gfx/coat_of_arms/.gitignore:1:*","""gfx/coat_of_arms/colored_emblems/cat_key_vatican_crowned.dds\r"""
"MPE","MPE","3726274827","gfx/coat_of_arms/.gitignore:1:*","""gfx/coat_of_arms/colored_emblems/cat_key_wappen.dds\r"""
"MPE","MPE","3726274827","gfx/coat_of_arms/.gitignore:1:*","""gfx/coat_of_arms/colored_emblems/cat_key.dds\r"""
"MPE","MPE","3726274827","gfx/coat_of_arms/.gitignore:1:*","""gfx/coat_of_arms/colored_emblems/cat_key2.dds\r"""
"MPE","MPE","3726274827","gfx/coat_of_arms/.gitignore:1:*","""gfx/coat_of_arms/colored_emblems/cat_key3.dds\r"""
"MPE","MPE","3726274827","gfx/coat_of_arms/.gitignore:1:*","""gfx/coat_of_arms/colored_emblems/cat_key4.dds\r"""
"MPE","MPE","3726274827","gfx/coat_of_arms/.gitignore:1:*","""gfx/coat_of_arms/colored_emblems/cat_khorasmii_totalwar.dds\r"""
"MPE","MPE","3726274827","gfx/coat_of_arms/.gitignore:1:*","""gfx/coat_of_arms/colored_emblems/cat_kite_shield.dds\r"""
"MPE","MPE","3726274827","gfx/coat_of_arms/.gitignore:1:*","""gfx/coat_of_arms/colored_emblems/cat_knight_horse_wappen.dds\r"""
"MPE","MPE","3726274827","gfx/coat_of_arms/.gitignore:1:*","""gfx/coat_of_arms/colored_emblems/cat_knight_hungary_veszprem.dds\r"""
"MPE","MPE","3726274827","gfx/coat_of_arms/.gitignore:1:*","""gfx/coat_of_arms/colored_emblems/cat_knight_man_armor.dds\r"""
"MPE","MPE","3726274827","gfx/coat_of_arms/.gitignore:1:*","""gfx/coat_of_arms/colored_emblems/cat_knight_spear_wappen.dds\r"""
"MPE","MPE","3726274827","gfx/coat_of_arms/.gitignore:1:*","""gfx/coat_of_arms/colored_emblems/cat_knight_sword_wappen.dds\r"""
"MPE","MPE","3726274827","gfx/coat_of_arms/.gitignore:1:*","""gfx/coat_of_arms/colored_emblems/cat_knight.dds\r"""
"MPE","MPE","3726274827","gfx/coat_of_arms/.gitignore:1:*","""gfx/coat_of_arms/colored_emblems/cat_knight1_george4_wappen.dds\r"""
"MPE","MPE","3726274827","gfx/coat_of_arms/.gitignore:1:*","""gfx/coat_of_arms/colored_emblems/cat_knight1_man1_none_wappen.dds\r"""
"MPE","MPE","3726274827","gfx/coat_of_arms/.gitignore:1:*","""gfx/coat_of_arms/colored_emblems/cat_knight1_man1_sheath_wappen.dds\r"""
"MPE","MPE","3726274827","gfx/coat_of_arms/.gitignore:1:*","""gfx/coat_of_arms/colored_emblems/cat_knight1_man2_none_wappen.dds\r"""
"MPE","MPE","3726274827","gfx/coat_of_arms/.gitignore:1:*","""gfx/coat_of_arms/colored_emblems/cat_knight1_man2_sheath_wappen.dds\r"""
"MPE","MPE","3726274827","gfx/coat_of_arms/.gitignore:1:*","""gfx/coat_of_arms/colored_emblems/cat_knight2.dds\r"""
"MPE","MPE","3726274827","gfx/coat_of_arms/.gitignore:1:*","""gfx/coat_of_arms/colored_emblems/cat_kola_guoldat_fish.dds\r"""
"MPE","MPE","3726274827","gfx/coat_of_arms/.gitignore:1:*","""gfx/coat_of_arms/colored_emblems/cat_kommune_flower.dds\r"""
"MPE","MPE","3726274827","gfx/coat_of_arms/.gitignore:1:*","""gfx/coat_of_arms/colored_emblems/cat_korchin_stamp.dds\r"""
"MPE","MPE","3726274827","gfx/coat_of_arms/.gitignore:1:*","""gfx/coat_of_arms/colored_emblems/cat_korinthos_helmet_totalwar.dds\r"""
"MPE","MPE","3726274827","gfx/coat_of_arms/.gitignore:1:*","""gfx/coat_of_arms/colored_emblems/cat_kr_andong_kim_clan.dds\r"""
"MPE","MPE","3726274827","gfx/coat_of_arms/.gitignore:1:*","""gfx/coat_of_arms/colored_emblems/cat_kr_baekje_phoenix.dds\r"""
"MPE","MPE","3726274827","gfx/coat_of_arms/.gitignore:1:*","""gfx/coat_of_arms/colored_emblems/cat_kr_color_cloud.dds\r"""
"MPE","MPE","3726274827","gfx/coat_of_arms/.gitignore:1:*","""gfx/coat_of_arms/colored_emblems/cat_kr_color_cloud2.dds\r"""
"MPE","MPE","3726274827","gfx/coat_of_arms/.gitignore:1:*","""gfx/coat_of_arms/colored_emblems/cat_kr_color_cloud3.dds\r"""
"MPE","MPE","3726274827","gfx/coat_of_arms/.gitignore:1:*","""gfx/coat_of_arms/colored_emblems/cat_kr_color_cloud4.dds\r"""
"MPE","MPE","3726274827","gfx/coat_of_arms/.gitignore:1:*","""gfx/coat_of_arms/colored_emblems/cat_kr_eunjin_song_clan.dds\r"""
"MPE","MPE","3726274827","gfx/coat_of_arms/.gitignore:1:*","""gfx/coat_of_arms/colored_emblems/cat_kr_gangneung_kim_clan.dds\r"""
"MPE","MPE","3726274827","gfx/coat_of_arms/.gitignore:1:*","""gfx/coat_of_arms/colored_emblems/cat_kr_gimhae_kim_clan.dds\r"""
"MPE","MPE","3726274827","gfx/coat_of_arms/.gitignore:1:*","""gfx/coat_of_arms/colored_emblems/cat_kr_goguryeo_three_legged_crow.dds\r"""
"MPE","MPE","3726274827","gfx/coat_of_arms/.gitignore:1:*","""gfx/coat_of_arms/colored_emblems/cat_kr_goguryeo_three_legged_crow2.dds\r"""
"MPE","MPE","3726274827","gfx/coat_of_arms/.gitignore:1:*","""gfx/coat_of_arms/colored_emblems/cat_kr_goryeo_phoenix_cloud.dds\r"""
"MPE","MPE","3726274827","gfx/coat_of_arms/.gitignore:1:*","""gfx/coat_of_arms/colored_emblems/cat_kr_goryeo_phoenix_head.dds\r"""
"MPE","MPE","3726274827","gfx/coat_of_arms/.gitignore:1:*","""gfx/coat_of_arms/colored_emblems/cat_kr_goryeo_phoenix_main.dds\r"""
"MPE","MPE","3726274827","gfx/coat_of_arms/.gitignore:1:*","""gfx/coat_of_arms/colored_emblems/cat_kr_goryeo_phoenix1.dds\r"""
"MPE","MPE","3726274827","gfx/coat_of_arms/.gitignore:1:*","""gfx/coat_of_arms/colored_emblems/cat_kr_goryeo_phoenix2.dds\r"""
"MPE","MPE","3726274827","gfx/coat_of_arms/.gitignore:1:*","""gfx/coat_of_arms/colored_emblems/cat_kr_goryeo_sea_horse.dds\r"""
"MPE","MPE","3726274827","gfx/coat_of_arms/.gitignore:1:*","""gfx/coat_of_arms/colored_emblems/cat_kr_goryeo_stamp.dds\r"""
"MPE","MPE","3726274827","gfx/coat_of_arms/.gitignore:1:*","""gfx/coat_of_arms/colored_emblems/cat_kr_gyeongju_choi_clan.dds\r"""
"MPE","MPE","3726274827","gfx/coat_of_arms/.gitignore:1:*","""gfx/coat_of_arms/colored_emblems/cat_kr_gyeongju_kim_clan.dds\r"""
"MPE","MPE","3726274827","gfx/coat_of_arms/.gitignore:1:*","""gfx/coat_of_arms/colored_emblems/cat_kr_jeju_go_clan.dds\r"""
"MPE","MPE","3726274827","gfx/coat_of_arms/.gitignore:1:*","""gfx/coat_of_arms/colored_emblems/cat_kr_jeonju_lee_clan.dds\r"""
"MPE","MPE","3726274827","gfx/coat_of_arms/.gitignore:1:*","""gfx/coat_of_arms/colored_emblems/cat_kr_jinju_kang_clan.dds\r"""
"MPE","MPE","3726274827","gfx/coat_of_arms/.gitignore:1:*","""gfx/coat_of_arms/colored_emblems/cat_kr_joseon_general.dds\r"""
"MPE","MPE","3726274827","gfx/coat_of_arms/.gitignore:1:*","""gfx/coat_of_arms/colored_emblems/cat_kr_joseon_stamp_overlord.dds\r"""
"MPE","MPE","3726274827","gfx/coat_of_arms/.gitignore:1:*","""gfx/coat_of_arms/colored_emblems/cat_kr_joseon.dds\r"""
"MPE","MPE","3726274827","gfx/coat_of_arms/.gitignore:1:*","""gfx/coat_of_arms/colored_emblems/cat_kr_miryang_park_clan.dds\r"""
"MPE","MPE","3726274827","gfx/coat_of_arms/.gitignore:1:*","""gfx/coat_of_arms/colored_emblems/cat_kr_neongsung_goo_clan.dds\r"""
"MPE","MPE","3726274827","gfx/coat_of_arms/.gitignore:1:*","""gfx/coat_of_arms/colored_emblems/cat_kr_papyeong_yoon_clan.dds\r"""
"MPE","MPE","3726274827","gfx/coat_of_arms/.gitignore:1:*","""gfx/coat_of_arms/colored_emblems/cat_kr_phoenix.dds\r"""
"MPE","MPE","3726274827","gfx/coat_of_arms/.gitignore:1:*","""gfx/coat_of_arms/colored_emblems/cat_kr_pyeongsan_shin_clan.dds\r"""
"MPE","MPE","3726274827","gfx/coat_of_arms/.gitignore:1:*","""gfx/coat_of_arms/colored_emblems/cat_kr_seongju_lee_clan.dds\r"""
"MPE","MPE","3726274827","gfx/coat_of_arms/.gitignore:1:*","""gfx/coat_of_arms/colored_emblems/cat_kr_sharon_flower.dds\r"""
"MPE","MPE","3726274827","gfx/coat_of_arms/.gitignore:1:*","""gfx/coat_of_arms/colored_emblems/cat_kr_yeongwol_uhm_clan.dds\r"""
"MPE","MPE","3726274827","gfx/coat_of_arms/.gitignore:1:*","""gfx/coat_of_arms/colored_emblems/cat_kr_Yeosan_song_clan.dds\r"""
"MPE","MPE","3726274827","gfx/coat_of_arms/.gitignore:1:*","""gfx/coat_of_arms/colored_emblems/cat_kugri_sword.dds\r"""
"MPE","MPE","3726274827","gfx/coat_of_arms/.gitignore:1:*","""gfx/coat_of_arms/colored_emblems/cat_kush_totalwar.dds\r"""
"MPE","MPE","3726274827","gfx/coat_of_arms/.gitignore:1:*","""gfx/coat_of_arms/colored_emblems/cat_kuusamo_reindeer_stag.dds\r"""
"MPE","MPE","3726274827","gfx/coat_of_arms/.gitignore:1:*","""gfx/coat_of_arms/colored_emblems/cat_kyiv_michael_angel1.dds\r"""
"MPE","MPE","3726274827","gfx/coat_of_arms/.gitignore:1:*","""gfx/coat_of_arms/colored_emblems/cat_kyiv_michael_angel2.dds\r"""
"MPE","MPE","3726274827","gfx/coat_of_arms/.gitignore:1:*","""gfx/coat_of_arms/colored_emblems/cat_kyrgyzstan_sun.dds\r"""
"MPE","MPE","3726274827","gfx/coat_of_arms/.gitignore:1:*","""gfx/coat_of_arms/colored_emblems/cat_label_piedmont.dds\r"""
"MPE","MPE","3726274827","gfx/coat_of_arms/.gitignore:1:*","""gfx/coat_of_arms/colored_emblems/cat_ladder_wappen.dds\r"""
"MPE","MPE","3726274827","gfx/coat_of_arms/.gitignore:1:*","""gfx/coat_of_arms/colored_emblems/cat_ladder.dds\r"""
"MPE","MPE","3726274827","gfx/coat_of_arms/.gitignore:1:*","""gfx/coat_of_arms/colored_emblems/cat_ladder2_wappen.dds\r"""
"MPE","MPE","3726274827","gfx/coat_of_arms/.gitignore:1:*","""gfx/coat_of_arms/colored_emblems/cat_lance_flag.dds\r"""
"MPE","MPE","3726274827","gfx/coat_of_arms/.gitignore:1:*","""gfx/coat_of_arms/colored_emblems/cat_lance_three_wappen.dds\r"""
"MPE","MPE","3726274827","gfx/coat_of_arms/.gitignore:1:*","""gfx/coat_of_arms/colored_emblems/cat_lance.dds\r"""
"MPE","MPE","3726274827","gfx/coat_of_arms/.gitignore:1:*","""gfx/coat_of_arms/colored_emblems/cat_lance2_wappen.dds\r"""
"MPE","MPE","3726274827","gfx/coat_of_arms/.gitignore:1:*","""gfx/coat_of_arms/colored_emblems/cat_lara_dragon_pot_wappen.dds\r"""
"MPE","MPE","3726274827","gfx/coat_of_arms/.gitignore:1:*","""gfx/coat_of_arms/colored_emblems/cat_lara_dragon_pot2_wappen.dds\r"""
"MPE","MPE","3726274827","gfx/coat_of_arms/.gitignore:1:*","""gfx/coat_of_arms/colored_emblems/cat_lara_dragon_pot3_wappen.dds\r"""
"MPE","MPE","3726274827","gfx/coat_of_arms/.gitignore:1:*","""gfx/coat_of_arms/colored_emblems/cat_laurel_usa.dds\r"""
"MPE","MPE","3726274827","gfx/coat_of_arms/.gitignore:1:*","""gfx/coat_of_arms/colored_emblems/cat_laurel_wappen.dds\r"""
"MPE","MPE","3726274827","gfx/coat_of_arms/.gitignore:1:*","""gfx/coat_of_arms/colored_emblems/cat_laurel_wreath.dds\r"""
"MPE","MPE","3726274827","gfx/coat_of_arms/.gitignore:1:*","""gfx/coat_of_arms/colored_emblems/cat_laurel_wreath02.dds\r"""
"MPE","MPE","3726274827","gfx/coat_of_arms/.gitignore:1:*","""gfx/coat_of_arms/colored_emblems/cat_laurel_wreath03_wappen.dds\r"""
"MPE","MPE","3726274827","gfx/coat_of_arms/.gitignore:1:*","""gfx/coat_of_arms/colored_emblems/cat_laurel_wreath05_wappen.dds\r"""
"MPE","MPE","3726274827","gfx/coat_of_arms/.gitignore:1:*","""gfx/coat_of_arms/colored_emblems/cat_laurel_wreath06.dds\r"""
"MPE","MPE","3726274827","gfx/coat_of_arms/.gitignore:1:*","""gfx/coat_of_arms/colored_emblems/cat_laurel_wreath07.dds\r"""
"MPE","MPE","3726274827","gfx/coat_of_arms/.gitignore:1:*","""gfx/coat_of_arms/colored_emblems/cat_laurel_wreath08.dds\r"""
"MPE","MPE","3726274827","gfx/coat_of_arms/.gitignore:1:*","""gfx/coat_of_arms/colored_emblems/cat_laurel_wreath09_wappen.dds\r"""
"MPE","MPE","3726274827","gfx/coat_of_arms/.gitignore:1:*","""gfx/coat_of_arms/colored_emblems/cat_laurel_wreath10_maple.dds\r"""
"MPE","MPE","3726274827","gfx/coat_of_arms/.gitignore:1:*","""gfx/coat_of_arms/colored_emblems/cat_laurel_wreath10_wappen.dds\r"""
"MPE","MPE","3726274827","gfx/coat_of_arms/.gitignore:1:*","""gfx/coat_of_arms/colored_emblems/cat_laurel_wreath11_uruguay.dds\r"""
"MPE","MPE","3726274827","gfx/coat_of_arms/.gitignore:1:*","""gfx/coat_of_arms/colored_emblems/cat_laurel_wreath12.dds\r"""
"MPE","MPE","3726274827","gfx/coat_of_arms/.gitignore:1:*","""gfx/coat_of_arms/colored_emblems/cat_laurel_wreath13.dds\r"""
"MPE","MPE","3726274827","gfx/coat_of_arms/.gitignore:1:*","""gfx/coat_of_arms/colored_emblems/cat_laurel_wreath14.dds\r"""
"MPE","MPE","3726274827","gfx/coat_of_arms/.gitignore:1:*","""gfx/coat_of_arms/colored_emblems/cat_laurel_wreath15.dds\r"""
"MPE","MPE","3726274827","gfx/coat_of_arms/.gitignore:1:*","""gfx/coat_of_arms/colored_emblems/cat_laurel_wreath16.dds\r"""
"MPE","MPE","3726274827","gfx/coat_of_arms/.gitignore:1:*","""gfx/coat_of_arms/colored_emblems/cat_laurel_wreath17.dds\r"""
"MPE","MPE","3726274827","gfx/coat_of_arms/.gitignore:1:*","""gfx/coat_of_arms/colored_emblems/cat_lazarus_cross.dds\r"""
"MPE","MPE","3726274827","gfx/coat_of_arms/.gitignore:1:*","""gfx/coat_of_arms/colored_emblems/cat_leaf_wappen.dds\r"""
"MPE","MPE","3726274827","gfx/coat_of_arms/.gitignore:1:*","""gfx/coat_of_arms/colored_emblems/cat_leg_armor1_wappen.dds\r"""
"MPE","MPE","3726274827","gfx/coat_of_arms/.gitignore:1:*","""gfx/coat_of_arms/colored_emblems/cat_leg_armor2_wappen.dds\r"""
"MPE","MPE","3726274827","gfx/coat_of_arms/.gitignore:1:*","""gfx/coat_of_arms/colored_emblems/cat_leg1_wappen.dds\r"""
"MPE","MPE","3726274827","gfx/coat_of_arms/.gitignore:1:*","""gfx/coat_of_arms/colored_emblems/cat_leg2_wappen.dds\r"""
"MPE","MPE","3726274827","gfx/coat_of_arms/.gitignore:1:*","""gfx/coat_of_arms/colored_emblems/cat_lemvig_castle1.dds\r"""
"MPE","MPE","3726274827","gfx/coat_of_arms/.gitignore:1:*","""gfx/coat_of_arms/colored_emblems/cat_lemvig_castle2.dds\r"""
"MPE","MPE","3726274827","gfx/coat_of_arms/.gitignore:1:*","""gfx/coat_of_arms/colored_emblems/cat_letter_omega.dds\r"""
"MPE","MPE","3726274827","gfx/coat_of_arms/.gitignore:1:*","""gfx/coat_of_arms/colored_emblems/cat_leviathen_cross.dds\r"""
"MPE","MPE","3726274827","gfx/coat_of_arms/.gitignore:1:*","""gfx/coat_of_arms/colored_emblems/cat_liege_pillar_wappen.dds\r"""
"MPE","MPE","3726274827","gfx/coat_of_arms/.gitignore:1:*","""gfx/coat_of_arms/colored_emblems/cat_liege_pillar2_lion_wappen.dds\r"""
"MPE","MPE","3726274827","gfx/coat_of_arms/.gitignore:1:*","""gfx/coat_of_arms/colored_emblems/cat_light_source_shining.dds\r"""
"MPE","MPE","3726274827","gfx/coat_of_arms/.gitignore:1:*","""gfx/coat_of_arms/colored_emblems/cat_lighthouse.dds\r"""
"MPE","MPE","3726274827","gfx/coat_of_arms/.gitignore:1:*","""gfx/coat_of_arms/colored_emblems/cat_lightning.dds\r"""
"MPE","MPE","3726274827","gfx/coat_of_arms/.gitignore:1:*","""gfx/coat_of_arms/colored_emblems/cat_lightning2.dds\r"""
"MPE","MPE","3726274827","gfx/coat_of_arms/.gitignore:1:*","""gfx/coat_of_arms/colored_emblems/cat_lightning3.dds\r"""
"MPE","MPE","3726274827","gfx/coat_of_arms/.gitignore:1:*","""gfx/coat_of_arms/colored_emblems/cat_lightning4.dds\r"""
"MPE","MPE","3726274827","gfx/coat_of_arms/.gitignore:1:*","""gfx/coat_of_arms/colored_emblems/cat_lightning5.dds\r"""
"MPE","MPE","3726274827","gfx/coat_of_arms/.gitignore:1:*","""gfx/coat_of_arms/colored_emblems/cat_lightning6.dds\r"""
"MPE","MPE","3726274827","gfx/coat_of_arms/.gitignore:1:*","""gfx/coat_of_arms/colored_emblems/cat_lily.dds\r"""
"MPE","MPE","3726274827","gfx/coat_of_arms/.gitignore:1:*","""gfx/coat_of_arms/colored_emblems/cat_lion_axe1_wappen.dds\r"""
"MPE","MPE","3726274827","gfx/coat_of_arms/.gitignore:1:*","""gfx/coat_of_arms/colored_emblems/cat_lion_axe2_wappen.dds\r"""
"MPE","MPE","3726274827","gfx/coat_of_arms/.gitignore:1:*","""gfx/coat_of_arms/colored_emblems/cat_lion_chain_wappen.dds\r"""
"MPE","MPE","3726274827","gfx/coat_of_arms/.gitignore:1:*","""gfx/coat_of_arms/colored_emblems/cat_lion_cross_wappen.dds\r"""
"MPE","MPE","3726274827","gfx/coat_of_arms/.gitignore:1:*","""gfx/coat_of_arms/colored_emblems/cat_lion_crown_wappen.dds\r"""
"MPE","MPE","3726274827","gfx/coat_of_arms/.gitignore:1:*","""gfx/coat_of_arms/colored_emblems/cat_lion_crown2_wappen.dds\r"""
"MPE","MPE","3726274827","gfx/coat_of_arms/.gitignore:1:*","""gfx/coat_of_arms/colored_emblems/cat_lion_head_fire_wappen.dds\r"""
"MPE","MPE","3726274827","gfx/coat_of_arms/.gitignore:1:*","""gfx/coat_of_arms/colored_emblems/cat_lion_head.dds\r"""
"MPE","MPE","3726274827","gfx/coat_of_arms/.gitignore:1:*","""gfx/coat_of_arms/colored_emblems/cat_lion_head2.dds\r"""
"MPE","MPE","3726274827","gfx/coat_of_arms/.gitignore:1:*","""gfx/coat_of_arms/colored_emblems/cat_lion_head3_fleur.dds\r"""
"MPE","MPE","3726274827","gfx/coat_of_arms/.gitignore:1:*","""gfx/coat_of_arms/colored_emblems/cat_lion_head4_wappen.dds\r"""
"MPE","MPE","3726274827","gfx/coat_of_arms/.gitignore:1:*","""gfx/coat_of_arms/colored_emblems/cat_lion_head5_crown_wappen.dds\r"""
"MPE","MPE","3726274827","gfx/coat_of_arms/.gitignore:1:*","""gfx/coat_of_arms/colored_emblems/cat_lion_norway.dds\r"""
"MPE","MPE","3726274827","gfx/coat_of_arms/.gitignore:1:*","""gfx/coat_of_arms/colored_emblems/cat_lion_norway1.dds\r"""
"MPE","MPE","3726274827","gfx/coat_of_arms/.gitignore:1:*","""gfx/coat_of_arms/colored_emblems/cat_lion_norway2.dds\r"""
"MPE","MPE","3726274827","gfx/coat_of_arms/.gitignore:1:*","""gfx/coat_of_arms/colored_emblems/cat_lion_snood_wappen.dds\r"""
"MPE","MPE","3726274827","gfx/coat_of_arms/.gitignore:1:*","""gfx/coat_of_arms/colored_emblems/cat_lion_stripe1_wappen.dds\r"""
"MPE","MPE","3726274827","gfx/coat_of_arms/.gitignore:1:*","""gfx/coat_of_arms/colored_emblems/cat_lion_stripe2_wappen.dds\r"""
"MPE","MPE","3726274827","gfx/coat_of_arms/.gitignore:1:*","""gfx/coat_of_arms/colored_emblems/cat_lion_totalwar.dds\r"""
"MPE","MPE","3726274827","gfx/coat_of_arms/.gitignore:1:*","""gfx/coat_of_arms/colored_emblems/cat_lion01_small.dds\r"""
"MPE","MPE","3726274827","gfx/coat_of_arms/.gitignore:1:*","""gfx/coat_of_arms/colored_emblems/cat_lion02.dds\r"""
"MPE","MPE","3726274827","gfx/coat_of_arms/.gitignore:1:*","""gfx/coat_of_arms/colored_emblems/cat_lion03.dds\r"""
"MPE","MPE","3726274827","gfx/coat_of_arms/.gitignore:1:*","""gfx/coat_of_arms/colored_emblems/cat_lion1_wappen.dds\r"""
"MPE","MPE","3726274827","gfx/coat_of_arms/.gitignore:1:*","""gfx/coat_of_arms/colored_emblems/cat_lion10_wappen.dds\r"""
"MPE","MPE","3726274827","gfx/coat_of_arms/.gitignore:1:*","""gfx/coat_of_arms/colored_emblems/cat_lion11_wappen.dds\r"""
"MPE","MPE","3726274827","gfx/coat_of_arms/.gitignore:1:*","""gfx/coat_of_arms/colored_emblems/cat_lion12_wappen.dds\r"""
"MPE","MPE","3726274827","gfx/coat_of_arms/.gitignore:1:*","""gfx/coat_of_arms/colored_emblems/cat_lion13_wappen.dds\r"""
"MPE","MPE","3726274827","gfx/coat_of_arms/.gitignore:1:*","""gfx/coat_of_arms/colored_emblems/cat_lion14_wappen.dds\r"""
"MPE","MPE","3726274827","gfx/coat_of_arms/.gitignore:1:*","""gfx/coat_of_arms/colored_emblems/cat_lion15_wappen.dds\r"""
"MPE","MPE","3726274827","gfx/coat_of_arms/.gitignore:1:*","""gfx/coat_of_arms/colored_emblems/cat_lion16_axe_wappen.dds\r"""
"MPE","MPE","3726274827","gfx/coat_of_arms/.gitignore:1:*","""gfx/coat_of_arms/colored_emblems/cat_lion17_axe_wappen.dds\r"""
"MPE","MPE","3726274827","gfx/coat_of_arms/.gitignore:1:*","""gfx/coat_of_arms/colored_emblems/cat_lion18_wappen.dds\r"""
"MPE","MPE","3726274827","gfx/coat_of_arms/.gitignore:1:*","""gfx/coat_of_arms/colored_emblems/cat_lion19_wappen.dds\r"""
"MPE","MPE","3726274827","gfx/coat_of_arms/.gitignore:1:*","""gfx/coat_of_arms/colored_emblems/cat_lion2_wappen.dds\r"""
"MPE","MPE","3726274827","gfx/coat_of_arms/.gitignore:1:*","""gfx/coat_of_arms/colored_emblems/cat_lion20_wappen.dds\r"""
"MPE","MPE","3726274827","gfx/coat_of_arms/.gitignore:1:*","""gfx/coat_of_arms/colored_emblems/cat_lion21_wappen.dds\r"""
"MPE","MPE","3726274827","gfx/coat_of_arms/.gitignore:1:*","""gfx/coat_of_arms/colored_emblems/cat_lion22_wappen.dds\r"""
"MPE","MPE","3726274827","gfx/coat_of_arms/.gitignore:1:*","""gfx/coat_of_arms/colored_emblems/cat_lion23_wappen.dds\r"""
"MPE","MPE","3726274827","gfx/coat_of_arms/.gitignore:1:*","""gfx/coat_of_arms/colored_emblems/cat_lion24_wappen.dds\r"""
"MPE","MPE","3726274827","gfx/coat_of_arms/.gitignore:1:*","""gfx/coat_of_arms/colored_emblems/cat_lion25_wappen.dds\r"""
"MPE","MPE","3726274827","gfx/coat_of_arms/.gitignore:1:*","""gfx/coat_of_arms/colored_emblems/cat_lion26_wappen.dds\r"""
"MPE","MPE","3726274827","gfx/coat_of_arms/.gitignore:1:*","""gfx/coat_of_arms/colored_emblems/cat_lion27_wappen.dds\r"""
"MPE","MPE","3726274827","gfx/coat_of_arms/.gitignore:1:*","""gfx/coat_of_arms/colored_emblems/cat_lion28_wappen.dds\r"""
"MPE","MPE","3726274827","gfx/coat_of_arms/.gitignore:1:*","""gfx/coat_of_arms/colored_emblems/cat_lion29_wappen.dds\r"""
"MPE","MPE","3726274827","gfx/coat_of_arms/.gitignore:1:*","""gfx/coat_of_arms/colored_emblems/cat_lion3_wappen.dds\r"""
"MPE","MPE","3726274827","gfx/coat_of_arms/.gitignore:1:*","""gfx/coat_of_arms/colored_emblems/cat_lion30_wappen.dds\r"""
"MPE","MPE","3726274827","gfx/coat_of_arms/.gitignore:1:*","""gfx/coat_of_arms/colored_emblems/cat_lion31_wappen.dds\r"""
"MPE","MPE","3726274827","gfx/coat_of_arms/.gitignore:1:*","""gfx/coat_of_arms/colored_emblems/cat_lion32_wappen.dds\r"""
"MPE","MPE","3726274827","gfx/coat_of_arms/.gitignore:1:*","""gfx/coat_of_arms/colored_emblems/cat_lion33_wappen.dds\r"""
"MPE","MPE","3726274827","gfx/coat_of_arms/.gitignore:1:*","""gfx/coat_of_arms/colored_emblems/cat_lion34_wappen.dds\r"""
"MPE","MPE","3726274827","gfx/coat_of_arms/.gitignore:1:*","""gfx/coat_of_arms/colored_emblems/cat_lion35_wappen.dds\r"""
"MPE","MPE","3726274827","gfx/coat_of_arms/.gitignore:1:*","""gfx/coat_of_arms/colored_emblems/cat_lion36_wappen.dds\r"""
"MPE","MPE","3726274827","gfx/coat_of_arms/.gitignore:1:*","""gfx/coat_of_arms/colored_emblems/cat_lion37_wappen.dds\r"""
"MPE","MPE","3726274827","gfx/coat_of_arms/.gitignore:1:*","""gfx/coat_of_arms/colored_emblems/cat_lion38_wappen.dds\r"""
"MPE","MPE","3726274827","gfx/coat_of_arms/.gitignore:1:*","""gfx/coat_of_arms/colored_emblems/cat_lion39_wappen.dds\r"""
"MPE","MPE","3726274827","gfx/coat_of_arms/.gitignore:1:*","""gfx/coat_of_arms/colored_emblems/cat_lion4_wappen.dds\r"""
"MPE","MPE","3726274827","gfx/coat_of_arms/.gitignore:1:*","""gfx/coat_of_arms/colored_emblems/cat_lion40_crown_wappen.dds\r"""
"MPE","MPE","3726274827","gfx/coat_of_arms/.gitignore:1:*","""gfx/coat_of_arms/colored_emblems/cat_lion41_cross_crown_wappen.dds\r"""
"MPE","MPE","3726274827","gfx/coat_of_arms/.gitignore:1:*","""gfx/coat_of_arms/colored_emblems/cat_lion41_cross_wappen.dds\r"""
"MPE","MPE","3726274827","gfx/coat_of_arms/.gitignore:1:*","""gfx/coat_of_arms/colored_emblems/cat_lion42_sword_wappen.dds\r"""
"MPE","MPE","3726274827","gfx/coat_of_arms/.gitignore:1:*","""gfx/coat_of_arms/colored_emblems/cat_lion43_wappen.dds\r"""
"MPE","MPE","3726274827","gfx/coat_of_arms/.gitignore:1:*","""gfx/coat_of_arms/colored_emblems/cat_lion5_wappen.dds\r"""
"MPE","MPE","3726274827","gfx/coat_of_arms/.gitignore:1:*","""gfx/coat_of_arms/colored_emblems/cat_lion6_wappen.dds\r"""
"MPE","MPE","3726274827","gfx/coat_of_arms/.gitignore:1:*","""gfx/coat_of_arms/colored_emblems/cat_lion7_sitting_wappen.dds\r"""
"MPE","MPE","3726274827","gfx/coat_of_arms/.gitignore:1:*","""gfx/coat_of_arms/colored_emblems/cat_lion8_sitting_wappen.dds\r"""
"MPE","MPE","3726274827","gfx/coat_of_arms/.gitignore:1:*","""gfx/coat_of_arms/colored_emblems/cat_lion9_sitting_wappen.dds\r"""
"MPE","MPE","3726274827","gfx/coat_of_arms/.gitignore:1:*","""gfx/coat_of_arms/colored_emblems/cat_lithuanian_knight_man1.dds\r"""
"MPE","MPE","3726274827","gfx/coat_of_arms/.gitignore:1:*","""gfx/coat_of_arms/colored_emblems/cat_lithuanian_knight_man2.dds\r"""
"MPE","MPE","3726274827","gfx/coat_of_arms/.gitignore:1:*","""gfx/coat_of_arms/colored_emblems/cat_lithuanian_knight1_man_wappen.dds\r"""
"MPE","MPE","3726274827","gfx/coat_of_arms/.gitignore:1:*","""gfx/coat_of_arms/colored_emblems/cat_lithuanian_knight2_horse_wappen.dds\r"""
"MPE","MPE","3726274827","gfx/coat_of_arms/.gitignore:1:*","""gfx/coat_of_arms/colored_emblems/cat_lithuanian_knight3_sword_wappen.dds\r"""
"MPE","MPE","3726274827","gfx/coat_of_arms/.gitignore:1:*","""gfx/coat_of_arms/colored_emblems/cat_lithuanian_knight4_spear_wappen.dds\r"""
"MPE","MPE","3726274827","gfx/coat_of_arms/.gitignore:1:*","""gfx/coat_of_arms/colored_emblems/cat_lithuanian_knight5_none_wappen.dds\r"""
"MPE","MPE","3726274827","gfx/coat_of_arms/.gitignore:1:*","""gfx/coat_of_arms/colored_emblems/cat_lithuanian_knight6_sword_wappen.dds\r"""
"MPE","MPE","3726274827","gfx/coat_of_arms/.gitignore:1:*","""gfx/coat_of_arms/colored_emblems/cat_lithuanian_knight7_none_wappen.dds\r"""
"MPE","MPE","3726274827","gfx/coat_of_arms/.gitignore:1:*","""gfx/coat_of_arms/colored_emblems/cat_lithuanian_knight8_horse_wappen.dds\r"""
"MPE","MPE","3726274827","gfx/coat_of_arms/.gitignore:1:*","""gfx/coat_of_arms/colored_emblems/cat_lizard_wappen.dds\r"""
"MPE","MPE","3726274827","gfx/coat_of_arms/.gitignore:1:*","""gfx/coat_of_arms/colored_emblems/cat_long_fish_wappen.dds\r"""
"MPE","MPE","3726274827","gfx/coat_of_arms/.gitignore:1:*","""gfx/coat_of_arms/colored_emblems/cat_long_halberd.dds\r"""
"MPE","MPE","3726274827","gfx/coat_of_arms/.gitignore:1:*","""gfx/coat_of_arms/colored_emblems/cat_low_fire_flame.dds\r"""
"MPE","MPE","3726274827","gfx/coat_of_arms/.gitignore:1:*","""gfx/coat_of_arms/colored_emblems/cat_lute_wappen.dds\r"""
"MPE","MPE","3726274827","gfx/coat_of_arms/.gitignore:1:*","""gfx/coat_of_arms/colored_emblems/cat_lviv_castle_bridge.dds\r"""
"MPE","MPE","3726274827","gfx/coat_of_arms/.gitignore:1:*","""gfx/coat_of_arms/colored_emblems/cat_lying_devil.dds\r"""
"MPE","MPE","3726274827","gfx/coat_of_arms/.gitignore:1:*","""gfx/coat_of_arms/colored_emblems/cat_lying_devil2.dds\r"""
"MPE","MPE","3726274827","gfx/coat_of_arms/.gitignore:1:*","""gfx/coat_of_arms/colored_emblems/cat_lynx_wappen.dds\r"""
"MPE","MPE","3726274827","gfx/coat_of_arms/.gitignore:1:*","""gfx/coat_of_arms/colored_emblems/cat_lyre.dds\r"""
"MPE","MPE","3726274827","gfx/coat_of_arms/.gitignore:1:*","""gfx/coat_of_arms/colored_emblems/cat_mabinogi.dds\r"""
"MPE","MPE","3726274827","gfx/coat_of_arms/.gitignore:1:*","""gfx/coat_of_arms/colored_emblems/cat_mace_crossed.dds\r"""
"MPE","MPE","3726274827","gfx/coat_of_arms/.gitignore:1:*","""gfx/coat_of_arms/colored_emblems/cat_magpie_wappen.dds\r"""
"MPE","MPE","3726274827","gfx/coat_of_arms/.gitignore:1:*","""gfx/coat_of_arms/colored_emblems/cat_magpie2_wappen.dds\r"""
"MPE","MPE","3726274827","gfx/coat_of_arms/.gitignore:1:*","""gfx/coat_of_arms/colored_emblems/cat_magyar_eagle_totalwar.dds\r"""
"MPE","MPE","3726274827","gfx/coat_of_arms/.gitignore:1:*","""gfx/coat_of_arms/colored_emblems/cat_majapahit.dds\r"""
"MPE","MPE","3726274827","gfx/coat_of_arms/.gitignore:1:*","""gfx/coat_of_arms/colored_emblems/cat_makhachkala_sun.dds\r"""
"MPE","MPE","3726274827","gfx/coat_of_arms/.gitignore:1:*","""gfx/coat_of_arms/colored_emblems/cat_malaspina_tree_wappen.dds\r"""
"MPE","MPE","3726274827","gfx/coat_of_arms/.gitignore:1:*","""gfx/coat_of_arms/colored_emblems/cat_malaspina_tree_wappenwiki.dds\r"""
"MPE","MPE","3726274827","gfx/coat_of_arms/.gitignore:1:*","""gfx/coat_of_arms/colored_emblems/cat_malaysia_star.dds\r"""
"MPE","MPE","3726274827","gfx/coat_of_arms/.gitignore:1:*","""gfx/coat_of_arms/colored_emblems/cat_man_bamberg.dds\r"""
"MPE","MPE","3726274827","gfx/coat_of_arms/.gitignore:1:*","""gfx/coat_of_arms/colored_emblems/cat_man_carnwath.dds\r"""
"MPE","MPE","3726274827","gfx/coat_of_arms/.gitignore:1:*","""gfx/coat_of_arms/colored_emblems/cat_man_chair_sitting.dds\r"""
"MPE","MPE","3726274827","gfx/coat_of_arms/.gitignore:1:*","""gfx/coat_of_arms/colored_emblems/cat_man_csaki_wappen.dds\r"""
"MPE","MPE","3726274827","gfx/coat_of_arms/.gitignore:1:*","""gfx/coat_of_arms/colored_emblems/cat_man_csaki2_wappen.dds\r"""
"MPE","MPE","3726274827","gfx/coat_of_arms/.gitignore:1:*","""gfx/coat_of_arms/colored_emblems/cat_man_fire_wappen.dds\r"""
"MPE","MPE","3726274827","gfx/coat_of_arms/.gitignore:1:*","""gfx/coat_of_arms/colored_emblems/cat_man_greek.dds\r"""
"MPE","MPE","3726274827","gfx/coat_of_arms/.gitignore:1:*","""gfx/coat_of_arms/colored_emblems/cat_man_head_hat1.dds\r"""
"MPE","MPE","3726274827","gfx/coat_of_arms/.gitignore:1:*","""gfx/coat_of_arms/colored_emblems/cat_man_head_hat2.dds\r"""
"MPE","MPE","3726274827","gfx/coat_of_arms/.gitignore:1:*","""gfx/coat_of_arms/colored_emblems/cat_man_head_hat3.dds\r"""
"MPE","MPE","3726274827","gfx/coat_of_arms/.gitignore:1:*","""gfx/coat_of_arms/colored_emblems/cat_man_head_hat4.dds\r"""
"MPE","MPE","3726274827","gfx/coat_of_arms/.gitignore:1:*","""gfx/coat_of_arms/colored_emblems/cat_man_head_laurel_wreath.dds\r"""
"MPE","MPE","3726274827","gfx/coat_of_arms/.gitignore:1:*","""gfx/coat_of_arms/colored_emblems/cat_man_head_pythagoras.dds\r"""
"MPE","MPE","3726274827","gfx/coat_of_arms/.gitignore:1:*","""gfx/coat_of_arms/colored_emblems/cat_man_head_wappen.dds\r"""
"MPE","MPE","3726274827","gfx/coat_of_arms/.gitignore:1:*","""gfx/coat_of_arms/colored_emblems/cat_man_head10.dds\r"""
"MPE","MPE","3726274827","gfx/coat_of_arms/.gitignore:1:*","""gfx/coat_of_arms/colored_emblems/cat_man_head2_wappen.dds\r"""
"MPE","MPE","3726274827","gfx/coat_of_arms/.gitignore:1:*","""gfx/coat_of_arms/colored_emblems/cat_man_head3_wappen.dds\r"""
"MPE","MPE","3726274827","gfx/coat_of_arms/.gitignore:1:*","""gfx/coat_of_arms/colored_emblems/cat_man_head4_wappen.dds\r"""
"MPE","MPE","3726274827","gfx/coat_of_arms/.gitignore:1:*","""gfx/coat_of_arms/colored_emblems/cat_man_head5_wappen.dds\r"""
"MPE","MPE","3726274827","gfx/coat_of_arms/.gitignore:1:*","""gfx/coat_of_arms/colored_emblems/cat_man_head6_wappen.dds\r"""
"MPE","MPE","3726274827","gfx/coat_of_arms/.gitignore:1:*","""gfx/coat_of_arms/colored_emblems/cat_man_head7_wappen.dds\r"""
"MPE","MPE","3726274827","gfx/coat_of_arms/.gitignore:1:*","""gfx/coat_of_arms/colored_emblems/cat_man_head8_wappen.dds\r"""
"MPE","MPE","3726274827","gfx/coat_of_arms/.gitignore:1:*","""gfx/coat_of_arms/colored_emblems/cat_man_head9_wappen.dds\r"""
"MPE","MPE","3726274827","gfx/coat_of_arms/.gitignore:1:*","""gfx/coat_of_arms/colored_emblems/cat_man_infantry1_wappen.dds\r"""
"MPE","MPE","3726274827","gfx/coat_of_arms/.gitignore:1:*","""gfx/coat_of_arms/colored_emblems/cat_man_infantry2_wappen.dds\r"""
"MPE","MPE","3726274827","gfx/coat_of_arms/.gitignore:1:*","""gfx/coat_of_arms/colored_emblems/cat_man_infantry3_wappen.dds\r"""
"MPE","MPE","3726274827","gfx/coat_of_arms/.gitignore:1:*","""gfx/coat_of_arms/colored_emblems/cat_man_monk1_wappen.dds\r"""
"MPE","MPE","3726274827","gfx/coat_of_arms/.gitignore:1:*","""gfx/coat_of_arms/colored_emblems/cat_man_pruszkowski.dds\r"""
"MPE","MPE","3726274827","gfx/coat_of_arms/.gitignore:1:*","""gfx/coat_of_arms/colored_emblems/cat_man_wappen.dds\r"""
"MPE","MPE","3726274827","gfx/coat_of_arms/.gitignore:1:*","""gfx/coat_of_arms/colored_emblems/cat_man2_wappen.dds\r"""
"MPE","MPE","3726274827","gfx/coat_of_arms/.gitignore:1:*","""gfx/coat_of_arms/colored_emblems/cat_man3_wappen.dds\r"""
"MPE","MPE","3726274827","gfx/coat_of_arms/.gitignore:1:*","""gfx/coat_of_arms/colored_emblems/cat_man4_wappen.dds\r"""
"MPE","MPE","3726274827","gfx/coat_of_arms/.gitignore:1:*","""gfx/coat_of_arms/colored_emblems/cat_man5_wappen.dds\r"""
"MPE","MPE","3726274827","gfx/coat_of_arms/.gitignore:1:*","""gfx/coat_of_arms/colored_emblems/cat_manchuria_flower.dds\r"""
"MPE","MPE","3726274827","gfx/coat_of_arms/.gitignore:1:*","""gfx/coat_of_arms/colored_emblems/cat_maple_leaf.dds\r"""
"MPE","MPE","3726274827","gfx/coat_of_arms/.gitignore:1:*","""gfx/coat_of_arms/colored_emblems/cat_maple_leaf2.dds\r"""
"MPE","MPE","3726274827","gfx/coat_of_arms/.gitignore:1:*","""gfx/coat_of_arms/colored_emblems/cat_maple.dds\r"""
"MPE","MPE","3726274827","gfx/coat_of_arms/.gitignore:1:*","""gfx/coat_of_arms/colored_emblems/cat_mari_el_bear.dds\r"""
"MPE","MPE","3726274827","gfx/coat_of_arms/.gitignore:1:*","""gfx/coat_of_arms/colored_emblems/cat_maria_jesus_wappen.dds\r"""
"MPE","MPE","3726274827","gfx/coat_of_arms/.gitignore:1:*","""gfx/coat_of_arms/colored_emblems/cat_maria_jesus2_wappen.dds\r"""
"MPE","MPE","3726274827","gfx/coat_of_arms/.gitignore:1:*","""gfx/coat_of_arms/colored_emblems/cat_maria_jesus2_wappenwiki.dds\r"""
"MPE","MPE","3726274827","gfx/coat_of_arms/.gitignore:1:*","""gfx/coat_of_arms/colored_emblems/cat_maria_woman_thisted.dds\r"""
"MPE","MPE","3726274827","gfx/coat_of_arms/.gitignore:1:*","""gfx/coat_of_arms/colored_emblems/cat_maria1_wappen_wappen.dds\r"""
"MPE","MPE","3726274827","gfx/coat_of_arms/.gitignore:1:*","""gfx/coat_of_arms/colored_emblems/cat_maria2_woman_wappen.dds\r"""
"MPE","MPE","3726274827","gfx/coat_of_arms/.gitignore:1:*","""gfx/coat_of_arms/colored_emblems/cat_maria3_woman.dds\r"""
"MPE","MPE","3726274827","gfx/coat_of_arms/.gitignore:1:*","""gfx/coat_of_arms/colored_emblems/cat_maribo_nun.dds\r"""
"MPE","MPE","3726274827","gfx/coat_of_arms/.gitignore:1:*","""gfx/coat_of_arms/colored_emblems/cat_masalski_slav1_wappen.dds\r"""
"MPE","MPE","3726274827","gfx/coat_of_arms/.gitignore:1:*","""gfx/coat_of_arms/colored_emblems/cat_massilia_lion_totalwar.dds\r"""
"MPE","MPE","3726274827","gfx/coat_of_arms/.gitignore:1:*","""gfx/coat_of_arms/colored_emblems/cat_media_sun_totalwar.dds\r"""
"MPE","MPE","3726274827","gfx/coat_of_arms/.gitignore:1:*","""gfx/coat_of_arms/colored_emblems/cat_medina_islam.dds\r"""
"MPE","MPE","3726274827","gfx/coat_of_arms/.gitignore:1:*","""gfx/coat_of_arms/colored_emblems/cat_merida_castle.dds\r"""
"MPE","MPE","3726274827","gfx/coat_of_arms/.gitignore:1:*","""gfx/coat_of_arms/colored_emblems/cat_mermaid_2.dds\r"""
"MPE","MPE","3726274827","gfx/coat_of_arms/.gitignore:1:*","""gfx/coat_of_arms/colored_emblems/cat_mermaid_tail.dds\r"""
"MPE","MPE","3726274827","gfx/coat_of_arms/.gitignore:1:*","""gfx/coat_of_arms/colored_emblems/cat_mermaid_warsaw.dds\r"""
"MPE","MPE","3726274827","gfx/coat_of_arms/.gitignore:1:*","""gfx/coat_of_arms/colored_emblems/cat_mermaid3_wappen.dds\r"""
"MPE","MPE","3726274827","gfx/coat_of_arms/.gitignore:1:*","""gfx/coat_of_arms/colored_emblems/cat_mermaid4_wappen.dds\r"""
"MPE","MPE","3726274827","gfx/coat_of_arms/.gitignore:1:*","""gfx/coat_of_arms/colored_emblems/cat_mermaid5_wappen.dds\r"""
"MPE","MPE","3726274827","gfx/coat_of_arms/.gitignore:1:*","""gfx/coat_of_arms/colored_emblems/cat_mexico_cactus_wappen.dds\r"""
"MPE","MPE","3726274827","gfx/coat_of_arms/.gitignore:1:*","""gfx/coat_of_arms/colored_emblems/cat_mexico_crown.dds\r"""
"MPE","MPE","3726274827","gfx/coat_of_arms/.gitignore:1:*","""gfx/coat_of_arms/colored_emblems/cat_mexico_crown2.dds\r"""
"MPE","MPE","3726274827","gfx/coat_of_arms/.gitignore:1:*","""gfx/coat_of_arms/colored_emblems/cat_mexico_eagle1_wappen.dds\r"""
"MPE","MPE","3726274827","gfx/coat_of_arms/.gitignore:1:*","""gfx/coat_of_arms/colored_emblems/cat_mexico_eagle2_wappen.dds\r"""
"MPE","MPE","3726274827","gfx/coat_of_arms/.gitignore:1:*","""gfx/coat_of_arms/colored_emblems/cat_mide.dds\r"""
"MPE","MPE","3726274827","gfx/coat_of_arms/.gitignore:1:*","""gfx/coat_of_arms/colored_emblems/cat_military_star.dds\r"""
"MPE","MPE","3726274827","gfx/coat_of_arms/.gitignore:1:*","""gfx/coat_of_arms/colored_emblems/cat_miter_crown_wappen.dds\r"""
"MPE","MPE","3726274827","gfx/coat_of_arms/.gitignore:1:*","""gfx/coat_of_arms/colored_emblems/cat_mongolia_emblem.dds\r"""
"MPE","MPE","3726274827","gfx/coat_of_arms/.gitignore:1:*","""gfx/coat_of_arms/colored_emblems/cat_mongolia_horse1.dds\r"""
"MPE","MPE","3726274827","gfx/coat_of_arms/.gitignore:1:*","""gfx/coat_of_arms/colored_emblems/cat_mongolia_horse2.dds\r"""
"MPE","MPE","3726274827","gfx/coat_of_arms/.gitignore:1:*","""gfx/coat_of_arms/colored_emblems/cat_mongolia2_emblem.dds\r"""
"MPE","MPE","3726274827","gfx/coat_of_arms/.gitignore:1:*","""gfx/coat_of_arms/colored_emblems/cat_monkey_wappen.dds\r"""
"MPE","MPE","3726274827","gfx/coat_of_arms/.gitignore:1:*","""gfx/coat_of_arms/colored_emblems/cat_monogram_charlemagne.dds\r"""
"MPE","MPE","3726274827","gfx/coat_of_arms/.gitignore:1:*","""gfx/coat_of_arms/colored_emblems/cat_montesa_cross.dds\r"""
"MPE","MPE","3726274827","gfx/coat_of_arms/.gitignore:1:*","""gfx/coat_of_arms/colored_emblems/cat_moor_head1_wappen.dds\r"""
"MPE","MPE","3726274827","gfx/coat_of_arms/.gitignore:1:*","""gfx/coat_of_arms/colored_emblems/cat_moor_head2_wappen.dds\r"""
"MPE","MPE","3726274827","gfx/coat_of_arms/.gitignore:1:*","""gfx/coat_of_arms/colored_emblems/cat_moor_head3_wappen.dds\r"""
"MPE","MPE","3726274827","gfx/coat_of_arms/.gitignore:1:*","""gfx/coat_of_arms/colored_emblems/cat_moor_head4_wappen.dds\r"""
"MPE","MPE","3726274827","gfx/coat_of_arms/.gitignore:1:*","""gfx/coat_of_arms/colored_emblems/cat_moor_head5_wappen.dds\r"""
"MPE","MPE","3726274827","gfx/coat_of_arms/.gitignore:1:*","""gfx/coat_of_arms/colored_emblems/cat_moor_head6.dds\r"""
"MPE","MPE","3726274827","gfx/coat_of_arms/.gitignore:1:*","""gfx/coat_of_arms/colored_emblems/cat_moor_man1_wappen.dds\r"""
"MPE","MPE","3726274827","gfx/coat_of_arms/.gitignore:1:*","""gfx/coat_of_arms/colored_emblems/cat_moor_man2_wappen.dds\r"""
"MPE","MPE","3726274827","gfx/coat_of_arms/.gitignore:1:*","""gfx/coat_of_arms/colored_emblems/cat_moor_man3_axe_wappen.dds\r"""
"MPE","MPE","3726274827","gfx/coat_of_arms/.gitignore:1:*","""gfx/coat_of_arms/colored_emblems/cat_moor_woman_wappen.dds\r"""
"MPE","MPE","3726274827","gfx/coat_of_arms/.gitignore:1:*","""gfx/coat_of_arms/colored_emblems/cat_morion_helmet.dds\r"""
"MPE","MPE","3726274827","gfx/coat_of_arms/.gitignore:1:*","""gfx/coat_of_arms/colored_emblems/cat_morocco_star.dds\r"""
"MPE","MPE","3726274827","gfx/coat_of_arms/.gitignore:1:*","""gfx/coat_of_arms/colored_emblems/cat_mosalsky_slav1_wappen.dds\r"""
"MPE","MPE","3726274827","gfx/coat_of_arms/.gitignore:1:*","""gfx/coat_of_arms/colored_emblems/cat_mount_sheep_head.dds\r"""
"MPE","MPE","3726274827","gfx/coat_of_arms/.gitignore:1:*","""gfx/coat_of_arms/colored_emblems/cat_mountain.dds\r"""
"MPE","MPE","3726274827","gfx/coat_of_arms/.gitignore:1:*","""gfx/coat_of_arms/colored_emblems/cat_mousillon_vampire.dds\r"""
"MPE","MPE","3726274827","gfx/coat_of_arms/.gitignore:1:*","""gfx/coat_of_arms/colored_emblems/cat_muenchen_monk.dds\r"""
"MPE","MPE","3726274827","gfx/coat_of_arms/.gitignore:1:*","""gfx/coat_of_arms/colored_emblems/cat_muffler_wappen.dds\r"""
"MPE","MPE","3726274827","gfx/coat_of_arms/.gitignore:1:*","""gfx/coat_of_arms/colored_emblems/cat_murmansk_suns.dds\r"""
"MPE","MPE","3726274827","gfx/coat_of_arms/.gitignore:1:*","""gfx/coat_of_arms/colored_emblems/cat_naruto_uchiha.dds\r"""
"MPE","MPE","3726274827","gfx/coat_of_arms/.gitignore:1:*","""gfx/coat_of_arms/colored_emblems/cat_nex0_spearhead.dds\r"""
"MPE","MPE","3726274827","gfx/coat_of_arms/.gitignore:1:*","""gfx/coat_of_arms/colored_emblems/cat_nigeria_sun.dds\r"""
"MPE","MPE","3726274827","gfx/coat_of_arms/.gitignore:1:*","""gfx/coat_of_arms/colored_emblems/cat_nintendo_zelda.dds\r"""
"MPE","MPE","3726274827","gfx/coat_of_arms/.gitignore:1:*","""gfx/coat_of_arms/colored_emblems/cat_nogai.dds\r"""
"MPE","MPE","3726274827","gfx/coat_of_arms/.gitignore:1:*","""gfx/coat_of_arms/colored_emblems/cat_noto_sans_0.dds\r"""
"MPE","MPE","3726274827","gfx/coat_of_arms/.gitignore:1:*","""gfx/coat_of_arms/colored_emblems/cat_noto_sans_1.dds\r"""
"MPE","MPE","3726274827","gfx/coat_of_arms/.gitignore:1:*","""gfx/coat_of_arms/colored_emblems/cat_noto_sans_2.dds\r"""
"MPE","MPE","3726274827","gfx/coat_of_arms/.gitignore:1:*","""gfx/coat_of_arms/colored_emblems/cat_noto_sans_3.dds\r"""
"MPE","MPE","3726274827","gfx/coat_of_arms/.gitignore:1:*","""gfx/coat_of_arms/colored_emblems/cat_noto_sans_4.dds\r"""
"MPE","MPE","3726274827","gfx/coat_of_arms/.gitignore:1:*","""gfx/coat_of_arms/colored_emblems/cat_noto_sans_5.dds\r"""
"MPE","MPE","3726274827","gfx/coat_of_arms/.gitignore:1:*","""gfx/coat_of_arms/colored_emblems/cat_noto_sans_6.dds\r"""
"MPE","MPE","3726274827","gfx/coat_of_arms/.gitignore:1:*","""gfx/coat_of_arms/colored_emblems/cat_noto_sans_7.dds\r"""
"MPE","MPE","3726274827","gfx/coat_of_arms/.gitignore:1:*","""gfx/coat_of_arms/colored_emblems/cat_noto_sans_8.dds\r"""
"MPE","MPE","3726274827","gfx/coat_of_arms/.gitignore:1:*","""gfx/coat_of_arms/colored_emblems/cat_noto_sans_9.dds\r"""
"MPE","MPE","3726274827","gfx/coat_of_arms/.gitignore:1:*","""gfx/coat_of_arms/colored_emblems/cat_novgorod_chair_wappen.dds\r"""
"MPE","MPE","3726274827","gfx/coat_of_arms/.gitignore:1:*","""gfx/coat_of_arms/colored_emblems/cat_nurnberg_head_man_harpy.dds\r"""
"MPE","MPE","3726274827","gfx/coat_of_arms/.gitignore:1:*","""gfx/coat_of_arms/colored_emblems/cat_odesa_anchor.dds\r"""
"MPE","MPE","3726274827","gfx/coat_of_arms/.gitignore:1:*","""gfx/coat_of_arms/colored_emblems/cat_oman_dagger.dds\r"""
"MPE","MPE","3726274827","gfx/coat_of_arms/.gitignore:1:*","""gfx/coat_of_arms/colored_emblems/cat_onads_letter_wappen.dds\r"""
"MPE","MPE","3726274827","gfx/coat_of_arms/.gitignore:1:*","""gfx/coat_of_arms/colored_emblems/cat_order_dragon_cross.dds\r"""
"MPE","MPE","3726274827","gfx/coat_of_arms/.gitignore:1:*","""gfx/coat_of_arms/colored_emblems/cat_order_dragon_cross2_wappen.dds\r"""
"MPE","MPE","3726274827","gfx/coat_of_arms/.gitignore:1:*","""gfx/coat_of_arms/colored_emblems/cat_order_dragon.dds\r"""
"MPE","MPE","3726274827","gfx/coat_of_arms/.gitignore:1:*","""gfx/coat_of_arms/colored_emblems/cat_order_dragon2.dds\r"""
"MPE","MPE","3726274827","gfx/coat_of_arms/.gitignore:1:*","""gfx/coat_of_arms/colored_emblems/cat_order_of_the_garter.dds\r"""
"MPE","MPE","3726274827","gfx/coat_of_arms/.gitignore:1:*","""gfx/coat_of_arms/colored_emblems/cat_orthodox_church.dds\r"""
"MPE","MPE","3726274827","gfx/coat_of_arms/.gitignore:1:*","""gfx/coat_of_arms/colored_emblems/cat_orthodox_cross copy.dds\r"""
"MPE","MPE","3726274827","gfx/coat_of_arms/.gitignore:1:*","""gfx/coat_of_arms/colored_emblems/cat_orthodox_cross.dds\r"""
"MPE","MPE","3726274827","gfx/coat_of_arms/.gitignore:1:*","""gfx/coat_of_arms/colored_emblems/cat_orthodox_cross2.dds\r"""
"MPE","MPE","3726274827","gfx/coat_of_arms/.gitignore:1:*","""gfx/coat_of_arms/colored_emblems/cat_ossetien_panther.dds\r"""
"MPE","MPE","3726274827","gfx/coat_of_arms/.gitignore:1:*","""gfx/coat_of_arms/colored_emblems/cat_ostrich_feather.dds\r"""
"MPE","MPE","3726274827","gfx/coat_of_arms/.gitignore:1:*","""gfx/coat_of_arms/colored_emblems/cat_ostrich1.dds\r"""
"MPE","MPE","3726274827","gfx/coat_of_arms/.gitignore:1:*","""gfx/coat_of_arms/colored_emblems/cat_ostrogothic_totalwar.dds\r"""
"MPE","MPE","3726274827","gfx/coat_of_arms/.gitignore:1:*","""gfx/coat_of_arms/colored_emblems/cat_owl_athenna.dds\r"""
"MPE","MPE","3726274827","gfx/coat_of_arms/.gitignore:1:*","""gfx/coat_of_arms/colored_emblems/cat_pacheco_dragon_pot.dds\r"""
"MPE","MPE","3726274827","gfx/coat_of_arms/.gitignore:1:*","""gfx/coat_of_arms/colored_emblems/cat_palaiologos_letter.dds\r"""
"MPE","MPE","3726274827","gfx/coat_of_arms/.gitignore:1:*","""gfx/coat_of_arms/colored_emblems/cat_palm_tree_wappen.dds\r"""
"MPE","MPE","3726274827","gfx/coat_of_arms/.gitignore:1:*","""gfx/coat_of_arms/colored_emblems/cat_palm_tree2_wappen.dds\r"""
"MPE","MPE","3726274827","gfx/coat_of_arms/.gitignore:1:*","""gfx/coat_of_arms/colored_emblems/cat_palm_tree3_wappen.dds\r"""
"MPE","MPE","3726274827","gfx/coat_of_arms/.gitignore:1:*","""gfx/coat_of_arms/colored_emblems/cat_palmyra_eagle_totalwar.dds\r"""
"MPE","MPE","3726274827","gfx/coat_of_arms/.gitignore:1:*","""gfx/coat_of_arms/colored_emblems/cat_panther_real1_wappen.dds\r"""
"MPE","MPE","3726274827","gfx/coat_of_arms/.gitignore:1:*","""gfx/coat_of_arms/colored_emblems/cat_panther_real2_wappen.dds\r"""
"MPE","MPE","3726274827","gfx/coat_of_arms/.gitignore:1:*","""gfx/coat_of_arms/colored_emblems/cat_panther_real3_wappen.dds\r"""
"MPE","MPE","3726274827","gfx/coat_of_arms/.gitignore:1:*","""gfx/coat_of_arms/colored_emblems/cat_panther_real4_wappen.dds\r"""
"MPE","MPE","3726274827","gfx/coat_of_arms/.gitignore:1:*","""gfx/coat_of_arms/colored_emblems/cat_panther_real5_wappen.dds\r"""
"MPE","MPE","3726274827","gfx/coat_of_arms/.gitignore:1:*","""gfx/coat_of_arms/colored_emblems/cat_panther1_wappen.dds\r"""
"MPE","MPE","3726274827","gfx/coat_of_arms/.gitignore:1:*","""gfx/coat_of_arms/colored_emblems/cat_panther2_wappen.dds\r"""
"MPE","MPE","3726274827","gfx/coat_of_arms/.gitignore:1:*","""gfx/coat_of_arms/colored_emblems/cat_panther3_wappen.dds\r"""
"MPE","MPE","3726274827","gfx/coat_of_arms/.gitignore:1:*","""gfx/coat_of_arms/colored_emblems/cat_panther4_wappen.dds\r"""
"MPE","MPE","3726274827","gfx/coat_of_arms/.gitignore:1:*","""gfx/coat_of_arms/colored_emblems/cat_panther5.dds\r"""
"MPE","MPE","3726274827","gfx/coat_of_arms/.gitignore:1:*","""gfx/coat_of_arms/colored_emblems/cat_parachute.dds\r"""
"MPE","MPE","3726274827","gfx/coat_of_arms/.gitignore:1:*","""gfx/coat_of_arms/colored_emblems/cat_parrot_wappen.dds\r"""
"MPE","MPE","3726274827","gfx/coat_of_arms/.gitignore:1:*","""gfx/coat_of_arms/colored_emblems/cat_parthian_lion_totalwar.dds\r"""
"MPE","MPE","3726274827","gfx/coat_of_arms/.gitignore:1:*","""gfx/coat_of_arms/colored_emblems/cat_patonce_cross.dds\r"""
"MPE","MPE","3726274827","gfx/coat_of_arms/.gitignore:1:*","""gfx/coat_of_arms/colored_emblems/cat_patriarchal_cross.dds\r"""
"MPE","MPE","3726274827","gfx/coat_of_arms/.gitignore:1:*","""gfx/coat_of_arms/colored_emblems/cat_patten.dds\r"""
"MPE","MPE","3726274827","gfx/coat_of_arms/.gitignore:1:*","""gfx/coat_of_arms/colored_emblems/cat_pavilion_tent.dds\r"""
"MPE","MPE","3726274827","gfx/coat_of_arms/.gitignore:1:*","""gfx/coat_of_arms/colored_emblems/cat_pegasus1_horse_wappen.dds\r"""
"MPE","MPE","3726274827","gfx/coat_of_arms/.gitignore:1:*","""gfx/coat_of_arms/colored_emblems/cat_pegasus2_horse_wappen.dds\r"""
"MPE","MPE","3726274827","gfx/coat_of_arms/.gitignore:1:*","""gfx/coat_of_arms/colored_emblems/cat_pegasus3_horse_wappen.dds\r"""
"MPE","MPE","3726274827","gfx/coat_of_arms/.gitignore:1:*","""gfx/coat_of_arms/colored_emblems/cat_pegasus4_horse_wappen.dds\r"""
"MPE","MPE","3726274827","gfx/coat_of_arms/.gitignore:1:*","""gfx/coat_of_arms/colored_emblems/cat_pegasus5_horse_wappen.dds\r"""
"MPE","MPE","3726274827","gfx/coat_of_arms/.gitignore:1:*","""gfx/coat_of_arms/colored_emblems/cat_pelican_louisiana_wappen.dds\r"""
"MPE","MPE","3726274827","gfx/coat_of_arms/.gitignore:1:*","""gfx/coat_of_arms/colored_emblems/cat_pelican_wappen.dds\r"""
"MPE","MPE","3726274827","gfx/coat_of_arms/.gitignore:1:*","""gfx/coat_of_arms/colored_emblems/cat_pelican2_wappen.dds\r"""
"MPE","MPE","3726274827","gfx/coat_of_arms/.gitignore:1:*","""gfx/coat_of_arms/colored_emblems/cat_per_saltire.dds\r"""
"MPE","MPE","3726274827","gfx/coat_of_arms/.gitignore:1:*","""gfx/coat_of_arms/colored_emblems/cat_pereiaslav_rus_castle.dds\r"""
"MPE","MPE","3726274827","gfx/coat_of_arms/.gitignore:1:*","""gfx/coat_of_arms/colored_emblems/cat_perenyi_bird_man.dds\r"""
"MPE","MPE","3726274827","gfx/coat_of_arms/.gitignore:1:*","""gfx/coat_of_arms/colored_emblems/cat_persia_angel_totalwar.dds\r"""
"MPE","MPE","3726274827","gfx/coat_of_arms/.gitignore:1:*","""gfx/coat_of_arms/colored_emblems/cat_persia_lion.dds\r"""
"MPE","MPE","3726274827","gfx/coat_of_arms/.gitignore:1:*","""gfx/coat_of_arms/colored_emblems/cat_persia_lion2.dds\r"""
"MPE","MPE","3726274827","gfx/coat_of_arms/.gitignore:1:*","""gfx/coat_of_arms/colored_emblems/cat_persia_sun1.dds\r"""
"MPE","MPE","3726274827","gfx/coat_of_arms/.gitignore:1:*","""gfx/coat_of_arms/colored_emblems/cat_persia_sun2.dds\r"""
"MPE","MPE","3726274827","gfx/coat_of_arms/.gitignore:1:*","""gfx/coat_of_arms/colored_emblems/cat_persia_sun3.dds\r"""
"MPE","MPE","3726274827","gfx/coat_of_arms/.gitignore:1:*","""gfx/coat_of_arms/colored_emblems/cat_persia_totalwar.dds\r"""
"MPE","MPE","3726274827","gfx/coat_of_arms/.gitignore:1:*","""gfx/coat_of_arms/colored_emblems/cat_pervomaisky_man_horse_knight.dds\r"""
"MPE","MPE","3726274827","gfx/coat_of_arms/.gitignore:1:*","""gfx/coat_of_arms/colored_emblems/cat_petersburg_anchor.dds\r"""
"MPE","MPE","3726274827","gfx/coat_of_arms/.gitignore:1:*","""gfx/coat_of_arms/colored_emblems/cat_petersburg_anchor2.dds\r"""
"MPE","MPE","3726274827","gfx/coat_of_arms/.gitignore:1:*","""gfx/coat_of_arms/colored_emblems/cat_philippines_sun.dds\r"""
"MPE","MPE","3726274827","gfx/coat_of_arms/.gitignore:1:*","""gfx/coat_of_arms/colored_emblems/cat_phoenix_fire_wappen.dds\r"""
"MPE","MPE","3726274827","gfx/coat_of_arms/.gitignore:1:*","""gfx/coat_of_arms/colored_emblems/cat_phoenix_wappen.dds\r"""
"MPE","MPE","3726274827","gfx/coat_of_arms/.gitignore:1:*","""gfx/coat_of_arms/colored_emblems/cat_phoenix1_wappen.dds\r"""
"MPE","MPE","3726274827","gfx/coat_of_arms/.gitignore:1:*","""gfx/coat_of_arms/colored_emblems/cat_phoenix2_wappen.dds\r"""
"MPE","MPE","3726274827","gfx/coat_of_arms/.gitignore:1:*","""gfx/coat_of_arms/colored_emblems/cat_phrygian_hat.dds\r"""
"MPE","MPE","3726274827","gfx/coat_of_arms/.gitignore:1:*","""gfx/coat_of_arms/colored_emblems/cat_piast_eagle_head.dds\r"""
"MPE","MPE","3726274827","gfx/coat_of_arms/.gitignore:1:*","""gfx/coat_of_arms/colored_emblems/cat_piast_eagle1.dds\r"""
"MPE","MPE","3726274827","gfx/coat_of_arms/.gitignore:1:*","""gfx/coat_of_arms/colored_emblems/cat_piast_eagle2.dds\r"""
"MPE","MPE","3726274827","gfx/coat_of_arms/.gitignore:1:*","""gfx/coat_of_arms/colored_emblems/cat_pig_communist.dds\r"""
"MPE","MPE","3726274827","gfx/coat_of_arms/.gitignore:1:*","""gfx/coat_of_arms/colored_emblems/cat_pigeon_wappen.dds\r"""
"MPE","MPE","3726274827","gfx/coat_of_arms/.gitignore:1:*","""gfx/coat_of_arms/colored_emblems/cat_pigeon2_wappen.dds\r"""
"MPE","MPE","3726274827","gfx/coat_of_arms/.gitignore:1:*","""gfx/coat_of_arms/colored_emblems/cat_pigeon3_wappen.dds\r"""
"MPE","MPE","3726274827","gfx/coat_of_arms/.gitignore:1:*","""gfx/coat_of_arms/colored_emblems/cat_pigeon4_wappen.dds\r"""
"MPE","MPE","3726274827","gfx/coat_of_arms/.gitignore:1:*","""gfx/coat_of_arms/colored_emblems/cat_pigeon5_wappen.dds\r"""
"MPE","MPE","3726274827","gfx/coat_of_arms/.gitignore:1:*","""gfx/coat_of_arms/colored_emblems/cat_pilgrim1_man_wappen.dds\r"""
"MPE","MPE","3726274827","gfx/coat_of_arms/.gitignore:1:*","""gfx/coat_of_arms/colored_emblems/cat_pilgrim2_man_wappen.dds\r"""
"MPE","MPE","3726274827","gfx/coat_of_arms/.gitignore:1:*","""gfx/coat_of_arms/colored_emblems/cat_pillar_wappen.dds\r"""
"MPE","MPE","3726274827","gfx/coat_of_arms/.gitignore:1:*","""gfx/coat_of_arms/colored_emblems/cat_pillar.dds\r"""
"MPE","MPE","3726274827","gfx/coat_of_arms/.gitignore:1:*","""gfx/coat_of_arms/colored_emblems/cat_pillar2_wappen.dds\r"""
"MPE","MPE","3726274827","gfx/coat_of_arms/.gitignore:1:*","""gfx/coat_of_arms/colored_emblems/cat_pillar3_wappen.dds\r"""
"MPE","MPE","3726274827","gfx/coat_of_arms/.gitignore:1:*","""gfx/coat_of_arms/colored_emblems/cat_pine_cone_wappen.dds\r"""
"MPE","MPE","3726274827","gfx/coat_of_arms/.gitignore:1:*","""gfx/coat_of_arms/colored_emblems/cat_pinsk_bow.dds\r"""
"MPE","MPE","3726274827","gfx/coat_of_arms/.gitignore:1:*","""gfx/coat_of_arms/colored_emblems/cat_plow.dds\r"""
"MPE","MPE","3726274827","gfx/coat_of_arms/.gitignore:1:*","""gfx/coat_of_arms/colored_emblems/cat_plow2_wappen.dds\r"""
"MPE","MPE","3726274827","gfx/coat_of_arms/.gitignore:1:*","""gfx/coat_of_arms/colored_emblems/cat_podolia_sun.dds\r"""
"MPE","MPE","3726274827","gfx/coat_of_arms/.gitignore:1:*","""gfx/coat_of_arms/colored_emblems/cat_polish_eagle.dds\r"""
"MPE","MPE","3726274827","gfx/coat_of_arms/.gitignore:1:*","""gfx/coat_of_arms/colored_emblems/cat_pomegranate_wappen.dds\r"""
"MPE","MPE","3726274827","gfx/coat_of_arms/.gitignore:1:*","""gfx/coat_of_arms/colored_emblems/cat_pomegranate.dds\r"""
"MPE","MPE","3726274827","gfx/coat_of_arms/.gitignore:1:*","""gfx/coat_of_arms/colored_emblems/cat_pomegranate2.dds\r"""
"MPE","MPE","3726274827","gfx/coat_of_arms/.gitignore:1:*","""gfx/coat_of_arms/colored_emblems/cat_pomegranate3_wappen.dds\r"""
"MPE","MPE","3726274827","gfx/coat_of_arms/.gitignore:1:*","""gfx/coat_of_arms/colored_emblems/cat_pomegranate4_wappen.dds\r"""
"MPE","MPE","3726274827","gfx/coat_of_arms/.gitignore:1:*","""gfx/coat_of_arms/colored_emblems/cat_pontus_totalwar.dds\r"""
"MPE","MPE","3726274827","gfx/coat_of_arms/.gitignore:1:*","""gfx/coat_of_arms/colored_emblems/cat_portugal_shield.dds\r"""
"MPE","MPE","3726274827","gfx/coat_of_arms/.gitignore:1:*","""gfx/coat_of_arms/colored_emblems/cat_pot1_wappen.dds\r"""
"MPE","MPE","3726274827","gfx/coat_of_arms/.gitignore:1:*","""gfx/coat_of_arms/colored_emblems/cat_pot2_wappen.dds\r"""
"MPE","MPE","3726274827","gfx/coat_of_arms/.gitignore:1:*","""gfx/coat_of_arms/colored_emblems/cat_pottery.dds\r"""
"MPE","MPE","3726274827","gfx/coat_of_arms/.gitignore:1:*","""gfx/coat_of_arms/colored_emblems/cat_pyramid_usa.dds\r"""
"MPE","MPE","3726274827","gfx/coat_of_arms/.gitignore:1:*","""gfx/coat_of_arms/colored_emblems/cat_qara_qoyunlu.dds\r"""
"MPE","MPE","3726274827","gfx/coat_of_arms/.gitignore:1:*","""gfx/coat_of_arms/colored_emblems/cat_qidri_totalwar.dds\r"""
"MPE","MPE","3726274827","gfx/coat_of_arms/.gitignore:1:*","""gfx/coat_of_arms/colored_emblems/cat_qing_dragon.dds\r"""
"MPE","MPE","3726274827","gfx/coat_of_arms/.gitignore:1:*","""gfx/coat_of_arms/colored_emblems/cat_qing_dragon2.dds\r"""
"MPE","MPE","3726274827","gfx/coat_of_arms/.gitignore:1:*","""gfx/coat_of_arms/colored_emblems/cat_quatrefoil_flower.dds\r"""
"MPE","MPE","3726274827","gfx/coat_of_arms/.gitignore:1:*","""gfx/coat_of_arms/colored_emblems/cat_rabbit_wappen.dds\r"""
"MPE","MPE","3726274827","gfx/coat_of_arms/.gitignore:1:*","""gfx/coat_of_arms/colored_emblems/cat_raccoon.dds\r"""
"MPE","MPE","3726274827","gfx/coat_of_arms/.gitignore:1:*","""gfx/coat_of_arms/colored_emblems/cat_raven_crow.dds\r"""
"MPE","MPE","3726274827","gfx/coat_of_arms/.gitignore:1:*","""gfx/coat_of_arms/colored_emblems/cat_raven.dds\r"""
"MPE","MPE","3726274827","gfx/coat_of_arms/.gitignore:1:*","""gfx/coat_of_arms/colored_emblems/cat_ribe_lion_head.dds\r"""
"MPE","MPE","3726274827","gfx/coat_of_arms/.gitignore:1:*","""gfx/coat_of_arms/colored_emblems/cat_ring_wappenwiki.dds\r"""
"MPE","MPE","3726274827","gfx/coat_of_arms/.gitignore:1:*","""gfx/coat_of_arms/colored_emblems/cat_ringkobing_eagle1.dds\r"""
"MPE","MPE","3726274827","gfx/coat_of_arms/.gitignore:1:*","""gfx/coat_of_arms/colored_emblems/cat_ringkobing_eagle2.dds\r"""
"MPE","MPE","3726274827","gfx/coat_of_arms/.gitignore:1:*","""gfx/coat_of_arms/colored_emblems/cat_roman_eagle_totalwar.dds\r"""
"MPE","MPE","3726274827","gfx/coat_of_arms/.gitignore:1:*","""gfx/coat_of_arms/colored_emblems/cat_roman_eagle2_totalwar.dds\r"""
"MPE","MPE","3726274827","gfx/coat_of_arms/.gitignore:1:*","""gfx/coat_of_arms/colored_emblems/cat_romanian_angle.dds\r"""
"MPE","MPE","3726274827","gfx/coat_of_arms/.gitignore:1:*","""gfx/coat_of_arms/colored_emblems/cat_romanian_iron_cross.dds\r"""
"MPE","MPE","3726274827","gfx/coat_of_arms/.gitignore:1:*","""gfx/coat_of_arms/colored_emblems/cat_romanian_order_cross.dds\r"""
"MPE","MPE","3726274827","gfx/coat_of_arms/.gitignore:1:*","""gfx/coat_of_arms/colored_emblems/cat_rome_eagle_imperator.dds\r"""
"MPE","MPE","3726274827","gfx/coat_of_arms/.gitignore:1:*","""gfx/coat_of_arms/colored_emblems/cat_rome_eagle_totalwar.dds\r"""
"MPE","MPE","3726274827","gfx/coat_of_arms/.gitignore:1:*","""gfx/coat_of_arms/colored_emblems/cat_roosevelt_flower_wappen.dds\r"""
"MPE","MPE","3726274827","gfx/coat_of_arms/.gitignore:1:*","""gfx/coat_of_arms/colored_emblems/cat_roxolani_totalwar.dds\r"""
"MPE","MPE","3726274827","gfx/coat_of_arms/.gitignore:1:*","""gfx/coat_of_arms/colored_emblems/cat_roxolanians_totalwar.dds\r"""
"MPE","MPE","3726274827","gfx/coat_of_arms/.gitignore:1:*","""gfx/coat_of_arms/colored_emblems/cat_rurikid1_wappen.dds\r"""
"MPE","MPE","3726274827","gfx/coat_of_arms/.gitignore:1:*","""gfx/coat_of_arms/colored_emblems/cat_rus_armor.dds\r"""
"MPE","MPE","3726274827","gfx/coat_of_arms/.gitignore:1:*","""gfx/coat_of_arms/colored_emblems/cat_rus_jesus_head.dds\r"""
"MPE","MPE","3726274827","gfx/coat_of_arms/.gitignore:1:*","""gfx/coat_of_arms/colored_emblems/cat_rus01_ukraine.dds\r"""
"MPE","MPE","3726274827","gfx/coat_of_arms/.gitignore:1:*","""gfx/coat_of_arms/colored_emblems/cat_rus02.dds\r"""
"MPE","MPE","3726274827","gfx/coat_of_arms/.gitignore:1:*","""gfx/coat_of_arms/colored_emblems/cat_rus03.dds\r"""
"MPE","MPE","3726274827","gfx/coat_of_arms/.gitignore:1:*","""gfx/coat_of_arms/colored_emblems/cat_rus04_ukraine.dds\r"""
"MPE","MPE","3726274827","gfx/coat_of_arms/.gitignore:1:*","""gfx/coat_of_arms/colored_emblems/cat_russia_coa_decoration.dds\r"""
"MPE","MPE","3726274827","gfx/coat_of_arms/.gitignore:1:*","""gfx/coat_of_arms/colored_emblems/cat_russia_crown1.dds\r"""
"MPE","MPE","3726274827","gfx/coat_of_arms/.gitignore:1:*","""gfx/coat_of_arms/colored_emblems/cat_russia_crown2.dds\r"""
"MPE","MPE","3726274827","gfx/coat_of_arms/.gitignore:1:*","""gfx/coat_of_arms/colored_emblems/cat_russia_eagle1.dds\r"""
"MPE","MPE","3726274827","gfx/coat_of_arms/.gitignore:1:*","""gfx/coat_of_arms/colored_emblems/cat_russia_eagle2.dds\r"""
"MPE","MPE","3726274827","gfx/coat_of_arms/.gitignore:1:*","""gfx/coat_of_arms/colored_emblems/cat_saber01.dds\r"""
"MPE","MPE","3726274827","gfx/coat_of_arms/.gitignore:1:*","""gfx/coat_of_arms/colored_emblems/cat_saber02_crossed.dds\r"""
"MPE","MPE","3726274827","gfx/coat_of_arms/.gitignore:1:*","""gfx/coat_of_arms/colored_emblems/cat_saber03.dds\r"""
"MPE","MPE","3726274827","gfx/coat_of_arms/.gitignore:1:*","""gfx/coat_of_arms/colored_emblems/cat_saeby_maria.dds\r"""
"MPE","MPE","3726274827","gfx/coat_of_arms/.gitignore:1:*","""gfx/coat_of_arms/colored_emblems/cat_sail.dds\r"""
"MPE","MPE","3726274827","gfx/coat_of_arms/.gitignore:1:*","""gfx/coat_of_arms/colored_emblems/cat_saint_bacs.dds\r"""
"MPE","MPE","3726274827","gfx/coat_of_arms/.gitignore:1:*","""gfx/coat_of_arms/colored_emblems/cat_saint_belarus.dds\r"""
"MPE","MPE","3726274827","gfx/coat_of_arms/.gitignore:1:*","""gfx/coat_of_arms/colored_emblems/cat_saint_head.dds\r"""
"MPE","MPE","3726274827","gfx/coat_of_arms/.gitignore:1:*","""gfx/coat_of_arms/colored_emblems/cat_saint_man_trier.dds\r"""
"MPE","MPE","3726274827","gfx/coat_of_arms/.gitignore:1:*","""gfx/coat_of_arms/colored_emblems/cat_samarkand_frame.dds\r"""
"MPE","MPE","3726274827","gfx/coat_of_arms/.gitignore:1:*","""gfx/coat_of_arms/colored_emblems/cat_samarkand_panther.dds\r"""
"MPE","MPE","3726274827","gfx/coat_of_arms/.gitignore:1:*","""gfx/coat_of_arms/colored_emblems/cat_sarmatian_horse_head_totalwar.dds\r"""
"MPE","MPE","3726274827","gfx/coat_of_arms/.gitignore:1:*","""gfx/coat_of_arms/colored_emblems/cat_sassanid_persia_totalwar.dds\r"""
"MPE","MPE","3726274827","gfx/coat_of_arms/.gitignore:1:*","""gfx/coat_of_arms/colored_emblems/cat_scale_patten2.dds\r"""
"MPE","MPE","3726274827","gfx/coat_of_arms/.gitignore:1:*","""gfx/coat_of_arms/colored_emblems/cat_scale_pattern.dds\r"""
"MPE","MPE","3726274827","gfx/coat_of_arms/.gitignore:1:*","""gfx/coat_of_arms/colored_emblems/cat_scale.dds\r"""
"MPE","MPE","3726274827","gfx/coat_of_arms/.gitignore:1:*","""gfx/coat_of_arms/colored_emblems/cat_scarf_wappen.dds\r"""
"MPE","MPE","3726274827","gfx/coat_of_arms/.gitignore:1:*","""gfx/coat_of_arms/colored_emblems/cat_sceptre_russia.dds\r"""
"MPE","MPE","3726274827","gfx/coat_of_arms/.gitignore:1:*","""gfx/coat_of_arms/colored_emblems/cat_schotten_monk1_wappen.dds\r"""
"MPE","MPE","3726274827","gfx/coat_of_arms/.gitignore:1:*","""gfx/coat_of_arms/colored_emblems/cat_schotten_monk2_wappen.dds\r"""
"MPE","MPE","3726274827","gfx/coat_of_arms/.gitignore:1:*","""gfx/coat_of_arms/colored_emblems/cat_scissors_wappen.dds\r"""
"MPE","MPE","3726274827","gfx/coat_of_arms/.gitignore:1:*","""gfx/coat_of_arms/colored_emblems/cat_scissors2_wappen.dds\r"""
"MPE","MPE","3726274827","gfx/coat_of_arms/.gitignore:1:*","""gfx/coat_of_arms/colored_emblems/cat_scorpion_wappen.dds\r"""
"MPE","MPE","3726274827","gfx/coat_of_arms/.gitignore:1:*","""gfx/coat_of_arms/colored_emblems/cat_scot_flower_thistle2_wappen.dds\r"""
"MPE","MPE","3726274827","gfx/coat_of_arms/.gitignore:1:*","""gfx/coat_of_arms/colored_emblems/cat_scot_frame1_tressure.dds\r"""
"MPE","MPE","3726274827","gfx/coat_of_arms/.gitignore:1:*","""gfx/coat_of_arms/colored_emblems/cat_scot_frame2_tressure.dds\r"""
"MPE","MPE","3726274827","gfx/coat_of_arms/.gitignore:1:*","""gfx/coat_of_arms/colored_emblems/cat_scot_frame3_tressure.dds\r"""
"MPE","MPE","3726274827","gfx/coat_of_arms/.gitignore:1:*","""gfx/coat_of_arms/colored_emblems/cat_scot_frame4_tressure.dds\r"""
"MPE","MPE","3726274827","gfx/coat_of_arms/.gitignore:1:*","""gfx/coat_of_arms/colored_emblems/cat_scot_frame5_tressure.dds\r"""
"MPE","MPE","3726274827","gfx/coat_of_arms/.gitignore:1:*","""gfx/coat_of_arms/colored_emblems/cat_scot_thistle.dds\r"""
"MPE","MPE","3726274827","gfx/coat_of_arms/.gitignore:1:*","""gfx/coat_of_arms/colored_emblems/cat_scotland_crown.dds\r"""
"MPE","MPE","3726274827","gfx/coat_of_arms/.gitignore:1:*","""gfx/coat_of_arms/colored_emblems/cat_scp_foundation.dds\r"""
"MPE","MPE","3726274827","gfx/coat_of_arms/.gitignore:1:*","""gfx/coat_of_arms/colored_emblems/cat_scroll01.dds\r"""
"MPE","MPE","3726274827","gfx/coat_of_arms/.gitignore:1:*","""gfx/coat_of_arms/colored_emblems/cat_scroll02.dds\r"""
"MPE","MPE","3726274827","gfx/coat_of_arms/.gitignore:1:*","""gfx/coat_of_arms/colored_emblems/cat_scroll03.dds\r"""
"MPE","MPE","3726274827","gfx/coat_of_arms/.gitignore:1:*","""gfx/coat_of_arms/colored_emblems/cat_scroll04.dds\r"""
"MPE","MPE","3726274827","gfx/coat_of_arms/.gitignore:1:*","""gfx/coat_of_arms/colored_emblems/cat_scroll05.dds\r"""
"MPE","MPE","3726274827","gfx/coat_of_arms/.gitignore:1:*","""gfx/coat_of_arms/colored_emblems/cat_scroll06.dds\r"""
"MPE","MPE","3726274827","gfx/coat_of_arms/.gitignore:1:*","""gfx/coat_of_arms/colored_emblems/cat_scroll07.dds\r"""
"MPE","MPE","3726274827","gfx/coat_of_arms/.gitignore:1:*","""gfx/coat_of_arms/colored_emblems/cat_scroll08.dds\r"""
"MPE","MPE","3726274827","gfx/coat_of_arms/.gitignore:1:*","""gfx/coat_of_arms/colored_emblems/cat_scroll09.dds\r"""
"MPE","MPE","3726274827","gfx/coat_of_arms/.gitignore:1:*","""gfx/coat_of_arms/colored_emblems/cat_scroll10.dds\r"""
"MPE","MPE","3726274827","gfx/coat_of_arms/.gitignore:1:*","""gfx/coat_of_arms/colored_emblems/cat_scroll11.dds\r"""
"MPE","MPE","3726274827","gfx/coat_of_arms/.gitignore:1:*","""gfx/coat_of_arms/colored_emblems/cat_scroll12.dds\r"""
"MPE","MPE","3726274827","gfx/coat_of_arms/.gitignore:1:*","""gfx/coat_of_arms/colored_emblems/cat_scroll13_usa.dds\r"""
"MPE","MPE","3726274827","gfx/coat_of_arms/.gitignore:1:*","""gfx/coat_of_arms/colored_emblems/cat_scroll14_usa.dds\r"""
"MPE","MPE","3726274827","gfx/coat_of_arms/.gitignore:1:*","""gfx/coat_of_arms/colored_emblems/cat_scroll15_usa.dds\r"""
"MPE","MPE","3726274827","gfx/coat_of_arms/.gitignore:1:*","""gfx/coat_of_arms/colored_emblems/cat_scroll16_usa.dds\r"""
"MPE","MPE","3726274827","gfx/coat_of_arms/.gitignore:1:*","""gfx/coat_of_arms/colored_emblems/cat_scroll17.dds\r"""
"MPE","MPE","3726274827","gfx/coat_of_arms/.gitignore:1:*","""gfx/coat_of_arms/colored_emblems/cat_scroll18.dds\r"""
"MPE","MPE","3726274827","gfx/coat_of_arms/.gitignore:1:*","""gfx/coat_of_arms/colored_emblems/cat_scythian_totalwar.dds\r"""
"MPE","MPE","3726274827","gfx/coat_of_arms/.gitignore:1:*","""gfx/coat_of_arms/colored_emblems/cat_seal_usa1.dds\r"""
"MPE","MPE","3726274827","gfx/coat_of_arms/.gitignore:1:*","""gfx/coat_of_arms/colored_emblems/cat_seal_usa2.dds\r"""
"MPE","MPE","3726274827","gfx/coat_of_arms/.gitignore:1:*","""gfx/coat_of_arms/colored_emblems/cat_seal_usa3.dds\r"""
"MPE","MPE","3726274827","gfx/coat_of_arms/.gitignore:1:*","""gfx/coat_of_arms/colored_emblems/cat_serbian_axblade.dds\r"""
"MPE","MPE","3726274827","gfx/coat_of_arms/.gitignore:1:*","""gfx/coat_of_arms/colored_emblems/cat_serbian_beta_wappen.dds\r"""
"MPE","MPE","3726274827","gfx/coat_of_arms/.gitignore:1:*","""gfx/coat_of_arms/colored_emblems/cat_serbian_c.dds\r"""
"MPE","MPE","3726274827","gfx/coat_of_arms/.gitignore:1:*","""gfx/coat_of_arms/colored_emblems/cat_shadrinsk_marten_weasel.dds\r"""
"MPE","MPE","3726274827","gfx/coat_of_arms/.gitignore:1:*","""gfx/coat_of_arms/colored_emblems/cat_shanhai_revolution_china_star.dds\r"""
"MPE","MPE","3726274827","gfx/coat_of_arms/.gitignore:1:*","""gfx/coat_of_arms/colored_emblems/cat_sheath_sword_wappen.dds\r"""
"MPE","MPE","3726274827","gfx/coat_of_arms/.gitignore:1:*","""gfx/coat_of_arms/colored_emblems/cat_sheath_wappen.dds\r"""
"MPE","MPE","3726274827","gfx/coat_of_arms/.gitignore:1:*","""gfx/coat_of_arms/colored_emblems/cat_sheep_banner_wappen.dds\r"""
"MPE","MPE","3726274827","gfx/coat_of_arms/.gitignore:1:*","""gfx/coat_of_arms/colored_emblems/cat_sheep.dds\r"""
"MPE","MPE","3726274827","gfx/coat_of_arms/.gitignore:1:*","""gfx/coat_of_arms/colored_emblems/cat_shield_andrew_cross.dds\r"""
"MPE","MPE","3726274827","gfx/coat_of_arms/.gitignore:1:*","""gfx/coat_of_arms/colored_emblems/cat_shield_antioch.dds\r"""
"MPE","MPE","3726274827","gfx/coat_of_arms/.gitignore:1:*","""gfx/coat_of_arms/colored_emblems/cat_shield_base.dds\r"""
"MPE","MPE","3726274827","gfx/coat_of_arms/.gitignore:1:*","""gfx/coat_of_arms/colored_emblems/cat_shield_brittany.dds\r"""
"MPE","MPE","3726274827","gfx/coat_of_arms/.gitignore:1:*","""gfx/coat_of_arms/colored_emblems/cat_shield_burgundy.dds\r"""
"MPE","MPE","3726274827","gfx/coat_of_arms/.gitignore:1:*","""gfx/coat_of_arms/colored_emblems/cat_shield_chain_frame_wappen.dds\r"""
"MPE","MPE","3726274827","gfx/coat_of_arms/.gitignore:1:*","""gfx/coat_of_arms/colored_emblems/cat_shield_chain_frame.dds\r"""
"MPE","MPE","3726274827","gfx/coat_of_arms/.gitignore:1:*","""gfx/coat_of_arms/colored_emblems/cat_shield_chain_frame2.dds\r"""
"MPE","MPE","3726274827","gfx/coat_of_arms/.gitignore:1:*","""gfx/coat_of_arms/colored_emblems/cat_shield_check_frame_wappen.dds\r"""
"MPE","MPE","3726274827","gfx/coat_of_arms/.gitignore:1:*","""gfx/coat_of_arms/colored_emblems/cat_shield_checked_diagonal.dds\r"""
"MPE","MPE","3726274827","gfx/coat_of_arms/.gitignore:1:*","""gfx/coat_of_arms/colored_emblems/cat_shield_checked1.dds\r"""
"MPE","MPE","3726274827","gfx/coat_of_arms/.gitignore:1:*","""gfx/coat_of_arms/colored_emblems/cat_shield_color_horizontal.dds\r"""
"MPE","MPE","3726274827","gfx/coat_of_arms/.gitignore:1:*","""gfx/coat_of_arms/colored_emblems/cat_shield_cossack_frame_wappen.dds\r"""
"MPE","MPE","3726274827","gfx/coat_of_arms/.gitignore:1:*","""gfx/coat_of_arms/colored_emblems/cat_shield_cross_byzantine.dds\r"""
"MPE","MPE","3726274827","gfx/coat_of_arms/.gitignore:1:*","""gfx/coat_of_arms/colored_emblems/cat_shield_diagonal.dds\r"""
"MPE","MPE","3726274827","gfx/coat_of_arms/.gitignore:1:*","""gfx/coat_of_arms/colored_emblems/cat_shield_diagonal4.dds\r"""
"MPE","MPE","3726274827","gfx/coat_of_arms/.gitignore:1:*","""gfx/coat_of_arms/colored_emblems/cat_shield_fleur_frame1_wappen.dds\r"""
"MPE","MPE","3726274827","gfx/coat_of_arms/.gitignore:1:*","""gfx/coat_of_arms/colored_emblems/cat_shield_fleur_frame2_wappen.dds\r"""
"MPE","MPE","3726274827","gfx/coat_of_arms/.gitignore:1:*","""gfx/coat_of_arms/colored_emblems/cat_shield_frame.dds\r"""
"MPE","MPE","3726274827","gfx/coat_of_arms/.gitignore:1:*","""gfx/coat_of_arms/colored_emblems/cat_shield_frame2.dds\r"""
"MPE","MPE","3726274827","gfx/coat_of_arms/.gitignore:1:*","""gfx/coat_of_arms/colored_emblems/cat_shield_france.dds\r"""
"MPE","MPE","3726274827","gfx/coat_of_arms/.gitignore:1:*","""gfx/coat_of_arms/colored_emblems/cat_shield_habsburg_lorraine.dds\r"""
"MPE","MPE","3726274827","gfx/coat_of_arms/.gitignore:1:*","""gfx/coat_of_arms/colored_emblems/cat_shield_half_diagonal.dds\r"""
"MPE","MPE","3726274827","gfx/coat_of_arms/.gitignore:1:*","""gfx/coat_of_arms/colored_emblems/cat_shield_half_horizontal.dds\r"""
"MPE","MPE","3726274827","gfx/coat_of_arms/.gitignore:1:*","""gfx/coat_of_arms/colored_emblems/cat_shield_half_horizontal2.dds\r"""
"MPE","MPE","3726274827","gfx/coat_of_arms/.gitignore:1:*","""gfx/coat_of_arms/colored_emblems/cat_shield_half_horizontal3.dds\r"""
"MPE","MPE","3726274827","gfx/coat_of_arms/.gitignore:1:*","""gfx/coat_of_arms/colored_emblems/cat_shield_half_horizontal4.dds\r"""
"MPE","MPE","3726274827","gfx/coat_of_arms/.gitignore:1:*","""gfx/coat_of_arms/colored_emblems/cat_shield_half_vertical.dds\r"""
"MPE","MPE","3726274827","gfx/coat_of_arms/.gitignore:1:*","""gfx/coat_of_arms/colored_emblems/cat_shield_hungary1.dds\r"""
"MPE","MPE","3726274827","gfx/coat_of_arms/.gitignore:1:*","""gfx/coat_of_arms/colored_emblems/cat_shield_hungary2.dds\r"""
"MPE","MPE","3726274827","gfx/coat_of_arms/.gitignore:1:*","""gfx/coat_of_arms/colored_emblems/cat_shield_jerusalem.dds\r"""
"MPE","MPE","3726274827","gfx/coat_of_arms/.gitignore:1:*","""gfx/coat_of_arms/colored_emblems/cat_shield_quadrilateral.dds\r"""
"MPE","MPE","3726274827","gfx/coat_of_arms/.gitignore:1:*","""gfx/coat_of_arms/colored_emblems/cat_shield_quarterly.dds\r"""
"MPE","MPE","3726274827","gfx/coat_of_arms/.gitignore:1:*","""gfx/coat_of_arms/colored_emblems/cat_shield_round_border.dds\r"""
"MPE","MPE","3726274827","gfx/coat_of_arms/.gitignore:1:*","""gfx/coat_of_arms/colored_emblems/cat_shield_round_quarterly.dds\r"""
"MPE","MPE","3726274827","gfx/coat_of_arms/.gitignore:1:*","""gfx/coat_of_arms/colored_emblems/cat_shield_round_tri.dds\r"""
"MPE","MPE","3726274827","gfx/coat_of_arms/.gitignore:1:*","""gfx/coat_of_arms/colored_emblems/cat_shield_saxony.dds\r"""
"MPE","MPE","3726274827","gfx/coat_of_arms/.gitignore:1:*","""gfx/coat_of_arms/colored_emblems/cat_shield_thick_cross.dds\r"""
"MPE","MPE","3726274827","gfx/coat_of_arms/.gitignore:1:*","""gfx/coat_of_arms/colored_emblems/cat_shield_thin_cross_greece.dds\r"""
"MPE","MPE","3726274827","gfx/coat_of_arms/.gitignore:1:*","""gfx/coat_of_arms/colored_emblems/cat_shield_vertical4.dds\r"""
"MPE","MPE","3726274827","gfx/coat_of_arms/.gitignore:1:*","""gfx/coat_of_arms/colored_emblems/cat_shield_vertical5.dds\r"""
"MPE","MPE","3726274827","gfx/coat_of_arms/.gitignore:1:*","""gfx/coat_of_arms/colored_emblems/cat_shield.dds\r"""
"MPE","MPE","3726274827","gfx/coat_of_arms/.gitignore:1:*","""gfx/coat_of_arms/colored_emblems/cat_shield2.dds\r"""
"MPE","MPE","3726274827","gfx/coat_of_arms/.gitignore:1:*","""gfx/coat_of_arms/colored_emblems/cat_shield3.dds\r"""
"MPE","MPE","3726274827","gfx/coat_of_arms/.gitignore:1:*","""gfx/coat_of_arms/colored_emblems/cat_shield4_wappen.dds\r"""
"MPE","MPE","3726274827","gfx/coat_of_arms/.gitignore:1:*","""gfx/coat_of_arms/colored_emblems/cat_shield4_wappenwiki.dds\r"""
"MPE","MPE","3726274827","gfx/coat_of_arms/.gitignore:1:*","""gfx/coat_of_arms/colored_emblems/cat_shield5.dds\r"""
"MPE","MPE","3726274827","gfx/coat_of_arms/.gitignore:1:*","""gfx/coat_of_arms/colored_emblems/cat_ship_iIlyria.dds\r"""
"MPE","MPE","3726274827","gfx/coat_of_arms/.gitignore:1:*","""gfx/coat_of_arms/colored_emblems/cat_ship.dds\r"""
"MPE","MPE","3726274827","gfx/coat_of_arms/.gitignore:1:*","""gfx/coat_of_arms/colored_emblems/cat_ship1_wappen.dds\r"""
"MPE","MPE","3726274827","gfx/coat_of_arms/.gitignore:1:*","""gfx/coat_of_arms/colored_emblems/cat_ship10_wappen.dds\r"""
"MPE","MPE","3726274827","gfx/coat_of_arms/.gitignore:1:*","""gfx/coat_of_arms/colored_emblems/cat_ship11_wappen.dds\r"""
"MPE","MPE","3726274827","gfx/coat_of_arms/.gitignore:1:*","""gfx/coat_of_arms/colored_emblems/cat_ship2_wappen.dds\r"""
"MPE","MPE","3726274827","gfx/coat_of_arms/.gitignore:1:*","""gfx/coat_of_arms/colored_emblems/cat_ship2.dds\r"""
"MPE","MPE","3726274827","gfx/coat_of_arms/.gitignore:1:*","""gfx/coat_of_arms/colored_emblems/cat_ship3_wappen.dds\r"""
"MPE","MPE","3726274827","gfx/coat_of_arms/.gitignore:1:*","""gfx/coat_of_arms/colored_emblems/cat_ship4_wappen.dds\r"""
"MPE","MPE","3726274827","gfx/coat_of_arms/.gitignore:1:*","""gfx/coat_of_arms/colored_emblems/cat_ship5_dragon_wappen.dds\r"""
"MPE","MPE","3726274827","gfx/coat_of_arms/.gitignore:1:*","""gfx/coat_of_arms/colored_emblems/cat_ship6_wappen.dds\r"""
"MPE","MPE","3726274827","gfx/coat_of_arms/.gitignore:1:*","""gfx/coat_of_arms/colored_emblems/cat_ship7_wappen.dds\r"""
"MPE","MPE","3726274827","gfx/coat_of_arms/.gitignore:1:*","""gfx/coat_of_arms/colored_emblems/cat_ship8_peacock_wappen.dds\r"""
"MPE","MPE","3726274827","gfx/coat_of_arms/.gitignore:1:*","""gfx/coat_of_arms/colored_emblems/cat_ship9_dragon_wappen.dds\r"""
"MPE","MPE","3726274827","gfx/coat_of_arms/.gitignore:1:*","""gfx/coat_of_arms/colored_emblems/cat_siberia_ferret_wappen.dds\r"""
"MPE","MPE","3726274827","gfx/coat_of_arms/.gitignore:1:*","""gfx/coat_of_arms/colored_emblems/cat_siberian_tamgha.dds\r"""
"MPE","MPE","3726274827","gfx/coat_of_arms/.gitignore:1:*","""gfx/coat_of_arms/colored_emblems/cat_sicily_trinacria_wappen.dds\r"""
"MPE","MPE","3726274827","gfx/coat_of_arms/.gitignore:1:*","""gfx/coat_of_arms/colored_emblems/cat_sickle_wappen.dds\r"""
"MPE","MPE","3726274827","gfx/coat_of_arms/.gitignore:1:*","""gfx/coat_of_arms/colored_emblems/cat_sickle.dds\r"""
"MPE","MPE","3726274827","gfx/coat_of_arms/.gitignore:1:*","""gfx/coat_of_arms/colored_emblems/cat_sickle2_wappen.dds\r"""
"MPE","MPE","3726274827","gfx/coat_of_arms/.gitignore:1:*","""gfx/coat_of_arms/colored_emblems/cat_sikh_khanda.dds\r"""
"MPE","MPE","3726274827","gfx/coat_of_arms/.gitignore:1:*","""gfx/coat_of_arms/colored_emblems/cat_sikhi_religion.dds\r"""
"MPE","MPE","3726274827","gfx/coat_of_arms/.gitignore:1:*","""gfx/coat_of_arms/colored_emblems/cat_sikkim_wheel_buddhism.dds\r"""
"MPE","MPE","3726274827","gfx/coat_of_arms/.gitignore:1:*","""gfx/coat_of_arms/colored_emblems/cat_sindal_sickle.dds\r"""
"MPE","MPE","3726274827","gfx/coat_of_arms/.gitignore:1:*","""gfx/coat_of_arms/colored_emblems/cat_sindal_sickle2.dds\r"""
"MPE","MPE","3726274827","gfx/coat_of_arms/.gitignore:1:*","""gfx/coat_of_arms/colored_emblems/cat_sitting_unicorn.dds\r"""
"MPE","MPE","3726274827","gfx/coat_of_arms/.gitignore:1:*","""gfx/coat_of_arms/colored_emblems/cat_skanderbeg_eagle.dds\r"""
"MPE","MPE","3726274827","gfx/coat_of_arms/.gitignore:1:*","""gfx/coat_of_arms/colored_emblems/cat_skanderborg_castle.dds\r"""
"MPE","MPE","3726274827","gfx/coat_of_arms/.gitignore:1:*","""gfx/coat_of_arms/colored_emblems/cat_skeleton_fish.dds\r"""
"MPE","MPE","3726274827","gfx/coat_of_arms/.gitignore:1:*","""gfx/coat_of_arms/colored_emblems/cat_skeleton_fish2_wappen.dds\r"""
"MPE","MPE","3726274827","gfx/coat_of_arms/.gitignore:1:*","""gfx/coat_of_arms/colored_emblems/cat_skeleton5.dds\r"""
"MPE","MPE","3726274827","gfx/coat_of_arms/.gitignore:1:*","""gfx/coat_of_arms/colored_emblems/cat_skjern_key.dds\r"""
"MPE","MPE","3726274827","gfx/coat_of_arms/.gitignore:1:*","""gfx/coat_of_arms/colored_emblems/cat_skull_warhammer.dds\r"""
"MPE","MPE","3726274827","gfx/coat_of_arms/.gitignore:1:*","""gfx/coat_of_arms/colored_emblems/cat_skull01.dds\r"""
"MPE","MPE","3726274827","gfx/coat_of_arms/.gitignore:1:*","""gfx/coat_of_arms/colored_emblems/cat_skull02.dds\r"""
"MPE","MPE","3726274827","gfx/coat_of_arms/.gitignore:1:*","""gfx/coat_of_arms/colored_emblems/cat_skull03.dds\r"""
"MPE","MPE","3726274827","gfx/coat_of_arms/.gitignore:1:*","""gfx/coat_of_arms/colored_emblems/cat_skull04.dds\r"""
"MPE","MPE","3726274827","gfx/coat_of_arms/.gitignore:1:*","""gfx/coat_of_arms/colored_emblems/cat_skull05.dds\r"""
"MPE","MPE","3726274827","gfx/coat_of_arms/.gitignore:1:*","""gfx/coat_of_arms/colored_emblems/cat_skull06_vampire.dds\r"""
"MPE","MPE","3726274827","gfx/coat_of_arms/.gitignore:1:*","""gfx/coat_of_arms/colored_emblems/cat_slovenia_hat_wappen.dds\r"""
"MPE","MPE","3726274827","gfx/coat_of_arms/.gitignore:1:*","""gfx/coat_of_arms/colored_emblems/cat_small_hammer.dds\r"""
"MPE","MPE","3726274827","gfx/coat_of_arms/.gitignore:1:*","""gfx/coat_of_arms/colored_emblems/cat_small_hammer2.dds\r"""
"MPE","MPE","3726274827","gfx/coat_of_arms/.gitignore:1:*","""gfx/coat_of_arms/colored_emblems/cat_smolensk_wappen.dds\r"""
"MPE","MPE","3726274827","gfx/coat_of_arms/.gitignore:1:*","""gfx/coat_of_arms/colored_emblems/cat_snake_asklepios.dds\r"""
"MPE","MPE","3726274827","gfx/coat_of_arms/.gitignore:1:*","""gfx/coat_of_arms/colored_emblems/cat_snake_caduceus.dds\r"""
"MPE","MPE","3726274827","gfx/coat_of_arms/.gitignore:1:*","""gfx/coat_of_arms/colored_emblems/cat_snake_visconti1.dds\r"""
"MPE","MPE","3726274827","gfx/coat_of_arms/.gitignore:1:*","""gfx/coat_of_arms/colored_emblems/cat_snake_visconti2.dds\r"""
"MPE","MPE","3726274827","gfx/coat_of_arms/.gitignore:1:*","""gfx/coat_of_arms/colored_emblems/cat_snake_visconti3_wappen.dds\r"""
"MPE","MPE","3726274827","gfx/coat_of_arms/.gitignore:1:*","""gfx/coat_of_arms/colored_emblems/cat_snake_visconti4_wappen.dds\r"""
"MPE","MPE","3726274827","gfx/coat_of_arms/.gitignore:1:*","""gfx/coat_of_arms/colored_emblems/cat_snake_visconti5_wappen.dds\r"""
"MPE","MPE","3726274827","gfx/coat_of_arms/.gitignore:1:*","""gfx/coat_of_arms/colored_emblems/cat_snake_wappen.dds\r"""
"MPE","MPE","3726274827","gfx/coat_of_arms/.gitignore:1:*","""gfx/coat_of_arms/colored_emblems/cat_snake2_wappen.dds\r"""
"MPE","MPE","3726274827","gfx/coat_of_arms/.gitignore:1:*","""gfx/coat_of_arms/colored_emblems/cat_snake3_wappen.dds\r"""
"MPE","MPE","3726274827","gfx/coat_of_arms/.gitignore:1:*","""gfx/coat_of_arms/colored_emblems/cat_snake4_wappen.dds\r"""
"MPE","MPE","3726274827","gfx/coat_of_arms/.gitignore:1:*","""gfx/coat_of_arms/colored_emblems/cat_snake5_wappen.dds\r"""
"MPE","MPE","3726274827","gfx/coat_of_arms/.gitignore:1:*","""gfx/coat_of_arms/colored_emblems/cat_snake5.dds\r"""
"MPE","MPE","3726274827","gfx/coat_of_arms/.gitignore:1:*","""gfx/coat_of_arms/colored_emblems/cat_snake6.dds\r"""
"MPE","MPE","3726274827","gfx/coat_of_arms/.gitignore:1:*","""gfx/coat_of_arms/colored_emblems/cat_snakenborg_snake_wappen.dds\r"""
"MPE","MPE","3726274827","gfx/coat_of_arms/.gitignore:1:*","""gfx/coat_of_arms/colored_emblems/cat_snow10.dds\r"""
"MPE","MPE","3726274827","gfx/coat_of_arms/.gitignore:1:*","""gfx/coat_of_arms/colored_emblems/cat_snow11.dds\r"""
"MPE","MPE","3726274827","gfx/coat_of_arms/.gitignore:1:*","""gfx/coat_of_arms/colored_emblems/cat_snow13.dds\r"""
"MPE","MPE","3726274827","gfx/coat_of_arms/.gitignore:1:*","""gfx/coat_of_arms/colored_emblems/cat_snow14.dds\r"""
"MPE","MPE","3726274827","gfx/coat_of_arms/.gitignore:1:*","""gfx/coat_of_arms/colored_emblems/cat_snow15.dds\r"""
"MPE","MPE","3726274827","gfx/coat_of_arms/.gitignore:1:*","""gfx/coat_of_arms/colored_emblems/cat_snow16.dds\r"""
"MPE","MPE","3726274827","gfx/coat_of_arms/.gitignore:1:*","""gfx/coat_of_arms/colored_emblems/cat_snow17.dds\r"""
"MPE","MPE","3726274827","gfx/coat_of_arms/.gitignore:1:*","""gfx/coat_of_arms/colored_emblems/cat_snow18.dds\r"""
"MPE","MPE","3726274827","gfx/coat_of_arms/.gitignore:1:*","""gfx/coat_of_arms/colored_emblems/cat_snow19.dds\r"""
"MPE","MPE","3726274827","gfx/coat_of_arms/.gitignore:1:*","""gfx/coat_of_arms/colored_emblems/cat_snow20.dds\r"""
"MPE","MPE","3726274827","gfx/coat_of_arms/.gitignore:1:*","""gfx/coat_of_arms/colored_emblems/cat_snow22.dds\r"""
"MPE","MPE","3726274827","gfx/coat_of_arms/.gitignore:1:*","""gfx/coat_of_arms/colored_emblems/cat_snow23.dds\r"""
"MPE","MPE","3726274827","gfx/coat_of_arms/.gitignore:1:*","""gfx/coat_of_arms/colored_emblems/cat_snow24.dds\r"""
"MPE","MPE","3726274827","gfx/coat_of_arms/.gitignore:1:*","""gfx/coat_of_arms/colored_emblems/cat_snow25.dds\r"""
"MPE","MPE","3726274827","gfx/coat_of_arms/.gitignore:1:*","""gfx/coat_of_arms/colored_emblems/cat_snow26.dds\r"""
"MPE","MPE","3726274827","gfx/coat_of_arms/.gitignore:1:*","""gfx/coat_of_arms/colored_emblems/cat_snow27.dds\r"""
"MPE","MPE","3726274827","gfx/coat_of_arms/.gitignore:1:*","""gfx/coat_of_arms/colored_emblems/cat_snow28.dds\r"""
"MPE","MPE","3726274827","gfx/coat_of_arms/.gitignore:1:*","""gfx/coat_of_arms/colored_emblems/cat_snow29.dds\r"""
"MPE","MPE","3726274827","gfx/coat_of_arms/.gitignore:1:*","""gfx/coat_of_arms/colored_emblems/cat_snow8.dds\r"""
"MPE","MPE","3726274827","gfx/coat_of_arms/.gitignore:1:*","""gfx/coat_of_arms/colored_emblems/cat_snow9.dds\r"""
"MPE","MPE","3726274827","gfx/coat_of_arms/.gitignore:1:*","""gfx/coat_of_arms/colored_emblems/cat_sonderborg_castle.dds\r"""
"MPE","MPE","3726274827","gfx/coat_of_arms/.gitignore:1:*","""gfx/coat_of_arms/colored_emblems/cat_sopron_man1.dds\r"""
"MPE","MPE","3726274827","gfx/coat_of_arms/.gitignore:1:*","""gfx/coat_of_arms/colored_emblems/cat_sopron_man2.dds\r"""
"MPE","MPE","3726274827","gfx/coat_of_arms/.gitignore:1:*","""gfx/coat_of_arms/colored_emblems/cat_sousa.dds\r"""
"MPE","MPE","3726274827","gfx/coat_of_arms/.gitignore:1:*","""gfx/coat_of_arms/colored_emblems/cat_spanish_crown1.dds\r"""
"MPE","MPE","3726274827","gfx/coat_of_arms/.gitignore:1:*","""gfx/coat_of_arms/colored_emblems/cat_spanish_crown2.dds\r"""
"MPE","MPE","3726274827","gfx/coat_of_arms/.gitignore:1:*","""gfx/coat_of_arms/colored_emblems/cat_spanish_crown3.dds\r"""
"MPE","MPE","3726274827","gfx/coat_of_arms/.gitignore:1:*","""gfx/coat_of_arms/colored_emblems/cat_spanish_crown4.dds\r"""
"MPE","MPE","3726274827","gfx/coat_of_arms/.gitignore:1:*","""gfx/coat_of_arms/colored_emblems/cat_spanish_eagle.dds\r"""
"MPE","MPE","3726274827","gfx/coat_of_arms/.gitignore:1:*","""gfx/coat_of_arms/colored_emblems/cat_spanish_eagle2.dds\r"""
"MPE","MPE","3726274827","gfx/coat_of_arms/.gitignore:1:*","""gfx/coat_of_arms/colored_emblems/cat_spanish_eagle3.dds\r"""
"MPE","MPE","3726274827","gfx/coat_of_arms/.gitignore:1:*","""gfx/coat_of_arms/colored_emblems/cat_spanish_helmet.dds\r"""
"MPE","MPE","3726274827","gfx/coat_of_arms/.gitignore:1:*","""gfx/coat_of_arms/colored_emblems/cat_spanish_helmet2.dds\r"""
"MPE","MPE","3726274827","gfx/coat_of_arms/.gitignore:1:*","""gfx/coat_of_arms/colored_emblems/cat_sparta.dds\r"""
"MPE","MPE","3726274827","gfx/coat_of_arms/.gitignore:1:*","""gfx/coat_of_arms/colored_emblems/cat_spear_wappen.dds\r"""
"MPE","MPE","3726274827","gfx/coat_of_arms/.gitignore:1:*","""gfx/coat_of_arms/colored_emblems/cat_spearhead_wappen.dds\r"""
"MPE","MPE","3726274827","gfx/coat_of_arms/.gitignore:1:*","""gfx/coat_of_arms/colored_emblems/cat_spider.dds\r"""
"MPE","MPE","3726274827","gfx/coat_of_arms/.gitignore:1:*","""gfx/coat_of_arms/colored_emblems/cat_square_lion_sword.dds\r"""
"MPE","MPE","3726274827","gfx/coat_of_arms/.gitignore:1:*","""gfx/coat_of_arms/colored_emblems/cat_square_lion.dds\r"""
"MPE","MPE","3726274827","gfx/coat_of_arms/.gitignore:1:*","""gfx/coat_of_arms/colored_emblems/cat_squirrel_wappen.dds\r"""
"MPE","MPE","3726274827","gfx/coat_of_arms/.gitignore:1:*","""gfx/coat_of_arms/colored_emblems/cat_staff_wappen.dds\r"""
"MPE","MPE","3726274827","gfx/coat_of_arms/.gitignore:1:*","""gfx/coat_of_arms/colored_emblems/cat_staff.dds\r"""
"MPE","MPE","3726274827","gfx/coat_of_arms/.gitignore:1:*","""gfx/coat_of_arms/colored_emblems/cat_stag_deer_head.dds\r"""
"MPE","MPE","3726274827","gfx/coat_of_arms/.gitignore:1:*","""gfx/coat_of_arms/colored_emblems/cat_stag_head2_wappen.dds\r"""
"MPE","MPE","3726274827","gfx/coat_of_arms/.gitignore:1:*","""gfx/coat_of_arms/colored_emblems/cat_stag.dds\r"""
"MPE","MPE","3726274827","gfx/coat_of_arms/.gitignore:1:*","""gfx/coat_of_arms/colored_emblems/cat_stag2_wappen.dds\r"""
"MPE","MPE","3726274827","gfx/coat_of_arms/.gitignore:1:*","""gfx/coat_of_arms/colored_emblems/cat_stag3_wappen.dds\r"""
"MPE","MPE","3726274827","gfx/coat_of_arms/.gitignore:1:*","""gfx/coat_of_arms/colored_emblems/cat_stag4_wappen.dds\r"""
"MPE","MPE","3726274827","gfx/coat_of_arms/.gitignore:1:*","""gfx/coat_of_arms/colored_emblems/cat_stag5_crown_wappen.dds\r"""
"MPE","MPE","3726274827","gfx/coat_of_arms/.gitignore:1:*","""gfx/coat_of_arms/colored_emblems/cat_stag6_scarf_wappen.dds\r"""
"MPE","MPE","3726274827","gfx/coat_of_arms/.gitignore:1:*","""gfx/coat_of_arms/colored_emblems/cat_stalarm_arm_hand_wappen.dds\r"""
"MPE","MPE","3726274827","gfx/coat_of_arms/.gitignore:1:*","""gfx/coat_of_arms/colored_emblems/cat_star_bold.dds\r"""
"MPE","MPE","3726274827","gfx/coat_of_arms/.gitignore:1:*","""gfx/coat_of_arms/colored_emblems/cat_star_bold2.dds\r"""
"MPE","MPE","3726274827","gfx/coat_of_arms/.gitignore:1:*","""gfx/coat_of_arms/colored_emblems/cat_star_bold3.dds\r"""
"MPE","MPE","3726274827","gfx/coat_of_arms/.gitignore:1:*","""gfx/coat_of_arms/colored_emblems/cat_star_wave.dds\r"""
"MPE","MPE","3726274827","gfx/coat_of_arms/.gitignore:1:*","""gfx/coat_of_arms/colored_emblems/cat_stege_castle.dds\r"""
"MPE","MPE","3726274827","gfx/coat_of_arms/.gitignore:1:*","""gfx/coat_of_arms/colored_emblems/cat_stem_leaf_wappen.dds\r"""
"MPE","MPE","3726274827","gfx/coat_of_arms/.gitignore:1:*","""gfx/coat_of_arms/colored_emblems/cat_stem_leaf2_wappen.dds\r"""
"MPE","MPE","3726274827","gfx/coat_of_arms/.gitignore:1:*","""gfx/coat_of_arms/colored_emblems/cat_stockings_wappen.dds\r"""
"MPE","MPE","3726274827","gfx/coat_of_arms/.gitignore:1:*","""gfx/coat_of_arms/colored_emblems/cat_struer_anchor.dds\r"""
"MPE","MPE","3726274827","gfx/coat_of_arms/.gitignore:1:*","""gfx/coat_of_arms/colored_emblems/cat_stub.dds\r"""
"MPE","MPE","3726274827","gfx/coat_of_arms/.gitignore:1:*","""gfx/coat_of_arms/colored_emblems/cat_stubbekobing_ship.dds\r"""
"MPE","MPE","3726274827","gfx/coat_of_arms/.gitignore:1:*","""gfx/coat_of_arms/colored_emblems/cat_subic_wing_wol_wappen.dds\r"""
"MPE","MPE","3726274827","gfx/coat_of_arms/.gitignore:1:*","""gfx/coat_of_arms/colored_emblems/cat_sun_argentina.dds\r"""
"MPE","MPE","3726274827","gfx/coat_of_arms/.gitignore:1:*","""gfx/coat_of_arms/colored_emblems/cat_sun_cross.dds\r"""
"MPE","MPE","3726274827","gfx/coat_of_arms/.gitignore:1:*","""gfx/coat_of_arms/colored_emblems/cat_sun_dagestan.dds\r"""
"MPE","MPE","3726274827","gfx/coat_of_arms/.gitignore:1:*","""gfx/coat_of_arms/colored_emblems/cat_sun_face_wappen.dds\r"""
"MPE","MPE","3726274827","gfx/coat_of_arms/.gitignore:1:*","""gfx/coat_of_arms/colored_emblems/cat_sun_face.dds\r"""
"MPE","MPE","3726274827","gfx/coat_of_arms/.gitignore:1:*","""gfx/coat_of_arms/colored_emblems/cat_sun_halo.dds\r"""
"MPE","MPE","3726274827","gfx/coat_of_arms/.gitignore:1:*","""gfx/coat_of_arms/colored_emblems/cat_sun_Iran.dds\r"""
"MPE","MPE","3726274827","gfx/coat_of_arms/.gitignore:1:*","""gfx/coat_of_arms/colored_emblems/cat_sun_macedonia.dds\r"""
"MPE","MPE","3726274827","gfx/coat_of_arms/.gitignore:1:*","""gfx/coat_of_arms/colored_emblems/cat_sun1.dds\r"""
"MPE","MPE","3726274827","gfx/coat_of_arms/.gitignore:1:*","""gfx/coat_of_arms/colored_emblems/cat_sun2.dds\r"""
"MPE","MPE","3726274827","gfx/coat_of_arms/.gitignore:1:*","""gfx/coat_of_arms/colored_emblems/cat_sun3.dds\r"""
"MPE","MPE","3726274827","gfx/coat_of_arms/.gitignore:1:*","""gfx/coat_of_arms/colored_emblems/cat_sun4.dds\r"""
"MPE","MPE","3726274827","gfx/coat_of_arms/.gitignore:1:*","""gfx/coat_of_arms/colored_emblems/cat_sun5.dds\r"""
"MPE","MPE","3726274827","gfx/coat_of_arms/.gitignore:1:*","""gfx/coat_of_arms/colored_emblems/cat_sunburst_cloud1.dds\r"""
"MPE","MPE","3726274827","gfx/coat_of_arms/.gitignore:1:*","""gfx/coat_of_arms/colored_emblems/cat_sunburst_cloud2.dds\r"""
"MPE","MPE","3726274827","gfx/coat_of_arms/.gitignore:1:*","""gfx/coat_of_arms/colored_emblems/cat_supreme_order_of_christ.dds\r"""
"MPE","MPE","3726274827","gfx/coat_of_arms/.gitignore:1:*","""gfx/coat_of_arms/colored_emblems/cat_surabaya_crocodile.dds\r"""
"MPE","MPE","3726274827","gfx/coat_of_arms/.gitignore:1:*","""gfx/coat_of_arms/colored_emblems/cat_surabaya_shark.dds\r"""
"MPE","MPE","3726274827","gfx/coat_of_arms/.gitignore:1:*","""gfx/coat_of_arms/colored_emblems/cat_svaneti_mountain_wappen.dds\r"""
"MPE","MPE","3726274827","gfx/coat_of_arms/.gitignore:1:*","""gfx/coat_of_arms/colored_emblems/cat_svendborg_ship.dds\r"""
"MPE","MPE","3726274827","gfx/coat_of_arms/.gitignore:1:*","""gfx/coat_of_arms/colored_emblems/cat_swan_crown_wappen.dds\r"""
"MPE","MPE","3726274827","gfx/coat_of_arms/.gitignore:1:*","""gfx/coat_of_arms/colored_emblems/cat_swastika_buddhist.dds\r"""
"MPE","MPE","3726274827","gfx/coat_of_arms/.gitignore:1:*","""gfx/coat_of_arms/colored_emblems/cat_swastika_circle_cross.dds\r"""
"MPE","MPE","3726274827","gfx/coat_of_arms/.gitignore:1:*","""gfx/coat_of_arms/colored_emblems/cat_sweden_crown.dds\r"""
"MPE","MPE","3726274827","gfx/coat_of_arms/.gitignore:1:*","""gfx/coat_of_arms/colored_emblems/cat_sword_saber_wappen.dds\r"""
"MPE","MPE","3726274827","gfx/coat_of_arms/.gitignore:1:*","""gfx/coat_of_arms/colored_emblems/cat_sword_wappen.dds\r"""
"MPE","MPE","3726274827","gfx/coat_of_arms/.gitignore:1:*","""gfx/coat_of_arms/colored_emblems/cat_sword.dds\r"""
"MPE","MPE","3726274827","gfx/coat_of_arms/.gitignore:1:*","""gfx/coat_of_arms/colored_emblems/cat_sword2.dds\r"""
"MPE","MPE","3726274827","gfx/coat_of_arms/.gitignore:1:*","""gfx/coat_of_arms/colored_emblems/cat_sylvania_scroll_sword.dds\r"""
"MPE","MPE","3726274827","gfx/coat_of_arms/.gitignore:1:*","""gfx/coat_of_arms/colored_emblems/cat_sylvania_scroll.dds\r"""
"MPE","MPE","3726274827","gfx/coat_of_arms/.gitignore:1:*","""gfx/coat_of_arms/colored_emblems/cat_taegeuk1.dds\r"""
"MPE","MPE","3726274827","gfx/coat_of_arms/.gitignore:1:*","""gfx/coat_of_arms/colored_emblems/cat_taegeuk2.dds\r"""
"MPE","MPE","3726274827","gfx/coat_of_arms/.gitignore:1:*","""gfx/coat_of_arms/colored_emblems/cat_taegeuk3yinyang.dds\r"""
"MPE","MPE","3726274827","gfx/coat_of_arms/.gitignore:1:*","""gfx/coat_of_arms/colored_emblems/cat_taegeuk4yinyang.dds\r"""
"MPE","MPE","3726274827","gfx/coat_of_arms/.gitignore:1:*","""gfx/coat_of_arms/colored_emblems/cat_taegeuk5.dds\r"""
"MPE","MPE","3726274827","gfx/coat_of_arms/.gitignore:1:*","""gfx/coat_of_arms/colored_emblems/cat_tamgha_chagatai.dds\r"""
"MPE","MPE","3726274827","gfx/coat_of_arms/.gitignore:1:*","""gfx/coat_of_arms/colored_emblems/cat_tarchuna_totalwar.dds\r"""
"MPE","MPE","3726274827","gfx/coat_of_arms/.gitignore:1:*","""gfx/coat_of_arms/colored_emblems/cat_tatarstan_panther.dds\r"""
"MPE","MPE","3726274827","gfx/coat_of_arms/.gitignore:1:*","""gfx/coat_of_arms/colored_emblems/cat_terter_bull1_head.dds\r"""
"MPE","MPE","3726274827","gfx/coat_of_arms/.gitignore:1:*","""gfx/coat_of_arms/colored_emblems/cat_terter_bull2_head.dds\r"""
"MPE","MPE","3726274827","gfx/coat_of_arms/.gitignore:1:*","""gfx/coat_of_arms/colored_emblems/cat_terter_bull3_head.dds\r"""
"MPE","MPE","3726274827","gfx/coat_of_arms/.gitignore:1:*","""gfx/coat_of_arms/colored_emblems/cat_thessalonica_letter_c_wappen.dds\r"""
"MPE","MPE","3726274827","gfx/coat_of_arms/.gitignore:1:*","""gfx/coat_of_arms/colored_emblems/cat_thick_wing_gear_of_war.dds\r"""
"MPE","MPE","3726274827","gfx/coat_of_arms/.gitignore:1:*","""gfx/coat_of_arms/colored_emblems/cat_thorn.dds\r"""
"MPE","MPE","3726274827","gfx/coat_of_arms/.gitignore:1:*","""gfx/coat_of_arms/colored_emblems/cat_throne.dds\r"""
"MPE","MPE","3726274827","gfx/coat_of_arms/.gitignore:1:*","""gfx/coat_of_arms/colored_emblems/cat_tibet_lion.dds\r"""
"MPE","MPE","3726274827","gfx/coat_of_arms/.gitignore:1:*","""gfx/coat_of_arms/colored_emblems/cat_tiger_passant.dds\r"""
"MPE","MPE","3726274827","gfx/coat_of_arms/.gitignore:1:*","""gfx/coat_of_arms/colored_emblems/cat_tongs_crab_wappen.dds\r"""
"MPE","MPE","3726274827","gfx/coat_of_arms/.gitignore:1:*","""gfx/coat_of_arms/colored_emblems/cat_tongs.dds\r"""
"MPE","MPE","3726274827","gfx/coat_of_arms/.gitignore:1:*","""gfx/coat_of_arms/colored_emblems/cat_torchlight1_wappen.dds\r"""
"MPE","MPE","3726274827","gfx/coat_of_arms/.gitignore:1:*","""gfx/coat_of_arms/colored_emblems/cat_torchlight2_wappen.dds\r"""
"MPE","MPE","3726274827","gfx/coat_of_arms/.gitignore:1:*","""gfx/coat_of_arms/colored_emblems/cat_torchlight3_wappen.dds\r"""
"MPE","MPE","3726274827","gfx/coat_of_arms/.gitignore:1:*","""gfx/coat_of_arms/colored_emblems/cat_totalwar01_eagle.dds\r"""
"MPE","MPE","3726274827","gfx/coat_of_arms/.gitignore:1:*","""gfx/coat_of_arms/colored_emblems/cat_totalwar02_eagle.dds\r"""
"MPE","MPE","3726274827","gfx/coat_of_arms/.gitignore:1:*","""gfx/coat_of_arms/colored_emblems/cat_tower_1.dds\r"""
"MPE","MPE","3726274827","gfx/coat_of_arms/.gitignore:1:*","""gfx/coat_of_arms/colored_emblems/cat_tower_small.dds\r"""
"MPE","MPE","3726274827","gfx/coat_of_arms/.gitignore:1:*","""gfx/coat_of_arms/colored_emblems/cat_tower1_wappen.dds\r"""
"MPE","MPE","3726274827","gfx/coat_of_arms/.gitignore:1:*","""gfx/coat_of_arms/colored_emblems/cat_tower10.dds\r"""
"MPE","MPE","3726274827","gfx/coat_of_arms/.gitignore:1:*","""gfx/coat_of_arms/colored_emblems/cat_tower2_wappen.dds\r"""
"MPE","MPE","3726274827","gfx/coat_of_arms/.gitignore:1:*","""gfx/coat_of_arms/colored_emblems/cat_tower3_wappen.dds\r"""
"MPE","MPE","3726274827","gfx/coat_of_arms/.gitignore:1:*","""gfx/coat_of_arms/colored_emblems/cat_tower4_wappen.dds\r"""
"MPE","MPE","3726274827","gfx/coat_of_arms/.gitignore:1:*","""gfx/coat_of_arms/colored_emblems/cat_tower5.dds\r"""
"MPE","MPE","3726274827","gfx/coat_of_arms/.gitignore:1:*","""gfx/coat_of_arms/colored_emblems/cat_tower6.dds\r"""
"MPE","MPE","3726274827","gfx/coat_of_arms/.gitignore:1:*","""gfx/coat_of_arms/colored_emblems/cat_tower7.dds\r"""
"MPE","MPE","3726274827","gfx/coat_of_arms/.gitignore:1:*","""gfx/coat_of_arms/colored_emblems/cat_tower8.dds\r"""
"MPE","MPE","3726274827","gfx/coat_of_arms/.gitignore:1:*","""gfx/coat_of_arms/colored_emblems/cat_tower9.dds\r"""
"MPE","MPE","3726274827","gfx/coat_of_arms/.gitignore:1:*","""gfx/coat_of_arms/colored_emblems/cat_trap_wappenwiki.dds\r"""
"MPE","MPE","3726274827","gfx/coat_of_arms/.gitignore:1:*","""gfx/coat_of_arms/colored_emblems/cat_tree_urbino.dds\r"""
"MPE","MPE","3726274827","gfx/coat_of_arms/.gitignore:1:*","""gfx/coat_of_arms/colored_emblems/cat_tree01.dds\r"""
"MPE","MPE","3726274827","gfx/coat_of_arms/.gitignore:1:*","""gfx/coat_of_arms/colored_emblems/cat_tree10.dds\r"""
"MPE","MPE","3726274827","gfx/coat_of_arms/.gitignore:1:*","""gfx/coat_of_arms/colored_emblems/cat_tree3.dds\r"""
"MPE","MPE","3726274827","gfx/coat_of_arms/.gitignore:1:*","""gfx/coat_of_arms/colored_emblems/cat_tree4.dds\r"""
"MPE","MPE","3726274827","gfx/coat_of_arms/.gitignore:1:*","""gfx/coat_of_arms/colored_emblems/cat_tree5_wappen.dds\r"""
"MPE","MPE","3726274827","gfx/coat_of_arms/.gitignore:1:*","""gfx/coat_of_arms/colored_emblems/cat_tree6_wappen.dds\r"""
"MPE","MPE","3726274827","gfx/coat_of_arms/.gitignore:1:*","""gfx/coat_of_arms/colored_emblems/cat_tree7_wappen.dds\r"""
"MPE","MPE","3726274827","gfx/coat_of_arms/.gitignore:1:*","""gfx/coat_of_arms/colored_emblems/cat_tree8.dds\r"""
"MPE","MPE","3726274827","gfx/coat_of_arms/.gitignore:1:*","""gfx/coat_of_arms/colored_emblems/cat_tree9.dds\r"""
"MPE","MPE","3726274827","gfx/coat_of_arms/.gitignore:1:*","""gfx/coat_of_arms/colored_emblems/cat_tressure02.dds\r"""
"MPE","MPE","3726274827","gfx/coat_of_arms/.gitignore:1:*","""gfx/coat_of_arms/colored_emblems/cat_tri_sicilia.dds\r"""
"MPE","MPE","3726274827","gfx/coat_of_arms/.gitignore:1:*","""gfx/coat_of_arms/colored_emblems/cat_tricolor_bar.dds\r"""
"MPE","MPE","3726274827","gfx/coat_of_arms/.gitignore:1:*","""gfx/coat_of_arms/colored_emblems/cat_tricolor_horizontal.dds\r"""
"MPE","MPE","3726274827","gfx/coat_of_arms/.gitignore:1:*","""gfx/coat_of_arms/colored_emblems/cat_trident.dds\r"""
"MPE","MPE","3726274827","gfx/coat_of_arms/.gitignore:1:*","""gfx/coat_of_arms/colored_emblems/cat_trident2.dds\r"""
"MPE","MPE","3726274827","gfx/coat_of_arms/.gitignore:1:*","""gfx/coat_of_arms/colored_emblems/cat_trident3.dds\r"""
"MPE","MPE","3726274827","gfx/coat_of_arms/.gitignore:1:*","""gfx/coat_of_arms/colored_emblems/cat_trigrams1.dds\r"""
"MPE","MPE","3726274827","gfx/coat_of_arms/.gitignore:1:*","""gfx/coat_of_arms/colored_emblems/cat_trigrams2.dds\r"""
"MPE","MPE","3726274827","gfx/coat_of_arms/.gitignore:1:*","""gfx/coat_of_arms/colored_emblems/cat_trigrams3.dds\r"""
"MPE","MPE","3726274827","gfx/coat_of_arms/.gitignore:1:*","""gfx/coat_of_arms/colored_emblems/cat_trigrams4.dds\r"""
"MPE","MPE","3726274827","gfx/coat_of_arms/.gitignore:1:*","""gfx/coat_of_arms/colored_emblems/cat_trigrams6.dds\r"""
"MPE","MPE","3726274827","gfx/coat_of_arms/.gitignore:1:*","""gfx/coat_of_arms/colored_emblems/cat_trigrams8.dds\r"""
"MPE","MPE","3726274827","gfx/coat_of_arms/.gitignore:1:*","""gfx/coat_of_arms/colored_emblems/cat_triquetra_circle_pagan.dds\r"""
"MPE","MPE","3726274827","gfx/coat_of_arms/.gitignore:1:*","""gfx/coat_of_arms/colored_emblems/cat_triskelion_mann1_wappen.dds\r"""
"MPE","MPE","3726274827","gfx/coat_of_arms/.gitignore:1:*","""gfx/coat_of_arms/colored_emblems/cat_triskelion_mann2_wappen.dds\r"""
"MPE","MPE","3726274827","gfx/coat_of_arms/.gitignore:1:*","""gfx/coat_of_arms/colored_emblems/cat_triskelion_mann3_wappen.dds\r"""
"MPE","MPE","3726274827","gfx/coat_of_arms/.gitignore:1:*","""gfx/coat_of_arms/colored_emblems/cat_triskelion_mann4_wappen.dds\r"""
"MPE","MPE","3726274827","gfx/coat_of_arms/.gitignore:1:*","""gfx/coat_of_arms/colored_emblems/cat_triskelion.dds\r"""
"MPE","MPE","3726274827","gfx/coat_of_arms/.gitignore:1:*","""gfx/coat_of_arms/colored_emblems/cat_troll_wappen.dds\r"""
"MPE","MPE","3726274827","gfx/coat_of_arms/.gitignore:1:*","""gfx/coat_of_arms/colored_emblems/cat_trolle.dds\r"""
"MPE","MPE","3726274827","gfx/coat_of_arms/.gitignore:1:*","""gfx/coat_of_arms/colored_emblems/cat_trolle2_wappen.dds\r"""
"MPE","MPE","3726274827","gfx/coat_of_arms/.gitignore:1:*","""gfx/coat_of_arms/colored_emblems/cat_tui_star.dds\r"""
"MPE","MPE","3726274827","gfx/coat_of_arms/.gitignore:1:*","""gfx/coat_of_arms/colored_emblems/cat_tula_sword.dds\r"""
"MPE","MPE","3726274827","gfx/coat_of_arms/.gitignore:1:*","""gfx/coat_of_arms/colored_emblems/cat_turnip_wappen.dds\r"""
"MPE","MPE","3726274827","gfx/coat_of_arms/.gitignore:1:*","""gfx/coat_of_arms/colored_emblems/cat_tver_chair.dds\r"""
"MPE","MPE","3726274827","gfx/coat_of_arms/.gitignore:1:*","""gfx/coat_of_arms/colored_emblems/cat_tver_chair2.dds\r"""
"MPE","MPE","3726274827","gfx/coat_of_arms/.gitignore:1:*","""gfx/coat_of_arms/colored_emblems/cat_twin_comet.dds\r"""
"MPE","MPE","3726274827","gfx/coat_of_arms/.gitignore:1:*","""gfx/coat_of_arms/colored_emblems/cat_two_barred_cross.dds\r"""
"MPE","MPE","3726274827","gfx/coat_of_arms/.gitignore:1:*","""gfx/coat_of_arms/colored_emblems/cat_ubisoft_assassins.dds\r"""
"MPE","MPE","3726274827","gfx/coat_of_arms/.gitignore:1:*","""gfx/coat_of_arms/colored_emblems/cat_ubisoft_assassins2.dds\r"""
"MPE","MPE","3726274827","gfx/coat_of_arms/.gitignore:1:*","""gfx/coat_of_arms/colored_emblems/cat_ubisoft_assassins3.dds\r"""
"MPE","MPE","3726274827","gfx/coat_of_arms/.gitignore:1:*","""gfx/coat_of_arms/colored_emblems/cat_ubisoft_assassins4.dds\r"""
"MPE","MPE","3726274827","gfx/coat_of_arms/.gitignore:1:*","""gfx/coat_of_arms/colored_emblems/cat_ubisoft_assassins5.dds\r"""
"MPE","MPE","3726274827","gfx/coat_of_arms/.gitignore:1:*","""gfx/coat_of_arms/colored_emblems/cat_ubisoft_assassins6.dds\r"""
"MPE","MPE","3726274827","gfx/coat_of_arms/.gitignore:1:*","""gfx/coat_of_arms/colored_emblems/cat_ukrainian_rus.dds\r"""
"MPE","MPE","3726274827","gfx/coat_of_arms/.gitignore:1:*","""gfx/coat_of_arms/colored_emblems/cat_uman_man_cossack.dds\r"""
"MPE","MPE","3726274827","gfx/coat_of_arms/.gitignore:1:*","""gfx/coat_of_arms/colored_emblems/cat_un.dds\r"""
"MPE","MPE","3726274827","gfx/coat_of_arms/.gitignore:1:*","""gfx/coat_of_arms/colored_emblems/cat_unicorn_head1_wappen.dds\r"""
"MPE","MPE","3726274827","gfx/coat_of_arms/.gitignore:1:*","""gfx/coat_of_arms/colored_emblems/cat_unicorn_head2_wappen.dds\r"""
"MPE","MPE","3726274827","gfx/coat_of_arms/.gitignore:1:*","""gfx/coat_of_arms/colored_emblems/cat_unicorn_head3_wappen.dds\r"""
"MPE","MPE","3726274827","gfx/coat_of_arms/.gitignore:1:*","""gfx/coat_of_arms/colored_emblems/cat_unicorn_head4_wappen.dds\r"""
"MPE","MPE","3726274827","gfx/coat_of_arms/.gitignore:1:*","""gfx/coat_of_arms/colored_emblems/cat_unicorn_horse1_wappen.dds\r"""
"MPE","MPE","3726274827","gfx/coat_of_arms/.gitignore:1:*","""gfx/coat_of_arms/colored_emblems/cat_unicorn_horse2_wappen.dds\r"""
"MPE","MPE","3726274827","gfx/coat_of_arms/.gitignore:1:*","""gfx/coat_of_arms/colored_emblems/cat_unicorn_horse3_wappen.dds\r"""
"MPE","MPE","3726274827","gfx/coat_of_arms/.gitignore:1:*","""gfx/coat_of_arms/colored_emblems/cat_unicorn_horse4_wappen.dds\r"""
"MPE","MPE","3726274827","gfx/coat_of_arms/.gitignore:1:*","""gfx/coat_of_arms/colored_emblems/cat_unicorn_horse5_wappen.dds\r"""
"MPE","MPE","3726274827","gfx/coat_of_arms/.gitignore:1:*","""gfx/coat_of_arms/colored_emblems/cat_unicorn_horse6_wappen.dds\r"""
"MPE","MPE","3726274827","gfx/coat_of_arms/.gitignore:1:*","""gfx/coat_of_arms/colored_emblems/cat_unicorn_horse7_wappen.dds\r"""
"MPE","MPE","3726274827","gfx/coat_of_arms/.gitignore:1:*","""gfx/coat_of_arms/colored_emblems/cat_unicorn_horse8_half_wappen.dds\r"""
"MPE","MPE","3726274827","gfx/coat_of_arms/.gitignore:1:*","""gfx/coat_of_arms/colored_emblems/cat_unicorn_horse9_half_wappen.dds\r"""
"MPE","MPE","3726274827","gfx/coat_of_arms/.gitignore:1:*","""gfx/coat_of_arms/colored_emblems/cat_usa_eagle_shield.dds\r"""
"MPE","MPE","3726274827","gfx/coat_of_arms/.gitignore:1:*","""gfx/coat_of_arms/colored_emblems/cat_usa_eagle.dds\r"""
"MPE","MPE","3726274827","gfx/coat_of_arms/.gitignore:1:*","""gfx/coat_of_arms/colored_emblems/cat_valencia_city1.dds\r"""
"MPE","MPE","3726274827","gfx/coat_of_arms/.gitignore:1:*","""gfx/coat_of_arms/colored_emblems/cat_valencia_city2.dds\r"""
"MPE","MPE","3726274827","gfx/coat_of_arms/.gitignore:1:*","""gfx/coat_of_arms/colored_emblems/cat_valencia_city3.dds\r"""
"MPE","MPE","3726274827","gfx/coat_of_arms/.gitignore:1:*","""gfx/coat_of_arms/colored_emblems/cat_valencia_city4.dds\r"""
"MPE","MPE","3726274827","gfx/coat_of_arms/.gitignore:1:*","""gfx/coat_of_arms/colored_emblems/cat_vampire_dragon_serpent.dds\r"""
"MPE","MPE","3726274827","gfx/coat_of_arms/.gitignore:1:*","""gfx/coat_of_arms/colored_emblems/cat_vandals_wheel_totalwar.dds\r"""
"MPE","MPE","3726274827","gfx/coat_of_arms/.gitignore:1:*","""gfx/coat_of_arms/colored_emblems/cat_varde_lion.dds\r"""
"MPE","MPE","3726274827","gfx/coat_of_arms/.gitignore:1:*","""gfx/coat_of_arms/colored_emblems/cat_vasa_grain.dds\r"""
"MPE","MPE","3726274827","gfx/coat_of_arms/.gitignore:1:*","""gfx/coat_of_arms/colored_emblems/cat_vasa_grain2.dds\r"""
"MPE","MPE","3726274827","gfx/coat_of_arms/.gitignore:1:*","""gfx/coat_of_arms/colored_emblems/cat_velsk_oak_barrel.dds\r"""
"MPE","MPE","3726274827","gfx/coat_of_arms/.gitignore:1:*","""gfx/coat_of_arms/colored_emblems/cat_venice_lion_book_wappen.dds\r"""
"MPE","MPE","3726274827","gfx/coat_of_arms/.gitignore:1:*","""gfx/coat_of_arms/colored_emblems/cat_venice_lion.dds\r"""
"MPE","MPE","3726274827","gfx/coat_of_arms/.gitignore:1:*","""gfx/coat_of_arms/colored_emblems/cat_venice_lion2_wappen.dds\r"""
"MPE","MPE","3726274827","gfx/coat_of_arms/.gitignore:1:*","""gfx/coat_of_arms/colored_emblems/cat_venice_lion3_wappen.dds\r"""
"MPE","MPE","3726274827","gfx/coat_of_arms/.gitignore:1:*","""gfx/coat_of_arms/colored_emblems/cat_venice_lion4_wappen.dds\r"""
"MPE","MPE","3726274827","gfx/coat_of_arms/.gitignore:1:*","""gfx/coat_of_arms/colored_emblems/cat_venice_lion5_wappen.dds\r"""
"MPE","MPE","3726274827","gfx/coat_of_arms/.gitignore:1:*","""gfx/coat_of_arms/colored_emblems/cat_venice_lion6_wappen.dds\r"""
"MPE","MPE","3726274827","gfx/coat_of_arms/.gitignore:1:*","""gfx/coat_of_arms/colored_emblems/cat_viborg_bird.dds\r"""
"MPE","MPE","3726274827","gfx/coat_of_arms/.gitignore:1:*","""gfx/coat_of_arms/colored_emblems/cat_viborg_building.dds\r"""
"MPE","MPE","3726274827","gfx/coat_of_arms/.gitignore:1:*","""gfx/coat_of_arms/colored_emblems/cat_viborg_man_a1.dds\r"""
"MPE","MPE","3726274827","gfx/coat_of_arms/.gitignore:1:*","""gfx/coat_of_arms/colored_emblems/cat_viborg_man_a2.dds\r"""
"MPE","MPE","3726274827","gfx/coat_of_arms/.gitignore:1:*","""gfx/coat_of_arms/colored_emblems/cat_viborg_man_b1.dds\r"""
"MPE","MPE","3726274827","gfx/coat_of_arms/.gitignore:1:*","""gfx/coat_of_arms/colored_emblems/cat_viborg_man_b2.dds\r"""
"MPE","MPE","3726274827","gfx/coat_of_arms/.gitignore:1:*","""gfx/coat_of_arms/colored_emblems/cat_vol_wing.dds\r"""
"MPE","MPE","3726274827","gfx/coat_of_arms/.gitignore:1:*","""gfx/coat_of_arms/colored_emblems/cat_vol_wing1_wappen.dds\r"""
"MPE","MPE","3726274827","gfx/coat_of_arms/.gitignore:1:*","""gfx/coat_of_arms/colored_emblems/cat_vol_wing2_wappen.dds\r"""
"MPE","MPE","3726274827","gfx/coat_of_arms/.gitignore:1:*","""gfx/coat_of_arms/colored_emblems/cat_vol_wing3_wappen.dds\r"""
"MPE","MPE","3726274827","gfx/coat_of_arms/.gitignore:1:*","""gfx/coat_of_arms/colored_emblems/cat_vologda_hand_sword.dds\r"""
"MPE","MPE","3726274827","gfx/coat_of_arms/.gitignore:1:*","""gfx/coat_of_arms/colored_emblems/cat_wales_feather.dds\r"""
"MPE","MPE","3726274827","gfx/coat_of_arms/.gitignore:1:*","""gfx/coat_of_arms/colored_emblems/cat_wales_feathers02.dds\r"""
"MPE","MPE","3726274827","gfx/coat_of_arms/.gitignore:1:*","""gfx/coat_of_arms/colored_emblems/cat_warhammer_40k_aquila.dds\r"""
"MPE","MPE","3726274827","gfx/coat_of_arms/.gitignore:1:*","""gfx/coat_of_arms/colored_emblems/cat_warhammer_chaos_khorne.dds\r"""
"MPE","MPE","3726274827","gfx/coat_of_arms/.gitignore:1:*","""gfx/coat_of_arms/colored_emblems/cat_warhammer_chaos_nurgle.dds\r"""
"MPE","MPE","3726274827","gfx/coat_of_arms/.gitignore:1:*","""gfx/coat_of_arms/colored_emblems/cat_warhammer_chaos_slaanesh.dds\r"""
"MPE","MPE","3726274827","gfx/coat_of_arms/.gitignore:1:*","""gfx/coat_of_arms/colored_emblems/cat_warhammer_chaos_tzeentch.dds\r"""
"MPE","MPE","3726274827","gfx/coat_of_arms/.gitignore:1:*","""gfx/coat_of_arms/colored_emblems/cat_warhammer_chaos.dds\r"""
"MPE","MPE","3726274827","gfx/coat_of_arms/.gitignore:1:*","""gfx/coat_of_arms/colored_emblems/cat_warhammer_chaos2.dds\r"""
"MPE","MPE","3726274827","gfx/coat_of_arms/.gitignore:1:*","""gfx/coat_of_arms/colored_emblems/cat_warhammer_chaos3.dds\r"""
"MPE","MPE","3726274827","gfx/coat_of_arms/.gitignore:1:*","""gfx/coat_of_arms/colored_emblems/cat_warhammer_chaos4.dds\r"""
"MPE","MPE","3726274827","gfx/coat_of_arms/.gitignore:1:*","""gfx/coat_of_arms/colored_emblems/cat_warhammer_chaos5.dds\r"""
"MPE","MPE","3726274827","gfx/coat_of_arms/.gitignore:1:*","""gfx/coat_of_arms/colored_emblems/cat_warhammer1.dds\r"""
"MPE","MPE","3726274827","gfx/coat_of_arms/.gitignore:1:*","""gfx/coat_of_arms/colored_emblems/cat_warhammer2.dds\r"""
"MPE","MPE","3726274827","gfx/coat_of_arms/.gitignore:1:*","""gfx/coat_of_arms/colored_emblems/cat_warwickshire_bear1.dds\r"""
"MPE","MPE","3726274827","gfx/coat_of_arms/.gitignore:1:*","""gfx/coat_of_arms/colored_emblems/cat_warwickshire_bear2.dds\r"""
"MPE","MPE","3726274827","gfx/coat_of_arms/.gitignore:1:*","""gfx/coat_of_arms/colored_emblems/cat_water_drop.dds\r"""
"MPE","MPE","3726274827","gfx/coat_of_arms/.gitignore:1:*","""gfx/coat_of_arms/colored_emblems/cat_wave.dds\r"""
"MPE","MPE","3726274827","gfx/coat_of_arms/.gitignore:1:*","""gfx/coat_of_arms/colored_emblems/cat_wave2.dds\r"""
"MPE","MPE","3726274827","gfx/coat_of_arms/.gitignore:1:*","""gfx/coat_of_arms/colored_emblems/cat_wave3.dds\r"""
"MPE","MPE","3726274827","gfx/coat_of_arms/.gitignore:1:*","""gfx/coat_of_arms/colored_emblems/cat_wave4.dds\r"""
"MPE","MPE","3726274827","gfx/coat_of_arms/.gitignore:1:*","""gfx/coat_of_arms/colored_emblems/cat_wave5.dds\r"""
"MPE","MPE","3726274827","gfx/coat_of_arms/.gitignore:1:*","""gfx/coat_of_arms/colored_emblems/cat_weasel_rampant.dds\r"""
"MPE","MPE","3726274827","gfx/coat_of_arms/.gitignore:1:*","""gfx/coat_of_arms/colored_emblems/cat_weasel02.dds\r"""
"MPE","MPE","3726274827","gfx/coat_of_arms/.gitignore:1:*","""gfx/coat_of_arms/colored_emblems/cat_weasel03.dds\r"""
"MPE","MPE","3726274827","gfx/coat_of_arms/.gitignore:1:*","""gfx/coat_of_arms/colored_emblems/cat_well_yekaterinburg.dds\r"""
"MPE","MPE","3726274827","gfx/coat_of_arms/.gitignore:1:*","""gfx/coat_of_arms/colored_emblems/cat_well.dds\r"""
"MPE","MPE","3726274827","gfx/coat_of_arms/.gitignore:1:*","""gfx/coat_of_arms/colored_emblems/cat_wends_dragon.dds\r"""
"MPE","MPE","3726274827","gfx/coat_of_arms/.gitignore:1:*","""gfx/coat_of_arms/colored_emblems/cat_wheat_grain1.dds\r"""
"MPE","MPE","3726274827","gfx/coat_of_arms/.gitignore:1:*","""gfx/coat_of_arms/colored_emblems/cat_wheat_grain2_wappen.dds\r"""
"MPE","MPE","3726274827","gfx/coat_of_arms/.gitignore:1:*","""gfx/coat_of_arms/colored_emblems/cat_wheat_grain2.dds\r"""
"MPE","MPE","3726274827","gfx/coat_of_arms/.gitignore:1:*","""gfx/coat_of_arms/colored_emblems/cat_wheel_frederiksvaerk.dds\r"""
"MPE","MPE","3726274827","gfx/coat_of_arms/.gitignore:1:*","""gfx/coat_of_arms/colored_emblems/cat_wheel_mainz_wappen.dds\r"""
"MPE","MPE","3726274827","gfx/coat_of_arms/.gitignore:1:*","""gfx/coat_of_arms/colored_emblems/cat_wheel_wappen.dds\r"""
"MPE","MPE","3726274827","gfx/coat_of_arms/.gitignore:1:*","""gfx/coat_of_arms/colored_emblems/cat_wheel2_wappen.dds\r"""
"MPE","MPE","3726274827","gfx/coat_of_arms/.gitignore:1:*","""gfx/coat_of_arms/colored_emblems/cat_wheel4_wappen.dds\r"""
"MPE","MPE","3726274827","gfx/coat_of_arms/.gitignore:1:*","""gfx/coat_of_arms/colored_emblems/cat_whell_frederiksvaerk.dds\r"""
"MPE","MPE","3726274827","gfx/coat_of_arms/.gitignore:1:*","""gfx/coat_of_arms/colored_emblems/cat_whip_wappen.dds\r"""
"MPE","MPE","3726274827","gfx/coat_of_arms/.gitignore:1:*","""gfx/coat_of_arms/colored_emblems/cat_whip2_wappen.dds\r"""
"MPE","MPE","3726274827","gfx/coat_of_arms/.gitignore:1:*","""gfx/coat_of_arms/colored_emblems/cat_wild_man.dds\r"""
"MPE","MPE","3726274827","gfx/coat_of_arms/.gitignore:1:*","""gfx/coat_of_arms/colored_emblems/cat_wild_man2.dds\r"""
"MPE","MPE","3726274827","gfx/coat_of_arms/.gitignore:1:*","""gfx/coat_of_arms/colored_emblems/cat_windmill.dds\r"""
"MPE","MPE","3726274827","gfx/coat_of_arms/.gitignore:1:*","""gfx/coat_of_arms/colored_emblems/cat_windmill2.dds\r"""
"MPE","MPE","3726274827","gfx/coat_of_arms/.gitignore:1:*","""gfx/coat_of_arms/colored_emblems/cat_window1_wappen.dds\r"""
"MPE","MPE","3726274827","gfx/coat_of_arms/.gitignore:1:*","""gfx/coat_of_arms/colored_emblems/cat_window2_wappen.dds\r"""
"MPE","MPE","3726274827","gfx/coat_of_arms/.gitignore:1:*","""gfx/coat_of_arms/colored_emblems/cat_window3_wappen.dds\r"""
"MPE","MPE","3726274827","gfx/coat_of_arms/.gitignore:1:*","""gfx/coat_of_arms/colored_emblems/cat_wing_vol_hand1_wappen.dds\r"""
"MPE","MPE","3726274827","gfx/coat_of_arms/.gitignore:1:*","""gfx/coat_of_arms/colored_emblems/cat_wing_vol_hand2_sword_wappen.dds\r"""
"MPE","MPE","3726274827","gfx/coat_of_arms/.gitignore:1:*","""gfx/coat_of_arms/colored_emblems/cat_wing_vol_hand3_sword_wappen.dds\r"""
"MPE","MPE","3726274827","gfx/coat_of_arms/.gitignore:1:*","""gfx/coat_of_arms/colored_emblems/cat_wing_vol_hand4_wappen.dds\r"""
"MPE","MPE","3726274827","gfx/coat_of_arms/.gitignore:1:*","""gfx/coat_of_arms/colored_emblems/cat_wing_vol_hand4_wappenwiki.dds\r"""
"MPE","MPE","3726274827","gfx/coat_of_arms/.gitignore:1:*","""gfx/coat_of_arms/colored_emblems/cat_wing_vol_hand5_wappen.dds\r"""
"MPE","MPE","3726274827","gfx/coat_of_arms/.gitignore:1:*","""gfx/coat_of_arms/colored_emblems/cat_wing_vol_hand5_wappenwiki.dds\r"""
"MPE","MPE","3726274827","gfx/coat_of_arms/.gitignore:1:*","""gfx/coat_of_arms/colored_emblems/cat_wing_vol_wappen.dds\r"""
"MPE","MPE","3726274827","gfx/coat_of_arms/.gitignore:1:*","""gfx/coat_of_arms/colored_emblems/cat_wing_vol1.dds\r"""
"MPE","MPE","3726274827","gfx/coat_of_arms/.gitignore:1:*","""gfx/coat_of_arms/colored_emblems/cat_wing_vol10_cat_wappen.dds\r"""
"MPE","MPE","3726274827","gfx/coat_of_arms/.gitignore:1:*","""gfx/coat_of_arms/colored_emblems/cat_wing_vol11_wappen.dds\r"""
"MPE","MPE","3726274827","gfx/coat_of_arms/.gitignore:1:*","""gfx/coat_of_arms/colored_emblems/cat_wing_vol2_wappen.dds\r"""
"MPE","MPE","3726274827","gfx/coat_of_arms/.gitignore:1:*","""gfx/coat_of_arms/colored_emblems/cat_wing_vol3_boned_wappen.dds\r"""
"MPE","MPE","3726274827","gfx/coat_of_arms/.gitignore:1:*","""gfx/coat_of_arms/colored_emblems/cat_wing_vol3_wappen.dds\r"""
"MPE","MPE","3726274827","gfx/coat_of_arms/.gitignore:1:*","""gfx/coat_of_arms/colored_emblems/cat_wing_vol4_wappen.dds\r"""
"MPE","MPE","3726274827","gfx/coat_of_arms/.gitignore:1:*","""gfx/coat_of_arms/colored_emblems/cat_wing_vol5_wappen.dds\r"""
"MPE","MPE","3726274827","gfx/coat_of_arms/.gitignore:1:*","""gfx/coat_of_arms/colored_emblems/cat_wing_vol6_wappen.dds\r"""
"MPE","MPE","3726274827","gfx/coat_of_arms/.gitignore:1:*","""gfx/coat_of_arms/colored_emblems/cat_wing_vol7_wappen.dds\r"""
"MPE","MPE","3726274827","gfx/coat_of_arms/.gitignore:1:*","""gfx/coat_of_arms/colored_emblems/cat_wing_vol8.dds\r"""
"MPE","MPE","3726274827","gfx/coat_of_arms/.gitignore:1:*","""gfx/coat_of_arms/colored_emblems/cat_wing_vol9_wappen.dds\r"""
"MPE","MPE","3726274827","gfx/coat_of_arms/.gitignore:1:*","""gfx/coat_of_arms/colored_emblems/cat_wing.dds\r"""
"MPE","MPE","3726274827","gfx/coat_of_arms/.gitignore:1:*","""gfx/coat_of_arms/colored_emblems/cat_wing2.dds\r"""
"MPE","MPE","3726274827","gfx/coat_of_arms/.gitignore:1:*","""gfx/coat_of_arms/colored_emblems/cat_wing3.dds\r"""
"MPE","MPE","3726274827","gfx/coat_of_arms/.gitignore:1:*","""gfx/coat_of_arms/colored_emblems/cat_wolf_head_wappen.dds\r"""
"MPE","MPE","3726274827","gfx/coat_of_arms/.gitignore:1:*","""gfx/coat_of_arms/colored_emblems/cat_wolf_passant.dds\r"""
"MPE","MPE","3726274827","gfx/coat_of_arms/.gitignore:1:*","""gfx/coat_of_arms/colored_emblems/cat_wolf_passau.dds\r"""
"MPE","MPE","3726274827","gfx/coat_of_arms/.gitignore:1:*","""gfx/coat_of_arms/colored_emblems/cat_wolf_roma_totalwar.dds\r"""
"MPE","MPE","3726274827","gfx/coat_of_arms/.gitignore:1:*","""gfx/coat_of_arms/colored_emblems/cat_wolf_sheep_wappen.dds\r"""
"MPE","MPE","3726274827","gfx/coat_of_arms/.gitignore:1:*","""gfx/coat_of_arms/colored_emblems/cat_wolf_totalwar.dds\r"""
"MPE","MPE","3726274827","gfx/coat_of_arms/.gitignore:1:*","""gfx/coat_of_arms/colored_emblems/cat_wolf_wappen.dds\r"""
"MPE","MPE","3726274827","gfx/coat_of_arms/.gitignore:1:*","""gfx/coat_of_arms/colored_emblems/cat_wolf10_wappen.dds\r"""
"MPE","MPE","3726274827","gfx/coat_of_arms/.gitignore:1:*","""gfx/coat_of_arms/colored_emblems/cat_wolf11_wappen.dds\r"""
"MPE","MPE","3726274827","gfx/coat_of_arms/.gitignore:1:*","""gfx/coat_of_arms/colored_emblems/cat_wolf2_wappen.dds\r"""
"MPE","MPE","3726274827","gfx/coat_of_arms/.gitignore:1:*","""gfx/coat_of_arms/colored_emblems/cat_wolf3_duck_wappen.dds\r"""
"MPE","MPE","3726274827","gfx/coat_of_arms/.gitignore:1:*","""gfx/coat_of_arms/colored_emblems/cat_wolf4_sword_wappen.dds\r"""
"MPE","MPE","3726274827","gfx/coat_of_arms/.gitignore:1:*","""gfx/coat_of_arms/colored_emblems/cat_wolf5_sword_wappen.dds\r"""
"MPE","MPE","3726274827","gfx/coat_of_arms/.gitignore:1:*","""gfx/coat_of_arms/colored_emblems/cat_wolf6_holding_wappen.dds\r"""
"MPE","MPE","3726274827","gfx/coat_of_arms/.gitignore:1:*","""gfx/coat_of_arms/colored_emblems/cat_wolf7_wappen.dds\r"""
"MPE","MPE","3726274827","gfx/coat_of_arms/.gitignore:1:*","""gfx/coat_of_arms/colored_emblems/cat_wolf8_wappen.dds\r"""
"MPE","MPE","3726274827","gfx/coat_of_arms/.gitignore:1:*","""gfx/coat_of_arms/colored_emblems/cat_wolf9_wappen.dds\r"""
"MPE","MPE","3726274827","gfx/coat_of_arms/.gitignore:1:*","""gfx/coat_of_arms/colored_emblems/cat_woman_body_wappen.dds\r"""
"MPE","MPE","3726274827","gfx/coat_of_arms/.gitignore:1:*","""gfx/coat_of_arms/colored_emblems/cat_woman_face_wappen.dds\r"""
"MPE","MPE","3726274827","gfx/coat_of_arms/.gitignore:1:*","""gfx/coat_of_arms/colored_emblems/cat_woman_head.dds\r"""
"MPE","MPE","3726274827","gfx/coat_of_arms/.gitignore:1:*","""gfx/coat_of_arms/colored_emblems/cat_woman_head2_wappen.dds\r"""
"MPE","MPE","3726274827","gfx/coat_of_arms/.gitignore:1:*","""gfx/coat_of_arms/colored_emblems/cat_woman_swrod_wappen.dds\r"""
"MPE","MPE","3726274827","gfx/coat_of_arms/.gitignore:1:*","""gfx/coat_of_arms/colored_emblems/cat_woman.dds\r"""
"MPE","MPE","3726274827","gfx/coat_of_arms/.gitignore:1:*","""gfx/coat_of_arms/colored_emblems/cat_woman10_sitting_wappen.dds\r"""
"MPE","MPE","3726274827","gfx/coat_of_arms/.gitignore:1:*","""gfx/coat_of_arms/colored_emblems/cat_woman2_up.dds\r"""
"MPE","MPE","3726274827","gfx/coat_of_arms/.gitignore:1:*","""gfx/coat_of_arms/colored_emblems/cat_woman2.dds\r"""
"MPE","MPE","3726274827","gfx/coat_of_arms/.gitignore:1:*","""gfx/coat_of_arms/colored_emblems/cat_woman3_up.dds\r"""
"MPE","MPE","3726274827","gfx/coat_of_arms/.gitignore:1:*","""gfx/coat_of_arms/colored_emblems/cat_woman3.dds\r"""
"MPE","MPE","3726274827","gfx/coat_of_arms/.gitignore:1:*","""gfx/coat_of_arms/colored_emblems/cat_woman4.dds\r"""
"MPE","MPE","3726274827","gfx/coat_of_arms/.gitignore:1:*","""gfx/coat_of_arms/colored_emblems/cat_woman5.dds\r"""
"MPE","MPE","3726274827","gfx/coat_of_arms/.gitignore:1:*","""gfx/coat_of_arms/colored_emblems/cat_woman6.dds\r"""
"MPE","MPE","3726274827","gfx/coat_of_arms/.gitignore:1:*","""gfx/coat_of_arms/colored_emblems/cat_woman7.dds\r"""
"MPE","MPE","3726274827","gfx/coat_of_arms/.gitignore:1:*","""gfx/coat_of_arms/colored_emblems/cat_woman8.dds\r"""
"MPE","MPE","3726274827","gfx/coat_of_arms/.gitignore:1:*","""gfx/coat_of_arms/colored_emblems/cat_woman9.dds\r"""
"MPE","MPE","3726274827","gfx/coat_of_arms/.gitignore:1:*","""gfx/coat_of_arms/colored_emblems/cat_wow_horde.dds\r"""
"MPE","MPE","3726274827","gfx/coat_of_arms/.gitignore:1:*","""gfx/coat_of_arms/colored_emblems/cat_wow_lordaeron.dds\r"""
"MPE","MPE","3726274827","gfx/coat_of_arms/.gitignore:1:*","""gfx/coat_of_arms/colored_emblems/cat_wow_stormwind.dds\r"""
"MPE","MPE","3726274827","gfx/coat_of_arms/.gitignore:1:*","""gfx/coat_of_arms/colored_emblems/cat_wyvern_bornholm.dds\r"""
"MPE","MPE","3726274827","gfx/coat_of_arms/.gitignore:1:*","""gfx/coat_of_arms/colored_emblems/cat_wyvern_bornholm2.dds\r"""
"MPE","MPE","3726274827","gfx/coat_of_arms/.gitignore:1:*","""gfx/coat_of_arms/colored_emblems/cat_wyvern_totalwar.dds\r"""
"MPE","MPE","3726274827","gfx/coat_of_arms/.gitignore:1:*","""gfx/coat_of_arms/colored_emblems/cat_wyvern2_totalwar.dds\r"""
"MPE","MPE","3726274827","gfx/coat_of_arms/.gitignore:1:*","""gfx/coat_of_arms/colored_emblems/cat_wyvern3_totalwar.dds\r"""
"MPE","MPE","3726274827","gfx/coat_of_arms/.gitignore:1:*","""gfx/coat_of_arms/colored_emblems/cat_youjo_senki_double_dragon.dds\r"""
"MPE","MPE","3726274827","gfx/coat_of_arms/.gitignore:1:*","""gfx/coat_of_arms/colored_emblems/cat_zaporozhian_angel1.dds\r"""
"MPE","MPE","3726274827","gfx/coat_of_arms/.gitignore:1:*","""gfx/coat_of_arms/colored_emblems/cat_zaporozhian_angel2.dds\r"""
"MPE","MPE","3726274827","gfx/coat_of_arms/.gitignore:1:*","""gfx/coat_of_arms/colored_emblems/cat_zaporozhian_dragon.dds\r"""
"MPE","MPE","3726274827","gfx/coat_of_arms/.gitignore:1:*","""gfx/coat_of_arms/colored_emblems/cat_zaporozkoho_man_cossack1.dds\r"""
"MPE","MPE","3726274827","gfx/coat_of_arms/.gitignore:1:*","""gfx/coat_of_arms/colored_emblems/cat_zaporozkoho_man_cossack2_gun.dds\r"""
"MPE","MPE","3726274827","gfx/coat_of_arms/.gitignore:1:*","""gfx/coat_of_arms/colored_emblems/cat_zaporozkoho_man_cossack3.dds\r"""
"MPE","MPE","3726274827","gfx/coat_of_arms/.gitignore:1:*","""gfx/coat_of_arms/colored_emblems/cat_zaslawye_rus.dds\r"""
"MPE","MPE","3726274827","gfx/coat_of_arms/.gitignore:1:*","""gfx/coat_of_arms/colored_emblems/cat_zolotonosha_cross_fire.dds\r"""
"MPE","MPE","3726274827","gfx/coat_of_arms/.gitignore:1:*","""gfx/coat_of_arms/colored_emblems/cat-ural_tamgha.dds\r"""
"MPE","MPE","3726274827","gfx/coat_of_arms/.gitignore:1:*","""gfx/coat_of_arms/colored_emblems/ce_acorn_surrey.dds\r"""
"MPE","MPE","3726274827","gfx/coat_of_arms/.gitignore:1:*","""gfx/coat_of_arms/colored_emblems/ce_airavantha_01.dds\r"""
"MPE","MPE","3726274827","gfx/coat_of_arms/.gitignore:1:*","""gfx/coat_of_arms/colored_emblems/ce_airavata_01.dds\r"""
"MPE","MPE","3726274827","gfx/coat_of_arms/.gitignore:1:*","""gfx/coat_of_arms/colored_emblems/ce_airlangga_01.dds\r"""
"MPE","MPE","3726274827","gfx/coat_of_arms/.gitignore:1:*","""gfx/coat_of_arms/colored_emblems/ce_airlangga_02.dds\r"""
"MPE","MPE","3726274827","gfx/coat_of_arms/.gitignore:1:*","""gfx/coat_of_arms/colored_emblems/ce_alsace.dds\r"""
"MPE","MPE","3726274827","gfx/coat_of_arms/.gitignore:1:*","""gfx/coat_of_arms/colored_emblems/ce_anchor_kola.dds\r"""
"MPE","MPE","3726274827","gfx/coat_of_arms/.gitignore:1:*","""gfx/coat_of_arms/colored_emblems/ce_anchor_narvik.dds\r"""
"MPE","MPE","3726274827","gfx/coat_of_arms/.gitignore:1:*","""gfx/coat_of_arms/colored_emblems/ce_anchor_odessa.dds\r"""
"MPE","MPE","3726274827","gfx/coat_of_arms/.gitignore:1:*","""gfx/coat_of_arms/colored_emblems/ce_angel_minsk_01.dds\r"""
"MPE","MPE","3726274827","gfx/coat_of_arms/.gitignore:1:*","""gfx/coat_of_arms/colored_emblems/ce_angel_minsk_02.dds\r"""
"MPE","MPE","3726274827","gfx/coat_of_arms/.gitignore:1:*","""gfx/coat_of_arms/colored_emblems/ce_angel_minsk_03.dds\r"""
"MPE","MPE","3726274827","gfx/coat_of_arms/.gitignore:1:*","""gfx/coat_of_arms/colored_emblems/ce_anxi.dds\r"""
"MPE","MPE","3726274827","gfx/coat_of_arms/.gitignore:1:*","""gfx/coat_of_arms/colored_emblems/ce_arabic_basmala.png\r"""
"MPE","MPE","3726274827","gfx/coat_of_arms/.gitignore:1:*","""gfx/coat_of_arms/colored_emblems/ce_arabic_shahada_circle.png\r"""
"MPE","MPE","3726274827","gfx/coat_of_arms/.gitignore:1:*","""gfx/coat_of_arms/colored_emblems/ce_arakan_01.dds\r"""
"MPE","MPE","3726274827","gfx/coat_of_arms/.gitignore:1:*","""gfx/coat_of_arms/colored_emblems/ce_arit.dds\r"""
"MPE","MPE","3726274827","gfx/coat_of_arms/.gitignore:1:*","""gfx/coat_of_arms/colored_emblems/ce_arm_connacht.dds\r"""
"MPE","MPE","3726274827","gfx/coat_of_arms/.gitignore:1:*","""gfx/coat_of_arms/colored_emblems/ce_arm_karelia.dds\r"""
"MPE","MPE","3726274827","gfx/coat_of_arms/.gitignore:1:*","""gfx/coat_of_arms/colored_emblems/ce_arm_parnu.dds\r"""
"MPE","MPE","3726274827","gfx/coat_of_arms/.gitignore:1:*","""gfx/coat_of_arms/colored_emblems/ce_arm_thomond.dds\r"""
"MPE","MPE","3726274827","gfx/coat_of_arms/.gitignore:1:*","""gfx/coat_of_arms/colored_emblems/ce_arm_viena.dds\r"""
"MPE","MPE","3726274827","gfx/coat_of_arms/.gitignore:1:*","""gfx/coat_of_arms/colored_emblems/ce_arm_vologda.dds\r"""
"MPE","MPE","3726274827","gfx/coat_of_arms/.gitignore:1:*","""gfx/coat_of_arms/colored_emblems/ce_arm_westmorland.dds\r"""
"MPE","MPE","3726274827","gfx/coat_of_arms/.gitignore:1:*","""gfx/coat_of_arms/colored_emblems/ce_armenian_apostolic_logo.dds\r"""
"MPE","MPE","3726274827","gfx/coat_of_arms/.gitignore:1:*","""gfx/coat_of_arms/colored_emblems/ce_athens.png\r"""
"MPE","MPE","3726274827","gfx/coat_of_arms/.gitignore:1:*","""gfx/coat_of_arms/colored_emblems/ce_austisland.dds\r"""
"MPE","MPE","3726274827","gfx/coat_of_arms/.gitignore:1:*","""gfx/coat_of_arms/colored_emblems/ce_axe_gudbrandsdalir.dds\r"""
"MPE","MPE","3726274827","gfx/coat_of_arms/.gitignore:1:*","""gfx/coat_of_arms/colored_emblems/ce_axe_hedmark.dds\r"""
"MPE","MPE","3726274827","gfx/coat_of_arms/.gitignore:1:*","""gfx/coat_of_arms/colored_emblems/ce_axe_hordaland.dds\r"""
"MPE","MPE","3726274827","gfx/coat_of_arms/.gitignore:1:*","""gfx/coat_of_arms/colored_emblems/ce_axe_telemark.dds\r"""
"MPE","MPE","3726274827","gfx/coat_of_arms/.gitignore:1:*","""gfx/coat_of_arms/colored_emblems/ce_ayyubid.dds\r"""
"MPE","MPE","3726274827","gfx/coat_of_arms/.gitignore:1:*","""gfx/coat_of_arms/colored_emblems/ce_badger_shenkursk.dds\r"""
"MPE","MPE","3726274827","gfx/coat_of_arms/.gitignore:1:*","""gfx/coat_of_arms/colored_emblems/ce_bagrationi.png\r"""
"MPE","MPE","3726274827","gfx/coat_of_arms/.gitignore:1:*","""gfx/coat_of_arms/colored_emblems/ce_bagrationi2.png\r"""
"MPE","MPE","3726274827","gfx/coat_of_arms/.gitignore:1:*","""gfx/coat_of_arms/colored_emblems/ce_bai_1.dds\r"""
"MPE","MPE","3726274827","gfx/coat_of_arms/.gitignore:1:*","""gfx/coat_of_arms/colored_emblems/ce_bai_10.dds\r"""
"MPE","MPE","3726274827","gfx/coat_of_arms/.gitignore:1:*","""gfx/coat_of_arms/colored_emblems/ce_bai_11.dds\r"""
"MPE","MPE","3726274827","gfx/coat_of_arms/.gitignore:1:*","""gfx/coat_of_arms/colored_emblems/ce_bai_12.dds\r"""
"MPE","MPE","3726274827","gfx/coat_of_arms/.gitignore:1:*","""gfx/coat_of_arms/colored_emblems/ce_bai_13.dds\r"""
"MPE","MPE","3726274827","gfx/coat_of_arms/.gitignore:1:*","""gfx/coat_of_arms/colored_emblems/ce_bai_14.dds\r"""
"MPE","MPE","3726274827","gfx/coat_of_arms/.gitignore:1:*","""gfx/coat_of_arms/colored_emblems/ce_bai_15.dds\r"""
"MPE","MPE","3726274827","gfx/coat_of_arms/.gitignore:1:*","""gfx/coat_of_arms/colored_emblems/ce_bai_16.dds\r"""
"MPE","MPE","3726274827","gfx/coat_of_arms/.gitignore:1:*","""gfx/coat_of_arms/colored_emblems/ce_bai_17.dds\r"""
"MPE","MPE","3726274827","gfx/coat_of_arms/.gitignore:1:*","""gfx/coat_of_arms/colored_emblems/ce_bai_18.dds\r"""
"MPE","MPE","3726274827","gfx/coat_of_arms/.gitignore:1:*","""gfx/coat_of_arms/colored_emblems/ce_bai_19.dds\r"""
"MPE","MPE","3726274827","gfx/coat_of_arms/.gitignore:1:*","""gfx/coat_of_arms/colored_emblems/ce_bai_2.dds\r"""
"MPE","MPE","3726274827","gfx/coat_of_arms/.gitignore:1:*","""gfx/coat_of_arms/colored_emblems/ce_bai_20.dds\r"""
"MPE","MPE","3726274827","gfx/coat_of_arms/.gitignore:1:*","""gfx/coat_of_arms/colored_emblems/ce_bai_21.dds\r"""
"MPE","MPE","3726274827","gfx/coat_of_arms/.gitignore:1:*","""gfx/coat_of_arms/colored_emblems/ce_bai_22.dds\r"""
"MPE","MPE","3726274827","gfx/coat_of_arms/.gitignore:1:*","""gfx/coat_of_arms/colored_emblems/ce_bai_23.dds\r"""
"MPE","MPE","3726274827","gfx/coat_of_arms/.gitignore:1:*","""gfx/coat_of_arms/colored_emblems/ce_bai_24.dds\r"""
"MPE","MPE","3726274827","gfx/coat_of_arms/.gitignore:1:*","""gfx/coat_of_arms/colored_emblems/ce_bai_25.dds\r"""
"MPE","MPE","3726274827","gfx/coat_of_arms/.gitignore:1:*","""gfx/coat_of_arms/colored_emblems/ce_bai_3.dds\r"""
"MPE","MPE","3726274827","gfx/coat_of_arms/.gitignore:1:*","""gfx/coat_of_arms/colored_emblems/ce_bai_4.dds\r"""
"MPE","MPE","3726274827","gfx/coat_of_arms/.gitignore:1:*","""gfx/coat_of_arms/colored_emblems/ce_bai_5.dds\r"""
"MPE","MPE","3726274827","gfx/coat_of_arms/.gitignore:1:*","""gfx/coat_of_arms/colored_emblems/ce_bai_6.dds\r"""
"MPE","MPE","3726274827","gfx/coat_of_arms/.gitignore:1:*","""gfx/coat_of_arms/colored_emblems/ce_bai_7.dds\r"""
"MPE","MPE","3726274827","gfx/coat_of_arms/.gitignore:1:*","""gfx/coat_of_arms/colored_emblems/ce_bai_8.dds\r"""
"MPE","MPE","3726274827","gfx/coat_of_arms/.gitignore:1:*","""gfx/coat_of_arms/colored_emblems/ce_bai_9.dds\r"""
"MPE","MPE","3726274827","gfx/coat_of_arms/.gitignore:1:*","""gfx/coat_of_arms/colored_emblems/ce_bali_omkara_01.dds\r"""
"MPE","MPE","3726274827","gfx/coat_of_arms/.gitignore:1:*","""gfx/coat_of_arms/colored_emblems/ce_bar_alsace_alt.dds\r"""
"MPE","MPE","3726274827","gfx/coat_of_arms/.gitignore:1:*","""gfx/coat_of_arms/colored_emblems/ce_bar_alsace.dds\r"""
"MPE","MPE","3726274827","gfx/coat_of_arms/.gitignore:1:*","""gfx/coat_of_arms/colored_emblems/ce_bar_amiens.dds\r"""
"MPE","MPE","3726274827","gfx/coat_of_arms/.gitignore:1:*","""gfx/coat_of_arms/colored_emblems/ce_bar_briey.dds\r"""
"MPE","MPE","3726274827","gfx/coat_of_arms/.gitignore:1:*","""gfx/coat_of_arms/colored_emblems/ce_bar_champagne.dds\r"""
"MPE","MPE","3726274827","gfx/coat_of_arms/.gitignore:1:*","""gfx/coat_of_arms/colored_emblems/ce_bar_gael.dds\r"""
"MPE","MPE","3726274827","gfx/coat_of_arms/.gitignore:1:*","""gfx/coat_of_arms/colored_emblems/ce_bar_hauteville.dds\r"""
"MPE","MPE","3726274827","gfx/coat_of_arms/.gitignore:1:*","""gfx/coat_of_arms/colored_emblems/ce_bar_kassel.dds\r"""
"MPE","MPE","3726274827","gfx/coat_of_arms/.gitignore:1:*","""gfx/coat_of_arms/colored_emblems/ce_bar_lais.dds\r"""
"MPE","MPE","3726274827","gfx/coat_of_arms/.gitignore:1:*","""gfx/coat_of_arms/colored_emblems/ce_bar_mayenne.dds\r"""
"MPE","MPE","3726274827","gfx/coat_of_arms/.gitignore:1:*","""gfx/coat_of_arms/colored_emblems/ce_bar_moray_1.dds\r"""
"MPE","MPE","3726274827","gfx/coat_of_arms/.gitignore:1:*","""gfx/coat_of_arms/colored_emblems/ce_bar_moray_2.dds\r"""
"MPE","MPE","3726274827","gfx/coat_of_arms/.gitignore:1:*","""gfx/coat_of_arms/colored_emblems/ce_bar_moray.dds\r"""
"MPE","MPE","3726274827","gfx/coat_of_arms/.gitignore:1:*","""gfx/coat_of_arms/colored_emblems/ce_bar_munster.dds\r"""
"MPE","MPE","3726274827","gfx/coat_of_arms/.gitignore:1:*","""gfx/coat_of_arms/colored_emblems/ce_bar_northumberland.dds\r"""
"MPE","MPE","3726274827","gfx/coat_of_arms/.gitignore:1:*","""gfx/coat_of_arms/colored_emblems/ce_bar_tikhvin.dds\r"""
"MPE","MPE","3726274827","gfx/coat_of_arms/.gitignore:1:*","""gfx/coat_of_arms/colored_emblems/ce_bar_valencia_1.dds\r"""
"MPE","MPE","3726274827","gfx/coat_of_arms/.gitignore:1:*","""gfx/coat_of_arms/colored_emblems/ce_bar_valencia_2.dds\r"""
"MPE","MPE","3726274827","gfx/coat_of_arms/.gitignore:1:*","""gfx/coat_of_arms/colored_emblems/ce_bar_valencia_3.dds\r"""
"MPE","MPE","3726274827","gfx/coat_of_arms/.gitignore:1:*","""gfx/coat_of_arms/colored_emblems/ce_bar_wettin.dds\r"""
"MPE","MPE","3726274827","gfx/coat_of_arms/.gitignore:1:*","""gfx/coat_of_arms/colored_emblems/ce_baratheon.png\r"""
"MPE","MPE","3726274827","gfx/coat_of_arms/.gitignore:1:*","""gfx/coat_of_arms/colored_emblems/ce_barrel_velsk.dds\r"""
"MPE","MPE","3726274827","gfx/coat_of_arms/.gitignore:1:*","""gfx/coat_of_arms/colored_emblems/ce_batak_flag.dds\r"""
"MPE","MPE","3726274827","gfx/coat_of_arms/.gitignore:1:*","""gfx/coat_of_arms/colored_emblems/ce_batok_centipede_1.dds\r"""
"MPE","MPE","3726274827","gfx/coat_of_arms/.gitignore:1:*","""gfx/coat_of_arms/colored_emblems/ce_batok_compass_1.dds\r"""
"MPE","MPE","3726274827","gfx/coat_of_arms/.gitignore:1:*","""gfx/coat_of_arms/colored_emblems/ce_batok_compass_2.dds\r"""
"MPE","MPE","3726274827","gfx/coat_of_arms/.gitignore:1:*","""gfx/coat_of_arms/colored_emblems/ce_batok_compass_3.dds\r"""
"MPE","MPE","3726274827","gfx/coat_of_arms/.gitignore:1:*","""gfx/coat_of_arms/colored_emblems/ce_batok_eagle_1.dds\r"""
"MPE","MPE","3726274827","gfx/coat_of_arms/.gitignore:1:*","""gfx/coat_of_arms/colored_emblems/ce_batok_eagle_2.dds\r"""
"MPE","MPE","3726274827","gfx/coat_of_arms/.gitignore:1:*","""gfx/coat_of_arms/colored_emblems/ce_batok_fern_2.dds\r"""
"MPE","MPE","3726274827","gfx/coat_of_arms/.gitignore:1:*","""gfx/coat_of_arms/colored_emblems/ce_batok_fern.dds\r"""
"MPE","MPE","3726274827","gfx/coat_of_arms/.gitignore:1:*","""gfx/coat_of_arms/colored_emblems/ce_batok_scorpion_1.dds\r"""
"MPE","MPE","3726274827","gfx/coat_of_arms/.gitignore:1:*","""gfx/coat_of_arms/colored_emblems/ce_batok_scorpion_2.dds\r"""
"MPE","MPE","3726274827","gfx/coat_of_arms/.gitignore:1:*","""gfx/coat_of_arms/colored_emblems/ce_bayan_tree.dds\r"""
"MPE","MPE","3726274827","gfx/coat_of_arms/.gitignore:1:*","""gfx/coat_of_arms/colored_emblems/ce_baybayin_a.dds\r"""
"MPE","MPE","3726274827","gfx/coat_of_arms/.gitignore:1:*","""gfx/coat_of_arms/colored_emblems/ce_baybayin_ba.dds\r"""
"MPE","MPE","3726274827","gfx/coat_of_arms/.gitignore:1:*","""gfx/coat_of_arms/colored_emblems/ce_baybayin_da.dds\r"""
"MPE","MPE","3726274827","gfx/coat_of_arms/.gitignore:1:*","""gfx/coat_of_arms/colored_emblems/ce_baybayin_e.dds\r"""
"MPE","MPE","3726274827","gfx/coat_of_arms/.gitignore:1:*","""gfx/coat_of_arms/colored_emblems/ce_baybayin_ga.dds\r"""
"MPE","MPE","3726274827","gfx/coat_of_arms/.gitignore:1:*","""gfx/coat_of_arms/colored_emblems/ce_baybayin_ha.dds\r"""
"MPE","MPE","3726274827","gfx/coat_of_arms/.gitignore:1:*","""gfx/coat_of_arms/colored_emblems/ce_baybayin_ka.dds\r"""
"MPE","MPE","3726274827","gfx/coat_of_arms/.gitignore:1:*","""gfx/coat_of_arms/colored_emblems/ce_baybayin_la.dds\r"""
"MPE","MPE","3726274827","gfx/coat_of_arms/.gitignore:1:*","""gfx/coat_of_arms/colored_emblems/ce_baybayin_ma.dds\r"""
"MPE","MPE","3726274827","gfx/coat_of_arms/.gitignore:1:*","""gfx/coat_of_arms/colored_emblems/ce_baybayin_na.dds\r"""
"MPE","MPE","3726274827","gfx/coat_of_arms/.gitignore:1:*","""gfx/coat_of_arms/colored_emblems/ce_baybayin_nga.dds\r"""
"MPE","MPE","3726274827","gfx/coat_of_arms/.gitignore:1:*","""gfx/coat_of_arms/colored_emblems/ce_baybayin_o.dds\r"""
"MPE","MPE","3726274827","gfx/coat_of_arms/.gitignore:1:*","""gfx/coat_of_arms/colored_emblems/ce_baybayin_pa.dds\r"""
"MPE","MPE","3726274827","gfx/coat_of_arms/.gitignore:1:*","""gfx/coat_of_arms/colored_emblems/ce_baybayin_sa.dds\r"""
"MPE","MPE","3726274827","gfx/coat_of_arms/.gitignore:1:*","""gfx/coat_of_arms/colored_emblems/ce_baybayin_ta.dds\r"""
"MPE","MPE","3726274827","gfx/coat_of_arms/.gitignore:1:*","""gfx/coat_of_arms/colored_emblems/ce_baybayin_wa.dds\r"""
"MPE","MPE","3726274827","gfx/coat_of_arms/.gitignore:1:*","""gfx/coat_of_arms/colored_emblems/ce_baybayin_ya.dds\r"""
"MPE","MPE","3726274827","gfx/coat_of_arms/.gitignore:1:*","""gfx/coat_of_arms/colored_emblems/ce_bear_berlin.dds\r"""
"MPE","MPE","3726274827","gfx/coat_of_arms/.gitignore:1:*","""gfx/coat_of_arms/colored_emblems/ce_bear_karelia.dds\r"""
"MPE","MPE","3726274827","gfx/coat_of_arms/.gitignore:1:*","""gfx/coat_of_arms/colored_emblems/ce_bear_lyubim.dds\r"""
"MPE","MPE","3726274827","gfx/coat_of_arms/.gitignore:1:*","""gfx/coat_of_arms/colored_emblems/ce_bear_madrid.dds\r"""
"MPE","MPE","3726274827","gfx/coat_of_arms/.gitignore:1:*","""gfx/coat_of_arms/colored_emblems/ce_bear_satakunta.dds\r"""
"MPE","MPE","3726274827","gfx/coat_of_arms/.gitignore:1:*","""gfx/coat_of_arms/colored_emblems/ce_bear_smolensk_01.dds\r"""
"MPE","MPE","3726274827","gfx/coat_of_arms/.gitignore:1:*","""gfx/coat_of_arms/colored_emblems/ce_bear_smolensk_02.dds\r"""
"MPE","MPE","3726274827","gfx/coat_of_arms/.gitignore:1:*","""gfx/coat_of_arms/colored_emblems/ce_bear_torne.dds\r"""
"MPE","MPE","3726274827","gfx/coat_of_arms/.gitignore:1:*","""gfx/coat_of_arms/colored_emblems/ce_bear_warwick.dds\r"""
"MPE","MPE","3726274827","gfx/coat_of_arms/.gitignore:1:*","""gfx/coat_of_arms/colored_emblems/ce_bends_bezichi.dds\r"""
"MPE","MPE","3726274827","gfx/coat_of_arms/.gitignore:1:*","""gfx/coat_of_arms/colored_emblems/ce_berg.dds\r"""
"MPE","MPE","3726274827","gfx/coat_of_arms/.gitignore:1:*","""gfx/coat_of_arms/colored_emblems/ce_bezichi.dds\r"""
"MPE","MPE","3726274827","gfx/coat_of_arms/.gitignore:1:*","""gfx/coat_of_arms/colored_emblems/ce_bimo_01.dds\r"""
"MPE","MPE","3726274827","gfx/coat_of_arms/.gitignore:1:*","""gfx/coat_of_arms/colored_emblems/ce_bird_aunis.dds\r"""
"MPE","MPE","3726274827","gfx/coat_of_arms/.gitignore:1:*","""gfx/coat_of_arms/colored_emblems/ce_bird_aviovara.dds\r"""
"MPE","MPE","3726274827","gfx/coat_of_arms/.gitignore:1:*","""gfx/coat_of_arms/colored_emblems/ce_bird_helgum.dds\r"""
"MPE","MPE","3726274827","gfx/coat_of_arms/.gitignore:1:*","""gfx/coat_of_arms/colored_emblems/ce_bird_ostfriesland.dds\r"""
"MPE","MPE","3726274827","gfx/coat_of_arms/.gitignore:1:*","""gfx/coat_of_arms/colored_emblems/ce_bird_pravia.dds\r"""
"MPE","MPE","3726274827","gfx/coat_of_arms/.gitignore:1:*","""gfx/coat_of_arms/colored_emblems/ce_bird_villach.dds\r"""
"MPE","MPE","3726274827","gfx/coat_of_arms/.gitignore:1:*","""gfx/coat_of_arms/colored_emblems/ce_bird_zuera.dds\r"""
"MPE","MPE","3726274827","gfx/coat_of_arms/.gitignore:1:*","""gfx/coat_of_arms/colored_emblems/ce_boar_benevento.dds\r"""
"MPE","MPE","3726274827","gfx/coat_of_arms/.gitignore:1:*","""gfx/coat_of_arms/colored_emblems/ce_boar_powys.dds\r"""
"MPE","MPE","3726274827","gfx/coat_of_arms/.gitignore:1:*","""gfx/coat_of_arms/colored_emblems/ce_bolt_jokkmokk.dds\r"""
"MPE","MPE","3726274827","gfx/coat_of_arms/.gitignore:1:*","""gfx/coat_of_arms/colored_emblems/ce_book_heraldic.dds\r"""
"MPE","MPE","3726274827","gfx/coat_of_arms/.gitignore:1:*","""gfx/coat_of_arms/colored_emblems/ce_book.dds\r"""
"MPE","MPE","3726274827","gfx/coat_of_arms/.gitignore:1:*","""gfx/coat_of_arms/colored_emblems/ce_boraspati_01.dds\r"""
"MPE","MPE","3726274827","gfx/coat_of_arms/.gitignore:1:*","""gfx/coat_of_arms/colored_emblems/ce_border_circle.dds\r"""
"MPE","MPE","3726274827","gfx/coat_of_arms/.gitignore:1:*","""gfx/coat_of_arms/colored_emblems/ce_border_shield_berkshire.dds\r"""
"MPE","MPE","3726274827","gfx/coat_of_arms/.gitignore:1:*","""gfx/coat_of_arms/colored_emblems/ce_border_shield_broad.dds\r"""
"MPE","MPE","3726274827","gfx/coat_of_arms/.gitignore:1:*","""gfx/coat_of_arms/colored_emblems/ce_border_shield_dijon.dds\r"""
"MPE","MPE","3726274827","gfx/coat_of_arms/.gitignore:1:*","""gfx/coat_of_arms/colored_emblems/ce_border_shield_salerno.dds\r"""
"MPE","MPE","3726274827","gfx/coat_of_arms/.gitignore:1:*","""gfx/coat_of_arms/colored_emblems/ce_borobudur.dds\r"""
"MPE","MPE","3726274827","gfx/coat_of_arms/.gitignore:1:*","""gfx/coat_of_arms/colored_emblems/ce_bow_cossack.dds\r"""
"MPE","MPE","3726274827","gfx/coat_of_arms/.gitignore:1:*","""gfx/coat_of_arms/colored_emblems/ce_bow_luki.dds\r"""
"MPE","MPE","3726274827","gfx/coat_of_arms/.gitignore:1:*","""gfx/coat_of_arms/colored_emblems/ce_bow_pinsk.dds\r"""
"MPE","MPE","3726274827","gfx/coat_of_arms/.gitignore:1:*","""gfx/coat_of_arms/colored_emblems/ce_bow_sarinena.dds\r"""
"MPE","MPE","3726274827","gfx/coat_of_arms/.gitignore:1:*","""gfx/coat_of_arms/colored_emblems/ce_bow_savo.dds\r"""
"MPE","MPE","3726274827","gfx/coat_of_arms/.gitignore:1:*","""gfx/coat_of_arms/colored_emblems/ce_bridge_vorbasse.dds\r"""
"MPE","MPE","3726274827","gfx/coat_of_arms/.gitignore:1:*","""gfx/coat_of_arms/colored_emblems/ce_buddha.dds\r"""
"MPE","MPE","3726274827","gfx/coat_of_arms/.gitignore:1:*","""gfx/coat_of_arms/colored_emblems/ce_bull_bearn.dds\r"""
"MPE","MPE","3726274827","gfx/coat_of_arms/.gitignore:1:*","""gfx/coat_of_arms/colored_emblems/ce_bull_canavese.dds\r"""
"MPE","MPE","3726274827","gfx/coat_of_arms/.gitignore:1:*","""gfx/coat_of_arms/colored_emblems/ce_bull_dal.dds\r"""
"MPE","MPE","3726274827","gfx/coat_of_arms/.gitignore:1:*","""gfx/coat_of_arms/colored_emblems/ce_bull_dobrudja.dds\r"""
"MPE","MPE","3726274827","gfx/coat_of_arms/.gitignore:1:*","""gfx/coat_of_arms/colored_emblems/ce_bull_grodno.dds\r"""
"MPE","MPE","3726274827","gfx/coat_of_arms/.gitignore:1:*","""gfx/coat_of_arms/colored_emblems/ce_bull_mecklenburg.dds\r"""
"MPE","MPE","3726274827","gfx/coat_of_arms/.gitignore:1:*","""gfx/coat_of_arms/colored_emblems/ce_burgos.dds\r"""
"MPE","MPE","3726274827","gfx/coat_of_arms/.gitignore:1:*","""gfx/coat_of_arms/colored_emblems/ce_butuan_seal_01.dds\r"""
"MPE","MPE","3726274827","gfx/coat_of_arms/.gitignore:1:*","""gfx/coat_of_arms/colored_emblems/ce_calvary_cross.dds\r"""
"MPE","MPE","3726274827","gfx/coat_of_arms/.gitignore:1:*","""gfx/coat_of_arms/colored_emblems/ce_candi_01.dds\r"""
"MPE","MPE","3726274827","gfx/coat_of_arms/.gitignore:1:*","""gfx/coat_of_arms/colored_emblems/ce_candi_02.dds\r"""
"MPE","MPE","3726274827","gfx/coat_of_arms/.gitignore:1:*","""gfx/coat_of_arms/colored_emblems/ce_candle_swiecie.dds\r"""
"MPE","MPE","3726274827","gfx/coat_of_arms/.gitignore:1:*","""gfx/coat_of_arms/colored_emblems/ce_canton.dds\r"""
"MPE","MPE","3726274827","gfx/coat_of_arms/.gitignore:1:*","""gfx/coat_of_arms/colored_emblems/ce_castle_aalborg.dds\r"""
"MPE","MPE","3726274827","gfx/coat_of_arms/.gitignore:1:*","""gfx/coat_of_arms/colored_emblems/ce_castle_albi.dds\r"""
"MPE","MPE","3726274827","gfx/coat_of_arms/.gitignore:1:*","""gfx/coat_of_arms/colored_emblems/ce_castle_antwerp.dds\r"""
"MPE","MPE","3726274827","gfx/coat_of_arms/.gitignore:1:*","""gfx/coat_of_arms/colored_emblems/ce_castle_avranches.dds\r"""
"MPE","MPE","3726274827","gfx/coat_of_arms/.gitignore:1:*","""gfx/coat_of_arms/colored_emblems/ce_castle_boden.dds\r"""
"MPE","MPE","3726274827","gfx/coat_of_arms/.gitignore:1:*","""gfx/coat_of_arms/colored_emblems/ce_castle_bordeaux.dds\r"""
"MPE","MPE","3726274827","gfx/coat_of_arms/.gitignore:1:*","""gfx/coat_of_arms/colored_emblems/ce_castle_castille_pattern.dds\r"""
"MPE","MPE","3726274827","gfx/coat_of_arms/.gitignore:1:*","""gfx/coat_of_arms/colored_emblems/ce_castle_castille.dds\r"""
"MPE","MPE","3726274827","gfx/coat_of_arms/.gitignore:1:*","""gfx/coat_of_arms/colored_emblems/ce_castle_choklema.dds\r"""
"MPE","MPE","3726274827","gfx/coat_of_arms/.gitignore:1:*","""gfx/coat_of_arms/colored_emblems/ce_castle_copenhagen_01.dds\r"""
"MPE","MPE","3726274827","gfx/coat_of_arms/.gitignore:1:*","""gfx/coat_of_arms/colored_emblems/ce_castle_copenhagen_02.dds\r"""
"MPE","MPE","3726274827","gfx/coat_of_arms/.gitignore:1:*","""gfx/coat_of_arms/colored_emblems/ce_castle_damascus.dds\r"""
"MPE","MPE","3726274827","gfx/coat_of_arms/.gitignore:1:*","""gfx/coat_of_arms/colored_emblems/ce_castle_dublin.dds\r"""
"MPE","MPE","3726274827","gfx/coat_of_arms/.gitignore:1:*","""gfx/coat_of_arms/colored_emblems/ce_castle_durn.dds\r"""
"MPE","MPE","3726274827","gfx/coat_of_arms/.gitignore:1:*","""gfx/coat_of_arms/colored_emblems/ce_castle_eichstatt.dds\r"""
"MPE","MPE","3726274827","gfx/coat_of_arms/.gitignore:1:*","""gfx/coat_of_arms/colored_emblems/ce_castle_finnmark.dds\r"""
"MPE","MPE","3726274827","gfx/coat_of_arms/.gitignore:1:*","""gfx/coat_of_arms/colored_emblems/ce_castle_flag.dds\r"""
"MPE","MPE","3726274827","gfx/coat_of_arms/.gitignore:1:*","""gfx/coat_of_arms/colored_emblems/ce_castle_frontenhausen.dds\r"""
"MPE","MPE","3726274827","gfx/coat_of_arms/.gitignore:1:*","""gfx/coat_of_arms/colored_emblems/ce_castle_geisenhausen.dds\r"""
"MPE","MPE","3726274827","gfx/coat_of_arms/.gitignore:1:*","""gfx/coat_of_arms/colored_emblems/ce_castle_innsbruck.dds\r"""
"MPE","MPE","3726274827","gfx/coat_of_arms/.gitignore:1:*","""gfx/coat_of_arms/colored_emblems/ce_castle_jonkopings.dds\r"""
"MPE","MPE","3726274827","gfx/coat_of_arms/.gitignore:1:*","""gfx/coat_of_arms/colored_emblems/ce_castle_kexholm.dds\r"""
"MPE","MPE","3726274827","gfx/coat_of_arms/.gitignore:1:*","""gfx/coat_of_arms/colored_emblems/ce_castle_krakow.dds\r"""
"MPE","MPE","3726274827","gfx/coat_of_arms/.gitignore:1:*","""gfx/coat_of_arms/colored_emblems/ce_castle_linz.dds\r"""
"MPE","MPE","3726274827","gfx/coat_of_arms/.gitignore:1:*","""gfx/coat_of_arms/colored_emblems/ce_castle_litomerice.dds\r"""
"MPE","MPE","3726274827","gfx/coat_of_arms/.gitignore:1:*","""gfx/coat_of_arms/colored_emblems/ce_castle_mallorca.dds\r"""
"MPE","MPE","3726274827","gfx/coat_of_arms/.gitignore:1:*","""gfx/coat_of_arms/colored_emblems/ce_castle_melun.dds\r"""
"MPE","MPE","3726274827","gfx/coat_of_arms/.gitignore:1:*","""gfx/coat_of_arms/colored_emblems/ce_castle_murzzuschlag.dds\r"""
"MPE","MPE","3726274827","gfx/coat_of_arms/.gitignore:1:*","""gfx/coat_of_arms/colored_emblems/ce_castle_novgorod.dds\r"""
"MPE","MPE","3726274827","gfx/coat_of_arms/.gitignore:1:*","""gfx/coat_of_arms/colored_emblems/ce_castle_pest.dds\r"""
"MPE","MPE","3726274827","gfx/coat_of_arms/.gitignore:1:*","""gfx/coat_of_arms/colored_emblems/ce_castle_porto.dds\r"""
"MPE","MPE","3726274827","gfx/coat_of_arms/.gitignore:1:*","""gfx/coat_of_arms/colored_emblems/ce_castle_prague.dds\r"""
"MPE","MPE","3726274827","gfx/coat_of_arms/.gitignore:1:*","""gfx/coat_of_arms/colored_emblems/ce_castle_provins.dds\r"""
"MPE","MPE","3726274827","gfx/coat_of_arms/.gitignore:1:*","""gfx/coat_of_arms/colored_emblems/ce_castle_quercy.dds\r"""
"MPE","MPE","3726274827","gfx/coat_of_arms/.gitignore:1:*","""gfx/coat_of_arms/colored_emblems/ce_castle_saumur.dds\r"""
"MPE","MPE","3726274827","gfx/coat_of_arms/.gitignore:1:*","""gfx/coat_of_arms/colored_emblems/ce_castle_sens.dds\r"""
"MPE","MPE","3726274827","gfx/coat_of_arms/.gitignore:1:*","""gfx/coat_of_arms/colored_emblems/ce_castle_speyer.dds\r"""
"MPE","MPE","3726274827","gfx/coat_of_arms/.gitignore:1:*","""gfx/coat_of_arms/colored_emblems/ce_castle_tanzmitlaibach.dds\r"""
"MPE","MPE","3726274827","gfx/coat_of_arms/.gitignore:1:*","""gfx/coat_of_arms/colored_emblems/ce_castle_tartu.dds\r"""
"MPE","MPE","3726274827","gfx/coat_of_arms/.gitignore:1:*","""gfx/coat_of_arms/colored_emblems/ce_castle_zatec.dds\r"""
"MPE","MPE","3726274827","gfx/coat_of_arms/.gitignore:1:*","""gfx/coat_of_arms/colored_emblems/ce_castle_zhytomyr.dds\r"""
"MPE","MPE","3726274827","gfx/coat_of_arms/.gitignore:1:*","""gfx/coat_of_arms/colored_emblems/ce_cat_eagle_orthodox03.dds\r"""
"MPE","MPE","3726274827","gfx/coat_of_arms/.gitignore:1:*","""gfx/coat_of_arms/colored_emblems/ce_cat_hre_sceptre_wappen.dds\r"""
"MPE","MPE","3726274827","gfx/coat_of_arms/.gitignore:1:*","""gfx/coat_of_arms/colored_emblems/ce_cat_ship_Illyria.dds\r"""
"MPE","MPE","3726274827","gfx/coat_of_arms/.gitignore:1:*","""gfx/coat_of_arms/colored_emblems/ce_cat_sun_macedonia2.dds\r"""
"MPE","MPE","3726274827","gfx/coat_of_arms/.gitignore:1:*","""gfx/coat_of_arms/colored_emblems/ce_catnap_1.dds\r"""
"MPE","MPE","3726274827","gfx/coat_of_arms/.gitignore:1:*","""gfx/coat_of_arms/colored_emblems/ce_catnap_2.dds\r"""
"MPE","MPE","3726274827","gfx/coat_of_arms/.gitignore:1:*","""gfx/coat_of_arms/colored_emblems/ce_caveja.dds\r"""
"MPE","MPE","3726274827","gfx/coat_of_arms/.gitignore:1:*","""gfx/coat_of_arms/colored_emblems/ce_ceilteach.dds\r"""
"MPE","MPE","3726274827","gfx/coat_of_arms/.gitignore:1:*","""gfx/coat_of_arms/colored_emblems/ce_centaur_candia.dds\r"""
"MPE","MPE","3726274827","gfx/coat_of_arms/.gitignore:1:*","""gfx/coat_of_arms/colored_emblems/ce_chain_navarre.dds\r"""
"MPE","MPE","3726274827","gfx/coat_of_arms/.gitignore:1:*","""gfx/coat_of_arms/colored_emblems/ce_check_triple.dds\r"""
"MPE","MPE","3726274827","gfx/coat_of_arms/.gitignore:1:*","""gfx/coat_of_arms/colored_emblems/ce_checkers_indented_01.dds\r"""
"MPE","MPE","3726274827","gfx/coat_of_arms/.gitignore:1:*","""gfx/coat_of_arms/colored_emblems/ce_checkers_indented_02.dds\r"""
"MPE","MPE","3726274827","gfx/coat_of_arms/.gitignore:1:*","""gfx/coat_of_arms/colored_emblems/ce_checkers_indented.dds\r"""
"MPE","MPE","3726274827","gfx/coat_of_arms/.gitignore:1:*","""gfx/coat_of_arms/colored_emblems/ce_cherven.dds\r"""
"MPE","MPE","3726274827","gfx/coat_of_arms/.gitignore:1:*","""gfx/coat_of_arms/colored_emblems/ce_chevron_gloucester_alt.dds\r"""
"MPE","MPE","3726274827","gfx/coat_of_arms/.gitignore:1:*","""gfx/coat_of_arms/colored_emblems/ce_chevron_gloucester.dds\r"""
"MPE","MPE","3726274827","gfx/coat_of_arms/.gitignore:1:*","""gfx/coat_of_arms/colored_emblems/ce_chevron_thin.dds\r"""
"MPE","MPE","3726274827","gfx/coat_of_arms/.gitignore:1:*","""gfx/coat_of_arms/colored_emblems/ce_chevron.dds\r"""
"MPE","MPE","3726274827","gfx/coat_of_arms/.gitignore:1:*","""gfx/coat_of_arms/colored_emblems/ce_chicken_gallura.dds\r"""
"MPE","MPE","3726274827","gfx/coat_of_arms/.gitignore:1:*","""gfx/coat_of_arms/colored_emblems/ce_chicken_versailles.dds\r"""
"MPE","MPE","3726274827","gfx/coat_of_arms/.gitignore:1:*","""gfx/coat_of_arms/colored_emblems/ce_chinese_chicken.dds\r"""
"MPE","MPE","3726274827","gfx/coat_of_arms/.gitignore:1:*","""gfx/coat_of_arms/colored_emblems/ce_chinese_conch.dds\r"""
"MPE","MPE","3726274827","gfx/coat_of_arms/.gitignore:1:*","""gfx/coat_of_arms/colored_emblems/ce_chinese_crane.dds\r"""
"MPE","MPE","3726274827","gfx/coat_of_arms/.gitignore:1:*","""gfx/coat_of_arms/colored_emblems/ce_chinese_dove.dds\r"""
"MPE","MPE","3726274827","gfx/coat_of_arms/.gitignore:1:*","""gfx/coat_of_arms/colored_emblems/ce_chinese_dragon_1.dds\r"""
"MPE","MPE","3726274827","gfx/coat_of_arms/.gitignore:1:*","""gfx/coat_of_arms/colored_emblems/ce_chinese_dragon_2.dds\r"""
"MPE","MPE","3726274827","gfx/coat_of_arms/.gitignore:1:*","""gfx/coat_of_arms/colored_emblems/ce_chinese_fan.dds\r"""
"MPE","MPE","3726274827","gfx/coat_of_arms/.gitignore:1:*","""gfx/coat_of_arms/colored_emblems/ce_chinese_fish_1.dds\r"""
"MPE","MPE","3726274827","gfx/coat_of_arms/.gitignore:1:*","""gfx/coat_of_arms/colored_emblems/ce_chinese_fish_2.dds\r"""
"MPE","MPE","3726274827","gfx/coat_of_arms/.gitignore:1:*","""gfx/coat_of_arms/colored_emblems/ce_chinese_horse.dds\r"""
"MPE","MPE","3726274827","gfx/coat_of_arms/.gitignore:1:*","""gfx/coat_of_arms/colored_emblems/ce_chinese_lotus.dds\r"""
"MPE","MPE","3726274827","gfx/coat_of_arms/.gitignore:1:*","""gfx/coat_of_arms/colored_emblems/ce_chinese_monkey.dds\r"""
"MPE","MPE","3726274827","gfx/coat_of_arms/.gitignore:1:*","""gfx/coat_of_arms/colored_emblems/ce_chinese_pagoda_1.dds\r"""
"MPE","MPE","3726274827","gfx/coat_of_arms/.gitignore:1:*","""gfx/coat_of_arms/colored_emblems/ce_chinese_rabbit.dds\r"""
"MPE","MPE","3726274827","gfx/coat_of_arms/.gitignore:1:*","""gfx/coat_of_arms/colored_emblems/ce_chinese_scroll.dds\r"""
"MPE","MPE","3726274827","gfx/coat_of_arms/.gitignore:1:*","""gfx/coat_of_arms/colored_emblems/ce_chinese_seal_1.dds\r"""
"MPE","MPE","3726274827","gfx/coat_of_arms/.gitignore:1:*","""gfx/coat_of_arms/colored_emblems/ce_chinese_seal_2.dds\r"""
"MPE","MPE","3726274827","gfx/coat_of_arms/.gitignore:1:*","""gfx/coat_of_arms/colored_emblems/ce_chinese_seal_3.dds\r"""
"MPE","MPE","3726274827","gfx/coat_of_arms/.gitignore:1:*","""gfx/coat_of_arms/colored_emblems/ce_chinese_seal_4.dds\r"""
"MPE","MPE","3726274827","gfx/coat_of_arms/.gitignore:1:*","""gfx/coat_of_arms/colored_emblems/ce_chinese_snake_1.dds\r"""
"MPE","MPE","3726274827","gfx/coat_of_arms/.gitignore:1:*","""gfx/coat_of_arms/colored_emblems/ce_chinese_snake_2.dds\r"""
"MPE","MPE","3726274827","gfx/coat_of_arms/.gitignore:1:*","""gfx/coat_of_arms/colored_emblems/ce_chinese_tiger.dds\r"""
"MPE","MPE","3726274827","gfx/coat_of_arms/.gitignore:1:*","""gfx/coat_of_arms/colored_emblems/ce_chinese_turtle.dds\r"""
"MPE","MPE","3726274827","gfx/coat_of_arms/.gitignore:1:*","""gfx/coat_of_arms/colored_emblems/ce_chuhan_an.dds\r"""
"MPE","MPE","3726274827","gfx/coat_of_arms/.gitignore:1:*","""gfx/coat_of_arms/colored_emblems/ce_chuhan_changhe.dds\r"""
"MPE","MPE","3726274827","gfx/coat_of_arms/.gitignore:1:*","""gfx/coat_of_arms/colored_emblems/ce_chuhan_co.dds\r"""
"MPE","MPE","3726274827","gfx/coat_of_arms/.gitignore:1:*","""gfx/coat_of_arms/colored_emblems/ce_chuhan_dai.dds\r"""
"MPE","MPE","3726274827","gfx/coat_of_arms/.gitignore:1:*","""gfx/coat_of_arms/colored_emblems/ce_chuhan_dali.dds\r"""
"MPE","MPE","3726274827","gfx/coat_of_arms/.gitignore:1:*","""gfx/coat_of_arms/colored_emblems/ce_chuhan_duan.dds\r"""
"MPE","MPE","3726274827","gfx/coat_of_arms/.gitignore:1:*","""gfx/coat_of_arms/colored_emblems/ce_chuhan_hai.dds\r"""
"MPE","MPE","3726274827","gfx/coat_of_arms/.gitignore:1:*","""gfx/coat_of_arms/colored_emblems/ce_chuhan_li.dds\r"""
"MPE","MPE","3726274827","gfx/coat_of_arms/.gitignore:1:*","""gfx/coat_of_arms/colored_emblems/ce_chuhan_ly.dds\r"""
"MPE","MPE","3726274827","gfx/coat_of_arms/.gitignore:1:*","""gfx/coat_of_arms/colored_emblems/ce_chuhan_nam.dds\r"""
"MPE","MPE","3726274827","gfx/coat_of_arms/.gitignore:1:*","""gfx/coat_of_arms/colored_emblems/ce_chuhan_tang.dds\r"""
"MPE","MPE","3726274827","gfx/coat_of_arms/.gitignore:1:*","""gfx/coat_of_arms/colored_emblems/ce_chuhan_tianxing.dds\r"""
"MPE","MPE","3726274827","gfx/coat_of_arms/.gitignore:1:*","""gfx/coat_of_arms/colored_emblems/ce_chuhan_tinh.dds\r"""
"MPE","MPE","3726274827","gfx/coat_of_arms/.gitignore:1:*","""gfx/coat_of_arms/colored_emblems/ce_chuhan_tran.dds\r"""
"MPE","MPE","3726274827","gfx/coat_of_arms/.gitignore:1:*","""gfx/coat_of_arms/colored_emblems/ce_chuhan_viet.dds\r"""
"MPE","MPE","3726274827","gfx/coat_of_arms/.gitignore:1:*","""gfx/coat_of_arms/colored_emblems/ce_chuhan_wang.dds\r"""
"MPE","MPE","3726274827","gfx/coat_of_arms/.gitignore:1:*","""gfx/coat_of_arms/colored_emblems/ce_chuhan_wu.dds\r"""
"MPE","MPE","3726274827","gfx/coat_of_arms/.gitignore:1:*","""gfx/coat_of_arms/colored_emblems/ce_chuhan_yining.dds\r"""
"MPE","MPE","3726274827","gfx/coat_of_arms/.gitignore:1:*","""gfx/coat_of_arms/colored_emblems/ce_chuhan_zhang_40.dds\r"""
"MPE","MPE","3726274827","gfx/coat_of_arms/.gitignore:1:*","""gfx/coat_of_arms/colored_emblems/ce_chuhan_zhang.dds\r"""
"MPE","MPE","3726274827","gfx/coat_of_arms/.gitignore:1:*","""gfx/coat_of_arms/colored_emblems/ce_chuhan_zhao.dds\r"""
"MPE","MPE","3726274827","gfx/coat_of_arms/.gitignore:1:*","""gfx/coat_of_arms/colored_emblems/ce_chuhan_zheng.dds\r"""
"MPE","MPE","3726274827","gfx/coat_of_arms/.gitignore:1:*","""gfx/coat_of_arms/colored_emblems/ce_chuhannam_dinh.dds\r"""
"MPE","MPE","3726274827","gfx/coat_of_arms/.gitignore:1:*","""gfx/coat_of_arms/colored_emblems/ce_chuhannom_khuc.dds\r"""
"MPE","MPE","3726274827","gfx/coat_of_arms/.gitignore:1:*","""gfx/coat_of_arms/colored_emblems/ce_chuhannom_le.dds\r"""
"MPE","MPE","3726274827","gfx/coat_of_arms/.gitignore:1:*","""gfx/coat_of_arms/colored_emblems/ce_chuhannom_ly.dds\r"""
"MPE","MPE","3726274827","gfx/coat_of_arms/.gitignore:1:*","""gfx/coat_of_arms/colored_emblems/ce_chuhannom_ngo.dds\r"""
"MPE","MPE","3726274827","gfx/coat_of_arms/.gitignore:1:*","""gfx/coat_of_arms/colored_emblems/ce_church_koutajoki.dds\r"""
"MPE","MPE","3726274827","gfx/coat_of_arms/.gitignore:1:*","""gfx/coat_of_arms/colored_emblems/ce_church_leibnitz.dds\r"""
"MPE","MPE","3726274827","gfx/coat_of_arms/.gitignore:1:*","""gfx/coat_of_arms/colored_emblems/ce_church_skara.dds\r"""
"MPE","MPE","3726274827","gfx/coat_of_arms/.gitignore:1:*","""gfx/coat_of_arms/colored_emblems/ce_cinquefoil_leicester.dds\r"""
"MPE","MPE","3726274827","gfx/coat_of_arms/.gitignore:1:*","""gfx/coat_of_arms/colored_emblems/ce_cinquefoil_orleans.dds\r"""
"MPE","MPE","3726274827","gfx/coat_of_arms/.gitignore:1:*","""gfx/coat_of_arms/colored_emblems/ce_circle_cornwall.dds\r"""
"MPE","MPE","3726274827","gfx/coat_of_arms/.gitignore:1:*","""gfx/coat_of_arms/colored_emblems/ce_clam_bedford.dds\r"""
"MPE","MPE","3726274827","gfx/coat_of_arms/.gitignore:1:*","""gfx/coat_of_arms/colored_emblems/ce_coa_eagle_double.dds\r"""
"MPE","MPE","3726274827","gfx/coat_of_arms/.gitignore:1:*","""gfx/coat_of_arms/colored_emblems/ce_coin_chartres.dds\r"""
"MPE","MPE","3726274827","gfx/coat_of_arms/.gitignore:1:*","""gfx/coat_of_arms/colored_emblems/ce_crancelin_wettin.dds\r"""
"MPE","MPE","3726274827","gfx/coat_of_arms/.gitignore:1:*","""gfx/coat_of_arms/colored_emblems/ce_crawdaddy_cottbus.dds\r"""
"MPE","MPE","3726274827","gfx/coat_of_arms/.gitignore:1:*","""gfx/coat_of_arms/colored_emblems/ce_crescent_acre.dds\r"""
"MPE","MPE","3726274827","gfx/coat_of_arms/.gitignore:1:*","""gfx/coat_of_arms/colored_emblems/ce_crescent_africa.dds\r"""
"MPE","MPE","3726274827","gfx/coat_of_arms/.gitignore:1:*","""gfx/coat_of_arms/colored_emblems/ce_crescent_dokkum.dds\r"""
"MPE","MPE","3726274827","gfx/coat_of_arms/.gitignore:1:*","""gfx/coat_of_arms/colored_emblems/ce_crescent_egypt_alt_1.dds\r"""
"MPE","MPE","3726274827","gfx/coat_of_arms/.gitignore:1:*","""gfx/coat_of_arms/colored_emblems/ce_crescent_egypt_alt.dds\r"""
"MPE","MPE","3726274827","gfx/coat_of_arms/.gitignore:1:*","""gfx/coat_of_arms/colored_emblems/ce_crescent_egypt.dds\r"""
"MPE","MPE","3726274827","gfx/coat_of_arms/.gitignore:1:*","""gfx/coat_of_arms/colored_emblems/ce_crosier.dds\r"""
"MPE","MPE","3726274827","gfx/coat_of_arms/.gitignore:1:*","""gfx/coat_of_arms/colored_emblems/ce_cross_achaea.dds\r"""
"MPE","MPE","3726274827","gfx/coat_of_arms/.gitignore:1:*","""gfx/coat_of_arms/colored_emblems/ce_cross_aragon.dds\r"""
"MPE","MPE","3726274827","gfx/coat_of_arms/.gitignore:1:*","""gfx/coat_of_arms/colored_emblems/ce_cross_burgundy.dds\r"""
"MPE","MPE","3726274827","gfx/coat_of_arms/.gitignore:1:*","""gfx/coat_of_arms/colored_emblems/ce_cross_calabria.dds\r"""
"MPE","MPE","3726274827","gfx/coat_of_arms/.gitignore:1:*","""gfx/coat_of_arms/colored_emblems/ce_cross_calatrava.dds\r"""
"MPE","MPE","3726274827","gfx/coat_of_arms/.gitignore:1:*","""gfx/coat_of_arms/colored_emblems/ce_cross_canterbury.dds\r"""
"MPE","MPE","3726274827","gfx/coat_of_arms/.gitignore:1:*","""gfx/coat_of_arms/colored_emblems/ce_cross_jerusalem_alt.dds\r"""
"MPE","MPE","3726274827","gfx/coat_of_arms/.gitignore:1:*","""gfx/coat_of_arms/colored_emblems/ce_cross_jerusalem.dds\r"""
"MPE","MPE","3726274827","gfx/coat_of_arms/.gitignore:1:*","""gfx/coat_of_arms/colored_emblems/ce_cross_kinda.dds\r"""
"MPE","MPE","3726274827","gfx/coat_of_arms/.gitignore:1:*","""gfx/coat_of_arms/colored_emblems/ce_cross_latin_empire_filled.dds\r"""
"MPE","MPE","3726274827","gfx/coat_of_arms/.gitignore:1:*","""gfx/coat_of_arms/colored_emblems/ce_cross_latin_empire.dds\r"""
"MPE","MPE","3726274827","gfx/coat_of_arms/.gitignore:1:*","""gfx/coat_of_arms/colored_emblems/ce_cross_lorraine.dds\r"""
"MPE","MPE","3726274827","gfx/coat_of_arms/.gitignore:1:*","""gfx/coat_of_arms/colored_emblems/ce_cross_malta.dds\r"""
"MPE","MPE","3726274827","gfx/coat_of_arms/.gitignore:1:*","""gfx/coat_of_arms/colored_emblems/ce_cross_midtregauldal.dds\r"""
"MPE","MPE","3726274827","gfx/coat_of_arms/.gitignore:1:*","""gfx/coat_of_arms/colored_emblems/ce_cross_mustasaari.dds\r"""
"MPE","MPE","3726274827","gfx/coat_of_arms/.gitignore:1:*","""gfx/coat_of_arms/colored_emblems/ce_cross_norway.dds\r"""
"MPE","MPE","3726274827","gfx/coat_of_arms/.gitignore:1:*","""gfx/coat_of_arms/colored_emblems/ce_cross_occitan.dds\r"""
"MPE","MPE","3726274827","gfx/coat_of_arms/.gitignore:1:*","""gfx/coat_of_arms/colored_emblems/ce_cross_pisa.dds\r"""
"MPE","MPE","3726274827","gfx/coat_of_arms/.gitignore:1:*","""gfx/coat_of_arms/colored_emblems/ce_cross_rogaland.dds\r"""
"MPE","MPE","3726274827","gfx/coat_of_arms/.gitignore:1:*","""gfx/coat_of_arms/colored_emblems/ce_cross_santiago.dds\r"""
"MPE","MPE","3726274827","gfx/coat_of_arms/.gitignore:1:*","""gfx/coat_of_arms/colored_emblems/ce_cross_templar.dds\r"""
"MPE","MPE","3726274827","gfx/coat_of_arms/.gitignore:1:*","""gfx/coat_of_arms/colored_emblems/ce_cross_tripoli.dds\r"""
"MPE","MPE","3726274827","gfx/coat_of_arms/.gitignore:1:*","""gfx/coat_of_arms/colored_emblems/ce_cross_wessex.dds\r"""
"MPE","MPE","3726274827","gfx/coat_of_arms/.gitignore:1:*","""gfx/coat_of_arms/colored_emblems/ce_crown_byzantine.dds\r"""
"MPE","MPE","3726274827","gfx/coat_of_arms/.gitignore:1:*","""gfx/coat_of_arms/colored_emblems/ce_crown_capua.dds\r"""
"MPE","MPE","3726274827","gfx/coat_of_arms/.gitignore:1:*","""gfx/coat_of_arms/colored_emblems/ce_crown_croatia.dds\r"""
"MPE","MPE","3726274827","gfx/coat_of_arms/.gitignore:1:*","""gfx/coat_of_arms/colored_emblems/ce_crown_dalabergslagen.dds\r"""
"MPE","MPE","3726274827","gfx/coat_of_arms/.gitignore:1:*","""gfx/coat_of_arms/colored_emblems/ce_crown_denmark_triple.dds\r"""
"MPE","MPE","3726274827","gfx/coat_of_arms/.gitignore:1:*","""gfx/coat_of_arms/colored_emblems/ce_crown_denmark.dds\r"""
"MPE","MPE","3726274827","gfx/coat_of_arms/.gitignore:1:*","""gfx/coat_of_arms/colored_emblems/ce_crown_mecklenburg.dds\r"""
"MPE","MPE","3726274827","gfx/coat_of_arms/.gitignore:1:*","""gfx/coat_of_arms/colored_emblems/ce_crown_munster.dds\r"""
"MPE","MPE","3726274827","gfx/coat_of_arms/.gitignore:1:*","""gfx/coat_of_arms/colored_emblems/ce_crown_poland.dds\r"""
"MPE","MPE","3726274827","gfx/coat_of_arms/.gitignore:1:*","""gfx/coat_of_arms/colored_emblems/ce_crown_saxon.dds\r"""
"MPE","MPE","3726274827","gfx/coat_of_arms/.gitignore:1:*","""gfx/coat_of_arms/colored_emblems/ce_crown_suffolk.dds\r"""
"MPE","MPE","3726274827","gfx/coat_of_arms/.gitignore:1:*","""gfx/coat_of_arms/colored_emblems/ce_crown_toledo.dds\r"""
"MPE","MPE","3726274827","gfx/coat_of_arms/.gitignore:1:*","""gfx/coat_of_arms/colored_emblems/ce_dauphine.dds\r"""
"MPE","MPE","3726274827","gfx/coat_of_arms/.gitignore:1:*","""gfx/coat_of_arms/colored_emblems/ce_dayak_01.dds\r"""
"MPE","MPE","3726274827","gfx/coat_of_arms/.gitignore:1:*","""gfx/coat_of_arms/colored_emblems/ce_dayak_02.dds\r"""
"MPE","MPE","3726274827","gfx/coat_of_arms/.gitignore:1:*","""gfx/coat_of_arms/colored_emblems/ce_dayak_03.dds\r"""
"MPE","MPE","3726274827","gfx/coat_of_arms/.gitignore:1:*","""gfx/coat_of_arms/colored_emblems/ce_dayak_04.dds\r"""
"MPE","MPE","3726274827","gfx/coat_of_arms/.gitignore:1:*","""gfx/coat_of_arms/colored_emblems/ce_dayak_05.dds\r"""
"MPE","MPE","3726274827","gfx/coat_of_arms/.gitignore:1:*","""gfx/coat_of_arms/colored_emblems/ce_dayak_06.dds\r"""
"MPE","MPE","3726274827","gfx/coat_of_arms/.gitignore:1:*","""gfx/coat_of_arms/colored_emblems/ce_dayak_07.dds\r"""
"MPE","MPE","3726274827","gfx/coat_of_arms/.gitignore:1:*","""gfx/coat_of_arms/colored_emblems/ce_dayak_08.dds\r"""
"MPE","MPE","3726274827","gfx/coat_of_arms/.gitignore:1:*","""gfx/coat_of_arms/colored_emblems/ce_dayak_09.dds\r"""
"MPE","MPE","3726274827","gfx/coat_of_arms/.gitignore:1:*","""gfx/coat_of_arms/colored_emblems/ce_dayak_10.dds\r"""
"MPE","MPE","3726274827","gfx/coat_of_arms/.gitignore:1:*","""gfx/coat_of_arms/colored_emblems/ce_dayak_11.dds\r"""
"MPE","MPE","3726274827","gfx/coat_of_arms/.gitignore:1:*","""gfx/coat_of_arms/colored_emblems/ce_dayak_12.dds\r"""
"MPE","MPE","3726274827","gfx/coat_of_arms/.gitignore:1:*","""gfx/coat_of_arms/colored_emblems/ce_deer_jamtland.dds\r"""
"MPE","MPE","3726274827","gfx/coat_of_arms/.gitignore:1:*","""gfx/coat_of_arms/colored_emblems/ce_details_jamtaland.dds\r"""
"MPE","MPE","3726274827","gfx/coat_of_arms/.gitignore:1:*","""gfx/coat_of_arms/colored_emblems/ce_devaraja_01.dds\r"""
"MPE","MPE","3726274827","gfx/coat_of_arms/.gitignore:1:*","""gfx/coat_of_arms/colored_emblems/ce_dewi_sri_01.dds\r"""
"MPE","MPE","3726274827","gfx/coat_of_arms/.gitignore:1:*","""gfx/coat_of_arms/colored_emblems/ce_diagonal_line_thin.dds\r"""
"MPE","MPE","3726274827","gfx/coat_of_arms/.gitignore:1:*","""gfx/coat_of_arms/colored_emblems/ce_diamond_ferrers.dds\r"""
"MPE","MPE","3726274827","gfx/coat_of_arms/.gitignore:1:*","""gfx/coat_of_arms/colored_emblems/ce_dork_agrigento.dds\r"""
"MPE","MPE","3726274827","gfx/coat_of_arms/.gitignore:1:*","""gfx/coat_of_arms/colored_emblems/ce_dork_archangel.dds\r"""
"MPE","MPE","3726274827","gfx/coat_of_arms/.gitignore:1:*","""gfx/coat_of_arms/colored_emblems/ce_dork_bamberg.dds\r"""
"MPE","MPE","3726274827","gfx/coat_of_arms/.gitignore:1:*","""gfx/coat_of_arms/colored_emblems/ce_dork_coburg.dds\r"""
"MPE","MPE","3726274827","gfx/coat_of_arms/.gitignore:1:*","""gfx/coat_of_arms/colored_emblems/ce_dork_copenhagen.dds\r"""
"MPE","MPE","3726274827","gfx/coat_of_arms/.gitignore:1:*","""gfx/coat_of_arms/colored_emblems/ce_dork_dithmarschen.dds\r"""
"MPE","MPE","3726274827","gfx/coat_of_arms/.gitignore:1:*","""gfx/coat_of_arms/colored_emblems/ce_dork_doudleby.dds\r"""
"MPE","MPE","3726274827","gfx/coat_of_arms/.gitignore:1:*","""gfx/coat_of_arms/colored_emblems/ce_dork_ejea_de_los_caballeros.dds\r"""
"MPE","MPE","3726274827","gfx/coat_of_arms/.gitignore:1:*","""gfx/coat_of_arms/colored_emblems/ce_dork_inverness.dds\r"""
"MPE","MPE","3726274827","gfx/coat_of_arms/.gitignore:1:*","""gfx/coat_of_arms/colored_emblems/ce_dork_kammersberg.dds\r"""
"MPE","MPE","3726274827","gfx/coat_of_arms/.gitignore:1:*","""gfx/coat_of_arms/colored_emblems/ce_dork_kiev_01.dds\r"""
"MPE","MPE","3726274827","gfx/coat_of_arms/.gitignore:1:*","""gfx/coat_of_arms/colored_emblems/ce_dork_kiev_02.dds\r"""
"MPE","MPE","3726274827","gfx/coat_of_arms/.gitignore:1:*","""gfx/coat_of_arms/colored_emblems/ce_dork_lapland_01_alt.dds\r"""
"MPE","MPE","3726274827","gfx/coat_of_arms/.gitignore:1:*","""gfx/coat_of_arms/colored_emblems/ce_dork_lapland_01.dds\r"""
"MPE","MPE","3726274827","gfx/coat_of_arms/.gitignore:1:*","""gfx/coat_of_arms/colored_emblems/ce_dork_lapland_02_alt.dds\r"""
"MPE","MPE","3726274827","gfx/coat_of_arms/.gitignore:1:*","""gfx/coat_of_arms/colored_emblems/ce_dork_lapland_02.dds\r"""
"MPE","MPE","3726274827","gfx/coat_of_arms/.gitignore:1:*","""gfx/coat_of_arms/colored_emblems/ce_dork_lillehammer.dds\r"""
"MPE","MPE","3726274827","gfx/coat_of_arms/.gitignore:1:*","""gfx/coat_of_arms/colored_emblems/ce_dork_lithuania.dds\r"""
"MPE","MPE","3726274827","gfx/coat_of_arms/.gitignore:1:*","""gfx/coat_of_arms/colored_emblems/ce_dork_magdeburg.dds\r"""
"MPE","MPE","3726274827","gfx/coat_of_arms/.gitignore:1:*","""gfx/coat_of_arms/colored_emblems/ce_dork_marburg.dds\r"""
"MPE","MPE","3726274827","gfx/coat_of_arms/.gitignore:1:*","""gfx/coat_of_arms/colored_emblems/ce_dork_meath.dds\r"""
"MPE","MPE","3726274827","gfx/coat_of_arms/.gitignore:1:*","""gfx/coat_of_arms/colored_emblems/ce_dork_munich.dds\r"""
"MPE","MPE","3726274827","gfx/coat_of_arms/.gitignore:1:*","""gfx/coat_of_arms/colored_emblems/ce_dork_oslo_01.dds\r"""
"MPE","MPE","3726274827","gfx/coat_of_arms/.gitignore:1:*","""gfx/coat_of_arms/colored_emblems/ce_dork_oslo_02.dds\r"""
"MPE","MPE","3726274827","gfx/coat_of_arms/.gitignore:1:*","""gfx/coat_of_arms/colored_emblems/ce_dork_oslo_03.dds\r"""
"MPE","MPE","3726274827","gfx/coat_of_arms/.gitignore:1:*","""gfx/coat_of_arms/colored_emblems/ce_dork_seville.dds\r"""
"MPE","MPE","3726274827","gfx/coat_of_arms/.gitignore:1:*","""gfx/coat_of_arms/colored_emblems/ce_dork_trier.dds\r"""
"MPE","MPE","3726274827","gfx/coat_of_arms/.gitignore:1:*","""gfx/coat_of_arms/colored_emblems/ce_dork_turov.dds\r"""
"MPE","MPE","3726274827","gfx/coat_of_arms/.gitignore:1:*","""gfx/coat_of_arms/colored_emblems/ce_dork_ungvar.dds\r"""
"MPE","MPE","3726274827","gfx/coat_of_arms/.gitignore:1:*","""gfx/coat_of_arms/colored_emblems/ce_dork_ustug.dds\r"""
"MPE","MPE","3726274827","gfx/coat_of_arms/.gitignore:1:*","""gfx/coat_of_arms/colored_emblems/ce_dork_vilnius.dds\r"""
"MPE","MPE","3726274827","gfx/coat_of_arms/.gitignore:1:*","""gfx/coat_of_arms/colored_emblems/ce_dork_white_rus.dds\r"""
"MPE","MPE","3726274827","gfx/coat_of_arms/.gitignore:1:*","""gfx/coat_of_arms/colored_emblems/ce_dove_aanaarjavri.dds\r"""
"MPE","MPE","3726274827","gfx/coat_of_arms/.gitignore:1:*","""gfx/coat_of_arms/colored_emblems/ce_dove_siggevara.dds\r"""
"MPE","MPE","3726274827","gfx/coat_of_arms/.gitignore:1:*","""gfx/coat_of_arms/colored_emblems/ce_dragon_britannia.dds\r"""
"MPE","MPE","3726274827","gfx/coat_of_arms/.gitignore:1:*","""gfx/coat_of_arms/colored_emblems/ce_dragon_cardiff.dds\r"""
"MPE","MPE","3726274827","gfx/coat_of_arms/.gitignore:1:*","""gfx/coat_of_arms/colored_emblems/ce_dragon_ingolstadt.dds\r"""
"MPE","MPE","3726274827","gfx/coat_of_arms/.gitignore:1:*","""gfx/coat_of_arms/colored_emblems/ce_dragon_saxon.dds\r"""
"MPE","MPE","3726274827","gfx/coat_of_arms/.gitignore:1:*","""gfx/coat_of_arms/colored_emblems/ce_dragon_somerset.dds\r"""
"MPE","MPE","3726274827","gfx/coat_of_arms/.gitignore:1:*","""gfx/coat_of_arms/colored_emblems/ce_dragon_wiltshire.dds\r"""
"MPE","MPE","3726274827","gfx/coat_of_arms/.gitignore:1:*","""gfx/coat_of_arms/colored_emblems/ce_dwarapala_01.dds\r"""
"MPE","MPE","3726274827","gfx/coat_of_arms/.gitignore:1:*","""gfx/coat_of_arms/colored_emblems/ce_eagel_fire.dds\r"""
"MPE","MPE","3726274827","gfx/coat_of_arms/.gitignore:1:*","""gfx/coat_of_arms/colored_emblems/ce_eagle_aarau.dds\r"""
"MPE","MPE","3726274827","gfx/coat_of_arms/.gitignore:1:*","""gfx/coat_of_arms/colored_emblems/ce_eagle_agen.dds\r"""
"MPE","MPE","3726274827","gfx/coat_of_arms/.gitignore:1:*","""gfx/coat_of_arms/colored_emblems/ce_eagle_alencon.dds\r"""
"MPE","MPE","3726274827","gfx/coat_of_arms/.gitignore:1:*","""gfx/coat_of_arms/colored_emblems/ce_eagle_arasicily.dds\r"""
"MPE","MPE","3726274827","gfx/coat_of_arms/.gitignore:1:*","""gfx/coat_of_arms/colored_emblems/ce_eagle_arnsberg.dds\r"""
"MPE","MPE","3726274827","gfx/coat_of_arms/.gitignore:1:*","""gfx/coat_of_arms/colored_emblems/ce_eagle_baz.png\r"""
"MPE","MPE","3726274827","gfx/coat_of_arms/.gitignore:1:*","""gfx/coat_of_arms/colored_emblems/ce_eagle_baz2.png\r"""
"MPE","MPE","3726274827","gfx/coat_of_arms/.gitignore:1:*","""gfx/coat_of_arms/colored_emblems/ce_eagle_bohemia_01.dds\r"""
"MPE","MPE","3726274827","gfx/coat_of_arms/.gitignore:1:*","""gfx/coat_of_arms/colored_emblems/ce_eagle_bohemia_02.dds\r"""
"MPE","MPE","3726274827","gfx/coat_of_arms/.gitignore:1:*","""gfx/coat_of_arms/colored_emblems/ce_eagle_bohemia_03.dds\r"""
"MPE","MPE","3726274827","gfx/coat_of_arms/.gitignore:1:*","""gfx/coat_of_arms/colored_emblems/ce_eagle_bohemia_04.dds\r"""
"MPE","MPE","3726274827","gfx/coat_of_arms/.gitignore:1:*","""gfx/coat_of_arms/colored_emblems/ce_eagle_bohemia_05.dds\r"""
"MPE","MPE","3726274827","gfx/coat_of_arms/.gitignore:1:*","""gfx/coat_of_arms/colored_emblems/ce_eagle_bohemia.dds\r"""
"MPE","MPE","3726274827","gfx/coat_of_arms/.gitignore:1:*","""gfx/coat_of_arms/colored_emblems/ce_eagle_boned.dds\r"""
"MPE","MPE","3726274827","gfx/coat_of_arms/.gitignore:1:*","""gfx/coat_of_arms/colored_emblems/ce_eagle_brandenburg_01.dds\r"""
"MPE","MPE","3726274827","gfx/coat_of_arms/.gitignore:1:*","""gfx/coat_of_arms/colored_emblems/ce_eagle_brandenburg.dds\r"""
"MPE","MPE","3726274827","gfx/coat_of_arms/.gitignore:1:*","""gfx/coat_of_arms/colored_emblems/ce_eagle_calabria.dds\r"""
"MPE","MPE","3726274827","gfx/coat_of_arms/.gitignore:1:*","""gfx/coat_of_arms/colored_emblems/ce_eagle_cherginov.dds\r"""
"MPE","MPE","3726274827","gfx/coat_of_arms/.gitignore:1:*","""gfx/coat_of_arms/colored_emblems/ce_eagle_crown_new.dds\r"""
"MPE","MPE","3726274827","gfx/coat_of_arms/.gitignore:1:*","""gfx/coat_of_arms/colored_emblems/ce_eagle_epirus.dds\r"""
"MPE","MPE","3726274827","gfx/coat_of_arms/.gitignore:1:*","""gfx/coat_of_arms/colored_emblems/ce_eagle_este_uncrowned.dds\r"""
"MPE","MPE","3726274827","gfx/coat_of_arms/.gitignore:1:*","""gfx/coat_of_arms/colored_emblems/ce_eagle_este.dds\r"""
"MPE","MPE","3726274827","gfx/coat_of_arms/.gitignore:1:*","""gfx/coat_of_arms/colored_emblems/ce_eagle_germany.dds\r"""
"MPE","MPE","3726274827","gfx/coat_of_arms/.gitignore:1:*","""gfx/coat_of_arms/colored_emblems/ce_eagle_head2.dds\r"""
"MPE","MPE","3726274827","gfx/coat_of_arms/.gitignore:1:*","""gfx/coat_of_arms/colored_emblems/ce_eagle_hre_16_art.dds\r"""
"MPE","MPE","3726274827","gfx/coat_of_arms/.gitignore:1:*","""gfx/coat_of_arms/colored_emblems/ce_eagle_hre_early_alt.dds\r"""
"MPE","MPE","3726274827","gfx/coat_of_arms/.gitignore:1:*","""gfx/coat_of_arms/colored_emblems/ce_eagle_hre_early_halo.dds\r"""
"MPE","MPE","3726274827","gfx/coat_of_arms/.gitignore:1:*","""gfx/coat_of_arms/colored_emblems/ce_eagle_hre_early.dds\r"""
"MPE","MPE","3726274827","gfx/coat_of_arms/.gitignore:1:*","""gfx/coat_of_arms/colored_emblems/ce_eagle_hre_halo.dds\r"""
"MPE","MPE","3726274827","gfx/coat_of_arms/.gitignore:1:*","""gfx/coat_of_arms/colored_emblems/ce_eagle_hre_late_alt.dds\r"""
"MPE","MPE","3726274827","gfx/coat_of_arms/.gitignore:1:*","""gfx/coat_of_arms/colored_emblems/ce_eagle_hre.dds\r"""
"MPE","MPE","3726274827","gfx/coat_of_arms/.gitignore:1:*","""gfx/coat_of_arms/colored_emblems/ce_eagle_invictusintensifies.dds\r"""
"MPE","MPE","3726274827","gfx/coat_of_arms/.gitignore:1:*","""gfx/coat_of_arms/colored_emblems/ce_eagle_ivrea.dds\r"""
"MPE","MPE","3726274827","gfx/coat_of_arms/.gitignore:1:*","""gfx/coat_of_arms/colored_emblems/ce_eagle_jimena.dds\r"""
"MPE","MPE","3726274827","gfx/coat_of_arms/.gitignore:1:*","""gfx/coat_of_arms/colored_emblems/ce_eagle_karling_alt.dds\r"""
"MPE","MPE","3726274827","gfx/coat_of_arms/.gitignore:1:*","""gfx/coat_of_arms/colored_emblems/ce_eagle_karling_halo.dds\r"""
"MPE","MPE","3726274827","gfx/coat_of_arms/.gitignore:1:*","""gfx/coat_of_arms/colored_emblems/ce_eagle_karling.dds\r"""
"MPE","MPE","3726274827","gfx/coat_of_arms/.gitignore:1:*","""gfx/coat_of_arms/colored_emblems/ce_eagle_komnenos.dds\r"""
"MPE","MPE","3726274827","gfx/coat_of_arms/.gitignore:1:*","""gfx/coat_of_arms/colored_emblems/ce_eagle_laanemaa.dds\r"""
"MPE","MPE","3726274827","gfx/coat_of_arms/.gitignore:1:*","""gfx/coat_of_arms/colored_emblems/ce_eagle_milan.dds\r"""
"MPE","MPE","3726274827","gfx/coat_of_arms/.gitignore:1:*","""gfx/coat_of_arms/colored_emblems/ce_eagle_moravia.dds\r"""
"MPE","MPE","3726274827","gfx/coat_of_arms/.gitignore:1:*","""gfx/coat_of_arms/colored_emblems/ce_eagle_nice.dds\r"""
"MPE","MPE","3726274827","gfx/coat_of_arms/.gitignore:1:*","""gfx/coat_of_arms/colored_emblems/ce_eagle_no_crown.dds\r"""
"MPE","MPE","3726274827","gfx/coat_of_arms/.gitignore:1:*","""gfx/coat_of_arms/colored_emblems/ce_eagle_poland.dds\r"""
"MPE","MPE","3726274827","gfx/coat_of_arms/.gitignore:1:*","""gfx/coat_of_arms/colored_emblems/ce_eagle_polandball_alt.dds\r"""
"MPE","MPE","3726274827","gfx/coat_of_arms/.gitignore:1:*","""gfx/coat_of_arms/colored_emblems/ce_eagle_polandball.dds\r"""
"MPE","MPE","3726274827","gfx/coat_of_arms/.gitignore:1:*","""gfx/coat_of_arms/colored_emblems/ce_eagle_premyslovci_2.dds\r"""
"MPE","MPE","3726274827","gfx/coat_of_arms/.gitignore:1:*","""gfx/coat_of_arms/colored_emblems/ce_eagle_premyslovci.dds\r"""
"MPE","MPE","3726274827","gfx/coat_of_arms/.gitignore:1:*","""gfx/coat_of_arms/colored_emblems/ce_eagle_prenzlau.dds\r"""
"MPE","MPE","3726274827","gfx/coat_of_arms/.gitignore:1:*","""gfx/coat_of_arms/colored_emblems/ce_eagle_prussia_alt.dds\r"""
"MPE","MPE","3726274827","gfx/coat_of_arms/.gitignore:1:*","""gfx/coat_of_arms/colored_emblems/ce_eagle_prussia.dds\r"""
"MPE","MPE","3726274827","gfx/coat_of_arms/.gitignore:1:*","""gfx/coat_of_arms/colored_emblems/ce_eagle_ringkobing.dds\r"""
"MPE","MPE","3726274827","gfx/coat_of_arms/.gitignore:1:*","""gfx/coat_of_arms/colored_emblems/ce_eagle_rossiya.dds\r"""
"MPE","MPE","3726274827","gfx/coat_of_arms/.gitignore:1:*","""gfx/coat_of_arms/colored_emblems/ce_eagle_saladin.dds\r"""
"MPE","MPE","3726274827","gfx/coat_of_arms/.gitignore:1:*","""gfx/coat_of_arms/colored_emblems/ce_eagle_seljuk_double.dds\r"""
"MPE","MPE","3726274827","gfx/coat_of_arms/.gitignore:1:*","""gfx/coat_of_arms/colored_emblems/ce_eagle_seljuk_double.png\r"""
"MPE","MPE","3726274827","gfx/coat_of_arms/.gitignore:1:*","""gfx/coat_of_arms/colored_emblems/ce_eagle_seljuk.dds\r"""
"MPE","MPE","3726274827","gfx/coat_of_arms/.gitignore:1:*","""gfx/coat_of_arms/colored_emblems/ce_eagle_serbia.dds\r"""
"MPE","MPE","3726274827","gfx/coat_of_arms/.gitignore:1:*","""gfx/coat_of_arms/colored_emblems/ce_eagle_singel.dds\r"""
"MPE","MPE","3726274827","gfx/coat_of_arms/.gitignore:1:*","""gfx/coat_of_arms/colored_emblems/ce_eagle_wiltberg.dds\r"""
"MPE","MPE","3726274827","gfx/coat_of_arms/.gitignore:1:*","""gfx/coat_of_arms/colored_emblems/ce_eagle_with_shield.dds\r"""
"MPE","MPE","3726274827","gfx/coat_of_arms/.gitignore:1:*","""gfx/coat_of_arms/colored_emblems/ce_eagle_zahringen.dds\r"""
"MPE","MPE","3726274827","gfx/coat_of_arms/.gitignore:1:*","""gfx/coat_of_arms/colored_emblems/ce_egypt.dds\r"""
"MPE","MPE","3726274827","gfx/coat_of_arms/.gitignore:1:*","""gfx/coat_of_arms/colored_emblems/ce_egyptian_01.dds\r"""
"MPE","MPE","3726274827","gfx/coat_of_arms/.gitignore:1:*","""gfx/coat_of_arms/colored_emblems/ce_egyptian_02.dds\r"""
"MPE","MPE","3726274827","gfx/coat_of_arms/.gitignore:1:*","""gfx/coat_of_arms/colored_emblems/ce_eilteach.dds\r"""
"MPE","MPE","3726274827","gfx/coat_of_arms/.gitignore:1:*","""gfx/coat_of_arms/colored_emblems/ce_ermine_05.dds\r"""
"MPE","MPE","3726274827","gfx/coat_of_arms/.gitignore:1:*","""gfx/coat_of_arms/colored_emblems/ce_ermine_5.dds\r"""
"MPE","MPE","3726274827","gfx/coat_of_arms/.gitignore:1:*","""gfx/coat_of_arms/colored_emblems/ce_escutcheon_quartered.dds\r"""
"MPE","MPE","3726274827","gfx/coat_of_arms/.gitignore:1:*","""gfx/coat_of_arms/colored_emblems/ce_feather_leicester.dds\r"""
"MPE","MPE","3726274827","gfx/coat_of_arms/.gitignore:1:*","""gfx/coat_of_arms/colored_emblems/ce_fess.dds\r"""
"MPE","MPE","3726274827","gfx/coat_of_arms/.gitignore:1:*","""gfx/coat_of_arms/colored_emblems/ce_fetterlock.dds\r"""
"MPE","MPE","3726274827","gfx/coat_of_arms/.gitignore:1:*","""gfx/coat_of_arms/colored_emblems/ce_fish_angermanland.dds\r"""
"MPE","MPE","3726274827","gfx/coat_of_arms/.gitignore:1:*","""gfx/coat_of_arms/colored_emblems/ce_fish_bar.dds\r"""
"MPE","MPE","3726274827","gfx/coat_of_arms/.gitignore:1:*","""gfx/coat_of_arms/colored_emblems/ce_fish_beloozero.dds\r"""
"MPE","MPE","3726274827","gfx/coat_of_arms/.gitignore:1:*","""gfx/coat_of_arms/colored_emblems/ce_fish_eel.dds\r"""
"MPE","MPE","3726274827","gfx/coat_of_arms/.gitignore:1:*","""gfx/coat_of_arms/colored_emblems/ce_fish_inari.dds\r"""
"MPE","MPE","3726274827","gfx/coat_of_arms/.gitignore:1:*","""gfx/coat_of_arms/colored_emblems/ce_fish_jaligny.dds\r"""
"MPE","MPE","3726274827","gfx/coat_of_arms/.gitignore:1:*","""gfx/coat_of_arms/colored_emblems/ce_fish_kaiserslautern.dds\r"""
"MPE","MPE","3726274827","gfx/coat_of_arms/.gitignore:1:*","""gfx/coat_of_arms/colored_emblems/ce_fish_lesbos.dds\r"""
"MPE","MPE","3726274827","gfx/coat_of_arms/.gitignore:1:*","""gfx/coat_of_arms/colored_emblems/ce_fish_narva.dds\r"""
"MPE","MPE","3726274827","gfx/coat_of_arms/.gitignore:1:*","""gfx/coat_of_arms/colored_emblems/ce_fish_orsini.dds\r"""
"MPE","MPE","3726274827","gfx/coat_of_arms/.gitignore:1:*","""gfx/coat_of_arms/colored_emblems/ce_fish_petsamo.dds\r"""
"MPE","MPE","3726274827","gfx/coat_of_arms/.gitignore:1:*","""gfx/coat_of_arms/colored_emblems/ce_fish_tunis.dds\r"""
"MPE","MPE","3726274827","gfx/coat_of_arms/.gitignore:1:*","""gfx/coat_of_arms/colored_emblems/ce_flame_suondavara.dds\r"""
"MPE","MPE","3726274827","gfx/coat_of_arms/.gitignore:1:*","""gfx/coat_of_arms/colored_emblems/ce_flame_vastmanland.dds\r"""
"MPE","MPE","3726274827","gfx/coat_of_arms/.gitignore:1:*","""gfx/coat_of_arms/colored_emblems/ce_fleur_1.dds\r"""
"MPE","MPE","3726274827","gfx/coat_of_arms/.gitignore:1:*","""gfx/coat_of_arms/colored_emblems/ce_fleur_2.dds\r"""
"MPE","MPE","3726274827","gfx/coat_of_arms/.gitignore:1:*","""gfx/coat_of_arms/colored_emblems/ce_fleur_3.dds\r"""
"MPE","MPE","3726274827","gfx/coat_of_arms/.gitignore:1:*","""gfx/coat_of_arms/colored_emblems/ce_fleur_4.dds\r"""
"MPE","MPE","3726274827","gfx/coat_of_arms/.gitignore:1:*","""gfx/coat_of_arms/colored_emblems/ce_fleur_firenze.dds\r"""
"MPE","MPE","3726274827","gfx/coat_of_arms/.gitignore:1:*","""gfx/coat_of_arms/colored_emblems/ce_fleur_pattern_half.dds\r"""
"MPE","MPE","3726274827","gfx/coat_of_arms/.gitignore:1:*","""gfx/coat_of_arms/colored_emblems/ce_fleur_pattern.dds\r"""
"MPE","MPE","3726274827","gfx/coat_of_arms/.gitignore:1:*","""gfx/coat_of_arms/colored_emblems/ce_flower_buchan.dds\r"""
"MPE","MPE","3726274827","gfx/coat_of_arms/.gitignore:1:*","""gfx/coat_of_arms/colored_emblems/ce_flower_dax.dds\r"""
"MPE","MPE","3726274827","gfx/coat_of_arms/.gitignore:1:*","""gfx/coat_of_arms/colored_emblems/ce_flower_finland.dds\r"""
"MPE","MPE","3726274827","gfx/coat_of_arms/.gitignore:1:*","""gfx/coat_of_arms/colored_emblems/ce_flower_granada_1.dds\r"""
"MPE","MPE","3726274827","gfx/coat_of_arms/.gitignore:1:*","""gfx/coat_of_arms/colored_emblems/ce_flower_granada_2.dds\r"""
"MPE","MPE","3726274827","gfx/coat_of_arms/.gitignore:1:*","""gfx/coat_of_arms/colored_emblems/ce_flower_losers.dds\r"""
"MPE","MPE","3726274827","gfx/coat_of_arms/.gitignore:1:*","""gfx/coat_of_arms/colored_emblems/ce_flower_nancy.dds\r"""
"MPE","MPE","3726274827","gfx/coat_of_arms/.gitignore:1:*","""gfx/coat_of_arms/colored_emblems/ce_flower_narke.dds\r"""
"MPE","MPE","3726274827","gfx/coat_of_arms/.gitignore:1:*","""gfx/coat_of_arms/colored_emblems/ce_flower_oppland.dds\r"""
"MPE","MPE","3726274827","gfx/coat_of_arms/.gitignore:1:*","""gfx/coat_of_arms/colored_emblems/ce_flower_tudor_01.dds\r"""
"MPE","MPE","3726274827","gfx/coat_of_arms/.gitignore:1:*","""gfx/coat_of_arms/colored_emblems/ce_flower_tudor_02.dds\r"""
"MPE","MPE","3726274827","gfx/coat_of_arms/.gitignore:1:*","""gfx/coat_of_arms/colored_emblems/ce_flower_winners.dds\r"""
"MPE","MPE","3726274827","gfx/coat_of_arms/.gitignore:1:*","""gfx/coat_of_arms/colored_emblems/ce_fox_totma.dds\r"""
"MPE","MPE","3726274827","gfx/coat_of_arms/.gitignore:1:*","""gfx/coat_of_arms/colored_emblems/ce_french_aragon.dds\r"""
"MPE","MPE","3726274827","gfx/coat_of_arms/.gitignore:1:*","""gfx/coat_of_arms/colored_emblems/ce_french_navarre.dds\r"""
"MPE","MPE","3726274827","gfx/coat_of_arms/.gitignore:1:*","""gfx/coat_of_arms/colored_emblems/ce_full_coptic_cross.dds\r"""
"MPE","MPE","3726274827","gfx/coat_of_arms/.gitignore:1:*","""gfx/coat_of_arms/colored_emblems/ce_ganesha_01.dds\r"""
"MPE","MPE","3726274827","gfx/coat_of_arms/.gitignore:1:*","""gfx/coat_of_arms/colored_emblems/ce_goat_currezia.dds\r"""
"MPE","MPE","3726274827","gfx/coat_of_arms/.gitignore:1:*","""gfx/coat_of_arms/colored_emblems/ce_goat_halsingland.dds\r"""
"MPE","MPE","3726274827","gfx/coat_of_arms/.gitignore:1:*","""gfx/coat_of_arms/colored_emblems/ce_goat_istria.dds\r"""
"MPE","MPE","3726274827","gfx/coat_of_arms/.gitignore:1:*","""gfx/coat_of_arms/colored_emblems/ce_goat_merionethshire.dds\r"""
"MPE","MPE","3726274827","gfx/coat_of_arms/.gitignore:1:*","""gfx/coat_of_arms/colored_emblems/ce_gonfanon_auvergne.dds\r"""
"MPE","MPE","3726274827","gfx/coat_of_arms/.gitignore:1:*","""gfx/coat_of_arms/colored_emblems/ce_gorgha_01.dds\r"""
"MPE","MPE","3726274827","gfx/coat_of_arms/.gitignore:1:*","""gfx/coat_of_arms/colored_emblems/ce_gowrie.dds\r"""
"MPE","MPE","3726274827","gfx/coat_of_arms/.gitignore:1:*","""gfx/coat_of_arms/colored_emblems/ce_grail_ormonde.dds\r"""
"MPE","MPE","3726274827","gfx/coat_of_arms/.gitignore:1:*","""gfx/coat_of_arms/colored_emblems/ce_grain_01.dds\r"""
"MPE","MPE","3726274827","gfx/coat_of_arms/.gitignore:1:*","""gfx/coat_of_arms/colored_emblems/ce_grain_hohenburg.dds\r"""
"MPE","MPE","3726274827","gfx/coat_of_arms/.gitignore:1:*","""gfx/coat_of_arms/colored_emblems/ce_griffon_livonia.dds\r"""
"MPE","MPE","3726274827","gfx/coat_of_arms/.gitignore:1:*","""gfx/coat_of_arms/colored_emblems/ce_griffon_pomerania.dds\r"""
"MPE","MPE","3726274827","gfx/coat_of_arms/.gitignore:1:*","""gfx/coat_of_arms/colored_emblems/ce_griffon_skane.dds\r"""
"MPE","MPE","3726274827","gfx/coat_of_arms/.gitignore:1:*","""gfx/coat_of_arms/colored_emblems/ce_griffon_sodermanland.dds\r"""
"MPE","MPE","3726274827","gfx/coat_of_arms/.gitignore:1:*","""gfx/coat_of_arms/colored_emblems/ce_griffon_szczecin.dds\r"""
"MPE","MPE","3726274827","gfx/coat_of_arms/.gitignore:1:*","""gfx/coat_of_arms/colored_emblems/ce_griffon_wolgast.dds\r"""
"MPE","MPE","3726274827","gfx/coat_of_arms/.gitignore:1:*","""gfx/coat_of_arms/colored_emblems/ce_halych.dds\r"""
"MPE","MPE","3726274827","gfx/coat_of_arms/.gitignore:1:*","""gfx/coat_of_arms/colored_emblems/ce_hammer_heraldr.dds\r"""
"MPE","MPE","3726274827","gfx/coat_of_arms/.gitignore:1:*","""gfx/coat_of_arms/colored_emblems/ce_hammer_messukyla.dds\r"""
"MPE","MPE","3726274827","gfx/coat_of_arms/.gitignore:1:*","""gfx/coat_of_arms/colored_emblems/ce_hamsa_01.dds\r"""
"MPE","MPE","3726274827","gfx/coat_of_arms/.gitignore:1:*","""gfx/coat_of_arms/colored_emblems/ce_harp_boobies.dds\r"""
"MPE","MPE","3726274827","gfx/coat_of_arms/.gitignore:1:*","""gfx/coat_of_arms/colored_emblems/ce_harp_laighean.dds\r"""
"MPE","MPE","3726274827","gfx/coat_of_arms/.gitignore:1:*","""gfx/coat_of_arms/colored_emblems/ce_hat_saintonge.dds\r"""
"MPE","MPE","3726274827","gfx/coat_of_arms/.gitignore:1:*","""gfx/coat_of_arms/colored_emblems/ce_head_sardinia.dds\r"""
"MPE","MPE","3726274827","gfx/coat_of_arms/.gitignore:1:*","""gfx/coat_of_arms/colored_emblems/ce_hedgehog_jihlava.dds\r"""
"MPE","MPE","3726274827","gfx/coat_of_arms/.gitignore:1:*","""gfx/coat_of_arms/colored_emblems/ce_hill.dds\r"""
"MPE","MPE","3726274827","gfx/coat_of_arms/.gitignore:1:*","""gfx/coat_of_arms/colored_emblems/ce_hintha_01.dds\r"""
"MPE","MPE","3726274827","gfx/coat_of_arms/.gitignore:1:*","""gfx/coat_of_arms/colored_emblems/ce_hintha_02.dds\r"""
"MPE","MPE","3726274827","gfx/coat_of_arms/.gitignore:1:*","""gfx/coat_of_arms/colored_emblems/ce_hohenzollern.png\r"""
"MPE","MPE","3726274827","gfx/coat_of_arms/.gitignore:1:*","""gfx/coat_of_arms/colored_emblems/ce_hohenzollern2.png\r"""
"MPE","MPE","3726274827","gfx/coat_of_arms/.gitignore:1:*","""gfx/coat_of_arms/colored_emblems/ce_hook_halberstadt.dds\r"""
"MPE","MPE","3726274827","gfx/coat_of_arms/.gitignore:1:*","""gfx/coat_of_arms/colored_emblems/ce_horizontal_stripes_05.dds\r"""
"MPE","MPE","3726274827","gfx/coat_of_arms/.gitignore:1:*","""gfx/coat_of_arms/colored_emblems/ce_horse_cagliari.dds\r"""
"MPE","MPE","3726274827","gfx/coat_of_arms/.gitignore:1:*","""gfx/coat_of_arms/colored_emblems/ce_horse_corinth.dds\r"""
"MPE","MPE","3726274827","gfx/coat_of_arms/.gitignore:1:*","""gfx/coat_of_arms/colored_emblems/ce_horse_cuellar.dds\r"""
"MPE","MPE","3726274827","gfx/coat_of_arms/.gitignore:1:*","""gfx/coat_of_arms/colored_emblems/ce_horse_kent.dds\r"""
"MPE","MPE","3726274827","gfx/coat_of_arms/.gitignore:1:*","""gfx/coat_of_arms/colored_emblems/ce_horseshoe_meaux.dds\r"""
"MPE","MPE","3726274827","gfx/coat_of_arms/.gitignore:1:*","""gfx/coat_of_arms/colored_emblems/ce_hound_asturias.dds\r"""
"MPE","MPE","3726274827","gfx/coat_of_arms/.gitignore:1:*","""gfx/coat_of_arms/colored_emblems/ce_hound_toscano.dds\r"""
"MPE","MPE","3726274827","gfx/coat_of_arms/.gitignore:1:*","""gfx/coat_of_arms/colored_emblems/ce_huntingdonshire.dds\r"""
"MPE","MPE","3726274827","gfx/coat_of_arms/.gitignore:1:*","""gfx/coat_of_arms/colored_emblems/ce_igolot_01.dds\r"""
"MPE","MPE","3726274827","gfx/coat_of_arms/.gitignore:1:*","""gfx/coat_of_arms/colored_emblems/ce_igolot_02.dds\r"""
"MPE","MPE","3726274827","gfx/coat_of_arms/.gitignore:1:*","""gfx/coat_of_arms/colored_emblems/ce_inabel_1.dds\r"""
"MPE","MPE","3726274827","gfx/coat_of_arms/.gitignore:1:*","""gfx/coat_of_arms/colored_emblems/ce_Ireland.dds\r"""
"MPE","MPE","3726274827","gfx/coat_of_arms/.gitignore:1:*","""gfx/coat_of_arms/colored_emblems/ce_jimena_eagle.dds\r"""
"MPE","MPE","3726274827","gfx/coat_of_arms/.gitignore:1:*","""gfx/coat_of_arms/colored_emblems/ce_jimena_eagle.png\r"""
"MPE","MPE","3726274827","gfx/coat_of_arms/.gitignore:1:*","""gfx/coat_of_arms/colored_emblems/ce_jin.dds\r"""
"MPE","MPE","3726274827","gfx/coat_of_arms/.gitignore:1:*","""gfx/coat_of_arms/colored_emblems/ce_jurij.dds\r"""
"MPE","MPE","3726274827","gfx/coat_of_arms/.gitignore:1:*","""gfx/coat_of_arms/colored_emblems/ce_kadaic_01.dds\r"""
"MPE","MPE","3726274827","gfx/coat_of_arms/.gitignore:1:*","""gfx/coat_of_arms/colored_emblems/ce_kalis_01.dds\r"""
"MPE","MPE","3726274827","gfx/coat_of_arms/.gitignore:1:*","""gfx/coat_of_arms/colored_emblems/ce_kalis_02.dds\r"""
"MPE","MPE","3726274827","gfx/coat_of_arms/.gitignore:1:*","""gfx/coat_of_arms/colored_emblems/ce_karen_drum_01.dds\r"""
"MPE","MPE","3726274827","gfx/coat_of_arms/.gitignore:1:*","""gfx/coat_of_arms/colored_emblems/ce_karling.png\r"""
"MPE","MPE","3726274827","gfx/coat_of_arms/.gitignore:1:*","""gfx/coat_of_arms/colored_emblems/ce_karling2.png\r"""
"MPE","MPE","3726274827","gfx/coat_of_arms/.gitignore:1:*","""gfx/coat_of_arms/colored_emblems/ce_kawi_ba.dds\r"""
"MPE","MPE","3726274827","gfx/coat_of_arms/.gitignore:1:*","""gfx/coat_of_arms/colored_emblems/ce_kawi_ca.dds\r"""
"MPE","MPE","3726274827","gfx/coat_of_arms/.gitignore:1:*","""gfx/coat_of_arms/colored_emblems/ce_kawi_da.dds\r"""
"MPE","MPE","3726274827","gfx/coat_of_arms/.gitignore:1:*","""gfx/coat_of_arms/colored_emblems/ce_kawi_ga.dds\r"""
"MPE","MPE","3726274827","gfx/coat_of_arms/.gitignore:1:*","""gfx/coat_of_arms/colored_emblems/ce_kawi_ha.dds\r"""
"MPE","MPE","3726274827","gfx/coat_of_arms/.gitignore:1:*","""gfx/coat_of_arms/colored_emblems/ce_kawi_ja.dds\r"""
"MPE","MPE","3726274827","gfx/coat_of_arms/.gitignore:1:*","""gfx/coat_of_arms/colored_emblems/ce_kawi_ka.dds\r"""
"MPE","MPE","3726274827","gfx/coat_of_arms/.gitignore:1:*","""gfx/coat_of_arms/colored_emblems/ce_kawi_la.dds\r"""
"MPE","MPE","3726274827","gfx/coat_of_arms/.gitignore:1:*","""gfx/coat_of_arms/colored_emblems/ce_kawi_ma.dds\r"""
"MPE","MPE","3726274827","gfx/coat_of_arms/.gitignore:1:*","""gfx/coat_of_arms/colored_emblems/ce_kawi_na.dds\r"""
"MPE","MPE","3726274827","gfx/coat_of_arms/.gitignore:1:*","""gfx/coat_of_arms/colored_emblems/ce_kawi_nga.dds\r"""
"MPE","MPE","3726274827","gfx/coat_of_arms/.gitignore:1:*","""gfx/coat_of_arms/colored_emblems/ce_kawi_nya.dds\r"""
"MPE","MPE","3726274827","gfx/coat_of_arms/.gitignore:1:*","""gfx/coat_of_arms/colored_emblems/ce_kawi_pa.dds\r"""
"MPE","MPE","3726274827","gfx/coat_of_arms/.gitignore:1:*","""gfx/coat_of_arms/colored_emblems/ce_kawi_ra.dds\r"""
"MPE","MPE","3726274827","gfx/coat_of_arms/.gitignore:1:*","""gfx/coat_of_arms/colored_emblems/ce_kawi_sa.dds\r"""
"MPE","MPE","3726274827","gfx/coat_of_arms/.gitignore:1:*","""gfx/coat_of_arms/colored_emblems/ce_kawi_ta.dds\r"""
"MPE","MPE","3726274827","gfx/coat_of_arms/.gitignore:1:*","""gfx/coat_of_arms/colored_emblems/ce_kawi_wa.dds\r"""
"MPE","MPE","3726274827","gfx/coat_of_arms/.gitignore:1:*","""gfx/coat_of_arms/colored_emblems/ce_kawi_ya.dds\r"""
"MPE","MPE","3726274827","gfx/coat_of_arms/.gitignore:1:*","""gfx/coat_of_arms/colored_emblems/ce_keris_01.dds\r"""
"MPE","MPE","3726274827","gfx/coat_of_arms/.gitignore:1:*","""gfx/coat_of_arms/colored_emblems/ce_keris_02.dds\r"""
"MPE","MPE","3726274827","gfx/coat_of_arms/.gitignore:1:*","""gfx/coat_of_arms/colored_emblems/ce_keris_03.dds\r"""
"MPE","MPE","3726274827","gfx/coat_of_arms/.gitignore:1:*","""gfx/coat_of_arms/colored_emblems/ce_keris_04.dds\r"""
"MPE","MPE","3726274827","gfx/coat_of_arms/.gitignore:1:*","""gfx/coat_of_arms/colored_emblems/ce_keris_05.dds\r"""
"MPE","MPE","3726274827","gfx/coat_of_arms/.gitignore:1:*","""gfx/coat_of_arms/colored_emblems/ce_kevrola.dds\r"""
"MPE","MPE","3726274827","gfx/coat_of_arms/.gitignore:1:*","""gfx/coat_of_arms/colored_emblems/ce_key_bremen.dds\r"""
"MPE","MPE","3726274827","gfx/coat_of_arms/.gitignore:1:*","""gfx/coat_of_arms/colored_emblems/ce_key_julevu.dds\r"""
"MPE","MPE","3726274827","gfx/coat_of_arms/.gitignore:1:*","""gfx/coat_of_arms/colored_emblems/ce_key_stade.dds\r"""
"MPE","MPE","3726274827","gfx/coat_of_arms/.gitignore:1:*","""gfx/coat_of_arms/colored_emblems/ce_key_status_ecclesiasticus.dds\r"""
"MPE","MPE","3726274827","gfx/coat_of_arms/.gitignore:1:*","""gfx/coat_of_arms/colored_emblems/ce_key_surrey.dds\r"""
"MPE","MPE","3726274827","gfx/coat_of_arms/.gitignore:1:*","""gfx/coat_of_arms/colored_emblems/ce_keys_petey.dds\r"""
"MPE","MPE","3726274827","gfx/coat_of_arms/.gitignore:1:*","""gfx/coat_of_arms/colored_emblems/ce_khmer_01.dds\r"""
"MPE","MPE","3726274827","gfx/coat_of_arms/.gitignore:1:*","""gfx/coat_of_arms/colored_emblems/ce_kirillov.dds\r"""
"MPE","MPE","3726274827","gfx/coat_of_arms/.gitignore:1:*","""gfx/coat_of_arms/colored_emblems/ce_knot_stafford.dds\r"""
"MPE","MPE","3726274827","gfx/coat_of_arms/.gitignore:1:*","""gfx/coat_of_arms/colored_emblems/ce_kris_01.dds\r"""
"MPE","MPE","3726274827","gfx/coat_of_arms/.gitignore:1:*","""gfx/coat_of_arms/colored_emblems/ce_kris_02.dds\r"""
"MPE","MPE","3726274827","gfx/coat_of_arms/.gitignore:1:*","""gfx/coat_of_arms/colored_emblems/ce_kris_03.dds\r"""
"MPE","MPE","3726274827","gfx/coat_of_arms/.gitignore:1:*","""gfx/coat_of_arms/colored_emblems/ce_kris_04.dds\r"""
"MPE","MPE","3726274827","gfx/coat_of_arms/.gitignore:1:*","""gfx/coat_of_arms/colored_emblems/ce_kujang_01.dds\r"""
"MPE","MPE","3726274827","gfx/coat_of_arms/.gitignore:1:*","""gfx/coat_of_arms/colored_emblems/ce_kujang_02.dds\r"""
"MPE","MPE","3726274827","gfx/coat_of_arms/.gitignore:1:*","""gfx/coat_of_arms/colored_emblems/ce_kujang_03.dds\r"""
"MPE","MPE","3726274827","gfx/coat_of_arms/.gitignore:1:*","""gfx/coat_of_arms/colored_emblems/ce_kukri_01.dds\r"""
"MPE","MPE","3726274827","gfx/coat_of_arms/.gitignore:1:*","""gfx/coat_of_arms/colored_emblems/ce_kunjang_01.dds\r"""
"MPE","MPE","3726274827","gfx/coat_of_arms/.gitignore:1:*","""gfx/coat_of_arms/colored_emblems/ce_kunjang_02.dds\r"""
"MPE","MPE","3726274827","gfx/coat_of_arms/.gitignore:1:*","""gfx/coat_of_arms/colored_emblems/ce_kuyavia.dds\r"""
"MPE","MPE","3726274827","gfx/coat_of_arms/.gitignore:1:*","""gfx/coat_of_arms/colored_emblems/ce_label_fleur.dds\r"""
"MPE","MPE","3726274827","gfx/coat_of_arms/.gitignore:1:*","""gfx/coat_of_arms/colored_emblems/ce_label_orleans.dds\r"""
"MPE","MPE","3726274827","gfx/coat_of_arms/.gitignore:1:*","""gfx/coat_of_arms/colored_emblems/ce_lanna.dds\r"""
"MPE","MPE","3726274827","gfx/coat_of_arms/.gitignore:1:*","""gfx/coat_of_arms/colored_emblems/ce_latin_empire.dds\r"""
"MPE","MPE","3726274827","gfx/coat_of_arms/.gitignore:1:*","""gfx/coat_of_arms/colored_emblems/ce_leaf_fyn.dds\r"""
"MPE","MPE","3726274827","gfx/coat_of_arms/.gitignore:1:*","""gfx/coat_of_arms/colored_emblems/ce_legs_mann.dds\r"""
"MPE","MPE","3726274827","gfx/coat_of_arms/.gitignore:1:*","""gfx/coat_of_arms/colored_emblems/ce_lembuswana_01.dds\r"""
"MPE","MPE","3726274827","gfx/coat_of_arms/.gitignore:1:*","""gfx/coat_of_arms/colored_emblems/ce_leopard_pskov.dds\r"""
"MPE","MPE","3726274827","gfx/coat_of_arms/.gitignore:1:*","""gfx/coat_of_arms/colored_emblems/ce_letter_byzantine.dds\r"""
"MPE","MPE","3726274827","gfx/coat_of_arms/.gitignore:1:*","""gfx/coat_of_arms/colored_emblems/ce_letter_thessaly.dds\r"""
"MPE","MPE","3726274827","gfx/coat_of_arms/.gitignore:1:*","""gfx/coat_of_arms/colored_emblems/ce_letter_turku.dds\r"""
"MPE","MPE","3726274827","gfx/coat_of_arms/.gitignore:1:*","""gfx/coat_of_arms/colored_emblems/ce_liao.dds\r"""
"MPE","MPE","3726274827","gfx/coat_of_arms/.gitignore:1:*","""gfx/coat_of_arms/colored_emblems/ce_lilypad_tecklenburg.dds\r"""
"MPE","MPE","3726274827","gfx/coat_of_arms/.gitignore:1:*","""gfx/coat_of_arms/colored_emblems/ce_lion_01.dds\r"""
"MPE","MPE","3726274827","gfx/coat_of_arms/.gitignore:1:*","""gfx/coat_of_arms/colored_emblems/ce_lion_aberffraw.dds\r"""
"MPE","MPE","3726274827","gfx/coat_of_arms/.gitignore:1:*","""gfx/coat_of_arms/colored_emblems/ce_lion_angevin_guardant.dds\r"""
"MPE","MPE","3726274827","gfx/coat_of_arms/.gitignore:1:*","""gfx/coat_of_arms/colored_emblems/ce_lion_angevin_rampant.dds\r"""
"MPE","MPE","3726274827","gfx/coat_of_arms/.gitignore:1:*","""gfx/coat_of_arms/colored_emblems/ce_lion_angevin.dds\r"""
"MPE","MPE","3726274827","gfx/coat_of_arms/.gitignore:1:*","""gfx/coat_of_arms/colored_emblems/ce_lion_armagnac.dds\r"""
"MPE","MPE","3726274827","gfx/coat_of_arms/.gitignore:1:*","""gfx/coat_of_arms/colored_emblems/ce_lion_armenia_alt.dds\r"""
"MPE","MPE","3726274827","gfx/coat_of_arms/.gitignore:1:*","""gfx/coat_of_arms/colored_emblems/ce_lion_armenia.dds\r"""
"MPE","MPE","3726274827","gfx/coat_of_arms/.gitignore:1:*","""gfx/coat_of_arms/colored_emblems/ce_lion_arundel.dds\r"""
"MPE","MPE","3726274827","gfx/coat_of_arms/.gitignore:1:*","""gfx/coat_of_arms/colored_emblems/ce_lion_auxerre.dds\r"""
"MPE","MPE","3726274827","gfx/coat_of_arms/.gitignore:1:*","""gfx/coat_of_arms/colored_emblems/ce_lion_badajoz.dds\r"""
"MPE","MPE","3726274827","gfx/coat_of_arms/.gitignore:1:*","""gfx/coat_of_arms/colored_emblems/ce_lion_belfris.dds\r"""
"MPE","MPE","3726274827","gfx/coat_of_arms/.gitignore:1:*","""gfx/coat_of_arms/colored_emblems/ce_lion_bohemia.dds\r"""
"MPE","MPE","3726274827","gfx/coat_of_arms/.gitignore:1:*","""gfx/coat_of_arms/colored_emblems/ce_lion_breifne.dds\r"""
"MPE","MPE","3726274827","gfx/coat_of_arms/.gitignore:1:*","""gfx/coat_of_arms/colored_emblems/ce_lion_brescia.dds\r"""
"MPE","MPE","3726274827","gfx/coat_of_arms/.gitignore:1:*","""gfx/coat_of_arms/colored_emblems/ce_lion_brest.dds\r"""
"MPE","MPE","3726274827","gfx/coat_of_arms/.gitignore:1:*","""gfx/coat_of_arms/colored_emblems/ce_lion_courland.dds\r"""
"MPE","MPE","3726274827","gfx/coat_of_arms/.gitignore:1:*","""gfx/coat_of_arms/colored_emblems/ce_lion_denmark_alt.dds\r"""
"MPE","MPE","3726274827","gfx/coat_of_arms/.gitignore:1:*","""gfx/coat_of_arms/colored_emblems/ce_lion_denmark_triple.dds\r"""
"MPE","MPE","3726274827","gfx/coat_of_arms/.gitignore:1:*","""gfx/coat_of_arms/colored_emblems/ce_lion_denmark.dds\r"""
"MPE","MPE","3726274827","gfx/coat_of_arms/.gitignore:1:*","""gfx/coat_of_arms/colored_emblems/ce_lion_dunkeld.dds\r"""
"MPE","MPE","3726274827","gfx/coat_of_arms/.gitignore:1:*","""gfx/coat_of_arms/colored_emblems/ce_lion_durham.dds\r"""
"MPE","MPE","3726274827","gfx/coat_of_arms/.gitignore:1:*","""gfx/coat_of_arms/colored_emblems/ce_lion_england_alt.jpg\r"""
"MPE","MPE","3726274827","gfx/coat_of_arms/.gitignore:1:*","""gfx/coat_of_arms/colored_emblems/ce_lion_england.dds\r"""
"MPE","MPE","3726274827","gfx/coat_of_arms/.gitignore:1:*","""gfx/coat_of_arms/colored_emblems/ce_lion_eu_dont_know_me.dds\r"""
"MPE","MPE","3726274827","gfx/coat_of_arms/.gitignore:1:*","""gfx/coat_of_arms/colored_emblems/ce_lion_finland.dds\r"""
"MPE","MPE","3726274827","gfx/coat_of_arms/.gitignore:1:*","""gfx/coat_of_arms/colored_emblems/ce_lion_flanders_alt.dds\r"""
"MPE","MPE","3726274827","gfx/coat_of_arms/.gitignore:1:*","""gfx/coat_of_arms/colored_emblems/ce_lion_flanders.dds\r"""
"MPE","MPE","3726274827","gfx/coat_of_arms/.gitignore:1:*","""gfx/coat_of_arms/colored_emblems/ce_lion_frisia.dds\r"""
"MPE","MPE","3726274827","gfx/coat_of_arms/.gitignore:1:*","""gfx/coat_of_arms/colored_emblems/ce_lion_gascogne_1.dds\r"""
"MPE","MPE","3726274827","gfx/coat_of_arms/.gitignore:1:*","""gfx/coat_of_arms/colored_emblems/ce_lion_gascogne.dds\r"""
"MPE","MPE","3726274827","gfx/coat_of_arms/.gitignore:1:*","""gfx/coat_of_arms/colored_emblems/ce_lion_guardant_axe.dds\r"""
"MPE","MPE","3726274827","gfx/coat_of_arms/.gitignore:1:*","""gfx/coat_of_arms/colored_emblems/ce_lion_halych.dds\r"""
"MPE","MPE","3726274827","gfx/coat_of_arms/.gitignore:1:*","""gfx/coat_of_arms/colored_emblems/ce_lion_hesse_1.dds\r"""
"MPE","MPE","3726274827","gfx/coat_of_arms/.gitignore:1:*","""gfx/coat_of_arms/colored_emblems/ce_lion_hesse_2.dds\r"""
"MPE","MPE","3726274827","gfx/coat_of_arms/.gitignore:1:*","""gfx/coat_of_arms/colored_emblems/ce_lion_hesse_3.dds\r"""
"MPE","MPE","3726274827","gfx/coat_of_arms/.gitignore:1:*","""gfx/coat_of_arms/colored_emblems/ce_lion_holland.dds\r"""
"MPE","MPE","3726274827","gfx/coat_of_arms/.gitignore:1:*","""gfx/coat_of_arms/colored_emblems/ce_lion_jerusalem_alt_01.dds\r"""
"MPE","MPE","3726274827","gfx/coat_of_arms/.gitignore:1:*","""gfx/coat_of_arms/colored_emblems/ce_lion_jerusalem_alt.dds\r"""
"MPE","MPE","3726274827","gfx/coat_of_arms/.gitignore:1:*","""gfx/coat_of_arms/colored_emblems/ce_lion_jerusalem.dds\r"""
"MPE","MPE","3726274827","gfx/coat_of_arms/.gitignore:1:*","""gfx/coat_of_arms/colored_emblems/ce_lion_kuk_me_daddy.dds\r"""
"MPE","MPE","3726274827","gfx/coat_of_arms/.gitignore:1:*","""gfx/coat_of_arms/colored_emblems/ce_lion_leon_01.dds\r"""
"MPE","MPE","3726274827","gfx/coat_of_arms/.gitignore:1:*","""gfx/coat_of_arms/colored_emblems/ce_lion_leon.dds\r"""
"MPE","MPE","3726274827","gfx/coat_of_arms/.gitignore:1:*","""gfx/coat_of_arms/colored_emblems/ce_lion_lienz.dds\r"""
"MPE","MPE","3726274827","gfx/coat_of_arms/.gitignore:1:*","""gfx/coat_of_arms/colored_emblems/ce_lion_luxembourg.dds\r"""
"MPE","MPE","3726274827","gfx/coat_of_arms/.gitignore:1:*","""gfx/coat_of_arms/colored_emblems/ce_lion_meissen_01.dds\r"""
"MPE","MPE","3726274827","gfx/coat_of_arms/.gitignore:1:*","""gfx/coat_of_arms/colored_emblems/ce_lion_norsk.dds\r"""
"MPE","MPE","3726274827","gfx/coat_of_arms/.gitignore:1:*","""gfx/coat_of_arms/colored_emblems/ce_lion_passant_sword_no_sun.dds\r"""
"MPE","MPE","3726274827","gfx/coat_of_arms/.gitignore:1:*","""gfx/coat_of_arms/colored_emblems/ce_lion_pest.dds\r"""
"MPE","MPE","3726274827","gfx/coat_of_arms/.gitignore:1:*","""gfx/coat_of_arms/colored_emblems/ce_lion_pietarsaari.dds\r"""
"MPE","MPE","3726274827","gfx/coat_of_arms/.gitignore:1:*","""gfx/coat_of_arms/colored_emblems/ce_lion_poitiers.dds\r"""
"MPE","MPE","3726274827","gfx/coat_of_arms/.gitignore:1:*","""gfx/coat_of_arms/colored_emblems/ce_lion_poitou.dds\r"""
"MPE","MPE","3726274827","gfx/coat_of_arms/.gitignore:1:*","""gfx/coat_of_arms/colored_emblems/ce_lion_powys.dds\r"""
"MPE","MPE","3726274827","gfx/coat_of_arms/.gitignore:1:*","""gfx/coat_of_arms/colored_emblems/ce_lion_reiniers.dds\r"""
"MPE","MPE","3726274827","gfx/coat_of_arms/.gitignore:1:*","""gfx/coat_of_arms/colored_emblems/ce_lion_rheinfelden.dds\r"""
"MPE","MPE","3726274827","gfx/coat_of_arms/.gitignore:1:*","""gfx/coat_of_arms/colored_emblems/ce_lion_rouergue.dds\r"""
"MPE","MPE","3726274827","gfx/coat_of_arms/.gitignore:1:*","""gfx/coat_of_arms/colored_emblems/ce_lion_saulx.dds\r"""
"MPE","MPE","3726274827","gfx/coat_of_arms/.gitignore:1:*","""gfx/coat_of_arms/colored_emblems/ce_lion_shropshire.dds\r"""
"MPE","MPE","3726274827","gfx/coat_of_arms/.gitignore:1:*","""gfx/coat_of_arms/colored_emblems/ce_lion_sweden.dds\r"""
"MPE","MPE","3726274827","gfx/coat_of_arms/.gitignore:1:*","""gfx/coat_of_arms/colored_emblems/ce_lion_thrace_01.dds\r"""
"MPE","MPE","3726274827","gfx/coat_of_arms/.gitignore:1:*","""gfx/coat_of_arms/colored_emblems/ce_lion_thrace.dds\r"""
"MPE","MPE","3726274827","gfx/coat_of_arms/.gitignore:1:*","""gfx/coat_of_arms/colored_emblems/ce_lion_thuringia.dds\r"""
"MPE","MPE","3726274827","gfx/coat_of_arms/.gitignore:1:*","""gfx/coat_of_arms/colored_emblems/ce_lion_tortona.dds\r"""
"MPE","MPE","3726274827","gfx/coat_of_arms/.gitignore:1:*","""gfx/coat_of_arms/colored_emblems/ce_lion_tunis.dds\r"""
"MPE","MPE","3726274827","gfx/coat_of_arms/.gitignore:1:*","""gfx/coat_of_arms/colored_emblems/ce_lion_venice.dds\r"""
"MPE","MPE","3726274827","gfx/coat_of_arms/.gitignore:1:*","""gfx/coat_of_arms/colored_emblems/ce_lion_vladimir.dds\r"""
"MPE","MPE","3726274827","gfx/coat_of_arms/.gitignore:1:*","""gfx/coat_of_arms/colored_emblems/ce_lion_weimar_depressed.dds\r"""
"MPE","MPE","3726274827","gfx/coat_of_arms/.gitignore:1:*","""gfx/coat_of_arms/colored_emblems/ce_lion_weimar.dds\r"""
"MPE","MPE","3726274827","gfx/coat_of_arms/.gitignore:1:*","""gfx/coat_of_arms/colored_emblems/ce_lozenge_bend_border_chief.dds\r"""
"MPE","MPE","3726274827","gfx/coat_of_arms/.gitignore:1:*","""gfx/coat_of_arms/colored_emblems/ce_lynx_tavasts.dds\r"""
"MPE","MPE","3726274827","gfx/coat_of_arms/.gitignore:1:*","""gfx/coat_of_arms/colored_emblems/ce_macedon_sun.dds\r"""
"MPE","MPE","3726274827","gfx/coat_of_arms/.gitignore:1:*","""gfx/coat_of_arms/colored_emblems/ce_macedonian_sun.png\r"""
"MPE","MPE","3726274827","gfx/coat_of_arms/.gitignore:1:*","""gfx/coat_of_arms/colored_emblems/ce_majapahit_02.dds\r"""
"MPE","MPE","3726274827","gfx/coat_of_arms/.gitignore:1:*","""gfx/coat_of_arms/colored_emblems/ce_majapahit.dds\r"""
"MPE","MPE","3726274827","gfx/coat_of_arms/.gitignore:1:*","""gfx/coat_of_arms/colored_emblems/ce_makara_01.dds\r"""
"MPE","MPE","3726274827","gfx/coat_of_arms/.gitignore:1:*","""gfx/coat_of_arms/colored_emblems/ce_makara_02.dds\r"""
"MPE","MPE","3726274827","gfx/coat_of_arms/.gitignore:1:*","""gfx/coat_of_arms/colored_emblems/ce_makara_03.dds\r"""
"MPE","MPE","3726274827","gfx/coat_of_arms/.gitignore:1:*","""gfx/coat_of_arms/colored_emblems/ce_malyari_01.dds\r"""
"MPE","MPE","3726274827","gfx/coat_of_arms/.gitignore:1:*","""gfx/coat_of_arms/colored_emblems/ce_mandalay_01.dds\r"""
"MPE","MPE","3726274827","gfx/coat_of_arms/.gitignore:1:*","""gfx/coat_of_arms/colored_emblems/ce_martlet_sussex.dds\r"""
"MPE","MPE","3726274827","gfx/coat_of_arms/.gitignore:1:*","""gfx/coat_of_arms/colored_emblems/ce_maurya.dds\r"""
"MPE","MPE","3726274827","gfx/coat_of_arms/.gitignore:1:*","""gfx/coat_of_arms/colored_emblems/ce_meath.dds\r"""
"MPE","MPE","3726274827","gfx/coat_of_arms/.gitignore:1:*","""gfx/coat_of_arms/colored_emblems/ce_mena_italy.dds\r"""
"MPE","MPE","3726274827","gfx/coat_of_arms/.gitignore:1:*","""gfx/coat_of_arms/colored_emblems/ce_ming.dds\r"""
"MPE","MPE","3726274827","gfx/coat_of_arms/.gitignore:1:*","""gfx/coat_of_arms/colored_emblems/ce_mongol_eagle.dds\r"""
"MPE","MPE","3726274827","gfx/coat_of_arms/.gitignore:1:*","""gfx/coat_of_arms/colored_emblems/ce_mongolia_bird.dds\r"""
"MPE","MPE","3726274827","gfx/coat_of_arms/.gitignore:1:*","""gfx/coat_of_arms/colored_emblems/ce_mongolia.dds\r"""
"MPE","MPE","3726274827","gfx/coat_of_arms/.gitignore:1:*","""gfx/coat_of_arms/colored_emblems/ce_mount.dds\r"""
"MPE","MPE","3726274827","gfx/coat_of_arms/.gitignore:1:*","""gfx/coat_of_arms/colored_emblems/ce_murcia.dds\r"""
"MPE","MPE","3726274827","gfx/coat_of_arms/.gitignore:1:*","""gfx/coat_of_arms/colored_emblems/ce_naga_01.dds\r"""
"MPE","MPE","3726274827","gfx/coat_of_arms/.gitignore:1:*","""gfx/coat_of_arms/colored_emblems/ce_naga_02.dds\r"""
"MPE","MPE","3726274827","gfx/coat_of_arms/.gitignore:1:*","""gfx/coat_of_arms/colored_emblems/ce_naga_03.dds\r"""
"MPE","MPE","3726274827","gfx/coat_of_arms/.gitignore:1:*","""gfx/coat_of_arms/colored_emblems/ce_naga_04.dds\r"""
"MPE","MPE","3726274827","gfx/coat_of_arms/.gitignore:1:*","""gfx/coat_of_arms/colored_emblems/ce_naga_khmer_01.dds\r"""
"MPE","MPE","3726274827","gfx/coat_of_arms/.gitignore:1:*","""gfx/coat_of_arms/colored_emblems/ce_nandi_01.dds\r"""
"MPE","MPE","3726274827","gfx/coat_of_arms/.gitignore:1:*","""gfx/coat_of_arms/colored_emblems/ce_nat_01.dds\r"""
"MPE","MPE","3726274827","gfx/coat_of_arms/.gitignore:1:*","""gfx/coat_of_arms/colored_emblems/ce_novgorod_small.dds\r"""
"MPE","MPE","3726274827","gfx/coat_of_arms/.gitignore:1:*","""gfx/coat_of_arms/colored_emblems/ce_nuosu_da.dds\r"""
"MPE","MPE","3726274827","gfx/coat_of_arms/.gitignore:1:*","""gfx/coat_of_arms/colored_emblems/ce_nuosu_dap.dds\r"""
"MPE","MPE","3726274827","gfx/coat_of_arms/.gitignore:1:*","""gfx/coat_of_arms/colored_emblems/ce_nuosu_dat.dds\r"""
"MPE","MPE","3726274827","gfx/coat_of_arms/.gitignore:1:*","""gfx/coat_of_arms/colored_emblems/ce_nuosu_dda.dds\r"""
"MPE","MPE","3726274827","gfx/coat_of_arms/.gitignore:1:*","""gfx/coat_of_arms/colored_emblems/ce_nuosu_ddap.dds\r"""
"MPE","MPE","3726274827","gfx/coat_of_arms/.gitignore:1:*","""gfx/coat_of_arms/colored_emblems/ce_nuosu_ddat.dds\r"""
"MPE","MPE","3726274827","gfx/coat_of_arms/.gitignore:1:*","""gfx/coat_of_arms/colored_emblems/ce_nuosu_ga.dds\r"""
"MPE","MPE","3726274827","gfx/coat_of_arms/.gitignore:1:*","""gfx/coat_of_arms/colored_emblems/ce_nuosu_gap.dds\r"""
"MPE","MPE","3726274827","gfx/coat_of_arms/.gitignore:1:*","""gfx/coat_of_arms/colored_emblems/ce_nuosu_gat.dds\r"""
"MPE","MPE","3726274827","gfx/coat_of_arms/.gitignore:1:*","""gfx/coat_of_arms/colored_emblems/ce_nuosu_gga.dds\r"""
"MPE","MPE","3726274827","gfx/coat_of_arms/.gitignore:1:*","""gfx/coat_of_arms/colored_emblems/ce_nuosu_ggap.dds\r"""
"MPE","MPE","3726274827","gfx/coat_of_arms/.gitignore:1:*","""gfx/coat_of_arms/colored_emblems/ce_nuosu_ggat.dds\r"""
"MPE","MPE","3726274827","gfx/coat_of_arms/.gitignore:1:*","""gfx/coat_of_arms/colored_emblems/ce_nuosu_hla.dds\r"""
"MPE","MPE","3726274827","gfx/coat_of_arms/.gitignore:1:*","""gfx/coat_of_arms/colored_emblems/ce_nuosu_hlap.dds\r"""
"MPE","MPE","3726274827","gfx/coat_of_arms/.gitignore:1:*","""gfx/coat_of_arms/colored_emblems/ce_nuosu_hlat.dds\r"""
"MPE","MPE","3726274827","gfx/coat_of_arms/.gitignore:1:*","""gfx/coat_of_arms/colored_emblems/ce_nuosu_hna.dds\r"""
"MPE","MPE","3726274827","gfx/coat_of_arms/.gitignore:1:*","""gfx/coat_of_arms/colored_emblems/ce_nuosu_hnap.dds\r"""
"MPE","MPE","3726274827","gfx/coat_of_arms/.gitignore:1:*","""gfx/coat_of_arms/colored_emblems/ce_nuosu_hnat.dds\r"""
"MPE","MPE","3726274827","gfx/coat_of_arms/.gitignore:1:*","""gfx/coat_of_arms/colored_emblems/ce_nuosu_ka.dds\r"""
"MPE","MPE","3726274827","gfx/coat_of_arms/.gitignore:1:*","""gfx/coat_of_arms/colored_emblems/ce_nuosu_kap.dds\r"""
"MPE","MPE","3726274827","gfx/coat_of_arms/.gitignore:1:*","""gfx/coat_of_arms/colored_emblems/ce_nuosu_kat.dds\r"""
"MPE","MPE","3726274827","gfx/coat_of_arms/.gitignore:1:*","""gfx/coat_of_arms/colored_emblems/ce_nuosu_la.dds\r"""
"MPE","MPE","3726274827","gfx/coat_of_arms/.gitignore:1:*","""gfx/coat_of_arms/colored_emblems/ce_nuosu_lap.dds\r"""
"MPE","MPE","3726274827","gfx/coat_of_arms/.gitignore:1:*","""gfx/coat_of_arms/colored_emblems/ce_nuosu_lat.dds\r"""
"MPE","MPE","3726274827","gfx/coat_of_arms/.gitignore:1:*","""gfx/coat_of_arms/colored_emblems/ce_nuosu_ma.dds\r"""
"MPE","MPE","3726274827","gfx/coat_of_arms/.gitignore:1:*","""gfx/coat_of_arms/colored_emblems/ce_nuosu_meng.dds\r"""
"MPE","MPE","3726274827","gfx/coat_of_arms/.gitignore:1:*","""gfx/coat_of_arms/colored_emblems/ce_nuosu_mga.dds\r"""
"MPE","MPE","3726274827","gfx/coat_of_arms/.gitignore:1:*","""gfx/coat_of_arms/colored_emblems/ce_nuosu_mgap.dds\r"""
"MPE","MPE","3726274827","gfx/coat_of_arms/.gitignore:1:*","""gfx/coat_of_arms/colored_emblems/ce_nuosu_mgat.dds\r"""
"MPE","MPE","3726274827","gfx/coat_of_arms/.gitignore:1:*","""gfx/coat_of_arms/colored_emblems/ce_nuosu_nda.dds\r"""
"MPE","MPE","3726274827","gfx/coat_of_arms/.gitignore:1:*","""gfx/coat_of_arms/colored_emblems/ce_nuosu_ndap.dds\r"""
"MPE","MPE","3726274827","gfx/coat_of_arms/.gitignore:1:*","""gfx/coat_of_arms/colored_emblems/ce_nuosu_ndat.dds\r"""
"MPE","MPE","3726274827","gfx/coat_of_arms/.gitignore:1:*","""gfx/coat_of_arms/colored_emblems/ce_nuosu_shy.dds\r"""
"MPE","MPE","3726274827","gfx/coat_of_arms/.gitignore:1:*","""gfx/coat_of_arms/colored_emblems/ce_nuosu_ta.dds\r"""
"MPE","MPE","3726274827","gfx/coat_of_arms/.gitignore:1:*","""gfx/coat_of_arms/colored_emblems/ce_nuosu_tap.dds\r"""
"MPE","MPE","3726274827","gfx/coat_of_arms/.gitignore:1:*","""gfx/coat_of_arms/colored_emblems/ce_nuosu_tat.dds\r"""
"MPE","MPE","3726274827","gfx/coat_of_arms/.gitignore:1:*","""gfx/coat_of_arms/colored_emblems/ce_nuosu_va.dds\r"""
"MPE","MPE","3726274827","gfx/coat_of_arms/.gitignore:1:*","""gfx/coat_of_arms/colored_emblems/ce_nuosu_vap.dds\r"""
"MPE","MPE","3726274827","gfx/coat_of_arms/.gitignore:1:*","""gfx/coat_of_arms/colored_emblems/ce_nuosu_vat.dds\r"""
"MPE","MPE","3726274827","gfx/coat_of_arms/.gitignore:1:*","""gfx/coat_of_arms/colored_emblems/ce_owl_eystridalir.dds\r"""
"MPE","MPE","3726274827","gfx/coat_of_arms/.gitignore:1:*","""gfx/coat_of_arms/colored_emblems/ce_panther_bavaria.dds\r"""
"MPE","MPE","3726274827","gfx/coat_of_arms/.gitignore:1:*","""gfx/coat_of_arms/colored_emblems/ce_panther_hohenlohe.dds\r"""
"MPE","MPE","3726274827","gfx/coat_of_arms/.gitignore:1:*","""gfx/coat_of_arms/colored_emblems/ce_papal_states.dds\r"""
"MPE","MPE","3726274827","gfx/coat_of_arms/.gitignore:1:*","""gfx/coat_of_arms/colored_emblems/ce_party_per_chevron_crenelated.dds\r"""
"MPE","MPE","3726274827","gfx/coat_of_arms/.gitignore:1:*","""gfx/coat_of_arms/colored_emblems/ce_pdx_party_per_chevron_wavy.dds\r"""
"MPE","MPE","3726274827","gfx/coat_of_arms/.gitignore:1:*","""gfx/coat_of_arms/colored_emblems/ce_pdx_wheel_broken.dds\r"""
"MPE","MPE","3726274827","gfx/coat_of_arms/.gitignore:1:*","""gfx/coat_of_arms/colored_emblems/ce_persian_1.dds\r"""
"MPE","MPE","3726274827","gfx/coat_of_arms/.gitignore:1:*","""gfx/coat_of_arms/colored_emblems/ce_persian_3.dds\r"""
"MPE","MPE","3726274827","gfx/coat_of_arms/.gitignore:1:*","""gfx/coat_of_arms/colored_emblems/ce_piast.dds\r"""
"MPE","MPE","3726274827","gfx/coat_of_arms/.gitignore:1:*","""gfx/coat_of_arms/colored_emblems/ce_pick_salinis.dds\r"""
"MPE","MPE","3726274827","gfx/coat_of_arms/.gitignore:1:*","""gfx/coat_of_arms/colored_emblems/ce_pillow_surrey.dds\r"""
"MPE","MPE","3726274827","gfx/coat_of_arms/.gitignore:1:*","""gfx/coat_of_arms/colored_emblems/ce_pinang_01.dds\r"""
"MPE","MPE","3726274827","gfx/coat_of_arms/.gitignore:1:*","""gfx/coat_of_arms/colored_emblems/ce_pol_eagle.png\r"""
"MPE","MPE","3726274827","gfx/coat_of_arms/.gitignore:1:*","""gfx/coat_of_arms/colored_emblems/ce_pot_lara.dds\r"""
"MPE","MPE","3726274827","gfx/coat_of_arms/.gitignore:1:*","""gfx/coat_of_arms/colored_emblems/ce_powys.dds\r"""
"MPE","MPE","3726274827","gfx/coat_of_arms/.gitignore:1:*","""gfx/coat_of_arms/colored_emblems/ce_pyramid_povenets.dds\r"""
"MPE","MPE","3726274827","gfx/coat_of_arms/.gitignore:1:*","""gfx/coat_of_arms/colored_emblems/ce_pyu_01.dds\r"""
"MPE","MPE","3726274827","gfx/coat_of_arms/.gitignore:1:*","""gfx/coat_of_arms/colored_emblems/ce_quiver_sysma.dds\r"""
"MPE","MPE","3726274827","gfx/coat_of_arms/.gitignore:1:*","""gfx/coat_of_arms/colored_emblems/ce_raven_1.dds\r"""
"MPE","MPE","3726274827","gfx/coat_of_arms/.gitignore:1:*","""gfx/coat_of_arms/colored_emblems/ce_raven_2.dds\r"""
"MPE","MPE","3726274827","gfx/coat_of_arms/.gitignore:1:*","""gfx/coat_of_arms/colored_emblems/ce_raven_3.dds\r"""
"MPE","MPE","3726274827","gfx/coat_of_arms/.gitignore:1:*","""gfx/coat_of_arms/colored_emblems/ce_raven_4.dds\r"""
"MPE","MPE","3726274827","gfx/coat_of_arms/.gitignore:1:*","""gfx/coat_of_arms/colored_emblems/ce_raven_5.dds\r"""
"MPE","MPE","3726274827","gfx/coat_of_arms/.gitignore:1:*","""gfx/coat_of_arms/colored_emblems/ce_raven_6.dds\r"""
"MPE","MPE","3726274827","gfx/coat_of_arms/.gitignore:1:*","""gfx/coat_of_arms/colored_emblems/ce_raven_7.dds\r"""
"MPE","MPE","3726274827","gfx/coat_of_arms/.gitignore:1:*","""gfx/coat_of_arms/colored_emblems/ce_raven_8.dds\r"""
"MPE","MPE","3726274827","gfx/coat_of_arms/.gitignore:1:*","""gfx/coat_of_arms/colored_emblems/ce_red_right_hand.dds\r"""
"MPE","MPE","3726274827","gfx/coat_of_arms/.gitignore:1:*","""gfx/coat_of_arms/colored_emblems/ce_reykjavik.dds\r"""
"MPE","MPE","3726274827","gfx/coat_of_arms/.gitignore:1:*","""gfx/coat_of_arms/colored_emblems/ce_river_kontupohja.dds\r"""
"MPE","MPE","3726274827","gfx/coat_of_arms/.gitignore:1:*","""gfx/coat_of_arms/colored_emblems/ce_roman_eagle.png\r"""
"MPE","MPE","3726274827","gfx/coat_of_arms/.gitignore:1:*","""gfx/coat_of_arms/colored_emblems/ce_rumahgadang_01.dds\r"""
"MPE","MPE","3726274827","gfx/coat_of_arms/.gitignore:1:*","""gfx/coat_of_arms/colored_emblems/ce_rumahgadang_02.dds\r"""
"MPE","MPE","3726274827","gfx/coat_of_arms/.gitignore:1:*","""gfx/coat_of_arms/colored_emblems/ce_rurikid.png\r"""
"MPE","MPE","3726274827","gfx/coat_of_arms/.gitignore:1:*","""gfx/coat_of_arms/colored_emblems/ce_rurikid2.dds\r"""
"MPE","MPE","3726274827","gfx/coat_of_arms/.gitignore:1:*","""gfx/coat_of_arms/colored_emblems/ce_russian_eagle.dds\r"""
"MPE","MPE","3726274827","gfx/coat_of_arms/.gitignore:1:*","""gfx/coat_of_arms/colored_emblems/ce_sable_01.dds\r"""
"MPE","MPE","3726274827","gfx/coat_of_arms/.gitignore:1:*","""gfx/coat_of_arms/colored_emblems/ce_saltire_chief.dds\r"""
"MPE","MPE","3726274827","gfx/coat_of_arms/.gitignore:1:*","""gfx/coat_of_arms/colored_emblems/ce_saltire_large.dds\r"""
"MPE","MPE","3726274827","gfx/coat_of_arms/.gitignore:1:*","""gfx/coat_of_arms/colored_emblems/ce_satsana_phi_01.dds\r"""
"MPE","MPE","3726274827","gfx/coat_of_arms/.gitignore:1:*","""gfx/coat_of_arms/colored_emblems/ce_scales_tunis.dds\r"""
"MPE","MPE","3726274827","gfx/coat_of_arms/.gitignore:1:*","""gfx/coat_of_arms/colored_emblems/ce_sceptre_colmar.dds\r"""
"MPE","MPE","3726274827","gfx/coat_of_arms/.gitignore:1:*","""gfx/coat_of_arms/colored_emblems/ce_schaumberg.dds\r"""
"MPE","MPE","3726274827","gfx/coat_of_arms/.gitignore:1:*","""gfx/coat_of_arms/colored_emblems/ce_SEA_boar_01.dds\r"""
"MPE","MPE","3726274827","gfx/coat_of_arms/.gitignore:1:*","""gfx/coat_of_arms/colored_emblems/ce_SEA_elephant_01.dds\r"""
"MPE","MPE","3726274827","gfx/coat_of_arms/.gitignore:1:*","""gfx/coat_of_arms/colored_emblems/ce_sea_sword_01.dds\r"""
"MPE","MPE","3726274827","gfx/coat_of_arms/.gitignore:1:*","""gfx/coat_of_arms/colored_emblems/ce_sea_sword_02.dds\r"""
"MPE","MPE","3726274827","gfx/coat_of_arms/.gitignore:1:*","""gfx/coat_of_arms/colored_emblems/ce_sea_sword_03.dds\r"""
"MPE","MPE","3726274827","gfx/coat_of_arms/.gitignore:1:*","""gfx/coat_of_arms/colored_emblems/ce_sea_sword_04.dds\r"""
"MPE","MPE","3726274827","gfx/coat_of_arms/.gitignore:1:*","""gfx/coat_of_arms/colored_emblems/ce_sea_sword_05.dds\r"""
"MPE","MPE","3726274827","gfx/coat_of_arms/.gitignore:1:*","""gfx/coat_of_arms/colored_emblems/ce_sea_sword_06.dds\r"""
"MPE","MPE","3726274827","gfx/coat_of_arms/.gitignore:1:*","""gfx/coat_of_arms/colored_emblems/ce_sea_sword_07.dds\r"""
"MPE","MPE","3726274827","gfx/coat_of_arms/.gitignore:1:*","""gfx/coat_of_arms/colored_emblems/ce_SEA_tiger_01.dds\r"""
"MPE","MPE","3726274827","gfx/coat_of_arms/.gitignore:1:*","""gfx/coat_of_arms/colored_emblems/ce_SEA_tiger_02.dds\r"""
"MPE","MPE","3726274827","gfx/coat_of_arms/.gitignore:1:*","""gfx/coat_of_arms/colored_emblems/ce_SEA_tiger_04.dds\r"""
"MPE","MPE","3726274827","gfx/coat_of_arms/.gitignore:1:*","""gfx/coat_of_arms/colored_emblems/ce_SEA_tiger_05.dds\r"""
"MPE","MPE","3726274827","gfx/coat_of_arms/.gitignore:1:*","""gfx/coat_of_arms/colored_emblems/ce_seal_aarhus_01.dds\r"""
"MPE","MPE","3726274827","gfx/coat_of_arms/.gitignore:1:*","""gfx/coat_of_arms/colored_emblems/ce_seal_aarhus_02.dds\r"""
"MPE","MPE","3726274827","gfx/coat_of_arms/.gitignore:1:*","""gfx/coat_of_arms/colored_emblems/ce_seal_ayutthaya_narai.dds\r"""
"MPE","MPE","3726274827","gfx/coat_of_arms/.gitignore:1:*","""gfx/coat_of_arms/colored_emblems/ce_seal_bergen.dds\r"""
"MPE","MPE","3726274827","gfx/coat_of_arms/.gitignore:1:*","""gfx/coat_of_arms/colored_emblems/ce_seal_chiangmai.dds\r"""
"MPE","MPE","3726274827","gfx/coat_of_arms/.gitignore:1:*","""gfx/coat_of_arms/colored_emblems/ce_seal_jin.dds\r"""
"MPE","MPE","3726274827","gfx/coat_of_arms/.gitignore:1:*","""gfx/coat_of_arms/colored_emblems/ce_seal_kampaengphet.dds\r"""
"MPE","MPE","3726274827","gfx/coat_of_arms/.gitignore:1:*","""gfx/coat_of_arms/colored_emblems/ce_seal_lanna.dds\r"""
"MPE","MPE","3726274827","gfx/coat_of_arms/.gitignore:1:*","""gfx/coat_of_arms/colored_emblems/ce_seal_liao.dds\r"""
"MPE","MPE","3726274827","gfx/coat_of_arms/.gitignore:1:*","""gfx/coat_of_arms/colored_emblems/ce_seal_nanyue.dds\r"""
"MPE","MPE","3726274827","gfx/coat_of_arms/.gitignore:1:*","""gfx/coat_of_arms/colored_emblems/ce_seal_of_china.dds\r"""
"MPE","MPE","3726274827","gfx/coat_of_arms/.gitignore:1:*","""gfx/coat_of_arms/colored_emblems/ce_seal_song.dds\r"""
"MPE","MPE","3726274827","gfx/coat_of_arms/.gitignore:1:*","""gfx/coat_of_arms/colored_emblems/ce_seal_tang.dds\r"""
"MPE","MPE","3726274827","gfx/coat_of_arms/.gitignore:1:*","""gfx/coat_of_arms/colored_emblems/ce_seal_viborg.dds\r"""
"MPE","MPE","3726274827","gfx/coat_of_arms/.gitignore:1:*","""gfx/coat_of_arms/colored_emblems/ce_seal_xia.dds\r"""
"MPE","MPE","3726274827","gfx/coat_of_arms/.gitignore:1:*","""gfx/coat_of_arms/colored_emblems/ce_seal_yuan.dds\r"""
"MPE","MPE","3726274827","gfx/coat_of_arms/.gitignore:1:*","""gfx/coat_of_arms/colored_emblems/ce_seal_yue.dds\r"""
"MPE","MPE","3726274827","gfx/coat_of_arms/.gitignore:1:*","""gfx/coat_of_arms/colored_emblems/ce_seljuk_turks.dds\r"""
"MPE","MPE","3726274827","gfx/coat_of_arms/.gitignore:1:*","""gfx/coat_of_arms/colored_emblems/ce_serbia_eagle.dds\r"""
"MPE","MPE","3726274827","gfx/coat_of_arms/.gitignore:1:*","""gfx/coat_of_arms/colored_emblems/ce_sheep_brest.dds\r"""
"MPE","MPE","3726274827","gfx/coat_of_arms/.gitignore:1:*","""gfx/coat_of_arms/colored_emblems/ce_sheep_brixen.dds\r"""
"MPE","MPE","3726274827","gfx/coat_of_arms/.gitignore:1:*","""gfx/coat_of_arms/colored_emblems/ce_sheep_cornouaille.dds\r"""
"MPE","MPE","3726274827","gfx/coat_of_arms/.gitignore:1:*","""gfx/coat_of_arms/colored_emblems/ce_sheep_faroes.dds\r"""
"MPE","MPE","3726274827","gfx/coat_of_arms/.gitignore:1:*","""gfx/coat_of_arms/colored_emblems/ce_sheep_gotland_01.dds\r"""
"MPE","MPE","3726274827","gfx/coat_of_arms/.gitignore:1:*","""gfx/coat_of_arms/colored_emblems/ce_sheep_gotland_02.dds\r"""
"MPE","MPE","3726274827","gfx/coat_of_arms/.gitignore:1:*","""gfx/coat_of_arms/colored_emblems/ce_sheep_kargopol.dds\r"""
"MPE","MPE","3726274827","gfx/coat_of_arms/.gitignore:1:*","""gfx/coat_of_arms/colored_emblems/ce_sheep_perth.dds\r"""
"MPE","MPE","3726274827","gfx/coat_of_arms/.gitignore:1:*","""gfx/coat_of_arms/colored_emblems/ce_sheep_rouen.dds\r"""
"MPE","MPE","3726274827","gfx/coat_of_arms/.gitignore:1:*","""gfx/coat_of_arms/colored_emblems/ce_shield_bavaria.dds\r"""
"MPE","MPE","3726274827","gfx/coat_of_arms/.gitignore:1:*","""gfx/coat_of_arms/colored_emblems/ce_shield_granada_moor.dds\r"""
"MPE","MPE","3726274827","gfx/coat_of_arms/.gitignore:1:*","""gfx/coat_of_arms/colored_emblems/ce_shield_haro.dds\r"""
"MPE","MPE","3726274827","gfx/coat_of_arms/.gitignore:1:*","""gfx/coat_of_arms/colored_emblems/ce_shield_italia_nap.dds\r"""
"MPE","MPE","3726274827","gfx/coat_of_arms/.gitignore:1:*","""gfx/coat_of_arms/colored_emblems/ce_shield_italia.dds\r"""
"MPE","MPE","3726274827","gfx/coat_of_arms/.gitignore:1:*","""gfx/coat_of_arms/colored_emblems/ce_shield_madrid.dds\r"""
"MPE","MPE","3726274827","gfx/coat_of_arms/.gitignore:1:*","""gfx/coat_of_arms/colored_emblems/ce_shield_portugal_back.dds\r"""
"MPE","MPE","3726274827","gfx/coat_of_arms/.gitignore:1:*","""gfx/coat_of_arms/colored_emblems/ce_shield_quartered_01.dds\r"""
"MPE","MPE","3726274827","gfx/coat_of_arms/.gitignore:1:*","""gfx/coat_of_arms/colored_emblems/ce_shield_velay.dds\r"""
"MPE","MPE","3726274827","gfx/coat_of_arms/.gitignore:1:*","""gfx/coat_of_arms/colored_emblems/ce_ship_01.dds\r"""
"MPE","MPE","3726274827","gfx/coat_of_arms/.gitignore:1:*","""gfx/coat_of_arms/colored_emblems/ce_ship_akkel.dds\r"""
"MPE","MPE","3726274827","gfx/coat_of_arms/.gitignore:1:*","""gfx/coat_of_arms/colored_emblems/ce_ship_beirut.dds\r"""
"MPE","MPE","3726274827","gfx/coat_of_arms/.gitignore:1:*","""gfx/coat_of_arms/colored_emblems/ce_ship_bjarmaland.dds\r"""
"MPE","MPE","3726274827","gfx/coat_of_arms/.gitignore:1:*","""gfx/coat_of_arms/colored_emblems/ce_ship_corfu.dds\r"""
"MPE","MPE","3726274827","gfx/coat_of_arms/.gitignore:1:*","""gfx/coat_of_arms/colored_emblems/ce_ship_crovan.dds\r"""
"MPE","MPE","3726274827","gfx/coat_of_arms/.gitignore:1:*","""gfx/coat_of_arms/colored_emblems/ce_ship_gaelic.dds\r"""
"MPE","MPE","3726274827","gfx/coat_of_arms/.gitignore:1:*","""gfx/coat_of_arms/colored_emblems/ce_ship_hallstatt.dds\r"""
"MPE","MPE","3726274827","gfx/coat_of_arms/.gitignore:1:*","""gfx/coat_of_arms/colored_emblems/ce_ship_helsinki.dds\r"""
"MPE","MPE","3726274827","gfx/coat_of_arms/.gitignore:1:*","""gfx/coat_of_arms/colored_emblems/ce_ship_kholmogory.dds\r"""
"MPE","MPE","3726274827","gfx/coat_of_arms/.gitignore:1:*","""gfx/coat_of_arms/colored_emblems/ce_ship_lisbon.dds\r"""
"MPE","MPE","3726274827","gfx/coat_of_arms/.gitignore:1:*","""gfx/coat_of_arms/colored_emblems/ce_ship_more.dds\r"""
"MPE","MPE","3726274827","gfx/coat_of_arms/.gitignore:1:*","""gfx/coat_of_arms/colored_emblems/ce_ship_nantes_1.dds\r"""
"MPE","MPE","3726274827","gfx/coat_of_arms/.gitignore:1:*","""gfx/coat_of_arms/colored_emblems/ce_ship_nantes.dds\r"""
"MPE","MPE","3726274827","gfx/coat_of_arms/.gitignore:1:*","""gfx/coat_of_arms/colored_emblems/ce_ship_osel.dds\r"""
"MPE","MPE","3726274827","gfx/coat_of_arms/.gitignore:1:*","""gfx/coat_of_arms/colored_emblems/ce_ship_paris.dds\r"""
"MPE","MPE","3726274827","gfx/coat_of_arms/.gitignore:1:*","""gfx/coat_of_arms/colored_emblems/ce_ship_shetland.dds\r"""
"MPE","MPE","3726274827","gfx/coat_of_arms/.gitignore:1:*","""gfx/coat_of_arms/colored_emblems/ce_sicily.dds\r"""
"MPE","MPE","3726274827","gfx/coat_of_arms/.gitignore:1:*","""gfx/coat_of_arms/colored_emblems/ce_simurgh.dds\r"""
"MPE","MPE","3726274827","gfx/coat_of_arms/.gitignore:1:*","""gfx/coat_of_arms/colored_emblems/ce_singa_ambara.dds\r"""
"MPE","MPE","3726274827","gfx/coat_of_arms/.gitignore:1:*","""gfx/coat_of_arms/colored_emblems/ce_singha_01.dds\r"""
"MPE","MPE","3726274827","gfx/coat_of_arms/.gitignore:1:*","""gfx/coat_of_arms/colored_emblems/ce_singha_02.dds\r"""
"MPE","MPE","3726274827","gfx/coat_of_arms/.gitignore:1:*","""gfx/coat_of_arms/colored_emblems/ce_singha_03.dds\r"""
"MPE","MPE","3726274827","gfx/coat_of_arms/.gitignore:1:*","""gfx/coat_of_arms/colored_emblems/ce_singha_04.dds\r"""
"MPE","MPE","3726274827","gfx/coat_of_arms/.gitignore:1:*","""gfx/coat_of_arms/colored_emblems/ce_singhasari_lion_01.dds\r"""
"MPE","MPE","3726274827","gfx/coat_of_arms/.gitignore:1:*","""gfx/coat_of_arms/colored_emblems/ce_singhasari_lion_02.dds\r"""
"MPE","MPE","3726274827","gfx/coat_of_arms/.gitignore:1:*","""gfx/coat_of_arms/colored_emblems/ce_singhasari_lion_03.dds\r"""
"MPE","MPE","3726274827","gfx/coat_of_arms/.gitignore:1:*","""gfx/coat_of_arms/colored_emblems/ce_slav_eagle.dds\r"""
"MPE","MPE","3726274827","gfx/coat_of_arms/.gitignore:1:*","""gfx/coat_of_arms/colored_emblems/ce_slian.png\r"""
"MPE","MPE","3726274827","gfx/coat_of_arms/.gitignore:1:*","""gfx/coat_of_arms/colored_emblems/ce_snake_milan.dds\r"""
"MPE","MPE","3726274827","gfx/coat_of_arms/.gitignore:1:*","""gfx/coat_of_arms/colored_emblems/ce_snow_lion.dds\r"""
"MPE","MPE","3726274827","gfx/coat_of_arms/.gitignore:1:*","""gfx/coat_of_arms/colored_emblems/ce_song.dds\r"""
"MPE","MPE","3726274827","gfx/coat_of_arms/.gitignore:1:*","""gfx/coat_of_arms/colored_emblems/ce_sparta.dds\r"""
"MPE","MPE","3726274827","gfx/coat_of_arms/.gitignore:1:*","""gfx/coat_of_arms/colored_emblems/ce_spear_pielinen.dds\r"""
"MPE","MPE","3726274827","gfx/coat_of_arms/.gitignore:1:*","""gfx/coat_of_arms/colored_emblems/ce_spear_sortavala.dds\r"""
"MPE","MPE","3726274827","gfx/coat_of_arms/.gitignore:1:*","""gfx/coat_of_arms/colored_emblems/ce_srivijaya_01.dds\r"""
"MPE","MPE","3726274827","gfx/coat_of_arms/.gitignore:1:*","""gfx/coat_of_arms/colored_emblems/ce_st_george_mansfeld.dds\r"""
"MPE","MPE","3726274827","gfx/coat_of_arms/.gitignore:1:*","""gfx/coat_of_arms/colored_emblems/ce_st_george_moscow_01.dds\r"""
"MPE","MPE","3726274827","gfx/coat_of_arms/.gitignore:1:*","""gfx/coat_of_arms/colored_emblems/ce_st_george_moscow_02.dds\r"""
"MPE","MPE","3726274827","gfx/coat_of_arms/.gitignore:1:*","""gfx/coat_of_arms/colored_emblems/ce_st_george.dds\r"""
"MPE","MPE","3726274827","gfx/coat_of_arms/.gitignore:1:*","""gfx/coat_of_arms/colored_emblems/ce_staff_asclepius.dds\r"""
"MPE","MPE","3726274827","gfx/coat_of_arms/.gitignore:1:*","""gfx/coat_of_arms/colored_emblems/ce_staff_kolobrzeg.dds\r"""
"MPE","MPE","3726274827","gfx/coat_of_arms/.gitignore:1:*","""gfx/coat_of_arms/colored_emblems/ce_staff_st_petersburg.dds\r"""
"MPE","MPE","3726274827","gfx/coat_of_arms/.gitignore:1:*","""gfx/coat_of_arms/colored_emblems/ce_stag_01.dds\r"""
"MPE","MPE","3726274827","gfx/coat_of_arms/.gitignore:1:*","""gfx/coat_of_arms/colored_emblems/ce_stag_aland.dds\r"""
"MPE","MPE","3726274827","gfx/coat_of_arms/.gitignore:1:*","""gfx/coat_of_arms/colored_emblems/ce_stag_asele.dds\r"""
"MPE","MPE","3726274827","gfx/coat_of_arms/.gitignore:1:*","""gfx/coat_of_arms/colored_emblems/ce_stag_hertfordshire.dds\r"""
"MPE","MPE","3726274827","gfx/coat_of_arms/.gitignore:1:*","""gfx/coat_of_arms/colored_emblems/ce_stag_jovvkuj.dds\r"""
"MPE","MPE","3726274827","gfx/coat_of_arms/.gitignore:1:*","""gfx/coat_of_arms/colored_emblems/ce_stag_namsos.dds\r"""
"MPE","MPE","3726274827","gfx/coat_of_arms/.gitignore:1:*","""gfx/coat_of_arms/colored_emblems/ce_stag_norrland.dds\r"""
"MPE","MPE","3726274827","gfx/coat_of_arms/.gitignore:1:*","""gfx/coat_of_arms/colored_emblems/ce_stag_sigmaringen.dds\r"""
"MPE","MPE","3726274827","gfx/coat_of_arms/.gitignore:1:*","""gfx/coat_of_arms/colored_emblems/ce_stag_szczytno.dds\r"""
"MPE","MPE","3726274827","gfx/coat_of_arms/.gitignore:1:*","""gfx/coat_of_arms/colored_emblems/ce_stag_troms.dds\r"""
"MPE","MPE","3726274827","gfx/coat_of_arms/.gitignore:1:*","""gfx/coat_of_arms/colored_emblems/ce_stag_umea.dds\r"""
"MPE","MPE","3726274827","gfx/coat_of_arms/.gitignore:1:*","""gfx/coat_of_arms/colored_emblems/ce_star_6_curvy.dds\r"""
"MPE","MPE","3726274827","gfx/coat_of_arms/.gitignore:1:*","""gfx/coat_of_arms/colored_emblems/ce_star_erbach.dds\r"""
"MPE","MPE","3726274827","gfx/coat_of_arms/.gitignore:1:*","""gfx/coat_of_arms/colored_emblems/ce_star_kiilt.dds\r"""
"MPE","MPE","3726274827","gfx/coat_of_arms/.gitignore:1:*","""gfx/coat_of_arms/colored_emblems/ce_star_moray.dds\r"""
"MPE","MPE","3726274827","gfx/coat_of_arms/.gitignore:1:*","""gfx/coat_of_arms/colored_emblems/ce_star_waldeck.dds\r"""
"MPE","MPE","3726274827","gfx/coat_of_arms/.gitignore:1:*","""gfx/coat_of_arms/colored_emblems/ce_stupa_01.dds\r"""
"MPE","MPE","3726274827","gfx/coat_of_arms/.gitignore:1:*","""gfx/coat_of_arms/colored_emblems/ce_stupa_02.dds\r"""
"MPE","MPE","3726274827","gfx/coat_of_arms/.gitignore:1:*","""gfx/coat_of_arms/colored_emblems/ce_stupa_03.dds\r"""
"MPE","MPE","3726274827","gfx/coat_of_arms/.gitignore:1:*","""gfx/coat_of_arms/colored_emblems/ce_sui.dds\r"""
"MPE","MPE","3726274827","gfx/coat_of_arms/.gitignore:1:*","""gfx/coat_of_arms/colored_emblems/ce_sulu_01.dds\r"""
"MPE","MPE","3726274827","gfx/coat_of_arms/.gitignore:1:*","""gfx/coat_of_arms/colored_emblems/ce_sulu_02.dds\r"""
"MPE","MPE","3726274827","gfx/coat_of_arms/.gitignore:1:*","""gfx/coat_of_arms/colored_emblems/ce_sulu_03.dds\r"""
"MPE","MPE","3726274827","gfx/coat_of_arms/.gitignore:1:*","""gfx/coat_of_arms/colored_emblems/ce_sulu_04.dds\r"""
"MPE","MPE","3726274827","gfx/coat_of_arms/.gitignore:1:*","""gfx/coat_of_arms/colored_emblems/ce_sulu_05.dds\r"""
"MPE","MPE","3726274827","gfx/coat_of_arms/.gitignore:1:*","""gfx/coat_of_arms/colored_emblems/ce_sun_becoa_01.dds\r"""
"MPE","MPE","3726274827","gfx/coat_of_arms/.gitignore:1:*","""gfx/coat_of_arms/colored_emblems/ce_sun_becoa_02.dds\r"""
"MPE","MPE","3726274827","gfx/coat_of_arms/.gitignore:1:*","""gfx/coat_of_arms/colored_emblems/ce_surya_majapahit_01.dds\r"""
"MPE","MPE","3726274827","gfx/coat_of_arms/.gitignore:1:*","""gfx/coat_of_arms/colored_emblems/ce_swan_buckinghamshire.dds\r"""
"MPE","MPE","3726274827","gfx/coat_of_arms/.gitignore:1:*","""gfx/coat_of_arms/colored_emblems/ce_swirl_sogn.dds\r"""
"MPE","MPE","3726274827","gfx/coat_of_arms/.gitignore:1:*","""gfx/coat_of_arms/colored_emblems/ce_sword_saudi.dds\r"""
"MPE","MPE","3726274827","gfx/coat_of_arms/.gitignore:1:*","""gfx/coat_of_arms/colored_emblems/ce_tai_crown.dds\r"""
"MPE","MPE","3726274827","gfx/coat_of_arms/.gitignore:1:*","""gfx/coat_of_arms/colored_emblems/ce_tai_dok_mali_01.dds\r"""
"MPE","MPE","3726274827","gfx/coat_of_arms/.gitignore:1:*","""gfx/coat_of_arms/colored_emblems/ce_tai_dok_mali_02.dds\r"""
"MPE","MPE","3726274827","gfx/coat_of_arms/.gitignore:1:*","""gfx/coat_of_arms/colored_emblems/ce_tai_high_throne.dds\r"""
"MPE","MPE","3726274827","gfx/coat_of_arms/.gitignore:1:*","""gfx/coat_of_arms/colored_emblems/ce_tai_krajang_patiyan.dds\r"""
"MPE","MPE","3726274827","gfx/coat_of_arms/.gitignore:1:*","""gfx/coat_of_arms/colored_emblems/ce_tai_kranok_hanghong_left.dds\r"""
"MPE","MPE","3726274827","gfx/coat_of_arms/.gitignore:1:*","""gfx/coat_of_arms/colored_emblems/ce_tai_kranok_hanghong_right.dds\r"""
"MPE","MPE","3726274827","gfx/coat_of_arms/.gitignore:1:*","""gfx/coat_of_arms/colored_emblems/ce_tai_kranok_plaew_left.dds\r"""
"MPE","MPE","3726274827","gfx/coat_of_arms/.gitignore:1:*","""gfx/coat_of_arms/colored_emblems/ce_tai_kranok_plaew_right.dds\r"""
"MPE","MPE","3726274827","gfx/coat_of_arms/.gitignore:1:*","""gfx/coat_of_arms/colored_emblems/ce_tai_kranok_samchan_left.dds\r"""
"MPE","MPE","3726274827","gfx/coat_of_arms/.gitignore:1:*","""gfx/coat_of_arms/colored_emblems/ce_tai_kranok_samchan_right.dds\r"""
"MPE","MPE","3726274827","gfx/coat_of_arms/.gitignore:1:*","""gfx/coat_of_arms/colored_emblems/ce_tai_lai_buakaew.dds\r"""
"MPE","MPE","3726274827","gfx/coat_of_arms/.gitignore:1:*","""gfx/coat_of_arms/colored_emblems/ce_tai_lai_chaipah.dds\r"""
"MPE","MPE","3726274827","gfx/coat_of_arms/.gitignore:1:*","""gfx/coat_of_arms/colored_emblems/ce_tai_lai_cherngkruai_01.dds\r"""
"MPE","MPE","3726274827","gfx/coat_of_arms/.gitignore:1:*","""gfx/coat_of_arms/colored_emblems/ce_tai_lai_cherngkruai_02.dds\r"""
"MPE","MPE","3726274827","gfx/coat_of_arms/.gitignore:1:*","""gfx/coat_of_arms/colored_emblems/ce_tai_lai_garnyaeng_01.dds\r"""
"MPE","MPE","3726274827","gfx/coat_of_arms/.gitignore:1:*","""gfx/coat_of_arms/colored_emblems/ce_tai_lai_garnyaeng_02.dds\r"""
"MPE","MPE","3726274827","gfx/coat_of_arms/.gitignore:1:*","""gfx/coat_of_arms/colored_emblems/ce_tai_lai_prajumyarm_01.dds\r"""
"MPE","MPE","3726274827","gfx/coat_of_arms/.gitignore:1:*","""gfx/coat_of_arms/colored_emblems/ce_tai_lai_prajumyarm_02.dds\r"""
"MPE","MPE","3726274827","gfx/coat_of_arms/.gitignore:1:*","""gfx/coat_of_arms/colored_emblems/ce_tai_lai_prajumyarm_03.dds\r"""
"MPE","MPE","3726274827","gfx/coat_of_arms/.gitignore:1:*","""gfx/coat_of_arms/colored_emblems/ce_tai_lai_prajumyarm_04.dds\r"""
"MPE","MPE","3726274827","gfx/coat_of_arms/.gitignore:1:*","""gfx/coat_of_arms/colored_emblems/ce_tai_lai_prajumyarm_05.dds\r"""
"MPE","MPE","3726274827","gfx/coat_of_arms/.gitignore:1:*","""gfx/coat_of_arms/colored_emblems/ce_tai_nha_singh_01.dds\r"""
"MPE","MPE","3726274827","gfx/coat_of_arms/.gitignore:1:*","""gfx/coat_of_arms/colored_emblems/ce_tai_nha_singh_02.dds\r"""
"MPE","MPE","3726274827","gfx/coat_of_arms/.gitignore:1:*","""gfx/coat_of_arms/colored_emblems/ce_tai_nha_singh_03.dds\r"""
"MPE","MPE","3726274827","gfx/coat_of_arms/.gitignore:1:*","""gfx/coat_of_arms/colored_emblems/ce_tai_nha_singh_04.dds\r"""
"MPE","MPE","3726274827","gfx/coat_of_arms/.gitignore:1:*","""gfx/coat_of_arms/colored_emblems/ce_tai_nha_singh_05.dds\r"""
"MPE","MPE","3726274827","gfx/coat_of_arms/.gitignore:1:*","""gfx/coat_of_arms/colored_emblems/ce_tai_nha_singh_06.dds\r"""
"MPE","MPE","3726274827","gfx/coat_of_arms/.gitignore:1:*","""gfx/coat_of_arms/colored_emblems/ce_tai_phumkhaobin_01.dds\r"""
"MPE","MPE","3726274827","gfx/coat_of_arms/.gitignore:1:*","""gfx/coat_of_arms/colored_emblems/ce_tai_phumkhaobin_02.dds\r"""
"MPE","MPE","3726274827","gfx/coat_of_arms/.gitignore:1:*","""gfx/coat_of_arms/colored_emblems/ce_tai_phumkhaobin_03.dds\r"""
"MPE","MPE","3726274827","gfx/coat_of_arms/.gitignore:1:*","""gfx/coat_of_arms/colored_emblems/ce_tai_thep_phanom.dds\r"""
"MPE","MPE","3726274827","gfx/coat_of_arms/.gitignore:1:*","""gfx/coat_of_arms/colored_emblems/ce_tamgha_giray.dds\r"""
"MPE","MPE","3726274827","gfx/coat_of_arms/.gitignore:1:*","""gfx/coat_of_arms/colored_emblems/ce_tamgha_hulegu.dds\r"""
"MPE","MPE","3726274827","gfx/coat_of_arms/.gitignore:1:*","""gfx/coat_of_arms/colored_emblems/ce_tang.dds\r"""
"MPE","MPE","3726274827","gfx/coat_of_arms/.gitignore:1:*","""gfx/coat_of_arms/colored_emblems/ce_thai_chakra.dds\r"""
"MPE","MPE","3726274827","gfx/coat_of_arms/.gitignore:1:*","""gfx/coat_of_arms/colored_emblems/ce_thai_garuda_01.dds\r"""
"MPE","MPE","3726274827","gfx/coat_of_arms/.gitignore:1:*","""gfx/coat_of_arms/colored_emblems/ce_throne_novgorod.dds\r"""
"MPE","MPE","3726274827","gfx/coat_of_arms/.gitignore:1:*","""gfx/coat_of_arms/colored_emblems/ce_tibet_1.dds\r"""
"MPE","MPE","3726274827","gfx/coat_of_arms/.gitignore:1:*","""gfx/coat_of_arms/colored_emblems/ce_tibet_10.dds\r"""
"MPE","MPE","3726274827","gfx/coat_of_arms/.gitignore:1:*","""gfx/coat_of_arms/colored_emblems/ce_tibet_11.dds\r"""
"MPE","MPE","3726274827","gfx/coat_of_arms/.gitignore:1:*","""gfx/coat_of_arms/colored_emblems/ce_tibet_12.dds\r"""
"MPE","MPE","3726274827","gfx/coat_of_arms/.gitignore:1:*","""gfx/coat_of_arms/colored_emblems/ce_tibet_13.dds\r"""
"MPE","MPE","3726274827","gfx/coat_of_arms/.gitignore:1:*","""gfx/coat_of_arms/colored_emblems/ce_tibet_14.dds\r"""
"MPE","MPE","3726274827","gfx/coat_of_arms/.gitignore:1:*","""gfx/coat_of_arms/colored_emblems/ce_tibet_15.dds\r"""
"MPE","MPE","3726274827","gfx/coat_of_arms/.gitignore:1:*","""gfx/coat_of_arms/colored_emblems/ce_tibet_16.dds\r"""
"MPE","MPE","3726274827","gfx/coat_of_arms/.gitignore:1:*","""gfx/coat_of_arms/colored_emblems/ce_tibet_17.dds\r"""
"MPE","MPE","3726274827","gfx/coat_of_arms/.gitignore:1:*","""gfx/coat_of_arms/colored_emblems/ce_tibet_2.dds\r"""
"MPE","MPE","3726274827","gfx/coat_of_arms/.gitignore:1:*","""gfx/coat_of_arms/colored_emblems/ce_tibet_3.dds\r"""
"MPE","MPE","3726274827","gfx/coat_of_arms/.gitignore:1:*","""gfx/coat_of_arms/colored_emblems/ce_tibet_4.dds\r"""
"MPE","MPE","3726274827","gfx/coat_of_arms/.gitignore:1:*","""gfx/coat_of_arms/colored_emblems/ce_tibet_5.dds\r"""
"MPE","MPE","3726274827","gfx/coat_of_arms/.gitignore:1:*","""gfx/coat_of_arms/colored_emblems/ce_tibet_6.dds\r"""
"MPE","MPE","3726274827","gfx/coat_of_arms/.gitignore:1:*","""gfx/coat_of_arms/colored_emblems/ce_tibet_7.dds\r"""
"MPE","MPE","3726274827","gfx/coat_of_arms/.gitignore:1:*","""gfx/coat_of_arms/colored_emblems/ce_tibet_8.dds\r"""
"MPE","MPE","3726274827","gfx/coat_of_arms/.gitignore:1:*","""gfx/coat_of_arms/colored_emblems/ce_tibet_9.dds\r"""
"MPE","MPE","3726274827","gfx/coat_of_arms/.gitignore:1:*","""gfx/coat_of_arms/colored_emblems/ce_tibet_snow_lion.dds\r"""
"MPE","MPE","3726274827","gfx/coat_of_arms/.gitignore:1:*","""gfx/coat_of_arms/colored_emblems/ce_tigmamanukan_01.dds\r"""
"MPE","MPE","3726274827","gfx/coat_of_arms/.gitignore:1:*","""gfx/coat_of_arms/colored_emblems/ce_toraja_01.dds\r"""
"MPE","MPE","3726274827","gfx/coat_of_arms/.gitignore:1:*","""gfx/coat_of_arms/colored_emblems/ce_toraja_02.dds\r"""
"MPE","MPE","3726274827","gfx/coat_of_arms/.gitignore:1:*","""gfx/coat_of_arms/colored_emblems/ce_toraja_03.dds\r"""
"MPE","MPE","3726274827","gfx/coat_of_arms/.gitignore:1:*","""gfx/coat_of_arms/colored_emblems/ce_toraja_04.dds\r"""
"MPE","MPE","3726274827","gfx/coat_of_arms/.gitignore:1:*","""gfx/coat_of_arms/colored_emblems/ce_totalwar03_visgoth_eagle.dds\r"""
"MPE","MPE","3726274827","gfx/coat_of_arms/.gitignore:1:*","""gfx/coat_of_arms/colored_emblems/ce_tree_amiens_1.dds\r"""
"MPE","MPE","3726274827","gfx/coat_of_arms/.gitignore:1:*","""gfx/coat_of_arms/colored_emblems/ce_tree_amiens_2.dds\r"""
"MPE","MPE","3726274827","gfx/coat_of_arms/.gitignore:1:*","""gfx/coat_of_arms/colored_emblems/ce_tree_arborea.dds\r"""
"MPE","MPE","3726274827","gfx/coat_of_arms/.gitignore:1:*","""gfx/coat_of_arms/colored_emblems/ce_tree_augsburg.dds\r"""
"MPE","MPE","3726274827","gfx/coat_of_arms/.gitignore:1:*","""gfx/coat_of_arms/colored_emblems/ce_tree_connacht.dds\r"""
"MPE","MPE","3726274827","gfx/coat_of_arms/.gitignore:1:*","""gfx/coat_of_arms/colored_emblems/ce_tree_kainuu.dds\r"""
"MPE","MPE","3726274827","gfx/coat_of_arms/.gitignore:1:*","""gfx/coat_of_arms/colored_emblems/ce_tree_lebanon_solid.dds\r"""
"MPE","MPE","3726274827","gfx/coat_of_arms/.gitignore:1:*","""gfx/coat_of_arms/colored_emblems/ce_tree_madrid.dds\r"""
"MPE","MPE","3726274827","gfx/coat_of_arms/.gitignore:1:*","""gfx/coat_of_arms/colored_emblems/ce_tree_morar.dds\r"""
"MPE","MPE","3726274827","gfx/coat_of_arms/.gitignore:1:*","""gfx/coat_of_arms/colored_emblems/ce_tree_nottingham.dds\r"""
"MPE","MPE","3726274827","gfx/coat_of_arms/.gitignore:1:*","""gfx/coat_of_arms/colored_emblems/ce_tree_saudi.dds\r"""
"MPE","MPE","3726274827","gfx/coat_of_arms/.gitignore:1:*","""gfx/coat_of_arms/colored_emblems/ce_tree_skolt.dds\r"""
"MPE","MPE","3726274827","gfx/coat_of_arms/.gitignore:1:*","""gfx/coat_of_arms/colored_emblems/ce_tree_ungvar.dds\r"""
"MPE","MPE","3726274827","gfx/coat_of_arms/.gitignore:1:*","""gfx/coat_of_arms/colored_emblems/ce_tricolour.dds\r"""
"MPE","MPE","3726274827","gfx/coat_of_arms/.gitignore:1:*","""gfx/coat_of_arms/colored_emblems/ce_trident_ukraine.dds\r"""
"MPE","MPE","3726274827","gfx/coat_of_arms/.gitignore:1:*","""gfx/coat_of_arms/colored_emblems/ce_unicorn_teviotdale.dds\r"""
"MPE","MPE","3726274827","gfx/coat_of_arms/.gitignore:1:*","""gfx/coat_of_arms/colored_emblems/ce_valencia.dds\r"""
"MPE","MPE","3726274827","gfx/coat_of_arms/.gitignore:1:*","""gfx/coat_of_arms/colored_emblems/ce_valladolid.dds\r"""
"MPE","MPE","3726274827","gfx/coat_of_arms/.gitignore:1:*","""gfx/coat_of_arms/colored_emblems/ce_venice.dds\r"""
"MPE","MPE","3726274827","gfx/coat_of_arms/.gitignore:1:*","""gfx/coat_of_arms/colored_emblems/ce_visigoth_eagle.dds\r"""
"MPE","MPE","3726274827","gfx/coat_of_arms/.gitignore:1:*","""gfx/coat_of_arms/colored_emblems/ce_vladimir.png\r"""
"MPE","MPE","3726274827","gfx/coat_of_arms/.gitignore:1:*","""gfx/coat_of_arms/colored_emblems/ce_walcz.dds\r"""
"MPE","MPE","3726274827","gfx/coat_of_arms/.gitignore:1:*","""gfx/coat_of_arms/colored_emblems/ce_waves_bedford.dds\r"""
"MPE","MPE","3726274827","gfx/coat_of_arms/.gitignore:1:*","""gfx/coat_of_arms/colored_emblems/ce_waves_cumberland.dds\r"""
"MPE","MPE","3726274827","gfx/coat_of_arms/.gitignore:1:*","""gfx/coat_of_arms/colored_emblems/ce_waves_sudurland.dds\r"""
"MPE","MPE","3726274827","gfx/coat_of_arms/.gitignore:1:*","""gfx/coat_of_arms/colored_emblems/ce_waves_vepsia.dds\r"""
"MPE","MPE","3726274827","gfx/coat_of_arms/.gitignore:1:*","""gfx/coat_of_arms/colored_emblems/ce_wbuffalo_01.dds\r"""
"MPE","MPE","3726274827","gfx/coat_of_arms/.gitignore:1:*","""gfx/coat_of_arms/colored_emblems/ce_wbuffalo_02.dds\r"""
"MPE","MPE","3726274827","gfx/coat_of_arms/.gitignore:1:*","""gfx/coat_of_arms/colored_emblems/ce_wbuffalo_03.dds\r"""
"MPE","MPE","3726274827","gfx/coat_of_arms/.gitignore:1:*","""gfx/coat_of_arms/colored_emblems/ce_wc_estoile_08.dds\r"""
"MPE","MPE","3726274827","gfx/coat_of_arms/.gitignore:1:*","""gfx/coat_of_arms/colored_emblems/ce_wc_irish_harp.dds\r"""
"MPE","MPE","3726274827","gfx/coat_of_arms/.gitignore:1:*","""gfx/coat_of_arms/colored_emblems/ce_weasel_ostrobothnia.dds\r"""
"MPE","MPE","3726274827","gfx/coat_of_arms/.gitignore:1:*","""gfx/coat_of_arms/colored_emblems/ce_weasel_vannes.dds\r"""
"MPE","MPE","3726274827","gfx/coat_of_arms/.gitignore:1:*","""gfx/coat_of_arms/colored_emblems/ce_weasel01_slavonia.dds\r"""
"MPE","MPE","3726274827","gfx/coat_of_arms/.gitignore:1:*","""gfx/coat_of_arms/colored_emblems/ce_well_rusa.dds\r"""
"MPE","MPE","3726274827","gfx/coat_of_arms/.gitignore:1:*","""gfx/coat_of_arms/colored_emblems/ce_wheel_mainz.dds\r"""
"MPE","MPE","3726274827","gfx/coat_of_arms/.gitignore:1:*","""gfx/coat_of_arms/colored_emblems/ce_wing_somerset.dds\r"""
"MPE","MPE","3726274827","gfx/coat_of_arms/.gitignore:1:*","""gfx/coat_of_arms/colored_emblems/ce_wolf_haro.dds\r"""
"MPE","MPE","3726274827","gfx/coat_of_arms/.gitignore:1:*","""gfx/coat_of_arms/colored_emblems/ce_wolf_kittila.dds\r"""
"MPE","MPE","3726274827","gfx/coat_of_arms/.gitignore:1:*","""gfx/coat_of_arms/colored_emblems/ce_wolf_passau.dds\r"""
"MPE","MPE","3726274827","gfx/coat_of_arms/.gitignore:1:*","""gfx/coat_of_arms/colored_emblems/ce_wolf_sankt_polten.dds\r"""
"MPE","MPE","3726274827","gfx/coat_of_arms/.gitignore:1:*","""gfx/coat_of_arms/colored_emblems/ce_ww_arm_holding_cross_crosslet_fitchy.dds\r"""
"MPE","MPE","3726274827","gfx/coat_of_arms/.gitignore:1:*","""gfx/coat_of_arms/colored_emblems/ce_ww_arm_holding_sword_couped.dds\r"""
"MPE","MPE","3726274827","gfx/coat_of_arms/.gitignore:1:*","""gfx/coat_of_arms/colored_emblems/ce_ww_arm_holding_sword_snake_couped.dds\r"""
"MPE","MPE","3726274827","gfx/coat_of_arms/.gitignore:1:*","""gfx/coat_of_arms/colored_emblems/ce_ww_arm_holding_sword_snake.dds\r"""
"MPE","MPE","3726274827","gfx/coat_of_arms/.gitignore:1:*","""gfx/coat_of_arms/colored_emblems/ce_ww_arm_holding_sword.dds\r"""
"MPE","MPE","3726274827","gfx/coat_of_arms/.gitignore:1:*","""gfx/coat_of_arms/colored_emblems/ce_ww_armet.dds\r"""
"MPE","MPE","3726274827","gfx/coat_of_arms/.gitignore:1:*","""gfx/coat_of_arms/colored_emblems/ce_ww_arrowhead.dds\r"""
"MPE","MPE","3726274827","gfx/coat_of_arms/.gitignore:1:*","""gfx/coat_of_arms/colored_emblems/ce_ww_boar_passant.dds\r"""
"MPE","MPE","3726274827","gfx/coat_of_arms/.gitignore:1:*","""gfx/coat_of_arms/colored_emblems/ce_ww_boar_rampant.dds\r"""
"MPE","MPE","3726274827","gfx/coat_of_arms/.gitignore:1:*","""gfx/coat_of_arms/colored_emblems/ce_ww_cavalier.dds\r"""
"MPE","MPE","3726274827","gfx/coat_of_arms/.gitignore:1:*","""gfx/coat_of_arms/colored_emblems/ce_ww_crossbowman.dds\r"""
"MPE","MPE","3726274827","gfx/coat_of_arms/.gitignore:1:*","""gfx/coat_of_arms/colored_emblems/ce_ww_dragon_rampant.dds\r"""
"MPE","MPE","3726274827","gfx/coat_of_arms/.gitignore:1:*","""gfx/coat_of_arms/colored_emblems/ce_ww_droplets.dds\r"""
"MPE","MPE","3726274827","gfx/coat_of_arms/.gitignore:1:*","""gfx/coat_of_arms/colored_emblems/ce_ww_eagle_volant.dds\r"""
"MPE","MPE","3726274827","gfx/coat_of_arms/.gitignore:1:*","""gfx/coat_of_arms/colored_emblems/ce_ww_eagle.dds\r"""
"MPE","MPE","3726274827","gfx/coat_of_arms/.gitignore:1:*","""gfx/coat_of_arms/colored_emblems/ce_ww_falcon.dds\r"""
"MPE","MPE","3726274827","gfx/coat_of_arms/.gitignore:1:*","""gfx/coat_of_arms/colored_emblems/ce_ww_gryphon_passant.dds\r"""
"MPE","MPE","3726274827","gfx/coat_of_arms/.gitignore:1:*","""gfx/coat_of_arms/colored_emblems/ce_ww_leaf.dds\r"""
"MPE","MPE","3726274827","gfx/coat_of_arms/.gitignore:1:*","""gfx/coat_of_arms/colored_emblems/ce_ww_lion_head_affronte.dds\r"""
"MPE","MPE","3726274827","gfx/coat_of_arms/.gitignore:1:*","""gfx/coat_of_arms/colored_emblems/ce_ww_lion_head.dds\r"""
"MPE","MPE","3726274827","gfx/coat_of_arms/.gitignore:1:*","""gfx/coat_of_arms/colored_emblems/ce_ww_lion_passant_guardant_small_base.dds\r"""
"MPE","MPE","3726274827","gfx/coat_of_arms/.gitignore:1:*","""gfx/coat_of_arms/colored_emblems/ce_ww_lion_passant_small_base.dds\r"""
"MPE","MPE","3726274827","gfx/coat_of_arms/.gitignore:1:*","""gfx/coat_of_arms/colored_emblems/ce_ww_lion_passant_small.dds\r"""
"MPE","MPE","3726274827","gfx/coat_of_arms/.gitignore:1:*","""gfx/coat_of_arms/colored_emblems/ce_ww_lion_rampant_crowned_forked_tail.dds\r"""
"MPE","MPE","3726274827","gfx/coat_of_arms/.gitignore:1:*","""gfx/coat_of_arms/colored_emblems/ce_ww_lion_rampant_supporter.dds\r"""
"MPE","MPE","3726274827","gfx/coat_of_arms/.gitignore:1:*","""gfx/coat_of_arms/colored_emblems/ce_ww_lions_passant_02.dds\r"""
"MPE","MPE","3726274827","gfx/coat_of_arms/.gitignore:1:*","""gfx/coat_of_arms/colored_emblems/ce_ww_lions_passant_regardant_03.dds\r"""
"MPE","MPE","3726274827","gfx/coat_of_arms/.gitignore:1:*","""gfx/coat_of_arms/colored_emblems/ce_ww_ostrich.dds\r"""
"MPE","MPE","3726274827","gfx/coat_of_arms/.gitignore:1:*","""gfx/coat_of_arms/colored_emblems/ce_ww_provostry.dds\r"""
"MPE","MPE","3726274827","gfx/coat_of_arms/.gitignore:1:*","""gfx/coat_of_arms/colored_emblems/ce_ww_salamander_statant.dds\r"""
"MPE","MPE","3726274827","gfx/coat_of_arms/.gitignore:1:*","""gfx/coat_of_arms/colored_emblems/ce_ww_stag_forcene.dds\r"""
"MPE","MPE","3726274827","gfx/coat_of_arms/.gitignore:1:*","""gfx/coat_of_arms/colored_emblems/ce_ww_stag_rampant.dds\r"""
"MPE","MPE","3726274827","gfx/coat_of_arms/.gitignore:1:*","""gfx/coat_of_arms/colored_emblems/ce_ww_sun.dds\r"""
"MPE","MPE","3726274827","gfx/coat_of_arms/.gitignore:1:*","""gfx/coat_of_arms/colored_emblems/ce_ww_sword_01.dds\r"""
"MPE","MPE","3726274827","gfx/coat_of_arms/.gitignore:1:*","""gfx/coat_of_arms/colored_emblems/ce_ww_tower.dds\r"""
"MPE","MPE","3726274827","gfx/coat_of_arms/.gitignore:1:*","""gfx/coat_of_arms/colored_emblems/ce_ww_tree_oak.dds\r"""
"MPE","MPE","3726274827","gfx/coat_of_arms/.gitignore:1:*","""gfx/coat_of_arms/colored_emblems/ce_ww_trefoil.dds\r"""
"MPE","MPE","3726274827","gfx/coat_of_arms/.gitignore:1:*","""gfx/coat_of_arms/colored_emblems/ce_ww_waves.dds\r"""
"MPE","MPE","3726274827","gfx/coat_of_arms/.gitignore:1:*","""gfx/coat_of_arms/colored_emblems/ce_ww_wolf_passant.dds\r"""
"MPE","MPE","3726274827","gfx/coat_of_arms/.gitignore:1:*","""gfx/coat_of_arms/colored_emblems/ce_ww_wolf_rampant.dds\r"""
"MPE","MPE","3726274827","gfx/coat_of_arms/.gitignore:1:*","""gfx/coat_of_arms/colored_emblems/ce_wyvern_bornholm.dds\r"""
"MPE","MPE","3726274827","gfx/coat_of_arms/.gitignore:1:*","""gfx/coat_of_arms/colored_emblems/ce_wyvern_sverker.dds\r"""
"MPE","MPE","3726274827","gfx/coat_of_arms/.gitignore:1:*","""gfx/coat_of_arms/colored_emblems/ce_wyvern_trondheim.dds\r"""
"MPE","MPE","3726274827","gfx/coat_of_arms/.gitignore:1:*","""gfx/coat_of_arms/colored_emblems/ce_wyvern_wessex.dds\r"""
"MPE","MPE","3726274827","gfx/coat_of_arms/.gitignore:1:*","""gfx/coat_of_arms/colored_emblems/ce_yaroslav.png\r"""
"MPE","MPE","3726274827","gfx/coat_of_arms/.gitignore:1:*","""gfx/coat_of_arms/colored_emblems/ce_yuan.dds\r"""
"MPE","MPE","3726274827","gfx/coat_of_arms/.gitignore:1:*","""gfx/coat_of_arms/colored_emblems/ce_yuan.png\r"""
"MPE","MPE","3726274827","gfx/coat_of_arms/.gitignore:1:*","""gfx/coat_of_arms/colored_emblems/ce_zahringen_2.png\r"""
"MPE","MPE","3726274827","gfx/coat_of_arms/.gitignore:1:*","""gfx/coat_of_arms/colored_emblems/ce_zahringen.dds\r"""
"MPE","MPE","3726274827","gfx/coat_of_arms/.gitignore:1:*","""gfx/coat_of_arms/colored_emblems/ce_zahringen.png\r"""
"MPE","MPE","3726274827","gfx/coat_of_arms/.gitignore:1:*","""gfx/coat_of_arms/colored_emblems/ce_zhang.dds\r"""
"MPE","MPE","3726274827","gfx/coat_of_arms/.gitignore:1:*","""gfx/coat_of_arms/colored_emblems/ce_zhang.png\r"""
"MPE","MPE","3726274827","gfx/coat_of_arms/.gitignore:1:*","""gfx/coat_of_arms/colored_emblems/ce_zhou.dds\r"""
"MPE","MPE","3726274827","gfx/coat_of_arms/.gitignore:1:*","""gfx/coat_of_arms/colored_emblems/ce_zhuang_bird_01.dds\r"""
"MPE","MPE","3726274827","gfx/coat_of_arms/.gitignore:1:*","""gfx/coat_of_arms/colored_emblems/ce_zhuang_buluotuo.dds\r"""
"MPE","MPE","3726274827","gfx/coat_of_arms/.gitignore:1:*","""gfx/coat_of_arms/colored_emblems/ce_zhuang_chrysanthemum_01.dds\r"""
"MPE","MPE","3726274827","gfx/coat_of_arms/.gitignore:1:*","""gfx/coat_of_arms/colored_emblems/ce_zhuang_chrysanthemum_02.dds\r"""
"MPE","MPE","3726274827","gfx/coat_of_arms/.gitignore:1:*","""gfx/coat_of_arms/colored_emblems/ce_zhuang_lotus.dds\r"""
"MPE","MPE","3726274827","gfx/coat_of_arms/.gitignore:1:*","""gfx/coat_of_arms/colored_emblems/ce_zhuang_pattern_01.dds\r"""
"MPE","MPE","3726274827","gfx/coat_of_arms/.gitignore:1:*","""gfx/coat_of_arms/colored_emblems/ce_zhuang_pattern_02.dds\r"""
"MPE","MPE","3726274827","gfx/coat_of_arms/.gitignore:1:*","""gfx/coat_of_arms/colored_emblems/ce_zhuang_pattern_03.dds\r"""
"MPE","MPE","3726274827","gfx/coat_of_arms/.gitignore:1:*","""gfx/coat_of_arms/colored_emblems/ce_zhuang_pattern_04.dds\r"""
"MPE","MPE","3726274827","gfx/coat_of_arms/.gitignore:1:*","""gfx/coat_of_arms/colored_emblems/ce_zhuang_pattern_05.dds\r"""
"MPE","MPE","3726274827","gfx/coat_of_arms/.gitignore:1:*","""gfx/coat_of_arms/colored_emblems/ce_zhuang_pattern_06.dds\r"""
"MPE","MPE","3726274827","gfx/coat_of_arms/.gitignore:1:*","""gfx/coat_of_arms/colored_emblems/ce_zhuang_pattern_07.dds\r"""
"MPE","MPE","3726274827","gfx/coat_of_arms/.gitignore:1:*","""gfx/coat_of_arms/colored_emblems/ce_zhuang_pattern_08.dds\r"""
"MPE","MPE","3726274827","gfx/coat_of_arms/.gitignore:1:*","""gfx/coat_of_arms/colored_emblems/ce_zhuang_pattern_09.dds\r"""
"MPE","MPE","3726274827","gfx/coat_of_arms/.gitignore:1:*","""gfx/coat_of_arms/colored_emblems/ce_zhuang_pattern_10.dds\r"""
"MPE","MPE","3726274827","gfx/coat_of_arms/.gitignore:1:*","""gfx/coat_of_arms/colored_emblems/ce_zhuang_pattern_11.dds\r"""
"MPE","MPE","3726274827","gfx/coat_of_arms/.gitignore:1:*","""gfx/coat_of_arms/colored_emblems/ce_zhytomyr.dds\r"""
"MPE","MPE","3726274827","gfx/coat_of_arms/.gitignore:1:*","""gfx/coat_of_arms/colored_emblems/cominges.dds\r"""
"MPE","MPE","3726274827","gfx/coat_of_arms/.gitignore:1:*","""gfx/coat_of_arms/colored_emblems/comps.dds\r"""
"MPE","MPE","3726274827","gfx/coat_of_arms/.gitignore:1:*","""gfx/coat_of_arms/colored_emblems/crovan.dds\r"""
"MPE","MPE","3726274827","gfx/coat_of_arms/.gitignore:1:*","""gfx/coat_of_arms/colored_emblems/d_aberdeen.dds\r"""
"MPE","MPE","3726274827","gfx/coat_of_arms/.gitignore:1:*","""gfx/coat_of_arms/colored_emblems/d_abkhazia.dds\r"""
"MPE","MPE","3726274827","gfx/coat_of_arms/.gitignore:1:*","""gfx/coat_of_arms/colored_emblems/d_achaia.dds\r"""
"MPE","MPE","3726274827","gfx/coat_of_arms/.gitignore:1:*","""gfx/coat_of_arms/colored_emblems/d_acre.dds\r"""
"MPE","MPE","3726274827","gfx/coat_of_arms/.gitignore:1:*","""gfx/coat_of_arms/colored_emblems/d_adrianopolis.dds\r"""
"MPE","MPE","3726274827","gfx/coat_of_arms/.gitignore:1:*","""gfx/coat_of_arms/colored_emblems/d_aegean_islands.dds\r"""
"MPE","MPE","3726274827","gfx/coat_of_arms/.gitignore:1:*","""gfx/coat_of_arms/colored_emblems/d_agder.dds\r"""
"MPE","MPE","3726274827","gfx/coat_of_arms/.gitignore:1:*","""gfx/coat_of_arms/colored_emblems/d_albany.dds\r"""
"MPE","MPE","3726274827","gfx/coat_of_arms/.gitignore:1:*","""gfx/coat_of_arms/colored_emblems/d_alencon.dds\r"""
"MPE","MPE","3726274827","gfx/coat_of_arms/.gitignore:1:*","""gfx/coat_of_arms/colored_emblems/d_algarve.dds\r"""
"MPE","MPE","3726274827","gfx/coat_of_arms/.gitignore:1:*","""gfx/coat_of_arms/colored_emblems/d_alsace.dds\r"""
"MPE","MPE","3726274827","gfx/coat_of_arms/.gitignore:1:*","""gfx/coat_of_arms/colored_emblems/d_anatolia.dds\r"""
"MPE","MPE","3726274827","gfx/coat_of_arms/.gitignore:1:*","""gfx/coat_of_arms/colored_emblems/d_ancona.dds\r"""
"MPE","MPE","3726274827","gfx/coat_of_arms/.gitignore:1:*","""gfx/coat_of_arms/colored_emblems/d_angria.dds\r"""
"MPE","MPE","3726274827","gfx/coat_of_arms/.gitignore:1:*","""gfx/coat_of_arms/colored_emblems/d_anjou.dds\r"""
"MPE","MPE","3726274827","gfx/coat_of_arms/.gitignore:1:*","""gfx/coat_of_arms/colored_emblems/d_antioch.dds\r"""
"MPE","MPE","3726274827","gfx/coat_of_arms/.gitignore:1:*","""gfx/coat_of_arms/colored_emblems/d_apulia.dds\r"""
"MPE","MPE","3726274827","gfx/coat_of_arms/.gitignore:1:*","""gfx/coat_of_arms/colored_emblems/d_aquitaine.dds\r"""
"MPE","MPE","3726274827","gfx/coat_of_arms/.gitignore:1:*","""gfx/coat_of_arms/colored_emblems/d_archreims.dds\r"""
"MPE","MPE","3726274827","gfx/coat_of_arms/.gitignore:1:*","""gfx/coat_of_arms/colored_emblems/d_arezzo_republic.dds\r"""
"MPE","MPE","3726274827","gfx/coat_of_arms/.gitignore:1:*","""gfx/coat_of_arms/colored_emblems/d_armagnac.dds\r"""
"MPE","MPE","3726274827","gfx/coat_of_arms/.gitignore:1:*","""gfx/coat_of_arms/colored_emblems/d_armenia_minor.dds\r"""
"MPE","MPE","3726274827","gfx/coat_of_arms/.gitignore:1:*","""gfx/coat_of_arms/colored_emblems/d_armenia.dds\r"""
"MPE","MPE","3726274827","gfx/coat_of_arms/.gitignore:1:*","""gfx/coat_of_arms/colored_emblems/d_armeniacon.dds\r"""
"MPE","MPE","3726274827","gfx/coat_of_arms/.gitignore:1:*","""gfx/coat_of_arms/colored_emblems/d_artois.dds\r"""
"MPE","MPE","3726274827","gfx/coat_of_arms/.gitignore:1:*","""gfx/coat_of_arms/colored_emblems/d_artsakh.dds\r"""
"MPE","MPE","3726274827","gfx/coat_of_arms/.gitignore:1:*","""gfx/coat_of_arms/colored_emblems/d_ascalon.dds\r"""
"MPE","MPE","3726274827","gfx/coat_of_arms/.gitignore:1:*","""gfx/coat_of_arms/colored_emblems/d_asti_republic.dds\r"""
"MPE","MPE","3726274827","gfx/coat_of_arms/.gitignore:1:*","""gfx/coat_of_arms/colored_emblems/d_asturias.dds\r"""
"MPE","MPE","3726274827","gfx/coat_of_arms/.gitignore:1:*","""gfx/coat_of_arms/colored_emblems/d_athens.dds\r"""
"MPE","MPE","3726274827","gfx/coat_of_arms/.gitignore:1:*","""gfx/coat_of_arms/colored_emblems/d_atri.dds\r"""
"MPE","MPE","3726274827","gfx/coat_of_arms/.gitignore:1:*","""gfx/coat_of_arms/colored_emblems/d_auvergne.dds\r"""
"MPE","MPE","3726274827","gfx/coat_of_arms/.gitignore:1:*","""gfx/coat_of_arms/colored_emblems/d_azerbaijan.dds\r"""
"MPE","MPE","3726274827","gfx/coat_of_arms/.gitignore:1:*","""gfx/coat_of_arms/colored_emblems/d_azov.dds\r"""
"MPE","MPE","3726274827","gfx/coat_of_arms/.gitignore:1:*","""gfx/coat_of_arms/colored_emblems/d_bacs.dds\r"""
"MPE","MPE","3726274827","gfx/coat_of_arms/.gitignore:1:*","""gfx/coat_of_arms/colored_emblems/d_badajoz.dds\r"""
"MPE","MPE","3726274827","gfx/coat_of_arms/.gitignore:1:*","""gfx/coat_of_arms/colored_emblems/d_baden.dds\r"""
"MPE","MPE","3726274827","gfx/coat_of_arms/.gitignore:1:*","""gfx/coat_of_arms/colored_emblems/d_bar.dds\r"""
"MPE","MPE","3726274827","gfx/coat_of_arms/.gitignore:1:*","""gfx/coat_of_arms/colored_emblems/d_barcelona.dds\r"""
"MPE","MPE","3726274827","gfx/coat_of_arms/.gitignore:1:*","""gfx/coat_of_arms/colored_emblems/d_bartians.dds\r"""
"MPE","MPE","3726274827","gfx/coat_of_arms/.gitignore:1:*","""gfx/coat_of_arms/colored_emblems/d_basarabia.dds\r"""
"MPE","MPE","3726274827","gfx/coat_of_arms/.gitignore:1:*","""gfx/coat_of_arms/colored_emblems/d_bedford_norman.dds\r"""
"MPE","MPE","3726274827","gfx/coat_of_arms/.gitignore:1:*","""gfx/coat_of_arms/colored_emblems/d_bedford.dds\r"""
"MPE","MPE","3726274827","gfx/coat_of_arms/.gitignore:1:*","""gfx/coat_of_arms/colored_emblems/d_beira.dds\r"""
"MPE","MPE","3726274827","gfx/coat_of_arms/.gitignore:1:*","""gfx/coat_of_arms/colored_emblems/d_beja.dds\r"""
"MPE","MPE","3726274827","gfx/coat_of_arms/.gitignore:1:*","""gfx/coat_of_arms/colored_emblems/d_beloozero.dds\r"""
"MPE","MPE","3726274827","gfx/coat_of_arms/.gitignore:1:*","""gfx/coat_of_arms/colored_emblems/d_benevento.dds\r"""
"MPE","MPE","3726274827","gfx/coat_of_arms/.gitignore:1:*","""gfx/coat_of_arms/colored_emblems/d_berry.dds\r"""
"MPE","MPE","3726274827","gfx/coat_of_arms/.gitignore:1:*","""gfx/coat_of_arms/colored_emblems/d_blois.dds\r"""
"MPE","MPE","3726274827","gfx/coat_of_arms/.gitignore:1:*","""gfx/coat_of_arms/colored_emblems/d_bohemia.dds\r"""
"MPE","MPE","3726274827","gfx/coat_of_arms/.gitignore:1:*","""gfx/coat_of_arms/colored_emblems/d_bohemians.dds\r"""
"MPE","MPE","3726274827","gfx/coat_of_arms/.gitignore:1:*","""gfx/coat_of_arms/colored_emblems/d_bosnia.dds\r"""
"MPE","MPE","3726274827","gfx/coat_of_arms/.gitignore:1:*","""gfx/coat_of_arms/colored_emblems/d_bouillon.dds\r"""
"MPE","MPE","3726274827","gfx/coat_of_arms/.gitignore:1:*","""gfx/coat_of_arms/colored_emblems/d_boukellarion.dds\r"""
"MPE","MPE","3726274827","gfx/coat_of_arms/.gitignore:1:*","""gfx/coat_of_arms/colored_emblems/d_bourbon.dds\r"""
"MPE","MPE","3726274827","gfx/coat_of_arms/.gitignore:1:*","""gfx/coat_of_arms/colored_emblems/d_brabant.dds\r"""
"MPE","MPE","3726274827","gfx/coat_of_arms/.gitignore:1:*","""gfx/coat_of_arms/colored_emblems/d_brandenburg.dds\r"""
"MPE","MPE","3726274827","gfx/coat_of_arms/.gitignore:1:*","""gfx/coat_of_arms/colored_emblems/d_brittany.dds\r"""
"MPE","MPE","3726274827","gfx/coat_of_arms/.gitignore:1:*","""gfx/coat_of_arms/colored_emblems/d_brunswick.dds\r"""
"MPE","MPE","3726274827","gfx/coat_of_arms/.gitignore:1:*","""gfx/coat_of_arms/colored_emblems/d_bulgar.dds\r"""
"MPE","MPE","3726274827","gfx/coat_of_arms/.gitignore:1:*","""gfx/coat_of_arms/colored_emblems/d_burgau.dds\r"""
"MPE","MPE","3726274827","gfx/coat_of_arms/.gitignore:1:*","""gfx/coat_of_arms/colored_emblems/d_burgundy.dds\r"""
"MPE","MPE","3726274827","gfx/coat_of_arms/.gitignore:1:*","""gfx/coat_of_arms/colored_emblems/d_calabria.dds\r"""
"MPE","MPE","3726274827","gfx/coat_of_arms/.gitignore:1:*","""gfx/coat_of_arms/colored_emblems/d_canterbury_norman.dds\r"""
"MPE","MPE","3726274827","gfx/coat_of_arms/.gitignore:1:*","""gfx/coat_of_arms/colored_emblems/d_canterbury.dds\r"""
"MPE","MPE","3726274827","gfx/coat_of_arms/.gitignore:1:*","""gfx/coat_of_arms/colored_emblems/d_cappadocia.dds\r"""
"MPE","MPE","3726274827","gfx/coat_of_arms/.gitignore:1:*","""gfx/coat_of_arms/colored_emblems/d_capua.dds\r"""
"MPE","MPE","3726274827","gfx/coat_of_arms/.gitignore:1:*","""gfx/coat_of_arms/colored_emblems/d_carinthia.dds\r"""
"MPE","MPE","3726274827","gfx/coat_of_arms/.gitignore:1:*","""gfx/coat_of_arms/colored_emblems/d_castilla.dds\r"""
"MPE","MPE","3726274827","gfx/coat_of_arms/.gitignore:1:*","""gfx/coat_of_arms/colored_emblems/d_catalunya_nova.dds\r"""
"MPE","MPE","3726274827","gfx/coat_of_arms/.gitignore:1:*","""gfx/coat_of_arms/colored_emblems/d_cephalonia.dds\r"""
"MPE","MPE","3726274827","gfx/coat_of_arms/.gitignore:1:*","""gfx/coat_of_arms/colored_emblems/d_champagne.dds\r"""
"MPE","MPE","3726274827","gfx/coat_of_arms/.gitignore:1:*","""gfx/coat_of_arms/colored_emblems/d_channel_islands.dds\r"""
"MPE","MPE","3726274827","gfx/coat_of_arms/.gitignore:1:*","""gfx/coat_of_arms/colored_emblems/d_charsianon.dds\r"""
"MPE","MPE","3726274827","gfx/coat_of_arms/.gitignore:1:*","""gfx/coat_of_arms/colored_emblems/d_chernigov.dds\r"""
"MPE","MPE","3726274827","gfx/coat_of_arms/.gitignore:1:*","""gfx/coat_of_arms/colored_emblems/d_cherson.dds\r"""
"MPE","MPE","3726274827","gfx/coat_of_arms/.gitignore:1:*","""gfx/coat_of_arms/colored_emblems/d_cibyrrhaeot.dds\r"""
"MPE","MPE","3726274827","gfx/coat_of_arms/.gitignore:1:*","""gfx/coat_of_arms/colored_emblems/d_coloneia.dds\r"""
"MPE","MPE","3726274827","gfx/coat_of_arms/.gitignore:1:*","""gfx/coat_of_arms/colored_emblems/d_connacht.dds\r"""
"MPE","MPE","3726274827","gfx/coat_of_arms/.gitignore:1:*","""gfx/coat_of_arms/colored_emblems/d_cordoba.dds\r"""
"MPE","MPE","3726274827","gfx/coat_of_arms/.gitignore:1:*","""gfx/coat_of_arms/colored_emblems/d_cornwall.dds\r"""
"MPE","MPE","3726274827","gfx/coat_of_arms/.gitignore:1:*","""gfx/coat_of_arms/colored_emblems/d_corsica.dds\r"""
"MPE","MPE","3726274827","gfx/coat_of_arms/.gitignore:1:*","""gfx/coat_of_arms/colored_emblems/d_courland.dds\r"""
"MPE","MPE","3726274827","gfx/coat_of_arms/.gitignore:1:*","""gfx/coat_of_arms/colored_emblems/d_cremona_republic.dds\r"""
"MPE","MPE","3726274827","gfx/coat_of_arms/.gitignore:1:*","""gfx/coat_of_arms/colored_emblems/d_crimea.dds\r"""
"MPE","MPE","3726274827","gfx/coat_of_arms/.gitignore:1:*","""gfx/coat_of_arms/colored_emblems/d_croatia.dds\r"""
"MPE","MPE","3726274827","gfx/coat_of_arms/.gitignore:1:*","""gfx/coat_of_arms/colored_emblems/d_csanad.dds\r"""
"MPE","MPE","3726274827","gfx/coat_of_arms/.gitignore:1:*","""gfx/coat_of_arms/colored_emblems/d_cyprus.dds\r"""
"MPE","MPE","3726274827","gfx/coat_of_arms/.gitignore:1:*","""gfx/coat_of_arms/colored_emblems/d_dalmatia.dds\r"""
"MPE","MPE","3726274827","gfx/coat_of_arms/.gitignore:1:*","""gfx/coat_of_arms/colored_emblems/d_dauphine.dds\r"""
"MPE","MPE","3726274827","gfx/coat_of_arms/.gitignore:1:*","""gfx/coat_of_arms/colored_emblems/d_deheubarth.dds\r"""
"MPE","MPE","3726274827","gfx/coat_of_arms/.gitignore:1:*","""gfx/coat_of_arms/colored_emblems/d_deltuvians.dds\r"""
"MPE","MPE","3726274827","gfx/coat_of_arms/.gitignore:1:*","""gfx/coat_of_arms/colored_emblems/d_dioclea.dds\r"""
"MPE","MPE","3726274827","gfx/coat_of_arms/.gitignore:1:*","""gfx/coat_of_arms/colored_emblems/d_dregovichi.dds\r"""
"MPE","MPE","3726274827","gfx/coat_of_arms/.gitignore:1:*","""gfx/coat_of_arms/colored_emblems/d_drevani.dds\r"""
"MPE","MPE","3726274827","gfx/coat_of_arms/.gitignore:1:*","""gfx/coat_of_arms/colored_emblems/d_drevlyans.dds\r"""
"MPE","MPE","3726274827","gfx/coat_of_arms/.gitignore:1:*","""gfx/coat_of_arms/colored_emblems/d_dyrrachion.dds\r"""
"MPE","MPE","3726274827","gfx/coat_of_arms/.gitignore:1:*","""gfx/coat_of_arms/colored_emblems/d_dzopk.dds\r"""
"MPE","MPE","3726274827","gfx/coat_of_arms/.gitignore:1:*","""gfx/coat_of_arms/colored_emblems/d_edessa.dds\r"""
"MPE","MPE","3726274827","gfx/coat_of_arms/.gitignore:1:*","""gfx/coat_of_arms/colored_emblems/d_epirus.dds\r"""
"MPE","MPE","3726274827","gfx/coat_of_arms/.gitignore:1:*","""gfx/coat_of_arms/colored_emblems/d_essex.dds\r"""
"MPE","MPE","3726274827","gfx/coat_of_arms/.gitignore:1:*","""gfx/coat_of_arms/colored_emblems/d_esthonia.dds\r"""
"MPE","MPE","3726274827","gfx/coat_of_arms/.gitignore:1:*","""gfx/coat_of_arms/colored_emblems/d_esztergom.dds\r"""
"MPE","MPE","3726274827","gfx/coat_of_arms/.gitignore:1:*","""gfx/coat_of_arms/colored_emblems/d_faereyar.dds\r"""
"MPE","MPE","3726274827","gfx/coat_of_arms/.gitignore:1:*","""gfx/coat_of_arms/colored_emblems/d_ferrara_republic.dds\r"""
"MPE","MPE","3726274827","gfx/coat_of_arms/.gitignore:1:*","""gfx/coat_of_arms/colored_emblems/d_ferrara.dds\r"""
"MPE","MPE","3726274827","gfx/coat_of_arms/.gitignore:1:*","""gfx/coat_of_arms/colored_emblems/d_finland.dds\r"""
"MPE","MPE","3726274827","gfx/coat_of_arms/.gitignore:1:*","""gfx/coat_of_arms/colored_emblems/d_firenze_republic.dds\r"""
"MPE","MPE","3726274827","gfx/coat_of_arms/.gitignore:1:*","""gfx/coat_of_arms/colored_emblems/d_fivebouroughs.dds\r"""
"MPE","MPE","3726274827","gfx/coat_of_arms/.gitignore:1:*","""gfx/coat_of_arms/colored_emblems/d_flanders.dds\r"""
"MPE","MPE","3726274827","gfx/coat_of_arms/.gitignore:1:*","""gfx/coat_of_arms/colored_emblems/d_friesland.dds\r"""
"MPE","MPE","3726274827","gfx/coat_of_arms/.gitignore:1:*","""gfx/coat_of_arms/colored_emblems/d_friuli.dds\r"""
"MPE","MPE","3726274827","gfx/coat_of_arms/.gitignore:1:*","""gfx/coat_of_arms/colored_emblems/d_gaeta.dds\r"""
"MPE","MPE","3726274827","gfx/coat_of_arms/.gitignore:1:*","""gfx/coat_of_arms/colored_emblems/d_galich.dds\r"""
"MPE","MPE","3726274827","gfx/coat_of_arms/.gitignore:1:*","""gfx/coat_of_arms/colored_emblems/d_galicia.dds\r"""
"MPE","MPE","3726274827","gfx/coat_of_arms/.gitignore:1:*","""gfx/coat_of_arms/colored_emblems/d_galilee.dds\r"""
"MPE","MPE","3726274827","gfx/coat_of_arms/.gitignore:1:*","""gfx/coat_of_arms/colored_emblems/d_galloway.dds\r"""
"MPE","MPE","3726274827","gfx/coat_of_arms/.gitignore:1:*","""gfx/coat_of_arms/colored_emblems/d_gascogne.dds\r"""
"MPE","MPE","3726274827","gfx/coat_of_arms/.gitignore:1:*","""gfx/coat_of_arms/colored_emblems/d_gelre.dds\r"""
"MPE","MPE","3726274827","gfx/coat_of_arms/.gitignore:1:*","""gfx/coat_of_arms/colored_emblems/d_genoa.dds\r"""
"MPE","MPE","3726274827","gfx/coat_of_arms/.gitignore:1:*","""gfx/coat_of_arms/colored_emblems/d_gevaudan.dds\r"""
"MPE","MPE","3726274827","gfx/coat_of_arms/.gitignore:1:*","""gfx/coat_of_arms/colored_emblems/d_gotland.dds\r"""
"MPE","MPE","3726274827","gfx/coat_of_arms/.gitignore:1:*","""gfx/coat_of_arms/colored_emblems/d_greater_poland.dds\r"""
"MPE","MPE","3726274827","gfx/coat_of_arms/.gitignore:1:*","""gfx/coat_of_arms/colored_emblems/d_gwynedd.dds\r"""
"MPE","MPE","3726274827","gfx/coat_of_arms/.gitignore:1:*","""gfx/coat_of_arms/colored_emblems/d_gyor.dds\r"""
"MPE","MPE","3726274827","gfx/coat_of_arms/.gitignore:1:*","""gfx/coat_of_arms/colored_emblems/d_hainaut.dds\r"""
"MPE","MPE","3726274827","gfx/coat_of_arms/.gitignore:1:*","""gfx/coat_of_arms/colored_emblems/d_halogaland.dds\r"""
"MPE","MPE","3726274827","gfx/coat_of_arms/.gitignore:1:*","""gfx/coat_of_arms/colored_emblems/d_halsingland.dds\r"""
"MPE","MPE","3726274827","gfx/coat_of_arms/.gitignore:1:*","""gfx/coat_of_arms/colored_emblems/d_hashshashin.dds\r"""
"MPE","MPE","3726274827","gfx/coat_of_arms/.gitignore:1:*","""gfx/coat_of_arms/colored_emblems/d_hebrides.dds\r"""
"MPE","MPE","3726274827","gfx/coat_of_arms/.gitignore:1:*","""gfx/coat_of_arms/colored_emblems/d_hereford_norman.dds\r"""
"MPE","MPE","3726274827","gfx/coat_of_arms/.gitignore:1:*","""gfx/coat_of_arms/colored_emblems/d_hereford.dds\r"""
"MPE","MPE","3726274827","gfx/coat_of_arms/.gitignore:1:*","""gfx/coat_of_arms/colored_emblems/d_hereti.dds\r"""
"MPE","MPE","3726274827","gfx/coat_of_arms/.gitignore:1:*","""gfx/coat_of_arms/colored_emblems/d_hessen.dds\r"""
"MPE","MPE","3726274827","gfx/coat_of_arms/.gitignore:1:*","""gfx/coat_of_arms/colored_emblems/d_holland.dds\r"""
"MPE","MPE","3726274827","gfx/coat_of_arms/.gitignore:1:*","""gfx/coat_of_arms/colored_emblems/d_holstein.dds\r"""
"MPE","MPE","3726274827","gfx/coat_of_arms/.gitignore:1:*","""gfx/coat_of_arms/colored_emblems/d_holy_sepulchre.dds\r"""
"MPE","MPE","3726274827","gfx/coat_of_arms/.gitignore:1:*","""gfx/coat_of_arms/colored_emblems/d_hum.dds\r"""
"MPE","MPE","3726274827","gfx/coat_of_arms/.gitignore:1:*","""gfx/coat_of_arms/colored_emblems/d_iceland.dds\r"""
"MPE","MPE","3726274827","gfx/coat_of_arms/.gitignore:1:*","""gfx/coat_of_arms/colored_emblems/d_imeretia.dds\r"""
"MPE","MPE","3726274827","gfx/coat_of_arms/.gitignore:1:*","""gfx/coat_of_arms/colored_emblems/d_istria.dds\r"""
"MPE","MPE","3726274827","gfx/coat_of_arms/.gitignore:1:*","""gfx/coat_of_arms/colored_emblems/d_ivrea.dds\r"""
"MPE","MPE","3726274827","gfx/coat_of_arms/.gitignore:1:*","""gfx/coat_of_arms/colored_emblems/d_jamtland.dds\r"""
"MPE","MPE","3726274827","gfx/coat_of_arms/.gitignore:1:*","""gfx/coat_of_arms/colored_emblems/d_jerusalem.dds\r"""
"MPE","MPE","3726274827","gfx/coat_of_arms/.gitignore:1:*","""gfx/coat_of_arms/colored_emblems/d_julich.dds\r"""
"MPE","MPE","3726274827","gfx/coat_of_arms/.gitignore:1:*","""gfx/coat_of_arms/colored_emblems/d_jylland.dds\r"""
"MPE","MPE","3726274827","gfx/coat_of_arms/.gitignore:1:*","""gfx/coat_of_arms/colored_emblems/d_kakheti.dds\r"""
"MPE","MPE","3726274827","gfx/coat_of_arms/.gitignore:1:*","""gfx/coat_of_arms/colored_emblems/d_karachev.dds\r"""
"MPE","MPE","3726274827","gfx/coat_of_arms/.gitignore:1:*","""gfx/coat_of_arms/colored_emblems/d_karvuna.dds\r"""
"MPE","MPE","3726274827","gfx/coat_of_arms/.gitignore:1:*","""gfx/coat_of_arms/colored_emblems/d_kiev.dds\r"""
"MPE","MPE","3726274827","gfx/coat_of_arms/.gitignore:1:*","""gfx/coat_of_arms/colored_emblems/d_klarjeti.dds\r"""
"MPE","MPE","3726274827","gfx/coat_of_arms/.gitignore:1:*","""gfx/coat_of_arms/colored_emblems/d_knights_canterbury.dds\r"""
"MPE","MPE","3726274827","gfx/coat_of_arms/.gitignore:1:*","""gfx/coat_of_arms/colored_emblems/d_knights_templar.dds\r"""
"MPE","MPE","3726274827","gfx/coat_of_arms/.gitignore:1:*","""gfx/coat_of_arms/colored_emblems/d_koln.dds\r"""
"MPE","MPE","3726274827","gfx/coat_of_arms/.gitignore:1:*","""gfx/coat_of_arms/colored_emblems/d_krain.dds\r"""
"MPE","MPE","3726274827","gfx/coat_of_arms/.gitignore:1:*","""gfx/coat_of_arms/colored_emblems/d_krete.dds\r"""
"MPE","MPE","3726274827","gfx/coat_of_arms/.gitignore:1:*","""gfx/coat_of_arms/colored_emblems/d_krk.dds\r"""
"MPE","MPE","3726274827","gfx/coat_of_arms/.gitignore:1:*","""gfx/coat_of_arms/colored_emblems/d_kuyavia.dds\r"""
"MPE","MPE","3726274827","gfx/coat_of_arms/.gitignore:1:*","""gfx/coat_of_arms/colored_emblems/d_la_mancha.dds\r"""
"MPE","MPE","3726274827","gfx/coat_of_arms/.gitignore:1:*","""gfx/coat_of_arms/colored_emblems/d_lancaster_norman.dds\r"""
"MPE","MPE","3726274827","gfx/coat_of_arms/.gitignore:1:*","""gfx/coat_of_arms/colored_emblems/d_lancaster.dds\r"""
"MPE","MPE","3726274827","gfx/coat_of_arms/.gitignore:1:*","""gfx/coat_of_arms/colored_emblems/d_latium.dds\r"""
"MPE","MPE","3726274827","gfx/coat_of_arms/.gitignore:1:*","""gfx/coat_of_arms/colored_emblems/d_lauenburg.dds\r"""
"MPE","MPE","3726274827","gfx/coat_of_arms/.gitignore:1:*","""gfx/coat_of_arms/colored_emblems/d_lausitz.dds\r"""
"MPE","MPE","3726274827","gfx/coat_of_arms/.gitignore:1:*","""gfx/coat_of_arms/colored_emblems/d_leinster.dds\r"""
"MPE","MPE","3726274827","gfx/coat_of_arms/.gitignore:1:*","""gfx/coat_of_arms/colored_emblems/d_lendians.dds\r"""
"MPE","MPE","3726274827","gfx/coat_of_arms/.gitignore:1:*","""gfx/coat_of_arms/colored_emblems/d_leon.dds\r"""
"MPE","MPE","3726274827","gfx/coat_of_arms/.gitignore:1:*","""gfx/coat_of_arms/colored_emblems/d_lesser_poland.dds\r"""
"MPE","MPE","3726274827","gfx/coat_of_arms/.gitignore:1:*","""gfx/coat_of_arms/colored_emblems/d_limburg.dds\r"""
"MPE","MPE","3726274827","gfx/coat_of_arms/.gitignore:1:*","""gfx/coat_of_arms/colored_emblems/d_limousin.dds\r"""
"MPE","MPE","3726274827","gfx/coat_of_arms/.gitignore:1:*","""gfx/coat_of_arms/colored_emblems/d_lithuanians.dds\r"""
"MPE","MPE","3726274827","gfx/coat_of_arms/.gitignore:1:*","""gfx/coat_of_arms/colored_emblems/d_livonia.dds\r"""
"MPE","MPE","3726274827","gfx/coat_of_arms/.gitignore:1:*","""gfx/coat_of_arms/colored_emblems/d_livonian_order.dds\r"""
"MPE","MPE","3726274827","gfx/coat_of_arms/.gitignore:1:*","""gfx/coat_of_arms/colored_emblems/d_lombardia.dds\r"""
"MPE","MPE","3726274827","gfx/coat_of_arms/.gitignore:1:*","""gfx/coat_of_arms/colored_emblems/d_lori.dds\r"""
"MPE","MPE","3726274827","gfx/coat_of_arms/.gitignore:1:*","""gfx/coat_of_arms/colored_emblems/d_lothian.dds\r"""
"MPE","MPE","3726274827","gfx/coat_of_arms/.gitignore:1:*","""gfx/coat_of_arms/colored_emblems/d_lower_lorraine.dds\r"""
"MPE","MPE","3726274827","gfx/coat_of_arms/.gitignore:1:*","""gfx/coat_of_arms/colored_emblems/d_lubusz.dds\r"""
"MPE","MPE","3726274827","gfx/coat_of_arms/.gitignore:1:*","""gfx/coat_of_arms/colored_emblems/d_lucca_republic.dds\r"""
"MPE","MPE","3726274827","gfx/coat_of_arms/.gitignore:1:*","""gfx/coat_of_arms/colored_emblems/d_lucca.dds\r"""
"MPE","MPE","3726274827","gfx/coat_of_arms/.gitignore:1:*","""gfx/coat_of_arms/colored_emblems/d_lutici.dds\r"""
"MPE","MPE","3726274827","gfx/coat_of_arms/.gitignore:1:*","""gfx/coat_of_arms/colored_emblems/d_luxembourg.dds\r"""
"MPE","MPE","3726274827","gfx/coat_of_arms/.gitignore:1:*","""gfx/coat_of_arms/colored_emblems/d_lykandos.dds\r"""
"MPE","MPE","3726274827","gfx/coat_of_arms/.gitignore:1:*","""gfx/coat_of_arms/colored_emblems/d_macva.dds\r"""
"MPE","MPE","3726274827","gfx/coat_of_arms/.gitignore:1:*","""gfx/coat_of_arms/colored_emblems/d_mainz.dds\r"""
"MPE","MPE","3726274827","gfx/coat_of_arms/.gitignore:1:*","""gfx/coat_of_arms/colored_emblems/d_mallorca.dds\r"""
"MPE","MPE","3726274827","gfx/coat_of_arms/.gitignore:1:*","""gfx/coat_of_arms/colored_emblems/d_mantua_republic.dds\r"""
"MPE","MPE","3726274827","gfx/coat_of_arms/.gitignore:1:*","""gfx/coat_of_arms/colored_emblems/d_mantua.dds\r"""
"MPE","MPE","3726274827","gfx/coat_of_arms/.gitignore:1:*","""gfx/coat_of_arms/colored_emblems/d_mazovia.dds\r"""
"MPE","MPE","3726274827","gfx/coat_of_arms/.gitignore:1:*","""gfx/coat_of_arms/colored_emblems/d_mazovians.dds\r"""
"MPE","MPE","3726274827","gfx/coat_of_arms/.gitignore:1:*","""gfx/coat_of_arms/colored_emblems/d_meath.dds\r"""
"MPE","MPE","3726274827","gfx/coat_of_arms/.gitignore:1:*","""gfx/coat_of_arms/colored_emblems/d_mecklemburg.dds\r"""
"MPE","MPE","3726274827","gfx/coat_of_arms/.gitignore:1:*","""gfx/coat_of_arms/colored_emblems/d_meissen.dds\r"""
"MPE","MPE","3726274827","gfx/coat_of_arms/.gitignore:1:*","""gfx/coat_of_arms/colored_emblems/d_melitene.dds\r"""
"MPE","MPE","3726274827","gfx/coat_of_arms/.gitignore:1:*","""gfx/coat_of_arms/colored_emblems/d_meshketi.dds\r"""
"MPE","MPE","3726274827","gfx/coat_of_arms/.gitignore:1:*","""gfx/coat_of_arms/colored_emblems/d_mesopotamia.dds\r"""
"MPE","MPE","3726274827","gfx/coat_of_arms/.gitignore:1:*","""gfx/coat_of_arms/colored_emblems/d_minsk.dds\r"""
"MPE","MPE","3726274827","gfx/coat_of_arms/.gitignore:1:*","""gfx/coat_of_arms/colored_emblems/d_modena_republic.dds\r"""
"MPE","MPE","3726274827","gfx/coat_of_arms/.gitignore:1:*","""gfx/coat_of_arms/colored_emblems/d_modena.dds\r"""
"MPE","MPE","3726274827","gfx/coat_of_arms/.gitignore:1:*","""gfx/coat_of_arms/colored_emblems/d_moesia.dds\r"""
"MPE","MPE","3726274827","gfx/coat_of_arms/.gitignore:1:*","""gfx/coat_of_arms/colored_emblems/d_moldau.dds\r"""
"MPE","MPE","3726274827","gfx/coat_of_arms/.gitignore:1:*","""gfx/coat_of_arms/colored_emblems/d_monferrato.dds\r"""
"MPE","MPE","3726274827","gfx/coat_of_arms/.gitignore:1:*","""gfx/coat_of_arms/colored_emblems/d_moravia.dds\r"""
"MPE","MPE","3726274827","gfx/coat_of_arms/.gitignore:1:*","""gfx/coat_of_arms/colored_emblems/d_moray.dds\r"""
"MPE","MPE","3726274827","gfx/coat_of_arms/.gitignore:1:*","""gfx/coat_of_arms/colored_emblems/d_more.dds\r"""
"MPE","MPE","3726274827","gfx/coat_of_arms/.gitignore:1:*","""gfx/coat_of_arms/colored_emblems/d_morgannwg.dds\r"""
"MPE","MPE","3726274827","gfx/coat_of_arms/.gitignore:1:*","""gfx/coat_of_arms/colored_emblems/d_moskva.dds\r"""
"MPE","MPE","3726274827","gfx/coat_of_arms/.gitignore:1:*","""gfx/coat_of_arms/colored_emblems/d_munster.dds\r"""
"MPE","MPE","3726274827","gfx/coat_of_arms/.gitignore:1:*","""gfx/coat_of_arms/colored_emblems/d_muntenia.dds\r"""
"MPE","MPE","3726274827","gfx/coat_of_arms/.gitignore:1:*","""gfx/coat_of_arms/colored_emblems/d_murcia.dds\r"""
"MPE","MPE","3726274827","gfx/coat_of_arms/.gitignore:1:*","""gfx/coat_of_arms/colored_emblems/d_nadruvians.dds\r"""
"MPE","MPE","3726274827","gfx/coat_of_arms/.gitignore:1:*","""gfx/coat_of_arms/colored_emblems/d_najera.dds\r"""
"MPE","MPE","3726274827","gfx/coat_of_arms/.gitignore:1:*","""gfx/coat_of_arms/colored_emblems/d_napoli.dds\r"""
"MPE","MPE","3726274827","gfx/coat_of_arms/.gitignore:1:*","""gfx/coat_of_arms/colored_emblems/d_narbonne.dds\r"""
"MPE","MPE","3726274827","gfx/coat_of_arms/.gitignore:1:*","""gfx/coat_of_arms/colored_emblems/d_navarra.dds\r"""
"MPE","MPE","3726274827","gfx/coat_of_arms/.gitignore:1:*","""gfx/coat_of_arms/colored_emblems/d_nevers.dds\r"""
"MPE","MPE","3726274827","gfx/coat_of_arms/.gitignore:1:*","""gfx/coat_of_arms/colored_emblems/d_niederbayern.dds\r"""
"MPE","MPE","3726274827","gfx/coat_of_arms/.gitignore:1:*","""gfx/coat_of_arms/colored_emblems/d_nordgau.dds\r"""
"MPE","MPE","3726274827","gfx/coat_of_arms/.gitignore:1:*","""gfx/coat_of_arms/colored_emblems/d_norman_apulia.dds\r"""
"MPE","MPE","3726274827","gfx/coat_of_arms/.gitignore:1:*","""gfx/coat_of_arms/colored_emblems/d_normandy.dds\r"""
"MPE","MPE","3726274827","gfx/coat_of_arms/.gitignore:1:*","""gfx/coat_of_arms/colored_emblems/d_norrland.dds\r"""
"MPE","MPE","3726274827","gfx/coat_of_arms/.gitignore:1:*","""gfx/coat_of_arms/colored_emblems/d_northumberland.dds\r"""
"MPE","MPE","3726274827","gfx/coat_of_arms/.gitignore:1:*","""gfx/coat_of_arms/colored_emblems/d_novgorod-seversk.dds\r"""
"MPE","MPE","3726274827","gfx/coat_of_arms/.gitignore:1:*","""gfx/coat_of_arms/colored_emblems/d_novgorod.dds\r"""
"MPE","MPE","3726274827","gfx/coat_of_arms/.gitignore:1:*","""gfx/coat_of_arms/colored_emblems/d_novosil.dds\r"""
"MPE","MPE","3726274827","gfx/coat_of_arms/.gitignore:1:*","""gfx/coat_of_arms/colored_emblems/d_nuremberg.dds\r"""
"MPE","MPE","3726274827","gfx/coat_of_arms/.gitignore:1:*","""gfx/coat_of_arms/colored_emblems/d_nyitra.dds\r"""
"MPE","MPE","3726274827","gfx/coat_of_arms/.gitignore:1:*","""gfx/coat_of_arms/colored_emblems/d_oberbayern.dds\r"""
"MPE","MPE","3726274827","gfx/coat_of_arms/.gitignore:1:*","""gfx/coat_of_arms/colored_emblems/d_oborites.dds\r"""
"MPE","MPE","3726274827","gfx/coat_of_arms/.gitignore:1:*","""gfx/coat_of_arms/colored_emblems/d_ohrid.dds\r"""
"MPE","MPE","3726274827","gfx/coat_of_arms/.gitignore:1:*","""gfx/coat_of_arms/colored_emblems/d_oltenia.dds\r"""
"MPE","MPE","3726274827","gfx/coat_of_arms/.gitignore:1:*","""gfx/coat_of_arms/colored_emblems/d_oneill.dds\r"""
"MPE","MPE","3726274827","gfx/coat_of_arms/.gitignore:1:*","""gfx/coat_of_arms/colored_emblems/d_opplandene.dds\r"""
"MPE","MPE","3726274827","gfx/coat_of_arms/.gitignore:1:*","""gfx/coat_of_arms/colored_emblems/d_opsikon.dds\r"""
"MPE","MPE","3726274827","gfx/coat_of_arms/.gitignore:1:*","""gfx/coat_of_arms/colored_emblems/d_optimatoi.dds\r"""
"MPE","MPE","3726274827","gfx/coat_of_arms/.gitignore:1:*","""gfx/coat_of_arms/colored_emblems/d_order_of_santiago.dds\r"""
"MPE","MPE","3726274827","gfx/coat_of_arms/.gitignore:1:*","""gfx/coat_of_arms/colored_emblems/d_orkney.dds\r"""
"MPE","MPE","3726274827","gfx/coat_of_arms/.gitignore:1:*","""gfx/coat_of_arms/colored_emblems/d_orleans.dds\r"""
"MPE","MPE","3726274827","gfx/coat_of_arms/.gitignore:1:*","""gfx/coat_of_arms/colored_emblems/d_osel_wiek.dds\r"""
"MPE","MPE","3726274827","gfx/coat_of_arms/.gitignore:1:*","""gfx/coat_of_arms/colored_emblems/d_ossory.dds\r"""
"MPE","MPE","3726274827","gfx/coat_of_arms/.gitignore:1:*","""gfx/coat_of_arms/colored_emblems/d_ostergotland.dds\r"""
"MPE","MPE","3726274827","gfx/coat_of_arms/.gitignore:1:*","""gfx/coat_of_arms/colored_emblems/d_osterreich.dds\r"""
"MPE","MPE","3726274827","gfx/coat_of_arms/.gitignore:1:*","""gfx/coat_of_arms/colored_emblems/d_ostfranken.dds\r"""
"MPE","MPE","3726274827","gfx/coat_of_arms/.gitignore:1:*","""gfx/coat_of_arms/colored_emblems/d_ostlandet.dds\r"""
"MPE","MPE","3726274827","gfx/coat_of_arms/.gitignore:1:*","""gfx/coat_of_arms/colored_emblems/d_oultrejourdain.dds\r"""
"MPE","MPE","3726274827","gfx/coat_of_arms/.gitignore:1:*","""gfx/coat_of_arms/colored_emblems/d_paphlagonia.dds\r"""
"MPE","MPE","3726274827","gfx/coat_of_arms/.gitignore:1:*","""gfx/coat_of_arms/colored_emblems/d_parma_republic.dds\r"""
"MPE","MPE","3726274827","gfx/coat_of_arms/.gitignore:1:*","""gfx/coat_of_arms/colored_emblems/d_parma.dds\r"""
"MPE","MPE","3726274827","gfx/coat_of_arms/.gitignore:1:*","""gfx/coat_of_arms/colored_emblems/d_pecs.dds\r"""
"MPE","MPE","3726274827","gfx/coat_of_arms/.gitignore:1:*","""gfx/coat_of_arms/colored_emblems/d_pereyaslavl.dds\r"""
"MPE","MPE","3726274827","gfx/coat_of_arms/.gitignore:1:*","""gfx/coat_of_arms/colored_emblems/d_pest.dds\r"""
"MPE","MPE","3726274827","gfx/coat_of_arms/.gitignore:1:*","""gfx/coat_of_arms/colored_emblems/d_pfalz.dds\r"""
"MPE","MPE","3726274827","gfx/coat_of_arms/.gitignore:1:*","""gfx/coat_of_arms/colored_emblems/d_pisa.dds\r"""
"MPE","MPE","3726274827","gfx/coat_of_arms/.gitignore:1:*","""gfx/coat_of_arms/colored_emblems/d_podlaise.dds\r"""
"MPE","MPE","3726274827","gfx/coat_of_arms/.gitignore:1:*","""gfx/coat_of_arms/colored_emblems/d_podolia.dds\r"""
"MPE","MPE","3726274827","gfx/coat_of_arms/.gitignore:1:*","""gfx/coat_of_arms/colored_emblems/d_pogesanians.dds\r"""
"MPE","MPE","3726274827","gfx/coat_of_arms/.gitignore:1:*","""gfx/coat_of_arms/colored_emblems/d_poitou.dds\r"""
"MPE","MPE","3726274827","gfx/coat_of_arms/.gitignore:1:*","""gfx/coat_of_arms/colored_emblems/d_polotsk.dds\r"""
"MPE","MPE","3726274827","gfx/coat_of_arms/.gitignore:1:*","""gfx/coat_of_arms/colored_emblems/d_pomeralia.dds\r"""
"MPE","MPE","3726274827","gfx/coat_of_arms/.gitignore:1:*","""gfx/coat_of_arms/colored_emblems/d_pomesanians.dds\r"""
"MPE","MPE","3726274827","gfx/coat_of_arms/.gitignore:1:*","""gfx/coat_of_arms/colored_emblems/d_pommerania.dds\r"""
"MPE","MPE","3726274827","gfx/coat_of_arms/.gitignore:1:*","""gfx/coat_of_arms/colored_emblems/d_pommeranians.dds\r"""
"MPE","MPE","3726274827","gfx/coat_of_arms/.gitignore:1:*","""gfx/coat_of_arms/colored_emblems/d_powys.dds\r"""
"MPE","MPE","3726274827","gfx/coat_of_arms/.gitignore:1:*","""gfx/coat_of_arms/colored_emblems/d_provence.dds\r"""
"MPE","MPE","3726274827","gfx/coat_of_arms/.gitignore:1:*","""gfx/coat_of_arms/colored_emblems/d_prussia.dds\r"""
"MPE","MPE","3726274827","gfx/coat_of_arms/.gitignore:1:*","""gfx/coat_of_arms/colored_emblems/d_pskov.dds\r"""
"MPE","MPE","3726274827","gfx/coat_of_arms/.gitignore:1:*","""gfx/coat_of_arms/colored_emblems/d_pyrenees.dds\r"""
"MPE","MPE","3726274827","gfx/coat_of_arms/.gitignore:1:*","""gfx/coat_of_arms/colored_emblems/d_racha.dds\r"""
"MPE","MPE","3726274827","gfx/coat_of_arms/.gitignore:1:*","""gfx/coat_of_arms/colored_emblems/d_ragusa.dds\r"""
"MPE","MPE","3726274827","gfx/coat_of_arms/.gitignore:1:*","""gfx/coat_of_arms/colored_emblems/d_rashka.dds\r"""
"MPE","MPE","3726274827","gfx/coat_of_arms/.gitignore:1:*","""gfx/coat_of_arms/colored_emblems/d_ratien.dds\r"""
"MPE","MPE","3726274827","gfx/coat_of_arms/.gitignore:1:*","""gfx/coat_of_arms/colored_emblems/d_ravenna.dds\r"""
"MPE","MPE","3726274827","gfx/coat_of_arms/.gitignore:1:*","""gfx/coat_of_arms/colored_emblems/d_rethel.dds\r"""
"MPE","MPE","3726274827","gfx/coat_of_arms/.gitignore:1:*","""gfx/coat_of_arms/colored_emblems/d_rheinfranken.dds\r"""
"MPE","MPE","3726274827","gfx/coat_of_arms/.gitignore:1:*","""gfx/coat_of_arms/colored_emblems/d_rhodos.dds\r"""
"MPE","MPE","3726274827","gfx/coat_of_arms/.gitignore:1:*","""gfx/coat_of_arms/colored_emblems/d_ribatejo.dds\r"""
"MPE","MPE","3726274827","gfx/coat_of_arms/.gitignore:1:*","""gfx/coat_of_arms/colored_emblems/d_rostov.dds\r"""
"MPE","MPE","3726274827","gfx/coat_of_arms/.gitignore:1:*","""gfx/coat_of_arms/colored_emblems/d_ryazan.dds\r"""
"MPE","MPE","3726274827","gfx/coat_of_arms/.gitignore:1:*","""gfx/coat_of_arms/colored_emblems/d_salamanca.dds\r"""
"MPE","MPE","3726274827","gfx/coat_of_arms/.gitignore:1:*","""gfx/coat_of_arms/colored_emblems/d_salerno.dds\r"""
"MPE","MPE","3726274827","gfx/coat_of_arms/.gitignore:1:*","""gfx/coat_of_arms/colored_emblems/d_sambians.dds\r"""
"MPE","MPE","3726274827","gfx/coat_of_arms/.gitignore:1:*","""gfx/coat_of_arms/colored_emblems/d_samogitia.dds\r"""
"MPE","MPE","3726274827","gfx/coat_of_arms/.gitignore:1:*","""gfx/coat_of_arms/colored_emblems/d_samos.dds\r"""
"MPE","MPE","3726274827","gfx/coat_of_arms/.gitignore:1:*","""gfx/coat_of_arms/colored_emblems/d_sandomierz.dds\r"""
"MPE","MPE","3726274827","gfx/coat_of_arms/.gitignore:1:*","""gfx/coat_of_arms/colored_emblems/d_sardinia.dds\r"""
"MPE","MPE","3726274827","gfx/coat_of_arms/.gitignore:1:*","""gfx/coat_of_arms/colored_emblems/d_sasnians.dds\r"""
"MPE","MPE","3726274827","gfx/coat_of_arms/.gitignore:1:*","""gfx/coat_of_arms/colored_emblems/d_savoie.dds\r"""
"MPE","MPE","3726274827","gfx/coat_of_arms/.gitignore:1:*","""gfx/coat_of_arms/colored_emblems/d_savona.dds\r"""
"MPE","MPE","3726274827","gfx/coat_of_arms/.gitignore:1:*","""gfx/coat_of_arms/colored_emblems/d_saxewittenberg.dds\r"""
"MPE","MPE","3726274827","gfx/coat_of_arms/.gitignore:1:*","""gfx/coat_of_arms/colored_emblems/d_scalovians.dds\r"""
"MPE","MPE","3726274827","gfx/coat_of_arms/.gitignore:1:*","""gfx/coat_of_arms/colored_emblems/d_sebasteia.dds\r"""
"MPE","MPE","3726274827","gfx/coat_of_arms/.gitignore:1:*","""gfx/coat_of_arms/colored_emblems/d_segovia.dds\r"""
"MPE","MPE","3726274827","gfx/coat_of_arms/.gitignore:1:*","""gfx/coat_of_arms/colored_emblems/d_seleucia.dds\r"""
"MPE","MPE","3726274827","gfx/coat_of_arms/.gitignore:1:*","""gfx/coat_of_arms/colored_emblems/d_seleukeia.dds\r"""
"MPE","MPE","3726274827","gfx/coat_of_arms/.gitignore:1:*","""gfx/coat_of_arms/colored_emblems/d_septimania.dds\r"""
"MPE","MPE","3726274827","gfx/coat_of_arms/.gitignore:1:*","""gfx/coat_of_arms/colored_emblems/d_sicily.dds\r"""
"MPE","MPE","3726274827","gfx/coat_of_arms/.gitignore:1:*","""gfx/coat_of_arms/colored_emblems/d_siena_republic.dds\r"""
"MPE","MPE","3726274827","gfx/coat_of_arms/.gitignore:1:*","""gfx/coat_of_arms/colored_emblems/d_siena.dds\r"""
"MPE","MPE","3726274827","gfx/coat_of_arms/.gitignore:1:*","""gfx/coat_of_arms/colored_emblems/d_silesia.dds\r"""
"MPE","MPE","3726274827","gfx/coat_of_arms/.gitignore:1:*","""gfx/coat_of_arms/colored_emblems/d_silesiaupper.dds\r"""
"MPE","MPE","3726274827","gfx/coat_of_arms/.gitignore:1:*","""gfx/coat_of_arms/colored_emblems/d_sjaelland.dds\r"""
"MPE","MPE","3726274827","gfx/coat_of_arms/.gitignore:1:*","""gfx/coat_of_arms/colored_emblems/d_skane.dds\r"""
"MPE","MPE","3726274827","gfx/coat_of_arms/.gitignore:1:*","""gfx/coat_of_arms/colored_emblems/d_slavonia.dds\r"""
"MPE","MPE","3726274827","gfx/coat_of_arms/.gitignore:1:*","""gfx/coat_of_arms/colored_emblems/d_slesvig.dds\r"""
"MPE","MPE","3726274827","gfx/coat_of_arms/.gitignore:1:*","""gfx/coat_of_arms/colored_emblems/d_smaland.dds\r"""
"MPE","MPE","3726274827","gfx/coat_of_arms/.gitignore:1:*","""gfx/coat_of_arms/colored_emblems/d_smolensk.dds\r"""
"MPE","MPE","3726274827","gfx/coat_of_arms/.gitignore:1:*","""gfx/coat_of_arms/colored_emblems/d_sodermandland.dds\r"""
"MPE","MPE","3726274827","gfx/coat_of_arms/.gitignore:1:*","""gfx/coat_of_arms/colored_emblems/d_somerset_norman.dds\r"""
"MPE","MPE","3726274827","gfx/coat_of_arms/.gitignore:1:*","""gfx/coat_of_arms/colored_emblems/d_somerset.dds\r"""
"MPE","MPE","3726274827","gfx/coat_of_arms/.gitignore:1:*","""gfx/coat_of_arms/colored_emblems/d_sorbs.dds\r"""
"MPE","MPE","3726274827","gfx/coat_of_arms/.gitignore:1:*","""gfx/coat_of_arms/colored_emblems/d_spoleto.dds\r"""
"MPE","MPE","3726274827","gfx/coat_of_arms/.gitignore:1:*","""gfx/coat_of_arms/colored_emblems/d_strathclyde.dds\r"""
"MPE","MPE","3726274827","gfx/coat_of_arms/.gitignore:1:*","""gfx/coat_of_arms/colored_emblems/d_strymon.dds\r"""
"MPE","MPE","3726274827","gfx/coat_of_arms/.gitignore:1:*","""gfx/coat_of_arms/colored_emblems/d_styria.dds\r"""
"MPE","MPE","3726274827","gfx/coat_of_arms/.gitignore:1:*","""gfx/coat_of_arms/colored_emblems/d_suenik.dds\r"""
"MPE","MPE","3726274827","gfx/coat_of_arms/.gitignore:1:*","""gfx/coat_of_arms/colored_emblems/d_sutherland.dds\r"""
"MPE","MPE","3726274827","gfx/coat_of_arms/.gitignore:1:*","""gfx/coat_of_arms/colored_emblems/d_syrmia.dds\r"""
"MPE","MPE","3726274827","gfx/coat_of_arms/.gitignore:1:*","""gfx/coat_of_arms/colored_emblems/d_taron.dds\r"""
"MPE","MPE","3726274827","gfx/coat_of_arms/.gitignore:1:*","""gfx/coat_of_arms/colored_emblems/d_teck.dds\r"""
"MPE","MPE","3726274827","gfx/coat_of_arms/.gitignore:1:*","""gfx/coat_of_arms/colored_emblems/d_teruel.dds\r"""
"MPE","MPE","3726274827","gfx/coat_of_arms/.gitignore:1:*","""gfx/coat_of_arms/colored_emblems/d_teutonic_order.dds\r"""
"MPE","MPE","3726274827","gfx/coat_of_arms/.gitignore:1:*","""gfx/coat_of_arms/colored_emblems/d_thessalia.dds\r"""
"MPE","MPE","3726274827","gfx/coat_of_arms/.gitignore:1:*","""gfx/coat_of_arms/colored_emblems/d_thessalonika.dds\r"""
"MPE","MPE","3726274827","gfx/coat_of_arms/.gitignore:1:*","""gfx/coat_of_arms/colored_emblems/d_thrace.dds\r"""
"MPE","MPE","3726274827","gfx/coat_of_arms/.gitignore:1:*","""gfx/coat_of_arms/colored_emblems/d_thracesia.dds\r"""
"MPE","MPE","3726274827","gfx/coat_of_arms/.gitignore:1:*","""gfx/coat_of_arms/colored_emblems/d_thuringia.dds\r"""
"MPE","MPE","3726274827","gfx/coat_of_arms/.gitignore:1:*","""gfx/coat_of_arms/colored_emblems/d_tmutarakan.dds\r"""
"MPE","MPE","3726274827","gfx/coat_of_arms/.gitignore:1:*","""gfx/coat_of_arms/colored_emblems/d_toledo.dds\r"""
"MPE","MPE","3726274827","gfx/coat_of_arms/.gitignore:1:*","""gfx/coat_of_arms/colored_emblems/d_toropec.dds\r"""
"MPE","MPE","3726274827","gfx/coat_of_arms/.gitignore:1:*","""gfx/coat_of_arms/colored_emblems/d_toscana.dds\r"""
"MPE","MPE","3726274827","gfx/coat_of_arms/.gitignore:1:*","""gfx/coat_of_arms/colored_emblems/d_toulouse.dds\r"""
"MPE","MPE","3726274827","gfx/coat_of_arms/.gitignore:1:*","""gfx/coat_of_arms/colored_emblems/d_trakai.dds\r"""
"MPE","MPE","3726274827","gfx/coat_of_arms/.gitignore:1:*","""gfx/coat_of_arms/colored_emblems/d_transylvania.dds\r"""
"MPE","MPE","3726274827","gfx/coat_of_arms/.gitignore:1:*","""gfx/coat_of_arms/colored_emblems/d_trebizond.dds\r"""
"MPE","MPE","3726274827","gfx/coat_of_arms/.gitignore:1:*","""gfx/coat_of_arms/colored_emblems/d_trent.dds\r"""
"MPE","MPE","3726274827","gfx/coat_of_arms/.gitignore:1:*","""gfx/coat_of_arms/colored_emblems/d_trier.dds\r"""
"MPE","MPE","3726274827","gfx/coat_of_arms/.gitignore:1:*","""gfx/coat_of_arms/colored_emblems/d_tripoli.dds\r"""
"MPE","MPE","3726274827","gfx/coat_of_arms/.gitignore:1:*","""gfx/coat_of_arms/colored_emblems/d_trondelag.dds\r"""
"MPE","MPE","3726274827","gfx/coat_of_arms/.gitignore:1:*","""gfx/coat_of_arms/colored_emblems/d_tubingen.dds\r"""
"MPE","MPE","3726274827","gfx/coat_of_arms/.gitignore:1:*","""gfx/coat_of_arms/colored_emblems/d_turnovo.dds\r"""
"MPE","MPE","3726274827","gfx/coat_of_arms/.gitignore:1:*","""gfx/coat_of_arms/colored_emblems/d_turov.dds\r"""
"MPE","MPE","3726274827","gfx/coat_of_arms/.gitignore:1:*","""gfx/coat_of_arms/colored_emblems/d_tver.dds\r"""
"MPE","MPE","3726274827","gfx/coat_of_arms/.gitignore:1:*","""gfx/coat_of_arms/colored_emblems/d_tyrol.dds\r"""
"MPE","MPE","3726274827","gfx/coat_of_arms/.gitignore:1:*","""gfx/coat_of_arms/colored_emblems/d_ulster.dds\r"""
"MPE","MPE","3726274827","gfx/coat_of_arms/.gitignore:1:*","""gfx/coat_of_arms/colored_emblems/d_ungvar.dds\r"""
"MPE","MPE","3726274827","gfx/coat_of_arms/.gitignore:1:*","""gfx/coat_of_arms/colored_emblems/d_upper_brittany.dds\r"""
"MPE","MPE","3726274827","gfx/coat_of_arms/.gitignore:1:*","""gfx/coat_of_arms/colored_emblems/d_upper_burgundy.dds\r"""
"MPE","MPE","3726274827","gfx/coat_of_arms/.gitignore:1:*","""gfx/coat_of_arms/colored_emblems/d_upper_lorraine.dds\r"""
"MPE","MPE","3726274827","gfx/coat_of_arms/.gitignore:1:*","""gfx/coat_of_arms/colored_emblems/d_uppland.dds\r"""
"MPE","MPE","3726274827","gfx/coat_of_arms/.gitignore:1:*","""gfx/coat_of_arms/colored_emblems/d_urbino.dds\r"""
"MPE","MPE","3726274827","gfx/coat_of_arms/.gitignore:1:*","""gfx/coat_of_arms/colored_emblems/d_urgell.dds\r"""
"MPE","MPE","3726274827","gfx/coat_of_arms/.gitignore:1:*","""gfx/coat_of_arms/colored_emblems/d_usora_i_soli.dds\r"""
"MPE","MPE","3726274827","gfx/coat_of_arms/.gitignore:1:*","""gfx/coat_of_arms/colored_emblems/d_utrecht.dds\r"""
"MPE","MPE","3726274827","gfx/coat_of_arms/.gitignore:1:*","""gfx/coat_of_arms/colored_emblems/d_valencia.dds\r"""
"MPE","MPE","3726274827","gfx/coat_of_arms/.gitignore:1:*","""gfx/coat_of_arms/colored_emblems/d_valois.dds\r"""
"MPE","MPE","3726274827","gfx/coat_of_arms/.gitignore:1:*","""gfx/coat_of_arms/colored_emblems/d_vanand.dds\r"""
"MPE","MPE","3726274827","gfx/coat_of_arms/.gitignore:1:*","""gfx/coat_of_arms/colored_emblems/d_vaspurakan.dds\r"""
"MPE","MPE","3726274827","gfx/coat_of_arms/.gitignore:1:*","""gfx/coat_of_arms/colored_emblems/d_vastergotland.dds\r"""
"MPE","MPE","3726274827","gfx/coat_of_arms/.gitignore:1:*","""gfx/coat_of_arms/colored_emblems/d_venice.dds\r"""
"MPE","MPE","3726274827","gfx/coat_of_arms/.gitignore:1:*","""gfx/coat_of_arms/colored_emblems/d_venosa.dds\r"""
"MPE","MPE","3726274827","gfx/coat_of_arms/.gitignore:1:*","""gfx/coat_of_arms/colored_emblems/d_verona_republic.dds\r"""
"MPE","MPE","3726274827","gfx/coat_of_arms/.gitignore:1:*","""gfx/coat_of_arms/colored_emblems/d_verona.dds\r"""
"MPE","MPE","3726274827","gfx/coat_of_arms/.gitignore:1:*","""gfx/coat_of_arms/colored_emblems/d_vestlandet.dds\r"""
"MPE","MPE","3726274827","gfx/coat_of_arms/.gitignore:1:*","""gfx/coat_of_arms/colored_emblems/d_vidin.dds\r"""
"MPE","MPE","3726274827","gfx/coat_of_arms/.gitignore:1:*","""gfx/coat_of_arms/colored_emblems/d_vladimir.dds\r"""
"MPE","MPE","3726274827","gfx/coat_of_arms/.gitignore:1:*","""gfx/coat_of_arms/colored_emblems/d_volhynia.dds\r"""
"MPE","MPE","3726274827","gfx/coat_of_arms/.gitignore:1:*","""gfx/coat_of_arms/colored_emblems/d_volhynians.dds\r"""
"MPE","MPE","3726274827","gfx/coat_of_arms/.gitignore:1:*","""gfx/coat_of_arms/colored_emblems/d_vorksla.dds\r"""
"MPE","MPE","3726274827","gfx/coat_of_arms/.gitignore:1:*","""gfx/coat_of_arms/colored_emblems/d_wagria.dds\r"""
"MPE","MPE","3726274827","gfx/coat_of_arms/.gitignore:1:*","""gfx/coat_of_arms/colored_emblems/d_wallachia.dds\r"""
"MPE","MPE","3726274827","gfx/coat_of_arms/.gitignore:1:*","""gfx/coat_of_arms/colored_emblems/d_warmians.dds\r"""
"MPE","MPE","3726274827","gfx/coat_of_arms/.gitignore:1:*","""gfx/coat_of_arms/colored_emblems/d_western_isles.dds\r"""
"MPE","MPE","3726274827","gfx/coat_of_arms/.gitignore:1:*","""gfx/coat_of_arms/colored_emblems/d_westfalen.dds\r"""
"MPE","MPE","3726274827","gfx/coat_of_arms/.gitignore:1:*","""gfx/coat_of_arms/colored_emblems/d_yatviags.dds\r"""
"MPE","MPE","3726274827","gfx/coat_of_arms/.gitignore:1:*","""gfx/coat_of_arms/colored_emblems/d_york_norman.dds\r"""
"MPE","MPE","3726274827","gfx/coat_of_arms/.gitignore:1:*","""gfx/coat_of_arms/colored_emblems/d_york.dds\r"""
"MPE","MPE","3726274827","gfx/coat_of_arms/.gitignore:1:*","""gfx/coat_of_arms/colored_emblems/d_zahringen.dds\r"""
"MPE","MPE","3726274827","gfx/coat_of_arms/.gitignore:1:*","""gfx/coat_of_arms/colored_emblems/d_zaragoza.dds\r"""
"MPE","MPE","3726274827","gfx/coat_of_arms/.gitignore:1:*","""gfx/coat_of_arms/colored_emblems/dasel.dds\r"""
"MPE","MPE","3726274827","gfx/coat_of_arms/.gitignore:1:*","""gfx/coat_of_arms/colored_emblems/demetz.dds\r"""
"MPE","MPE","3726274827","gfx/coat_of_arms/.gitignore:1:*","""gfx/coat_of_arms/colored_emblems/dilling.dds\r"""
"MPE","MPE","3726274827","gfx/coat_of_arms/.gitignore:1:*","""gfx/coat_of_arms/colored_emblems/doria.dds\r"""
"MPE","MPE","3726274827","gfx/coat_of_arms/.gitignore:1:*","""gfx/coat_of_arms/colored_emblems/dreux.dds\r"""
"MPE","MPE","3726274827","gfx/coat_of_arms/.gitignore:1:*","""gfx/coat_of_arms/colored_emblems/dulo.dds\r"""
"MPE","MPE","3726274827","gfx/coat_of_arms/.gitignore:1:*","""gfx/coat_of_arms/colored_emblems/dunbar.dds\r"""
"MPE","MPE","3726274827","gfx/coat_of_arms/.gitignore:1:*","""gfx/coat_of_arms/colored_emblems/e_bulgaria.dds\r"""
"MPE","MPE","3726274827","gfx/coat_of_arms/.gitignore:1:*","""gfx/coat_of_arms/colored_emblems/e_byzantium.dds\r"""
"MPE","MPE","3726274827","gfx/coat_of_arms/.gitignore:1:*","""gfx/coat_of_arms/colored_emblems/e_chagatai.dds\r"""
"MPE","MPE","3726274827","gfx/coat_of_arms/.gitignore:1:*","""gfx/coat_of_arms/colored_emblems/e_china_yuan.dds\r"""
"MPE","MPE","3726274827","gfx/coat_of_arms/.gitignore:1:*","""gfx/coat_of_arms/colored_emblems/e_golden_horde.dds\r"""
"MPE","MPE","3726274827","gfx/coat_of_arms/.gitignore:1:*","""gfx/coat_of_arms/colored_emblems/e_il-khanate.dds\r"""
"MPE","MPE","3726274827","gfx/coat_of_arms/.gitignore:1:*","""gfx/coat_of_arms/colored_emblems/e_latin_empire.dds\r"""
"MPE","MPE","3726274827","gfx/coat_of_arms/.gitignore:1:*","""gfx/coat_of_arms/colored_emblems/e_mongol_empire.dds\r"""
"MPE","MPE","3726274827","gfx/coat_of_arms/.gitignore:1:*","""gfx/coat_of_arms/colored_emblems/e_poland_lithuania.dds\r"""
"MPE","MPE","3726274827","gfx/coat_of_arms/.gitignore:1:*","""gfx/coat_of_arms/colored_emblems/eberstein.dds\r"""
"MPE","MPE","3726274827","gfx/coat_of_arms/.gitignore:1:*","""gfx/coat_of_arms/colored_emblems/enreux.dds\r"""
"MPE","MPE","3726274827","gfx/coat_of_arms/.gitignore:1:*","""gfx/coat_of_arms/colored_emblems/eppenstein.dds\r"""
"MPE","MPE","3726274827","gfx/coat_of_arms/.gitignore:1:*","""gfx/coat_of_arms/colored_emblems/erik.dds\r"""
"MPE","MPE","3726274827","gfx/coat_of_arms/.gitignore:1:*","""gfx/coat_of_arms/colored_emblems/este.dds\r"""
"MPE","MPE","3726274827","gfx/coat_of_arms/.gitignore:1:*","""gfx/coat_of_arms/colored_emblems/estrid.dds\r"""
"MPE","MPE","3726274827","gfx/coat_of_arms/.gitignore:1:*","""gfx/coat_of_arms/colored_emblems/etenca.dds\r"""
"MPE","MPE","3726274827","gfx/coat_of_arms/.gitignore:1:*","""gfx/coat_of_arms/colored_emblems/etichonen.dds\r"""
"MPE","MPE","3726274827","gfx/coat_of_arms/.gitignore:1:*","""gfx/coat_of_arms/colored_emblems/finsta.dds\r"""
"MPE","MPE","3726274827","gfx/coat_of_arms/.gitignore:1:*","""gfx/coat_of_arms/colored_emblems/flamens.dds\r"""
"MPE","MPE","3726274827","gfx/coat_of_arms/.gitignore:1:*","""gfx/coat_of_arms/colored_emblems/flanders.dds\r"""
"MPE","MPE","3726274827","gfx/coat_of_arms/.gitignore:1:*","""gfx/coat_of_arms/colored_emblems/formbach.dds\r"""
"MPE","MPE","3726274827","gfx/coat_of_arms/.gitignore:1:*","""gfx/coat_of_arms/colored_emblems/gediminaitis.dds\r"""
"MPE","MPE","3726274827","gfx/coat_of_arms/.gitignore:1:*","""gfx/coat_of_arms/colored_emblems/geneve.dds\r"""
"MPE","MPE","3726274827","gfx/coat_of_arms/.gitignore:1:*","""gfx/coat_of_arms/colored_emblems/godwin.dds\r"""
"MPE","MPE","3726274827","gfx/coat_of_arms/.gitignore:1:*","""gfx/coat_of_arms/colored_emblems/grip.dds\r"""
"MPE","MPE","3726274827","gfx/coat_of_arms/.gitignore:1:*","""gfx/coat_of_arms/colored_emblems/gryfita.dds\r"""
"MPE","MPE","3726274827","gfx/coat_of_arms/.gitignore:1:*","""gfx/coat_of_arms/colored_emblems/guide.dds\r"""
"MPE","MPE","3726274827","gfx/coat_of_arms/.gitignore:1:*","""gfx/coat_of_arms/colored_emblems/hapsburg.dds\r"""
"MPE","MPE","3726274827","gfx/coat_of_arms/.gitignore:1:*","""gfx/coat_of_arms/colored_emblems/helfen.dds\r"""
"MPE","MPE","3726274827","gfx/coat_of_arms/.gitignore:1:*","""gfx/coat_of_arms/colored_emblems/hessen.dds\r"""
"MPE","MPE","3726274827","gfx/coat_of_arms/.gitignore:1:*","""gfx/coat_of_arms/colored_emblems/hetoumi.dds\r"""
"MPE","MPE","3726274827","gfx/coat_of_arms/.gitignore:1:*","""gfx/coat_of_arms/colored_emblems/hiort.dds\r"""
"MPE","MPE","3726274827","gfx/coat_of_arms/.gitignore:1:*","""gfx/coat_of_arms/colored_emblems/hohenloe.dds\r"""
"MPE","MPE","3726274827","gfx/coat_of_arms/.gitignore:1:*","""gfx/coat_of_arms/colored_emblems/hohenzollern.dds\r"""
"MPE","MPE","3726274827","gfx/coat_of_arms/.gitignore:1:*","""gfx/coat_of_arms/colored_emblems/horn.dds\r"""
"MPE","MPE","3726274827","gfx/coat_of_arms/.gitignore:1:*","""gfx/coat_of_arms/colored_emblems/hoya.dds\r"""
"MPE","MPE","3726274827","gfx/coat_of_arms/.gitignore:1:*","""gfx/coat_of_arms/colored_emblems/hwicce.dds\r"""
"MPE","MPE","3726274827","gfx/coat_of_arms/.gitignore:1:*","""gfx/coat_of_arms/colored_emblems/iniga.dds\r"""
"MPE","MPE","3726274827","gfx/coat_of_arms/.gitignore:1:*","""gfx/coat_of_arms/colored_emblems/jimena.dds\r"""
"MPE","MPE","3726274827","gfx/coat_of_arms/.gitignore:1:*","""gfx/coat_of_arms/colored_emblems/julich.dds\r"""
"MPE","MPE","3726274827","gfx/coat_of_arms/.gitignore:1:*","""gfx/coat_of_arms/colored_emblems/k_abkhazia.dds\r"""
"MPE","MPE","3726274827","gfx/coat_of_arms/.gitignore:1:*","""gfx/coat_of_arms/colored_emblems/k_abyssinia.dds\r"""
"MPE","MPE","3726274827","gfx/coat_of_arms/.gitignore:1:*","""gfx/coat_of_arms/colored_emblems/k_alodia.dds\r"""
"MPE","MPE","3726274827","gfx/coat_of_arms/.gitignore:1:*","""gfx/coat_of_arms/colored_emblems/k_anatolia.dds\r"""
"MPE","MPE","3726274827","gfx/coat_of_arms/.gitignore:1:*","""gfx/coat_of_arms/colored_emblems/k_andalusia.dds\r"""
"MPE","MPE","3726274827","gfx/coat_of_arms/.gitignore:1:*","""gfx/coat_of_arms/colored_emblems/k_antioch.dds\r"""
"MPE","MPE","3726274827","gfx/coat_of_arms/.gitignore:1:*","""gfx/coat_of_arms/colored_emblems/k_aragon.dds\r"""
"MPE","MPE","3726274827","gfx/coat_of_arms/.gitignore:1:*","""gfx/coat_of_arms/colored_emblems/k_armenia_minor.dds\r"""
"MPE","MPE","3726274827","gfx/coat_of_arms/.gitignore:1:*","""gfx/coat_of_arms/colored_emblems/k_armenia.dds\r"""
"MPE","MPE","3726274827","gfx/coat_of_arms/.gitignore:1:*","""gfx/coat_of_arms/colored_emblems/k_avaria.dds\r"""
"MPE","MPE","3726274827","gfx/coat_of_arms/.gitignore:1:*","""gfx/coat_of_arms/colored_emblems/k_badajoz.dds\r"""
"MPE","MPE","3726274827","gfx/coat_of_arms/.gitignore:1:*","""gfx/coat_of_arms/colored_emblems/k_bavaria.dds\r"""
"MPE","MPE","3726274827","gfx/coat_of_arms/.gitignore:1:*","""gfx/coat_of_arms/colored_emblems/k_bohemia.dds\r"""
"MPE","MPE","3726274827","gfx/coat_of_arms/.gitignore:1:*","""gfx/coat_of_arms/colored_emblems/k_brittany.dds\r"""
"MPE","MPE","3726274827","gfx/coat_of_arms/.gitignore:1:*","""gfx/coat_of_arms/colored_emblems/k_bulgaria.dds\r"""
"MPE","MPE","3726274827","gfx/coat_of_arms/.gitignore:1:*","""gfx/coat_of_arms/colored_emblems/k_burgundy.dds\r"""
"MPE","MPE","3726274827","gfx/coat_of_arms/.gitignore:1:*","""gfx/coat_of_arms/colored_emblems/k_carinthia.dds\r"""
"MPE","MPE","3726274827","gfx/coat_of_arms/.gitignore:1:*","""gfx/coat_of_arms/colored_emblems/k_castille.dds\r"""
"MPE","MPE","3726274827","gfx/coat_of_arms/.gitignore:1:*","""gfx/coat_of_arms/colored_emblems/k_caucasus.dds\r"""
"MPE","MPE","3726274827","gfx/coat_of_arms/.gitignore:1:*","""gfx/coat_of_arms/colored_emblems/k_cilician.dds\r"""
"MPE","MPE","3726274827","gfx/coat_of_arms/.gitignore:1:*","""gfx/coat_of_arms/colored_emblems/k_croatia.dds\r"""
"MPE","MPE","3726274827","gfx/coat_of_arms/.gitignore:1:*","""gfx/coat_of_arms/colored_emblems/k_daylam.dds\r"""
"MPE","MPE","3726274827","gfx/coat_of_arms/.gitignore:1:*","""gfx/coat_of_arms/colored_emblems/k_duklja.dds\r"""
"MPE","MPE","3726274827","gfx/coat_of_arms/.gitignore:1:*","""gfx/coat_of_arms/colored_emblems/k_east_anglia.dds\r"""
"MPE","MPE","3726274827","gfx/coat_of_arms/.gitignore:1:*","""gfx/coat_of_arms/colored_emblems/k_egypt.dds\r"""
"MPE","MPE","3726274827","gfx/coat_of_arms/.gitignore:1:*","""gfx/coat_of_arms/colored_emblems/k_emf_barcelona_aragon.dds\r"""
"MPE","MPE","3726274827","gfx/coat_of_arms/.gitignore:1:*","""gfx/coat_of_arms/colored_emblems/k_emf_norman_england.dds\r"""
"MPE","MPE","3726274827","gfx/coat_of_arms/.gitignore:1:*","""gfx/coat_of_arms/colored_emblems/k_emf_saxon_england.dds\r"""
"MPE","MPE","3726274827","gfx/coat_of_arms/.gitignore:1:*","""gfx/coat_of_arms/colored_emblems/k_epirus.dds\r"""
"MPE","MPE","3726274827","gfx/coat_of_arms/.gitignore:1:*","""gfx/coat_of_arms/colored_emblems/k_flanders.dds\r"""
"MPE","MPE","3726274827","gfx/coat_of_arms/.gitignore:1:*","""gfx/coat_of_arms/colored_emblems/k_france.dds\r"""
"MPE","MPE","3726274827","gfx/coat_of_arms/.gitignore:1:*","""gfx/coat_of_arms/colored_emblems/k_frisia.dds\r"""
"MPE","MPE","3726274827","gfx/coat_of_arms/.gitignore:1:*","""gfx/coat_of_arms/colored_emblems/k_geats.dds\r"""
"MPE","MPE","3726274827","gfx/coat_of_arms/.gitignore:1:*","""gfx/coat_of_arms/colored_emblems/k_genoa.dds\r"""
"MPE","MPE","3726274827","gfx/coat_of_arms/.gitignore:1:*","""gfx/coat_of_arms/colored_emblems/k_hellas.dds\r"""
"MPE","MPE","3726274827","gfx/coat_of_arms/.gitignore:1:*","""gfx/coat_of_arms/colored_emblems/k_iberia.dds\r"""
"MPE","MPE","3726274827","gfx/coat_of_arms/.gitignore:1:*","""gfx/coat_of_arms/colored_emblems/k_imereti.dds\r"""
"MPE","MPE","3726274827","gfx/coat_of_arms/.gitignore:1:*","""gfx/coat_of_arms/colored_emblems/k_italy.dds\r"""
"MPE","MPE","3726274827","gfx/coat_of_arms/.gitignore:1:*","""gfx/coat_of_arms/colored_emblems/k_jorvik.dds\r"""
"MPE","MPE","3726274827","gfx/coat_of_arms/.gitignore:1:*","""gfx/coat_of_arms/colored_emblems/k_kafarestan.dds\r"""
"MPE","MPE","3726274827","gfx/coat_of_arms/.gitignore:1:*","""gfx/coat_of_arms/colored_emblems/k_kakheti.dds\r"""
"MPE","MPE","3726274827","gfx/coat_of_arms/.gitignore:1:*","""gfx/coat_of_arms/colored_emblems/k_khorasan.dds\r"""
"MPE","MPE","3726274827","gfx/coat_of_arms/.gitignore:1:*","""gfx/coat_of_arms/colored_emblems/k_leon.dds\r"""
"MPE","MPE","3726274827","gfx/coat_of_arms/.gitignore:1:*","""gfx/coat_of_arms/colored_emblems/k_lithuania.dds\r"""
"MPE","MPE","3726274827","gfx/coat_of_arms/.gitignore:1:*","""gfx/coat_of_arms/colored_emblems/k_lombard_league.dds\r"""
"MPE","MPE","3726274827","gfx/coat_of_arms/.gitignore:1:*","""gfx/coat_of_arms/colored_emblems/k_lombardy.dds\r"""
"MPE","MPE","3726274827","gfx/coat_of_arms/.gitignore:1:*","""gfx/coat_of_arms/colored_emblems/k_lotharingia.dds\r"""
"MPE","MPE","3726274827","gfx/coat_of_arms/.gitignore:1:*","""gfx/coat_of_arms/colored_emblems/k_lower_lorraine.dds\r"""
"MPE","MPE","3726274827","gfx/coat_of_arms/.gitignore:1:*","""gfx/coat_of_arms/colored_emblems/k_magyar.dds\r"""
"MPE","MPE","3726274827","gfx/coat_of_arms/.gitignore:1:*","""gfx/coat_of_arms/colored_emblems/k_maikelebahr.dds\r"""
"MPE","MPE","3726274827","gfx/coat_of_arms/.gitignore:1:*","""gfx/coat_of_arms/colored_emblems/k_makuria.dds\r"""
"MPE","MPE","3726274827","gfx/coat_of_arms/.gitignore:1:*","""gfx/coat_of_arms/colored_emblems/k_mercia.dds\r"""
"MPE","MPE","3726274827","gfx/coat_of_arms/.gitignore:1:*","""gfx/coat_of_arms/colored_emblems/k_mesopotamia.dds\r"""
"MPE","MPE","3726274827","gfx/coat_of_arms/.gitignore:1:*","""gfx/coat_of_arms/colored_emblems/k_moravia.dds\r"""
"MPE","MPE","3726274827","gfx/coat_of_arms/.gitignore:1:*","""gfx/coat_of_arms/colored_emblems/k_naples.dds\r"""
"MPE","MPE","3726274827","gfx/coat_of_arms/.gitignore:1:*","""gfx/coat_of_arms/colored_emblems/k_navarra.dds\r"""
"MPE","MPE","3726274827","gfx/coat_of_arms/.gitignore:1:*","""gfx/coat_of_arms/colored_emblems/k_nikaea.dds\r"""
"MPE","MPE","3726274827","gfx/coat_of_arms/.gitignore:1:*","""gfx/coat_of_arms/colored_emblems/k_northumbria.dds\r"""
"MPE","MPE","3726274827","gfx/coat_of_arms/.gitignore:1:*","""gfx/coat_of_arms/colored_emblems/k_norway.dds\r"""
"MPE","MPE","3726274827","gfx/coat_of_arms/.gitignore:1:*","""gfx/coat_of_arms/colored_emblems/k_papal_state.dds\r"""
"MPE","MPE","3726274827","gfx/coat_of_arms/.gitignore:1:*","""gfx/coat_of_arms/colored_emblems/k_pechenegs.dds\r"""
"MPE","MPE","3726274827","gfx/coat_of_arms/.gitignore:1:*","""gfx/coat_of_arms/colored_emblems/k_perm.dds\r"""
"MPE","MPE","3726274827","gfx/coat_of_arms/.gitignore:1:*","""gfx/coat_of_arms/colored_emblems/k_pisa.dds\r"""
"MPE","MPE","3726274827","gfx/coat_of_arms/.gitignore:1:*","""gfx/coat_of_arms/colored_emblems/k_poland.dds\r"""
"MPE","MPE","3726274827","gfx/coat_of_arms/.gitignore:1:*","""gfx/coat_of_arms/colored_emblems/k_pomerania.dds\r"""
"MPE","MPE","3726274827","gfx/coat_of_arms/.gitignore:1:*","""gfx/coat_of_arms/colored_emblems/k_romagna.dds\r"""
"MPE","MPE","3726274827","gfx/coat_of_arms/.gitignore:1:*","""gfx/coat_of_arms/colored_emblems/k_ruthenia.dds\r"""
"MPE","MPE","3726274827","gfx/coat_of_arms/.gitignore:1:*","""gfx/coat_of_arms/colored_emblems/k_salerno.dds\r"""
"MPE","MPE","3726274827","gfx/coat_of_arms/.gitignore:1:*","""gfx/coat_of_arms/colored_emblems/k_sardinia.dds\r"""
"MPE","MPE","3726274827","gfx/coat_of_arms/.gitignore:1:*","""gfx/coat_of_arms/colored_emblems/k_saxony.dds\r"""
"MPE","MPE","3726274827","gfx/coat_of_arms/.gitignore:1:*","""gfx/coat_of_arms/colored_emblems/k_serbia.dds\r"""
"MPE","MPE","3726274827","gfx/coat_of_arms/.gitignore:1:*","""gfx/coat_of_arms/colored_emblems/k_shirvan.dds\r"""
"MPE","MPE","3726274827","gfx/coat_of_arms/.gitignore:1:*","""gfx/coat_of_arms/colored_emblems/k_sicily.dds\r"""
"MPE","MPE","3726274827","gfx/coat_of_arms/.gitignore:1:*","""gfx/coat_of_arms/colored_emblems/k_sistan.dds\r"""
"MPE","MPE","3726274827","gfx/coat_of_arms/.gitignore:1:*","""gfx/coat_of_arms/colored_emblems/k_spanish_galicia.dds\r"""
"MPE","MPE","3726274827","gfx/coat_of_arms/.gitignore:1:*","""gfx/coat_of_arms/colored_emblems/k_strathclyde.dds\r"""
"MPE","MPE","3726274827","gfx/coat_of_arms/.gitignore:1:*","""gfx/coat_of_arms/colored_emblems/k_swabia.dds\r"""
"MPE","MPE","3726274827","gfx/coat_of_arms/.gitignore:1:*","""gfx/coat_of_arms/colored_emblems/k_trinacria.dds\r"""
"MPE","MPE","3726274827","gfx/coat_of_arms/.gitignore:1:*","""gfx/coat_of_arms/colored_emblems/k_tuscan_league.dds\r"""
"MPE","MPE","3726274827","gfx/coat_of_arms/.gitignore:1:*","""gfx/coat_of_arms/colored_emblems/k_upper_lorraine.dds\r"""
"MPE","MPE","3726274827","gfx/coat_of_arms/.gitignore:1:*","""gfx/coat_of_arms/colored_emblems/k_valencia.dds\r"""
"MPE","MPE","3726274827","gfx/coat_of_arms/.gitignore:1:*","""gfx/coat_of_arms/colored_emblems/k_vaspurakan.dds\r"""
"MPE","MPE","3726274827","gfx/coat_of_arms/.gitignore:1:*","""gfx/coat_of_arms/colored_emblems/k_venice.dds\r"""
"MPE","MPE","3726274827","gfx/coat_of_arms/.gitignore:1:*","""gfx/coat_of_arms/colored_emblems/k_wales.dds\r"""
"MPE","MPE","3726274827","gfx/coat_of_arms/.gitignore:1:*","""gfx/coat_of_arms/colored_emblems/k_wallachia.dds\r"""
"MPE","MPE","3726274827","gfx/coat_of_arms/.gitignore:1:*","""gfx/coat_of_arms/colored_emblems/k_wessex.dds\r"""
"MPE","MPE","3726274827","gfx/coat_of_arms/.gitignore:1:*","""gfx/coat_of_arms/colored_emblems/k_white_ruthenia.dds\r"""
"MPE","MPE","3726274827","gfx/coat_of_arms/.gitignore:1:*","""gfx/coat_of_arms/colored_emblems/pngegg.png\r"""
"MPE","MPE","3726274827","gfx/coat_of_arms/.gitignore:1:*","""gfx/coat_of_arms/colored_emblems/ric_coa_designer_emblems.txt\r"""
"MPE","MPE","3726274827","gfx/coat_of_arms/.gitignore:1:*","""gfx/coat_of_arms/colored_emblems/tubs.png\r"""
"MPE","MPE","3726274827","gfx/coat_of_arms/.gitignore:1:*","""gfx/coat_of_arms/patterns/cat_ermine_pattern.dds\r"""
"MPE","MPE","3726274827","gfx/coat_of_arms/.gitignore:1:*","""gfx/coat_of_arms/patterns/cat_fur_vair_01.dds\r"""
"MPE","MPE","3726274827","gfx/coat_of_arms/.gitignore:1:*","""gfx/coat_of_arms/patterns/cat_pattern_tricolor_vertical.dds\r"""
"MPE","MPE","3726274827","gfx/coat_of_arms/.gitignore:1:*","""gfx/coat_of_arms/patterns/pattern_chief_crenelated.dds\r"""
"MPE","MPE","3726274827","gfx/coat_of_arms/.gitignore:1:*","""gfx/coat_of_arms/patterns/pattern_opava.dds\r"""
"MPE","MPE","3726274827","gfx/coat_of_arms/.gitignore:1:*","""gfx/coat_of_arms/patterns/pattern_pdx_vertical_split_jagged_01_centered.dds\r"""
"MPE","MPE","3726274827","gfx/coat_of_arms/.gitignore:1:*","""gfx/coat_of_arms/patterns/pattern_quarterly_party_per_pale_02.dds\r"""
"MPE","MPE","3726274827","gfx/coat_of_arms/.gitignore:1:*","""gfx/coat_of_arms/patterns/pattern_quarterly_party_per_pale_04_joined.dds\r"""
"MPE","MPE","3726274827","gfx/coat_of_arms/.gitignore:1:*","""gfx/coat_of_arms/patterns/pattern_ww_flaunch_wavy.dds\r"""
"MPE","MPE","3726274827","gfx/coat_of_arms/.gitignore:1:*","""gfx/coat_of_arms/textured_emblems/aars.dds\r"""
"MPE","MPE","3726274827","gfx/coat_of_arms/.gitignore:1:*","""gfx/coat_of_arms/textured_emblems/abbassid.dds\r"""
"MPE","MPE","3726274827","gfx/coat_of_arms/.gitignore:1:*","""gfx/coat_of_arms/textured_emblems/ailpin.dds\r"""
"MPE","MPE","3726274827","gfx/coat_of_arms/.gitignore:1:*","""gfx/coat_of_arms/textured_emblems/aleramicci.dds\r"""
"MPE","MPE","3726274827","gfx/coat_of_arms/.gitignore:1:*","""gfx/coat_of_arms/textured_emblems/amiens.dds\r"""
"MPE","MPE","3726274827","gfx/coat_of_arms/.gitignore:1:*","""gfx/coat_of_arms/textured_emblems/amorios.dds\r"""
"MPE","MPE","3726274827","gfx/coat_of_arms/.gitignore:1:*","""gfx/coat_of_arms/textured_emblems/andechs.dds\r"""
"MPE","MPE","3726274827","gfx/coat_of_arms/.gitignore:1:*","""gfx/coat_of_arms/textured_emblems/angelos.dds\r"""
"MPE","MPE","3726274827","gfx/coat_of_arms/.gitignore:1:*","""gfx/coat_of_arms/textured_emblems/aragon.dds\r"""
"MPE","MPE","3726274827","gfx/coat_of_arms/.gitignore:1:*","""gfx/coat_of_arms/textured_emblems/arnsberg.dds\r"""
"MPE","MPE","3726274827","gfx/coat_of_arms/.gitignore:1:*","""gfx/coat_of_arms/textured_emblems/arpad.dds\r"""
"MPE","MPE","3726274827","gfx/coat_of_arms/.gitignore:1:*","""gfx/coat_of_arms/textured_emblems/asen.dds\r"""
"MPE","MPE","3726274827","gfx/coat_of_arms/.gitignore:1:*","""gfx/coat_of_arms/textured_emblems/askanien.dds\r"""
"MPE","MPE","3726274827","gfx/coat_of_arms/.gitignore:1:*","""gfx/coat_of_arms/textured_emblems/aspenas.dds\r"""
"MPE","MPE","3726274827","gfx/coat_of_arms/.gitignore:1:*","""gfx/coat_of_arms/textured_emblems/asturias.dds\r"""
"MPE","MPE","3726274827","gfx/coat_of_arms/.gitignore:1:*","""gfx/coat_of_arms/textured_emblems/avesnes.dds\r"""
"MPE","MPE","3726274827","gfx/coat_of_arms/.gitignore:1:*","""gfx/coat_of_arms/textured_emblems/ayyubid.dds\r"""
"MPE","MPE","3726274827","gfx/coat_of_arms/.gitignore:1:*","""gfx/coat_of_arms/textured_emblems/babenberger.dds\r"""
"MPE","MPE","3726274827","gfx/coat_of_arms/.gitignore:1:*","""gfx/coat_of_arms/textured_emblems/bagrat.dds\r"""
"MPE","MPE","3726274827","gfx/coat_of_arms/.gitignore:1:*","""gfx/coat_of_arms/textured_emblems/bagratuni.dds\r"""
"MPE","MPE","3726274827","gfx/coat_of_arms/.gitignore:1:*","""gfx/coat_of_arms/textured_emblems/balgar.dds\r"""
"MPE","MPE","3726274827","gfx/coat_of_arms/.gitignore:1:*","""gfx/coat_of_arms/textured_emblems/batatzes.dds\r"""
"MPE","MPE","3726274827","gfx/coat_of_arms/.gitignore:1:*","""gfx/coat_of_arms/textured_emblems/beaujeu.dds\r"""
"MPE","MPE","3726274827","gfx/coat_of_arms/.gitignore:1:*","""gfx/coat_of_arms/textured_emblems/beaumont.dds\r"""
"MPE","MPE","3726274827","gfx/coat_of_arms/.gitignore:1:*","""gfx/coat_of_arms/textured_emblems/berg.dds\r"""
"MPE","MPE","3726274827","gfx/coat_of_arms/.gitignore:1:*","""gfx/coat_of_arms/textured_emblems/bigod.dds\r"""
"MPE","MPE","3726274827","gfx/coat_of_arms/.gitignore:1:*","""gfx/coat_of_arms/textured_emblems/bjalbo.dds\r"""
"MPE","MPE","3726274827","gfx/coat_of_arms/.gitignore:1:*","""gfx/coat_of_arms/textured_emblems/blixen.dds\r"""
"MPE","MPE","3726274827","gfx/coat_of_arms/.gitignore:1:*","""gfx/coat_of_arms/textured_emblems/bolt.dds\r"""
"MPE","MPE","3726274827","gfx/coat_of_arms/.gitignore:1:*","""gfx/coat_of_arms/textured_emblems/braganca.dds\r"""
"MPE","MPE","3726274827","gfx/coat_of_arms/.gitignore:1:*","""gfx/coat_of_arms/textured_emblems/branas.dds\r"""
"MPE","MPE","3726274827","gfx/coat_of_arms/.gitignore:1:*","""gfx/coat_of_arms/textured_emblems/brienne.dds\r"""
"MPE","MPE","3726274827","gfx/coat_of_arms/.gitignore:1:*","""gfx/coat_of_arms/textured_emblems/bulanid.dds\r"""
"MPE","MPE","3726274827","gfx/coat_of_arms/.gitignore:1:*","""gfx/coat_of_arms/textured_emblems/bures.dds\r"""
"MPE","MPE","3726274827","gfx/coat_of_arms/.gitignore:1:*","""gfx/coat_of_arms/textured_emblems/c_aargau.dds\r"""
"MPE","MPE","3726274827","gfx/coat_of_arms/.gitignore:1:*","""gfx/coat_of_arms/textured_emblems/c_abensberg.dds\r"""
"MPE","MPE","3726274827","gfx/coat_of_arms/.gitignore:1:*","""gfx/coat_of_arms/textured_emblems/c_agen.dds\r"""
"MPE","MPE","3726274827","gfx/coat_of_arms/.gitignore:1:*","""gfx/coat_of_arms/textured_emblems/c_alava.dds\r"""
"MPE","MPE","3726274827","gfx/coat_of_arms/.gitignore:1:*","""gfx/coat_of_arms/textured_emblems/c_albi.dds\r"""
"MPE","MPE","3726274827","gfx/coat_of_arms/.gitignore:1:*","""gfx/coat_of_arms/textured_emblems/c_alcaraz.dds\r"""
"MPE","MPE","3726274827","gfx/coat_of_arms/.gitignore:1:*","""gfx/coat_of_arms/textured_emblems/c_alencon.dds\r"""
"MPE","MPE","3726274827","gfx/coat_of_arms/.gitignore:1:*","""gfx/coat_of_arms/textured_emblems/c_alto_aragon.dds\r"""
"MPE","MPE","3726274827","gfx/coat_of_arms/.gitignore:1:*","""gfx/coat_of_arms/textured_emblems/c_amalfi.dds\r"""
"MPE","MPE","3726274827","gfx/coat_of_arms/.gitignore:1:*","""gfx/coat_of_arms/textured_emblems/c_andechs.dds\r"""
"MPE","MPE","3726274827","gfx/coat_of_arms/.gitignore:1:*","""gfx/coat_of_arms/textured_emblems/c_andria.dds\r"""
"MPE","MPE","3726274827","gfx/coat_of_arms/.gitignore:1:*","""gfx/coat_of_arms/textured_emblems/c_antibes.dds\r"""
"MPE","MPE","3726274827","gfx/coat_of_arms/.gitignore:1:*","""gfx/coat_of_arms/textured_emblems/c_aprutium.dds\r"""
"MPE","MPE","3726274827","gfx/coat_of_arms/.gitignore:1:*","""gfx/coat_of_arms/textured_emblems/c_apulia.dds\r"""
"MPE","MPE","3726274827","gfx/coat_of_arms/.gitignore:1:*","""gfx/coat_of_arms/textured_emblems/c_aquino.dds\r"""
"MPE","MPE","3726274827","gfx/coat_of_arms/.gitignore:1:*","""gfx/coat_of_arms/textured_emblems/c_arezzo.dds\r"""
"MPE","MPE","3726274827","gfx/coat_of_arms/.gitignore:1:*","""gfx/coat_of_arms/textured_emblems/c_armagnac.dds\r"""
"MPE","MPE","3726274827","gfx/coat_of_arms/.gitignore:1:*","""gfx/coat_of_arms/textured_emblems/c_arques.dds\r"""
"MPE","MPE","3726274827","gfx/coat_of_arms/.gitignore:1:*","""gfx/coat_of_arms/textured_emblems/c_artois.dds\r"""
"MPE","MPE","3726274827","gfx/coat_of_arms/.gitignore:1:*","""gfx/coat_of_arms/textured_emblems/c_augsburg.dds\r"""
"MPE","MPE","3726274827","gfx/coat_of_arms/.gitignore:1:*","""gfx/coat_of_arms/textured_emblems/c_aukshayts.dds\r"""
"MPE","MPE","3726274827","gfx/coat_of_arms/.gitignore:1:*","""gfx/coat_of_arms/textured_emblems/c_auvergne.dds\r"""
"MPE","MPE","3726274827","gfx/coat_of_arms/.gitignore:1:*","""gfx/coat_of_arms/textured_emblems/c_auxerre.dds\r"""
"MPE","MPE","3726274827","gfx/coat_of_arms/.gitignore:1:*","""gfx/coat_of_arms/textured_emblems/c_auxois.dds\r"""
"MPE","MPE","3726274827","gfx/coat_of_arms/.gitignore:1:*","""gfx/coat_of_arms/textured_emblems/c_avila.dds\r"""
"MPE","MPE","3726274827","gfx/coat_of_arms/.gitignore:1:*","""gfx/coat_of_arms/textured_emblems/c_avranches.dds\r"""
"MPE","MPE","3726274827","gfx/coat_of_arms/.gitignore:1:*","""gfx/coat_of_arms/textured_emblems/c_baden.dds\r"""
"MPE","MPE","3726274827","gfx/coat_of_arms/.gitignore:1:*","""gfx/coat_of_arms/textured_emblems/c_bamberg.dds\r"""
"MPE","MPE","3726274827","gfx/coat_of_arms/.gitignore:1:*","""gfx/coat_of_arms/textured_emblems/c_bar.dds\r"""
"MPE","MPE","3726274827","gfx/coat_of_arms/.gitignore:1:*","""gfx/coat_of_arms/textured_emblems/c_bari.dds\r"""
"MPE","MPE","3726274827","gfx/coat_of_arms/.gitignore:1:*","""gfx/coat_of_arms/textured_emblems/c_basel.dds\r"""
"MPE","MPE","3726274827","gfx/coat_of_arms/.gitignore:1:*","""gfx/coat_of_arms/textured_emblems/c_bayeux.dds\r"""
"MPE","MPE","3726274827","gfx/coat_of_arms/.gitignore:1:*","""gfx/coat_of_arms/textured_emblems/c_bedford.dds\r"""
"MPE","MPE","3726274827","gfx/coat_of_arms/.gitignore:1:*","""gfx/coat_of_arms/textured_emblems/c_belgard.dds\r"""
"MPE","MPE","3726274827","gfx/coat_of_arms/.gitignore:1:*","""gfx/coat_of_arms/textured_emblems/c_bentheim.dds\r"""
"MPE","MPE","3726274827","gfx/coat_of_arms/.gitignore:1:*","""gfx/coat_of_arms/textured_emblems/c_berg.dds\r"""
"MPE","MPE","3726274827","gfx/coat_of_arms/.gitignore:1:*","""gfx/coat_of_arms/textured_emblems/c_bergamo.dds\r"""
"MPE","MPE","3726274827","gfx/coat_of_arms/.gitignore:1:*","""gfx/coat_of_arms/textured_emblems/c_berks.dds\r"""
"MPE","MPE","3726274827","gfx/coat_of_arms/.gitignore:1:*","""gfx/coat_of_arms/textured_emblems/c_besancon.dds\r"""
"MPE","MPE","3726274827","gfx/coat_of_arms/.gitignore:1:*","""gfx/coat_of_arms/textured_emblems/c_bigorre.dds\r"""
"MPE","MPE","3726274827","gfx/coat_of_arms/.gitignore:1:*","""gfx/coat_of_arms/textured_emblems/c_blamont.dds\r"""
"MPE","MPE","3726274827","gfx/coat_of_arms/.gitignore:1:*","""gfx/coat_of_arms/textured_emblems/c_blankenburg.dds\r"""
"MPE","MPE","3726274827","gfx/coat_of_arms/.gitignore:1:*","""gfx/coat_of_arms/textured_emblems/c_bordeaux.dds\r"""
"MPE","MPE","3726274827","gfx/coat_of_arms/.gitignore:1:*","""gfx/coat_of_arms/textured_emblems/c_boulogne.dds\r"""
"MPE","MPE","3726274827","gfx/coat_of_arms/.gitignore:1:*","""gfx/coat_of_arms/textured_emblems/c_bourges.dds\r"""
"MPE","MPE","3726274827","gfx/coat_of_arms/.gitignore:1:*","""gfx/coat_of_arms/textured_emblems/c_brandenburg.dds\r"""
"MPE","MPE","3726274827","gfx/coat_of_arms/.gitignore:1:*","""gfx/coat_of_arms/textured_emblems/c_braunschweig.dds\r"""
"MPE","MPE","3726274827","gfx/coat_of_arms/.gitignore:1:*","""gfx/coat_of_arms/textured_emblems/c_breda.dds\r"""
"MPE","MPE","3726274827","gfx/coat_of_arms/.gitignore:1:*","""gfx/coat_of_arms/textured_emblems/c_breisgau.dds\r"""
"MPE","MPE","3726274827","gfx/coat_of_arms/.gitignore:1:*","""gfx/coat_of_arms/textured_emblems/c_bremen.dds\r"""
"MPE","MPE","3726274827","gfx/coat_of_arms/.gitignore:1:*","""gfx/coat_of_arms/textured_emblems/c_brescia.dds\r"""
"MPE","MPE","3726274827","gfx/coat_of_arms/.gitignore:1:*","""gfx/coat_of_arms/textured_emblems/c_bresse.dds\r"""
"MPE","MPE","3726274827","gfx/coat_of_arms/.gitignore:1:*","""gfx/coat_of_arms/textured_emblems/c_brie.dds\r"""
"MPE","MPE","3726274827","gfx/coat_of_arms/.gitignore:1:*","""gfx/coat_of_arms/textured_emblems/c_brussel.dds\r"""
"MPE","MPE","3726274827","gfx/coat_of_arms/.gitignore:1:*","""gfx/coat_of_arms/textured_emblems/c_bucks.dds\r"""
"MPE","MPE","3726274827","gfx/coat_of_arms/.gitignore:1:*","""gfx/coat_of_arms/textured_emblems/c_burgos.dds\r"""
"MPE","MPE","3726274827","gfx/coat_of_arms/.gitignore:1:*","""gfx/coat_of_arms/textured_emblems/c_caceres.dds\r"""
"MPE","MPE","3726274827","gfx/coat_of_arms/.gitignore:1:*","""gfx/coat_of_arms/textured_emblems/c_calatayud.dds\r"""
"MPE","MPE","3726274827","gfx/coat_of_arms/.gitignore:1:*","""gfx/coat_of_arms/textured_emblems/c_calatrava.dds\r"""
"MPE","MPE","3726274827","gfx/coat_of_arms/.gitignore:1:*","""gfx/coat_of_arms/textured_emblems/c_calw.dds\r"""
"MPE","MPE","3726274827","gfx/coat_of_arms/.gitignore:1:*","""gfx/coat_of_arms/textured_emblems/c_cambridge.dds\r"""
"MPE","MPE","3726274827","gfx/coat_of_arms/.gitignore:1:*","""gfx/coat_of_arms/textured_emblems/c_capua.dds\r"""
"MPE","MPE","3726274827","gfx/coat_of_arms/.gitignore:1:*","""gfx/coat_of_arms/textured_emblems/c_carcassonne.dds\r"""
"MPE","MPE","3726274827","gfx/coat_of_arms/.gitignore:1:*","""gfx/coat_of_arms/textured_emblems/c_carlades.dds\r"""
"MPE","MPE","3726274827","gfx/coat_of_arms/.gitignore:1:*","""gfx/coat_of_arms/textured_emblems/c_caspe.dds\r"""
"MPE","MPE","3726274827","gfx/coat_of_arms/.gitignore:1:*","""gfx/coat_of_arms/textured_emblems/c_castellon.dds\r"""
"MPE","MPE","3726274827","gfx/coat_of_arms/.gitignore:1:*","""gfx/coat_of_arms/textured_emblems/c_chablais.dds\r"""
"MPE","MPE","3726274827","gfx/coat_of_arms/.gitignore:1:*","""gfx/coat_of_arms/textured_emblems/c_chalons.dds\r"""
"MPE","MPE","3726274827","gfx/coat_of_arms/.gitignore:1:*","""gfx/coat_of_arms/textured_emblems/c_chartres.dds\r"""
"MPE","MPE","3726274827","gfx/coat_of_arms/.gitignore:1:*","""gfx/coat_of_arms/textured_emblems/c_chester.dds\r"""
"MPE","MPE","3726274827","gfx/coat_of_arms/.gitignore:1:*","""gfx/coat_of_arms/textured_emblems/c_chiny.dds\r"""
"MPE","MPE","3726274827","gfx/coat_of_arms/.gitignore:1:*","""gfx/coat_of_arms/textured_emblems/c_chur.dds\r"""
"MPE","MPE","3726274827","gfx/coat_of_arms/.gitignore:1:*","""gfx/coat_of_arms/textured_emblems/c_cieszyn.dds\r"""
"MPE","MPE","3726274827","gfx/coat_of_arms/.gitignore:1:*","""gfx/coat_of_arms/textured_emblems/c_clermont.dds\r"""
"MPE","MPE","3726274827","gfx/coat_of_arms/.gitignore:1:*","""gfx/coat_of_arms/textured_emblems/c_comminges.dds\r"""
"MPE","MPE","3726274827","gfx/coat_of_arms/.gitignore:1:*","""gfx/coat_of_arms/textured_emblems/c_consenza.dds\r"""
"MPE","MPE","3726274827","gfx/coat_of_arms/.gitignore:1:*","""gfx/coat_of_arms/textured_emblems/c_cornouaille.dds\r"""
"MPE","MPE","3726274827","gfx/coat_of_arms/.gitignore:1:*","""gfx/coat_of_arms/textured_emblems/c_cornwall.dds\r"""
"MPE","MPE","3726274827","gfx/coat_of_arms/.gitignore:1:*","""gfx/coat_of_arms/textured_emblems/c_coruna.dds\r"""
"MPE","MPE","3726274827","gfx/coat_of_arms/.gitignore:1:*","""gfx/coat_of_arms/textured_emblems/c_coustance.dds\r"""
"MPE","MPE","3726274827","gfx/coat_of_arms/.gitignore:1:*","""gfx/coat_of_arms/textured_emblems/c_cremona.dds\r"""
"MPE","MPE","3726274827","gfx/coat_of_arms/.gitignore:1:*","""gfx/coat_of_arms/textured_emblems/c_cumberland.dds\r"""
"MPE","MPE","3726274827","gfx/coat_of_arms/.gitignore:1:*","""gfx/coat_of_arms/textured_emblems/c_czersk.dds\r"""
"MPE","MPE","3726274827","gfx/coat_of_arms/.gitignore:1:*","""gfx/coat_of_arms/textured_emblems/c_dagsburg.dds\r"""
"MPE","MPE","3726274827","gfx/coat_of_arms/.gitignore:1:*","""gfx/coat_of_arms/textured_emblems/c_dannenberg.dds\r"""
"MPE","MPE","3726274827","gfx/coat_of_arms/.gitignore:1:*","""gfx/coat_of_arms/textured_emblems/c_danzig.dds\r"""
"MPE","MPE","3726274827","gfx/coat_of_arms/.gitignore:1:*","""gfx/coat_of_arms/textured_emblems/c_dauphine_viennois.dds\r"""
"MPE","MPE","3726274827","gfx/coat_of_arms/.gitignore:1:*","""gfx/coat_of_arms/textured_emblems/c_derby.dds\r"""
"MPE","MPE","3726274827","gfx/coat_of_arms/.gitignore:1:*","""gfx/coat_of_arms/textured_emblems/c_devon.dds\r"""
"MPE","MPE","3726274827","gfx/coat_of_arms/.gitignore:1:*","""gfx/coat_of_arms/textured_emblems/c_dijon.dds\r"""
"MPE","MPE","3726274827","gfx/coat_of_arms/.gitignore:1:*","""gfx/coat_of_arms/textured_emblems/c_dithmarschen.dds\r"""
"MPE","MPE","3726274827","gfx/coat_of_arms/.gitignore:1:*","""gfx/coat_of_arms/textured_emblems/c_dole.dds\r"""
"MPE","MPE","3726274827","gfx/coat_of_arms/.gitignore:1:*","""gfx/coat_of_arms/textured_emblems/c_dorset.dds\r"""
"MPE","MPE","3726274827","gfx/coat_of_arms/.gitignore:1:*","""gfx/coat_of_arms/textured_emblems/c_dreux.dds\r"""
"MPE","MPE","3726274827","gfx/coat_of_arms/.gitignore:1:*","""gfx/coat_of_arms/textured_emblems/c_durham.dds\r"""
"MPE","MPE","3726274827","gfx/coat_of_arms/.gitignore:1:*","""gfx/coat_of_arms/textured_emblems/c_durham.png\r"""
"MPE","MPE","3726274827","gfx/coat_of_arms/.gitignore:1:*","""gfx/coat_of_arms/textured_emblems/c_empuries.dds\r"""
"MPE","MPE","3726274827","gfx/coat_of_arms/.gitignore:1:*","""gfx/coat_of_arms/textured_emblems/c_essex.dds\r"""
"MPE","MPE","3726274827","gfx/coat_of_arms/.gitignore:1:*","""gfx/coat_of_arms/textured_emblems/c_este.dds\r"""
"MPE","MPE","3726274827","gfx/coat_of_arms/.gitignore:1:*","""gfx/coat_of_arms/textured_emblems/c_eu.dds\r"""
"MPE","MPE","3726274827","gfx/coat_of_arms/.gitignore:1:*","""gfx/coat_of_arms/textured_emblems/c_everstein.dds\r"""
"MPE","MPE","3726274827","gfx/coat_of_arms/.gitignore:1:*","""gfx/coat_of_arms/textured_emblems/c_evreux.dds\r"""
"MPE","MPE","3726274827","gfx/coat_of_arms/.gitignore:1:*","""gfx/coat_of_arms/textured_emblems/c_forcalquier.dds\r"""
"MPE","MPE","3726274827","gfx/coat_of_arms/.gitignore:1:*","""gfx/coat_of_arms/textured_emblems/c_forez.dds\r"""
"MPE","MPE","3726274827","gfx/coat_of_arms/.gitignore:1:*","""gfx/coat_of_arms/textured_emblems/c_french_leon.dds\r"""
"MPE","MPE","3726274827","gfx/coat_of_arms/.gitignore:1:*","""gfx/coat_of_arms/textured_emblems/c_frisia.dds\r"""
"MPE","MPE","3726274827","gfx/coat_of_arms/.gitignore:1:*","""gfx/coat_of_arms/textured_emblems/c_gavi.dds\r"""
"MPE","MPE","3726274827","gfx/coat_of_arms/.gitignore:1:*","""gfx/coat_of_arms/textured_emblems/c_gevaudan.dds\r"""
"MPE","MPE","3726274827","gfx/coat_of_arms/.gitignore:1:*","""gfx/coat_of_arms/textured_emblems/c_girona.dds\r"""
"MPE","MPE","3726274827","gfx/coat_of_arms/.gitignore:1:*","""gfx/coat_of_arms/textured_emblems/c_gloucester.dds\r"""
"MPE","MPE","3726274827","gfx/coat_of_arms/.gitignore:1:*","""gfx/coat_of_arms/textured_emblems/c_gottingen.dds\r"""
"MPE","MPE","3726274827","gfx/coat_of_arms/.gitignore:1:*","""gfx/coat_of_arms/textured_emblems/c_graisivaudan.dds\r"""
"MPE","MPE","3726274827","gfx/coat_of_arms/.gitignore:1:*","""gfx/coat_of_arms/textured_emblems/c_gravina.dds\r"""
"MPE","MPE","3726274827","gfx/coat_of_arms/.gitignore:1:*","""gfx/coat_of_arms/textured_emblems/c_gudensberg.dds\r"""
"MPE","MPE","3726274827","gfx/coat_of_arms/.gitignore:1:*","""gfx/coat_of_arms/textured_emblems/c_guines.dds\r"""
"MPE","MPE","3726274827","gfx/coat_of_arms/.gitignore:1:*","""gfx/coat_of_arms/textured_emblems/c_guipuzcoa.dds\r"""
"MPE","MPE","3726274827","gfx/coat_of_arms/.gitignore:1:*","""gfx/coat_of_arms/textured_emblems/c_gutzkow.dds\r"""
"MPE","MPE","3726274827","gfx/coat_of_arms/.gitignore:1:*","""gfx/coat_of_arms/textured_emblems/c_gwyr.dds\r"""
"MPE","MPE","3726274827","gfx/coat_of_arms/.gitignore:1:*","""gfx/coat_of_arms/textured_emblems/c_hainaut.dds\r"""
"MPE","MPE","3726274827","gfx/coat_of_arms/.gitignore:1:*","""gfx/coat_of_arms/textured_emblems/c_hamaland.dds\r"""
"MPE","MPE","3726274827","gfx/coat_of_arms/.gitignore:1:*","""gfx/coat_of_arms/textured_emblems/c_hamburg.dds\r"""
"MPE","MPE","3726274827","gfx/coat_of_arms/.gitignore:1:*","""gfx/coat_of_arms/textured_emblems/c_hanau.dds\r"""
"MPE","MPE","3726274827","gfx/coat_of_arms/.gitignore:1:*","""gfx/coat_of_arms/textured_emblems/c_helfenstein.dds\r"""
"MPE","MPE","3726274827","gfx/coat_of_arms/.gitignore:1:*","""gfx/coat_of_arms/textured_emblems/c_henneberg.dds\r"""
"MPE","MPE","3726274827","gfx/coat_of_arms/.gitignore:1:*","""gfx/coat_of_arms/textured_emblems/c_hereford.dds\r"""
"MPE","MPE","3726274827","gfx/coat_of_arms/.gitignore:1:*","""gfx/coat_of_arms/textured_emblems/c_hertford.dds\r"""
"MPE","MPE","3726274827","gfx/coat_of_arms/.gitignore:1:*","""gfx/coat_of_arms/textured_emblems/c_hirschberg.dds\r"""
"MPE","MPE","3726274827","gfx/coat_of_arms/.gitignore:1:*","""gfx/coat_of_arms/textured_emblems/c_hohenlohe.dds\r"""
"MPE","MPE","3726274827","gfx/coat_of_arms/.gitignore:1:*","""gfx/coat_of_arms/textured_emblems/c_holland.dds\r"""
"MPE","MPE","3726274827","gfx/coat_of_arms/.gitignore:1:*","""gfx/coat_of_arms/textured_emblems/c_hoya.dds\r"""
"MPE","MPE","3726274827","gfx/coat_of_arms/.gitignore:1:*","""gfx/coat_of_arms/textured_emblems/c_huesca.dds\r"""
"MPE","MPE","3726274827","gfx/coat_of_arms/.gitignore:1:*","""gfx/coat_of_arms/textured_emblems/c_huntingdon.dds\r"""
"MPE","MPE","3726274827","gfx/coat_of_arms/.gitignore:1:*","""gfx/coat_of_arms/textured_emblems/c_ile_de_france.dds\r"""
"MPE","MPE","3726274827","gfx/coat_of_arms/.gitignore:1:*","""gfx/coat_of_arms/textured_emblems/c_jersey.dds\r"""
"MPE","MPE","3726274827","gfx/coat_of_arms/.gitignore:1:*","""gfx/coat_of_arms/textured_emblems/c_julich.dds\r"""
"MPE","MPE","3726274827","gfx/coat_of_arms/.gitignore:1:*","""gfx/coat_of_arms/textured_emblems/c_katzenelnbogen.dds\r"""
"MPE","MPE","3726274827","gfx/coat_of_arms/.gitignore:1:*","""gfx/coat_of_arms/textured_emblems/c_kent.dds\r"""
"MPE","MPE","3726274827","gfx/coat_of_arms/.gitignore:1:*","""gfx/coat_of_arms/textured_emblems/c_kiel.dds\r"""
"MPE","MPE","3726274827","gfx/coat_of_arms/.gitignore:1:*","""gfx/coat_of_arms/textured_emblems/c_kiev.dds\r"""
"MPE","MPE","3726274827","gfx/coat_of_arms/.gitignore:1:*","""gfx/coat_of_arms/textured_emblems/c_kleve.dds\r"""
"MPE","MPE","3726274827","gfx/coat_of_arms/.gitignore:1:*","""gfx/coat_of_arms/textured_emblems/c_knin.dds\r"""
"MPE","MPE","3726274827","gfx/coat_of_arms/.gitignore:1:*","""gfx/coat_of_arms/textured_emblems/c_kraiburg.dds\r"""
"MPE","MPE","3726274827","gfx/coat_of_arms/.gitignore:1:*","""gfx/coat_of_arms/textured_emblems/c_krain.dds\r"""
"MPE","MPE","3726274827","gfx/coat_of_arms/.gitignore:1:*","""gfx/coat_of_arms/textured_emblems/c_la_mancha.dds\r"""
"MPE","MPE","3726274827","gfx/coat_of_arms/.gitignore:1:*","""gfx/coat_of_arms/textured_emblems/c_la_marche.dds\r"""
"MPE","MPE","3726274827","gfx/coat_of_arms/.gitignore:1:*","""gfx/coat_of_arms/textured_emblems/c_labourd.dds\r"""
"MPE","MPE","3726274827","gfx/coat_of_arms/.gitignore:1:*","""gfx/coat_of_arms/textured_emblems/c_lancaster.dds\r"""
"MPE","MPE","3726274827","gfx/coat_of_arms/.gitignore:1:*","""gfx/coat_of_arms/textured_emblems/c_langres.dds\r"""
"MPE","MPE","3726274827","gfx/coat_of_arms/.gitignore:1:*","""gfx/coat_of_arms/textured_emblems/c_laroche.dds\r"""
"MPE","MPE","3726274827","gfx/coat_of_arms/.gitignore:1:*","""gfx/coat_of_arms/textured_emblems/c_lecce.dds\r"""
"MPE","MPE","3726274827","gfx/coat_of_arms/.gitignore:1:*","""gfx/coat_of_arms/textured_emblems/c_legnica.dds\r"""
"MPE","MPE","3726274827","gfx/coat_of_arms/.gitignore:1:*","""gfx/coat_of_arms/textured_emblems/c_leicester.dds\r"""
"MPE","MPE","3726274827","gfx/coat_of_arms/.gitignore:1:*","""gfx/coat_of_arms/textured_emblems/c_leiningen.dds\r"""
"MPE","MPE","3726274827","gfx/coat_of_arms/.gitignore:1:*","""gfx/coat_of_arms/textured_emblems/c_lemos.dds\r"""
"MPE","MPE","3726274827","gfx/coat_of_arms/.gitignore:1:*","""gfx/coat_of_arms/textured_emblems/c_lida.dds\r"""
"MPE","MPE","3726274827","gfx/coat_of_arms/.gitignore:1:*","""gfx/coat_of_arms/textured_emblems/c_liege.dds\r"""
"MPE","MPE","3726274827","gfx/coat_of_arms/.gitignore:1:*","""gfx/coat_of_arms/textured_emblems/c_lille.dds\r"""
"MPE","MPE","3726274827","gfx/coat_of_arms/.gitignore:1:*","""gfx/coat_of_arms/textured_emblems/c_limburg.dds\r"""
"MPE","MPE","3726274827","gfx/coat_of_arms/.gitignore:1:*","""gfx/coat_of_arms/textured_emblems/c_limousin.dds\r"""
"MPE","MPE","3726274827","gfx/coat_of_arms/.gitignore:1:*","""gfx/coat_of_arms/textured_emblems/c_lincoln.dds\r"""
"MPE","MPE","3726274827","gfx/coat_of_arms/.gitignore:1:*","""gfx/coat_of_arms/textured_emblems/c_lippe.dds\r"""
"MPE","MPE","3726274827","gfx/coat_of_arms/.gitignore:1:*","""gfx/coat_of_arms/textured_emblems/c_lleida.dds\r"""
"MPE","MPE","3726274827","gfx/coat_of_arms/.gitignore:1:*","""gfx/coat_of_arms/textured_emblems/c_logrono.dds\r"""
"MPE","MPE","3726274827","gfx/coat_of_arms/.gitignore:1:*","""gfx/coat_of_arms/textured_emblems/c_lombardia.dds\r"""
"MPE","MPE","3726274827","gfx/coat_of_arms/.gitignore:1:*","""gfx/coat_of_arms/textured_emblems/c_loon.dds\r"""
"MPE","MPE","3726274827","gfx/coat_of_arms/.gitignore:1:*","""gfx/coat_of_arms/textured_emblems/c_lubeck.dds\r"""
"MPE","MPE","3726274827","gfx/coat_of_arms/.gitignore:1:*","""gfx/coat_of_arms/textured_emblems/c_lugo.dds\r"""
"MPE","MPE","3726274827","gfx/coat_of_arms/.gitignore:1:*","""gfx/coat_of_arms/textured_emblems/c_luneburg.dds\r"""
"MPE","MPE","3726274827","gfx/coat_of_arms/.gitignore:1:*","""gfx/coat_of_arms/textured_emblems/c_lyon.dds\r"""
"MPE","MPE","3726274827","gfx/coat_of_arms/.gitignore:1:*","""gfx/coat_of_arms/textured_emblems/c_macon.dds\r"""
"MPE","MPE","3726274827","gfx/coat_of_arms/.gitignore:1:*","""gfx/coat_of_arms/textured_emblems/c_maine.dds\r"""
"MPE","MPE","3726274827","gfx/coat_of_arms/.gitignore:1:*","""gfx/coat_of_arms/textured_emblems/c_marsan.dds\r"""
"MPE","MPE","3726274827","gfx/coat_of_arms/.gitignore:1:*","""gfx/coat_of_arms/textured_emblems/c_marsico.dds\r"""
"MPE","MPE","3726274827","gfx/coat_of_arms/.gitignore:1:*","""gfx/coat_of_arms/textured_emblems/c_meissen.dds\r"""
"MPE","MPE","3726274827","gfx/coat_of_arms/.gitignore:1:*","""gfx/coat_of_arms/textured_emblems/c_messina.dds\r"""
"MPE","MPE","3726274827","gfx/coat_of_arms/.gitignore:1:*","""gfx/coat_of_arms/textured_emblems/c_metz.dds\r"""
"MPE","MPE","3726274827","gfx/coat_of_arms/.gitignore:1:*","""gfx/coat_of_arms/textured_emblems/c_middlesex.dds\r"""
"MPE","MPE","3726274827","gfx/coat_of_arms/.gitignore:1:*","""gfx/coat_of_arms/textured_emblems/c_milau.dds\r"""
"MPE","MPE","3726274827","gfx/coat_of_arms/.gitignore:1:*","""gfx/coat_of_arms/textured_emblems/c_modena.dds\r"""
"MPE","MPE","3726274827","gfx/coat_of_arms/.gitignore:1:*","""gfx/coat_of_arms/textured_emblems/c_montbeliard.dds\r"""
"MPE","MPE","3726274827","gfx/coat_of_arms/.gitignore:1:*","""gfx/coat_of_arms/textured_emblems/c_montfort.dds\r"""
"MPE","MPE","3726274827","gfx/coat_of_arms/.gitignore:1:*","""gfx/coat_of_arms/textured_emblems/c_mortain.dds\r"""
"MPE","MPE","3726274827","gfx/coat_of_arms/.gitignore:1:*","""gfx/coat_of_arms/textured_emblems/c_moskva.dds\r"""
"MPE","MPE","3726274827","gfx/coat_of_arms/.gitignore:1:*","""gfx/coat_of_arms/textured_emblems/c_murcia.dds\r"""
"MPE","MPE","3726274827","gfx/coat_of_arms/.gitignore:1:*","""gfx/coat_of_arms/textured_emblems/c_najera.dds\r"""
"MPE","MPE","3726274827","gfx/coat_of_arms/.gitignore:1:*","""gfx/coat_of_arms/textured_emblems/c_namur.dds\r"""
"MPE","MPE","3726274827","gfx/coat_of_arms/.gitignore:1:*","""gfx/coat_of_arms/textured_emblems/c_nantes.dds\r"""
"MPE","MPE","3726274827","gfx/coat_of_arms/.gitignore:1:*","""gfx/coat_of_arms/textured_emblems/c_narbonne.dds\r"""
"MPE","MPE","3726274827","gfx/coat_of_arms/.gitignore:1:*","""gfx/coat_of_arms/textured_emblems/c_nassau.dds\r"""
"MPE","MPE","3726274827","gfx/coat_of_arms/.gitignore:1:*","""gfx/coat_of_arms/textured_emblems/c_nellenburg.dds\r"""
"MPE","MPE","3726274827","gfx/coat_of_arms/.gitignore:1:*","""gfx/coat_of_arms/textured_emblems/c_neuchatel.dds\r"""
"MPE","MPE","3726274827","gfx/coat_of_arms/.gitignore:1:*","""gfx/coat_of_arms/textured_emblems/c_nevers.dds\r"""
"MPE","MPE","3726274827","gfx/coat_of_arms/.gitignore:1:*","""gfx/coat_of_arms/textured_emblems/c_nordgau.dds\r"""
"MPE","MPE","3726274827","gfx/coat_of_arms/.gitignore:1:*","""gfx/coat_of_arms/textured_emblems/c_norfolk.dds\r"""
"MPE","MPE","3726274827","gfx/coat_of_arms/.gitignore:1:*","""gfx/coat_of_arms/textured_emblems/c_northampton.dds\r"""
"MPE","MPE","3726274827","gfx/coat_of_arms/.gitignore:1:*","""gfx/coat_of_arms/textured_emblems/c_northumberland.dds\r"""
"MPE","MPE","3726274827","gfx/coat_of_arms/.gitignore:1:*","""gfx/coat_of_arms/textured_emblems/c_nottingham.dds\r"""
"MPE","MPE","3726274827","gfx/coat_of_arms/.gitignore:1:*","""gfx/coat_of_arms/textured_emblems/c_oldenburg.dds\r"""
"MPE","MPE","3726274827","gfx/coat_of_arms/.gitignore:1:*","""gfx/coat_of_arms/textured_emblems/c_opole.dds\r"""
"MPE","MPE","3726274827","gfx/coat_of_arms/.gitignore:1:*","""gfx/coat_of_arms/textured_emblems/c_orbetello.dds\r"""
"MPE","MPE","3726274827","gfx/coat_of_arms/.gitignore:1:*","""gfx/coat_of_arms/textured_emblems/c_orleans.dds\r"""
"MPE","MPE","3726274827","gfx/coat_of_arms/.gitignore:1:*","""gfx/coat_of_arms/textured_emblems/c_orvieto.dds\r"""
"MPE","MPE","3726274827","gfx/coat_of_arms/.gitignore:1:*","""gfx/coat_of_arms/textured_emblems/c_osnabruck.dds\r"""
"MPE","MPE","3726274827","gfx/coat_of_arms/.gitignore:1:*","""gfx/coat_of_arms/textured_emblems/c_ostfriesland.dds\r"""
"MPE","MPE","3726274827","gfx/coat_of_arms/.gitignore:1:*","""gfx/coat_of_arms/textured_emblems/c_oversticht.dds\r"""
"MPE","MPE","3726274827","gfx/coat_of_arms/.gitignore:1:*","""gfx/coat_of_arms/textured_emblems/c_palermo.dds\r"""
"MPE","MPE","3726274827","gfx/coat_of_arms/.gitignore:1:*","""gfx/coat_of_arms/textured_emblems/c_pallars.dds\r"""
"MPE","MPE","3726274827","gfx/coat_of_arms/.gitignore:1:*","""gfx/coat_of_arms/textured_emblems/c_parma.dds\r"""
"MPE","MPE","3726274827","gfx/coat_of_arms/.gitignore:1:*","""gfx/coat_of_arms/textured_emblems/c_passau.dds\r"""
"MPE","MPE","3726274827","gfx/coat_of_arms/.gitignore:1:*","""gfx/coat_of_arms/textured_emblems/c_penthievre.dds\r"""
"MPE","MPE","3726274827","gfx/coat_of_arms/.gitignore:1:*","""gfx/coat_of_arms/textured_emblems/c_perigord.dds\r"""
"MPE","MPE","3726274827","gfx/coat_of_arms/.gitignore:1:*","""gfx/coat_of_arms/textured_emblems/c_pfalz.dds\r"""
"MPE","MPE","3726274827","gfx/coat_of_arms/.gitignore:1:*","""gfx/coat_of_arms/textured_emblems/c_piacenza.dds\r"""
"MPE","MPE","3726274827","gfx/coat_of_arms/.gitignore:1:*","""gfx/coat_of_arms/textured_emblems/c_pitten.dds\r"""
"MPE","MPE","3726274827","gfx/coat_of_arms/.gitignore:1:*","""gfx/coat_of_arms/textured_emblems/c_plauen.dds\r"""
"MPE","MPE","3726274827","gfx/coat_of_arms/.gitignore:1:*","""gfx/coat_of_arms/textured_emblems/c_podlasie.dds\r"""
"MPE","MPE","3726274827","gfx/coat_of_arms/.gitignore:1:*","""gfx/coat_of_arms/textured_emblems/c_poitiers.dds\r"""
"MPE","MPE","3726274827","gfx/coat_of_arms/.gitignore:1:*","""gfx/coat_of_arms/textured_emblems/c_pombia.dds\r"""
"MPE","MPE","3726274827","gfx/coat_of_arms/.gitignore:1:*","""gfx/coat_of_arms/textured_emblems/c_ponthieu.dds\r"""
"MPE","MPE","3726274827","gfx/coat_of_arms/.gitignore:1:*","""gfx/coat_of_arms/textured_emblems/c_porhoet.dds\r"""
"MPE","MPE","3726274827","gfx/coat_of_arms/.gitignore:1:*","""gfx/coat_of_arms/textured_emblems/c_poznanskie.dds\r"""
"MPE","MPE","3726274827","gfx/coat_of_arms/.gitignore:1:*","""gfx/coat_of_arms/textured_emblems/c_prato.dds\r"""
"MPE","MPE","3726274827","gfx/coat_of_arms/.gitignore:1:*","""gfx/coat_of_arms/textured_emblems/c_prignitz.dds\r"""
"MPE","MPE","3726274827","gfx/coat_of_arms/.gitignore:1:*","""gfx/coat_of_arms/textured_emblems/c_quercy.dds\r"""
"MPE","MPE","3726274827","gfx/coat_of_arms/.gitignore:1:*","""gfx/coat_of_arms/textured_emblems/c_ragusa.dds\r"""
"MPE","MPE","3726274827","gfx/coat_of_arms/.gitignore:1:*","""gfx/coat_of_arms/textured_emblems/c_ratzeburg.dds\r"""
"MPE","MPE","3726274827","gfx/coat_of_arms/.gitignore:1:*","""gfx/coat_of_arms/textured_emblems/c_ravenna.dds\r"""
"MPE","MPE","3726274827","gfx/coat_of_arms/.gitignore:1:*","""gfx/coat_of_arms/textured_emblems/c_reims.dds\r"""
"MPE","MPE","3726274827","gfx/coat_of_arms/.gitignore:1:*","""gfx/coat_of_arms/textured_emblems/c_rennes.dds\r"""
"MPE","MPE","3726274827","gfx/coat_of_arms/.gitignore:1:*","""gfx/coat_of_arms/textured_emblems/c_rethel.dds\r"""
"MPE","MPE","3726274827","gfx/coat_of_arms/.gitignore:1:*","""gfx/coat_of_arms/textured_emblems/c_ribagorza.dds\r"""
"MPE","MPE","3726274827","gfx/coat_of_arms/.gitignore:1:*","""gfx/coat_of_arms/textured_emblems/c_richmond.dds\r"""
"MPE","MPE","3726274827","gfx/coat_of_arms/.gitignore:1:*","""gfx/coat_of_arms/textured_emblems/c_rosello.dds\r"""
"MPE","MPE","3726274827","gfx/coat_of_arms/.gitignore:1:*","""gfx/coat_of_arms/textured_emblems/c_rostock.dds\r"""
"MPE","MPE","3726274827","gfx/coat_of_arms/.gitignore:1:*","""gfx/coat_of_arms/textured_emblems/c_rouergue.dds\r"""
"MPE","MPE","3726274827","gfx/coat_of_arms/.gitignore:1:*","""gfx/coat_of_arms/textured_emblems/c_rugen.dds\r"""
"MPE","MPE","3726274827","gfx/coat_of_arms/.gitignore:1:*","""gfx/coat_of_arms/textured_emblems/c_rutland.dds\r"""
"MPE","MPE","3726274827","gfx/coat_of_arms/.gitignore:1:*","""gfx/coat_of_arms/textured_emblems/c_saarbrucken.dds\r"""
"MPE","MPE","3726274827","gfx/coat_of_arms/.gitignore:1:*","""gfx/coat_of_arms/textured_emblems/c_sabina.dds\r"""
"MPE","MPE","3726274827","gfx/coat_of_arms/.gitignore:1:*","""gfx/coat_of_arms/textured_emblems/c_saintpol.dds\r"""
"MPE","MPE","3726274827","gfx/coat_of_arms/.gitignore:1:*","""gfx/coat_of_arms/textured_emblems/c_salamanca.dds\r"""
"MPE","MPE","3726274827","gfx/coat_of_arms/.gitignore:1:*","""gfx/coat_of_arms/textured_emblems/c_salm.dds\r"""
"MPE","MPE","3726274827","gfx/coat_of_arms/.gitignore:1:*","""gfx/coat_of_arms/textured_emblems/c_salzburg.dds\r"""
"MPE","MPE","3726274827","gfx/coat_of_arms/.gitignore:1:*","""gfx/coat_of_arms/textured_emblems/c_sancerre.dds\r"""
"MPE","MPE","3726274827","gfx/coat_of_arms/.gitignore:1:*","""gfx/coat_of_arms/textured_emblems/c_santiago.dds\r"""
"MPE","MPE","3726274827","gfx/coat_of_arms/.gitignore:1:*","""gfx/coat_of_arms/textured_emblems/c_sayn.dds\r"""
"MPE","MPE","3726274827","gfx/coat_of_arms/.gitignore:1:*","""gfx/coat_of_arms/textured_emblems/c_schaumburg.dds\r"""
"MPE","MPE","3726274827","gfx/coat_of_arms/.gitignore:1:*","""gfx/coat_of_arms/textured_emblems/c_schwarzburg.dds\r"""
"MPE","MPE","3726274827","gfx/coat_of_arms/.gitignore:1:*","""gfx/coat_of_arms/textured_emblems/c_schwerin.dds\r"""
"MPE","MPE","3726274827","gfx/coat_of_arms/.gitignore:1:*","""gfx/coat_of_arms/textured_emblems/c_schwyz.dds\r"""
"MPE","MPE","3726274827","gfx/coat_of_arms/.gitignore:1:*","""gfx/coat_of_arms/textured_emblems/c_segovia.dds\r"""
"MPE","MPE","3726274827","gfx/coat_of_arms/.gitignore:1:*","""gfx/coat_of_arms/textured_emblems/c_seleukeia.dds\r"""
"MPE","MPE","3726274827","gfx/coat_of_arms/.gitignore:1:*","""gfx/coat_of_arms/textured_emblems/c_sens.dds\r"""
"MPE","MPE","3726274827","gfx/coat_of_arms/.gitignore:1:*","""gfx/coat_of_arms/textured_emblems/c_seprio.dds\r"""
"MPE","MPE","3726274827","gfx/coat_of_arms/.gitignore:1:*","""gfx/coat_of_arms/textured_emblems/c_shrewsbury.dds\r"""
"MPE","MPE","3726274827","gfx/coat_of_arms/.gitignore:1:*","""gfx/coat_of_arms/textured_emblems/c_siracusa.dds\r"""
"MPE","MPE","3726274827","gfx/coat_of_arms/.gitignore:1:*","""gfx/coat_of_arms/textured_emblems/c_slupsk.dds\r"""
"MPE","MPE","3726274827","gfx/coat_of_arms/.gitignore:1:*","""gfx/coat_of_arms/textured_emblems/c_smolensk.dds\r"""
"MPE","MPE","3726274827","gfx/coat_of_arms/.gitignore:1:*","""gfx/coat_of_arms/textured_emblems/c_sobrarbe.dds\r"""
"MPE","MPE","3726274827","gfx/coat_of_arms/.gitignore:1:*","""gfx/coat_of_arms/textured_emblems/c_somerset.dds\r"""
"MPE","MPE","3726274827","gfx/coat_of_arms/.gitignore:1:*","""gfx/coat_of_arms/textured_emblems/c_soria.dds\r"""
"MPE","MPE","3726274827","gfx/coat_of_arms/.gitignore:1:*","""gfx/coat_of_arms/textured_emblems/c_southern_sjaelland.dds\r"""
"MPE","MPE","3726274827","gfx/coat_of_arms/.gitignore:1:*","""gfx/coat_of_arms/textured_emblems/c_southvexin.dds\r"""
"MPE","MPE","3726274827","gfx/coat_of_arms/.gitignore:1:*","""gfx/coat_of_arms/textured_emblems/c_spoleto.dds\r"""
"MPE","MPE","3726274827","gfx/coat_of_arms/.gitignore:1:*","""gfx/coat_of_arms/textured_emblems/c_sponheim.dds\r"""
"MPE","MPE","3726274827","gfx/coat_of_arms/.gitignore:1:*","""gfx/coat_of_arms/textured_emblems/c_stade.dds\r"""
"MPE","MPE","3726274827","gfx/coat_of_arms/.gitignore:1:*","""gfx/coat_of_arms/textured_emblems/c_staufen.dds\r"""
"MPE","MPE","3726274827","gfx/coat_of_arms/.gitignore:1:*","""gfx/coat_of_arms/textured_emblems/c_stettin.dds\r"""
"MPE","MPE","3726274827","gfx/coat_of_arms/.gitignore:1:*","""gfx/coat_of_arms/textured_emblems/c_sulzbach.dds\r"""
"MPE","MPE","3726274827","gfx/coat_of_arms/.gitignore:1:*","""gfx/coat_of_arms/textured_emblems/c_sundgau.dds\r"""
"MPE","MPE","3726274827","gfx/coat_of_arms/.gitignore:1:*","""gfx/coat_of_arms/textured_emblems/c_susa.dds\r"""
"MPE","MPE","3726274827","gfx/coat_of_arms/.gitignore:1:*","""gfx/coat_of_arms/textured_emblems/c_sussex.dds\r"""
"MPE","MPE","3726274827","gfx/coat_of_arms/.gitignore:1:*","""gfx/coat_of_arms/textured_emblems/c_taranto.dds\r"""
"MPE","MPE","3726274827","gfx/coat_of_arms/.gitignore:1:*","""gfx/coat_of_arms/textured_emblems/c_teck.dds\r"""
"MPE","MPE","3726274827","gfx/coat_of_arms/.gitignore:1:*","""gfx/coat_of_arms/textured_emblems/c_tecklenburg.dds\r"""
"MPE","MPE","3726274827","gfx/coat_of_arms/.gitignore:1:*","""gfx/coat_of_arms/textured_emblems/c_thurgau.dds\r"""
"MPE","MPE","3726274827","gfx/coat_of_arms/.gitignore:1:*","""gfx/coat_of_arms/textured_emblems/c_thuringen.dds\r"""
"MPE","MPE","3726274827","gfx/coat_of_arms/.gitignore:1:*","""gfx/coat_of_arms/textured_emblems/c_tirol.dds\r"""
"MPE","MPE","3726274827","gfx/coat_of_arms/.gitignore:1:*","""gfx/coat_of_arms/textured_emblems/c_toledo.dds\r"""
"MPE","MPE","3726274827","gfx/coat_of_arms/.gitignore:1:*","""gfx/coat_of_arms/textured_emblems/c_toulouse.dds\r"""
"MPE","MPE","3726274827","gfx/coat_of_arms/.gitignore:1:*","""gfx/coat_of_arms/textured_emblems/c_tourraine.dds\r"""
"MPE","MPE","3726274827","gfx/coat_of_arms/.gitignore:1:*","""gfx/coat_of_arms/textured_emblems/c_trakai.dds\r"""
"MPE","MPE","3726274827","gfx/coat_of_arms/.gitignore:1:*","""gfx/coat_of_arms/textured_emblems/c_trencin.dds\r"""
"MPE","MPE","3726274827","gfx/coat_of_arms/.gitignore:1:*","""gfx/coat_of_arms/textured_emblems/c_troyes.dds\r"""
"MPE","MPE","3726274827","gfx/coat_of_arms/.gitignore:1:*","""gfx/coat_of_arms/textured_emblems/c_tudela.dds\r"""
"MPE","MPE","3726274827","gfx/coat_of_arms/.gitignore:1:*","""gfx/coat_of_arms/textured_emblems/c_valassina.dds\r"""
"MPE","MPE","3726274827","gfx/coat_of_arms/.gitignore:1:*","""gfx/coat_of_arms/textured_emblems/c_valencia.dds\r"""
"MPE","MPE","3726274827","gfx/coat_of_arms/.gitignore:1:*","""gfx/coat_of_arms/textured_emblems/c_valenciennes.dds\r"""
"MPE","MPE","3726274827","gfx/coat_of_arms/.gitignore:1:*","""gfx/coat_of_arms/textured_emblems/c_valois.dds\r"""
"MPE","MPE","3726274827","gfx/coat_of_arms/.gitignore:1:*","""gfx/coat_of_arms/textured_emblems/c_vannes.dds\r"""
"MPE","MPE","3726274827","gfx/coat_of_arms/.gitignore:1:*","""gfx/coat_of_arms/textured_emblems/c_vaud.dds\r"""
"MPE","MPE","3726274827","gfx/coat_of_arms/.gitignore:1:*","""gfx/coat_of_arms/textured_emblems/c_vaudemont.dds\r"""
"MPE","MPE","3726274827","gfx/coat_of_arms/.gitignore:1:*","""gfx/coat_of_arms/textured_emblems/c_vendome.dds\r"""
"MPE","MPE","3726274827","gfx/coat_of_arms/.gitignore:1:*","""gfx/coat_of_arms/textured_emblems/c_ventadour.dds\r"""
"MPE","MPE","3726274827","gfx/coat_of_arms/.gitignore:1:*","""gfx/coat_of_arms/textured_emblems/c_verona.dds\r"""
"MPE","MPE","3726274827","gfx/coat_of_arms/.gitignore:1:*","""gfx/coat_of_arms/textured_emblems/c_vertus.dds\r"""
"MPE","MPE","3726274827","gfx/coat_of_arms/.gitignore:1:*","""gfx/coat_of_arms/textured_emblems/c_vesoul.dds\r"""
"MPE","MPE","3726274827","gfx/coat_of_arms/.gitignore:1:*","""gfx/coat_of_arms/textured_emblems/c_vexin.dds\r"""
"MPE","MPE","3726274827","gfx/coat_of_arms/.gitignore:1:*","""gfx/coat_of_arms/textured_emblems/c_vianden.dds\r"""
"MPE","MPE","3726274827","gfx/coat_of_arms/.gitignore:1:*","""gfx/coat_of_arms/textured_emblems/c_vicenza.dds\r"""
"MPE","MPE","3726274827","gfx/coat_of_arms/.gitignore:1:*","""gfx/coat_of_arms/textured_emblems/c_viscaya.dds\r"""
"MPE","MPE","3726274827","gfx/coat_of_arms/.gitignore:1:*","""gfx/coat_of_arms/textured_emblems/c_viviers.dds\r"""
"MPE","MPE","3726274827","gfx/coat_of_arms/.gitignore:1:*","""gfx/coat_of_arms/textured_emblems/c_waldburg.dds\r"""
"MPE","MPE","3726274827","gfx/coat_of_arms/.gitignore:1:*","""gfx/coat_of_arms/textured_emblems/c_warwick.dds\r"""
"MPE","MPE","3726274827","gfx/coat_of_arms/.gitignore:1:*","""gfx/coat_of_arms/textured_emblems/c_wertheim.dds\r"""
"MPE","MPE","3726274827","gfx/coat_of_arms/.gitignore:1:*","""gfx/coat_of_arms/textured_emblems/c_westfriesland.dds\r"""
"MPE","MPE","3726274827","gfx/coat_of_arms/.gitignore:1:*","""gfx/coat_of_arms/textured_emblems/c_westmorland.dds\r"""
"MPE","MPE","3726274827","gfx/coat_of_arms/.gitignore:1:*","""gfx/coat_of_arms/textured_emblems/c_wittenberg.dds\r"""
"MPE","MPE","3726274827","gfx/coat_of_arms/.gitignore:1:*","""gfx/coat_of_arms/textured_emblems/c_wolgast.dds\r"""
"MPE","MPE","3726274827","gfx/coat_of_arms/.gitignore:1:*","""gfx/coat_of_arms/textured_emblems/c_worcester.dds\r"""
"MPE","MPE","3726274827","gfx/coat_of_arms/.gitignore:1:*","""gfx/coat_of_arms/textured_emblems/c_wroclaw.dds\r"""
"MPE","MPE","3726274827","gfx/coat_of_arms/.gitignore:1:*","""gfx/coat_of_arms/textured_emblems/c_wurttemberg.dds\r"""
"MPE","MPE","3726274827","gfx/coat_of_arms/.gitignore:1:*","""gfx/coat_of_arms/textured_emblems/c_wurzburg.dds\r"""
"MPE","MPE","3726274827","gfx/coat_of_arms/.gitignore:1:*","""gfx/coat_of_arms/textured_emblems/c_york_moors.dds\r"""
"MPE","MPE","3726274827","gfx/coat_of_arms/.gitignore:1:*","""gfx/coat_of_arms/textured_emblems/c_york_wolds.dds\r"""
"MPE","MPE","3726274827","gfx/coat_of_arms/.gitignore:1:*","""gfx/coat_of_arms/textured_emblems/c_york.dds\r"""
"MPE","MPE","3726274827","gfx/coat_of_arms/.gitignore:1:*","""gfx/coat_of_arms/textured_emblems/c_yperen.dds\r"""
"MPE","MPE","3726274827","gfx/coat_of_arms/.gitignore:1:*","""gfx/coat_of_arms/textured_emblems/c_zaragoza.dds\r"""
"MPE","MPE","3726274827","gfx/coat_of_arms/.gitignore:1:*","""gfx/coat_of_arms/textured_emblems/c_zeeland.dds\r"""
"MPE","MPE","3726274827","gfx/coat_of_arms/.gitignore:1:*","""gfx/coat_of_arms/textured_emblems/c_ziegenhain.dds\r"""
"MPE","MPE","3726274827","gfx/coat_of_arms/.gitignore:1:*","""gfx/coat_of_arms/textured_emblems/c_zweibrucken.dds\r"""
"MPE","MPE","3726274827","gfx/coat_of_arms/.gitignore:1:*","""gfx/coat_of_arms/textured_emblems/canossa.dds\r"""
"MPE","MPE","3726274827","gfx/coat_of_arms/.gitignore:1:*","""gfx/coat_of_arms/textured_emblems/capet.dds\r"""
"MPE","MPE","3726274827","gfx/coat_of_arms/.gitignore:1:*","""gfx/coat_of_arms/textured_emblems/capetanjou.dds\r"""
"MPE","MPE","3726274827","gfx/coat_of_arms/.gitignore:1:*","""gfx/coat_of_arms/textured_emblems/castilleivre.dds\r"""
"MPE","MPE","3726274827","gfx/coat_of_arms/.gitignore:1:*","""gfx/coat_of_arms/textured_emblems/castilleivre.png\r"""
"MPE","MPE","3726274827","gfx/coat_of_arms/.gitignore:1:*","""gfx/coat_of_arms/textured_emblems/castro.dds\r"""
"MPE","MPE","3726274827","gfx/coat_of_arms/.gitignore:1:*","""gfx/coat_of_arms/textured_emblems/cat_altdorf_texture.dds\r"""
"MPE","MPE","3726274827","gfx/coat_of_arms/.gitignore:1:*","""gfx/coat_of_arms/textured_emblems/cat_benin_cornucopia_texture.dds\r"""
"MPE","MPE","3726274827","gfx/coat_of_arms/.gitignore:1:*","""gfx/coat_of_arms/textured_emblems/cat_benin_cornucopia2_texture.dds\r"""
"MPE","MPE","3726274827","gfx/coat_of_arms/.gitignore:1:*","""gfx/coat_of_arms/textured_emblems/cat_bjarmaland_angel_texture15.dds\r"""
"MPE","MPE","3726274827","gfx/coat_of_arms/.gitignore:1:*","""gfx/coat_of_arms/textured_emblems/cat_formosa_tiger_texture.dds\r"""
"MPE","MPE","3726274827","gfx/coat_of_arms/.gitignore:1:*","""gfx/coat_of_arms/textured_emblems/cat_formosa_tiger_texture15.dds\r"""
"MPE","MPE","3726274827","gfx/coat_of_arms/.gitignore:1:*","""gfx/coat_of_arms/textured_emblems/cat_friesland_man_texture30.dds\r"""
"MPE","MPE","3726274827","gfx/coat_of_arms/.gitignore:1:*","""gfx/coat_of_arms/textured_emblems/cat_george_moscow_texture20.dds\r"""
"MPE","MPE","3726274827","gfx/coat_of_arms/.gitignore:1:*","""gfx/coat_of_arms/textured_emblems/cat_george_texture10.dds\r"""
"MPE","MPE","3726274827","gfx/coat_of_arms/.gitignore:1:*","""gfx/coat_of_arms/textured_emblems/cat_george_texture15.dds\r"""
"MPE","MPE","3726274827","gfx/coat_of_arms/.gitignore:1:*","""gfx/coat_of_arms/textured_emblems/cat_habsburg_double_headed_eagle_texture_wappen.dds\r"""
"MPE","MPE","3726274827","gfx/coat_of_arms/.gitignore:1:*","""gfx/coat_of_arms/textured_emblems/cat_habsburg_double_headed_eagle_texture_wappen20.dds\r"""
"MPE","MPE","3726274827","gfx/coat_of_arms/.gitignore:1:*","""gfx/coat_of_arms/textured_emblems/cat_kiani_iran_persia_crown1_texture.dds\r"""
"MPE","MPE","3726274827","gfx/coat_of_arms/.gitignore:1:*","""gfx/coat_of_arms/textured_emblems/cat_kiani_iran_persia_crown2_texture.dds\r"""
"MPE","MPE","3726274827","gfx/coat_of_arms/.gitignore:1:*","""gfx/coat_of_arms/textured_emblems/cat_lithuanian_knight_texture20.dds\r"""
"MPE","MPE","3726274827","gfx/coat_of_arms/.gitignore:1:*","""gfx/coat_of_arms/textured_emblems/cat_pahlavi_iran_persia_crown_texture.dds\r"""
"MPE","MPE","3726274827","gfx/coat_of_arms/.gitignore:1:*","""gfx/coat_of_arms/textured_emblems/cat_peacock_texture1_wappen.dds\r"""
"MPE","MPE","3726274827","gfx/coat_of_arms/.gitignore:1:*","""gfx/coat_of_arms/textured_emblems/cat_peacock_texture1_wappen20.dds\r"""
"MPE","MPE","3726274827","gfx/coat_of_arms/.gitignore:1:*","""gfx/coat_of_arms/textured_emblems/cat_peacock2_texture_wappen.dds\r"""
"MPE","MPE","3726274827","gfx/coat_of_arms/.gitignore:1:*","""gfx/coat_of_arms/textured_emblems/cat_peacock2_texture_wappen20.dds\r"""
"MPE","MPE","3726274827","gfx/coat_of_arms/.gitignore:1:*","""gfx/coat_of_arms/textured_emblems/cat_premyslid_texture_wappen.dds\r"""
"MPE","MPE","3726274827","gfx/coat_of_arms/.gitignore:1:*","""gfx/coat_of_arms/textured_emblems/cat_premyslid_texture_wappen20.dds\r"""
"MPE","MPE","3726274827","gfx/coat_of_arms/.gitignore:1:*","""gfx/coat_of_arms/textured_emblems/cat_ryazan_rus_man_texture20.dds\r"""
"MPE","MPE","3726274827","gfx/coat_of_arms/.gitignore:1:*","""gfx/coat_of_arms/textured_emblems/cat_stephen_crown_texture20.dds\r"""
"MPE","MPE","3726274827","gfx/coat_of_arms/.gitignore:1:*","""gfx/coat_of_arms/textured_emblems/cat_turov_archer_texture40.dds\r"""
"MPE","MPE","3726274827","gfx/coat_of_arms/.gitignore:1:*","""gfx/coat_of_arms/textured_emblems/ce_andalusia.dds\r"""
"MPE","MPE","3726274827","gfx/coat_of_arms/.gitignore:1:*","""gfx/coat_of_arms/textured_emblems/ce_armenian_apostolic_logo.dds\r"""
"MPE","MPE","3726274827","gfx/coat_of_arms/.gitignore:1:*","""gfx/coat_of_arms/textured_emblems/ce_eagle_spain.dds\r"""
"MPE","MPE","3726274827","gfx/coat_of_arms/.gitignore:1:*","""gfx/coat_of_arms/textured_emblems/ce_hohenstaufen.dds\r"""
"MPE","MPE","3726274827","gfx/coat_of_arms/.gitignore:1:*","""gfx/coat_of_arms/textured_emblems/ce_kyiv.dds\r"""
"MPE","MPE","3726274827","gfx/coat_of_arms/.gitignore:1:*","""gfx/coat_of_arms/textured_emblems/ce_minsk.dds\r"""
"MPE","MPE","3726274827","gfx/coat_of_arms/.gitignore:1:*","""gfx/coat_of_arms/textured_emblems/ce_piast.dds\r"""
"MPE","MPE","3726274827","gfx/coat_of_arms/.gitignore:1:*","""gfx/coat_of_arms/textured_emblems/ce_prussian.dds\r"""
"MPE","MPE","3726274827","gfx/coat_of_arms/.gitignore:1:*","""gfx/coat_of_arms/textured_emblems/ce_russian.dds\r"""
"MPE","MPE","3726274827","gfx/coat_of_arms/.gitignore:1:*","""gfx/coat_of_arms/textured_emblems/ce_valencia.dds\r"""
"MPE","MPE","3726274827","gfx/coat_of_arms/.gitignore:1:*","""gfx/coat_of_arms/textured_emblems/cominges.dds\r"""
"MPE","MPE","3726274827","gfx/coat_of_arms/.gitignore:1:*","""gfx/coat_of_arms/textured_emblems/comps.dds\r"""
"MPE","MPE","3726274827","gfx/coat_of_arms/.gitignore:1:*","""gfx/coat_of_arms/textured_emblems/crovan.dds\r"""
"MPE","MPE","3726274827","gfx/coat_of_arms/.gitignore:1:*","""gfx/coat_of_arms/textured_emblems/d_aberdeen.dds\r"""
"MPE","MPE","3726274827","gfx/coat_of_arms/.gitignore:1:*","""gfx/coat_of_arms/textured_emblems/d_abkhazia.dds\r"""
"MPE","MPE","3726274827","gfx/coat_of_arms/.gitignore:1:*","""gfx/coat_of_arms/textured_emblems/d_achaia.dds\r"""
"MPE","MPE","3726274827","gfx/coat_of_arms/.gitignore:1:*","""gfx/coat_of_arms/textured_emblems/d_acre.dds\r"""
"MPE","MPE","3726274827","gfx/coat_of_arms/.gitignore:1:*","""gfx/coat_of_arms/textured_emblems/d_adrianopolis.dds\r"""
"MPE","MPE","3726274827","gfx/coat_of_arms/.gitignore:1:*","""gfx/coat_of_arms/textured_emblems/d_aegean_islands.dds\r"""
"MPE","MPE","3726274827","gfx/coat_of_arms/.gitignore:1:*","""gfx/coat_of_arms/textured_emblems/d_agder.dds\r"""
"MPE","MPE","3726274827","gfx/coat_of_arms/.gitignore:1:*","""gfx/coat_of_arms/textured_emblems/d_albany.dds\r"""
"MPE","MPE","3726274827","gfx/coat_of_arms/.gitignore:1:*","""gfx/coat_of_arms/textured_emblems/d_alencon.dds\r"""
"MPE","MPE","3726274827","gfx/coat_of_arms/.gitignore:1:*","""gfx/coat_of_arms/textured_emblems/d_algarve.dds\r"""
"MPE","MPE","3726274827","gfx/coat_of_arms/.gitignore:1:*","""gfx/coat_of_arms/textured_emblems/d_alsace.dds\r"""
"MPE","MPE","3726274827","gfx/coat_of_arms/.gitignore:1:*","""gfx/coat_of_arms/textured_emblems/d_anatolia.dds\r"""
"MPE","MPE","3726274827","gfx/coat_of_arms/.gitignore:1:*","""gfx/coat_of_arms/textured_emblems/d_ancona.dds\r"""
"MPE","MPE","3726274827","gfx/coat_of_arms/.gitignore:1:*","""gfx/coat_of_arms/textured_emblems/d_angria.dds\r"""
"MPE","MPE","3726274827","gfx/coat_of_arms/.gitignore:1:*","""gfx/coat_of_arms/textured_emblems/d_anjou.dds\r"""
"MPE","MPE","3726274827","gfx/coat_of_arms/.gitignore:1:*","""gfx/coat_of_arms/textured_emblems/d_antioch.dds\r"""
"MPE","MPE","3726274827","gfx/coat_of_arms/.gitignore:1:*","""gfx/coat_of_arms/textured_emblems/d_apulia.dds\r"""
"MPE","MPE","3726274827","gfx/coat_of_arms/.gitignore:1:*","""gfx/coat_of_arms/textured_emblems/d_aquitaine.dds\r"""
"MPE","MPE","3726274827","gfx/coat_of_arms/.gitignore:1:*","""gfx/coat_of_arms/textured_emblems/d_archreims.dds\r"""
"MPE","MPE","3726274827","gfx/coat_of_arms/.gitignore:1:*","""gfx/coat_of_arms/textured_emblems/d_arezzo_republic.dds\r"""
"MPE","MPE","3726274827","gfx/coat_of_arms/.gitignore:1:*","""gfx/coat_of_arms/textured_emblems/d_armagnac.dds\r"""
"MPE","MPE","3726274827","gfx/coat_of_arms/.gitignore:1:*","""gfx/coat_of_arms/textured_emblems/d_armenia_minor.dds\r"""
"MPE","MPE","3726274827","gfx/coat_of_arms/.gitignore:1:*","""gfx/coat_of_arms/textured_emblems/d_armenia.dds\r"""
"MPE","MPE","3726274827","gfx/coat_of_arms/.gitignore:1:*","""gfx/coat_of_arms/textured_emblems/d_armeniacon.dds\r"""
"MPE","MPE","3726274827","gfx/coat_of_arms/.gitignore:1:*","""gfx/coat_of_arms/textured_emblems/d_artois.dds\r"""
"MPE","MPE","3726274827","gfx/coat_of_arms/.gitignore:1:*","""gfx/coat_of_arms/textured_emblems/d_artsakh.dds\r"""
"MPE","MPE","3726274827","gfx/coat_of_arms/.gitignore:1:*","""gfx/coat_of_arms/textured_emblems/d_ascalon.dds\r"""
"MPE","MPE","3726274827","gfx/coat_of_arms/.gitignore:1:*","""gfx/coat_of_arms/textured_emblems/d_asti_republic.dds\r"""
"MPE","MPE","3726274827","gfx/coat_of_arms/.gitignore:1:*","""gfx/coat_of_arms/textured_emblems/d_asturias.dds\r"""
"MPE","MPE","3726274827","gfx/coat_of_arms/.gitignore:1:*","""gfx/coat_of_arms/textured_emblems/d_athens.dds\r"""
"MPE","MPE","3726274827","gfx/coat_of_arms/.gitignore:1:*","""gfx/coat_of_arms/textured_emblems/d_atri.dds\r"""
"MPE","MPE","3726274827","gfx/coat_of_arms/.gitignore:1:*","""gfx/coat_of_arms/textured_emblems/d_auvergne.dds\r"""
"MPE","MPE","3726274827","gfx/coat_of_arms/.gitignore:1:*","""gfx/coat_of_arms/textured_emblems/d_azerbaijan.dds\r"""
"MPE","MPE","3726274827","gfx/coat_of_arms/.gitignore:1:*","""gfx/coat_of_arms/textured_emblems/d_azov.dds\r"""
"MPE","MPE","3726274827","gfx/coat_of_arms/.gitignore:1:*","""gfx/coat_of_arms/textured_emblems/d_bacs.dds\r"""
"MPE","MPE","3726274827","gfx/coat_of_arms/.gitignore:1:*","""gfx/coat_of_arms/textured_emblems/d_badajoz.dds\r"""
"MPE","MPE","3726274827","gfx/coat_of_arms/.gitignore:1:*","""gfx/coat_of_arms/textured_emblems/d_baden.dds\r"""
"MPE","MPE","3726274827","gfx/coat_of_arms/.gitignore:1:*","""gfx/coat_of_arms/textured_emblems/d_bar.dds\r"""
"MPE","MPE","3726274827","gfx/coat_of_arms/.gitignore:1:*","""gfx/coat_of_arms/textured_emblems/d_barcelona.dds\r"""
"MPE","MPE","3726274827","gfx/coat_of_arms/.gitignore:1:*","""gfx/coat_of_arms/textured_emblems/d_bartians.dds\r"""
"MPE","MPE","3726274827","gfx/coat_of_arms/.gitignore:1:*","""gfx/coat_of_arms/textured_emblems/d_basarabia.dds\r"""
"MPE","MPE","3726274827","gfx/coat_of_arms/.gitignore:1:*","""gfx/coat_of_arms/textured_emblems/d_bedford_norman.dds\r"""
"MPE","MPE","3726274827","gfx/coat_of_arms/.gitignore:1:*","""gfx/coat_of_arms/textured_emblems/d_bedford.dds\r"""
"MPE","MPE","3726274827","gfx/coat_of_arms/.gitignore:1:*","""gfx/coat_of_arms/textured_emblems/d_beira.dds\r"""
"MPE","MPE","3726274827","gfx/coat_of_arms/.gitignore:1:*","""gfx/coat_of_arms/textured_emblems/d_beja.dds\r"""
"MPE","MPE","3726274827","gfx/coat_of_arms/.gitignore:1:*","""gfx/coat_of_arms/textured_emblems/d_beloozero.dds\r"""
"MPE","MPE","3726274827","gfx/coat_of_arms/.gitignore:1:*","""gfx/coat_of_arms/textured_emblems/d_benevento.dds\r"""
"MPE","MPE","3726274827","gfx/coat_of_arms/.gitignore:1:*","""gfx/coat_of_arms/textured_emblems/d_berry.dds\r"""
"MPE","MPE","3726274827","gfx/coat_of_arms/.gitignore:1:*","""gfx/coat_of_arms/textured_emblems/d_blois.dds\r"""
"MPE","MPE","3726274827","gfx/coat_of_arms/.gitignore:1:*","""gfx/coat_of_arms/textured_emblems/d_bohemia.dds\r"""
"MPE","MPE","3726274827","gfx/coat_of_arms/.gitignore:1:*","""gfx/coat_of_arms/textured_emblems/d_bohemians.dds\r"""
"MPE","MPE","3726274827","gfx/coat_of_arms/.gitignore:1:*","""gfx/coat_of_arms/textured_emblems/d_bosnia.dds\r"""
"MPE","MPE","3726274827","gfx/coat_of_arms/.gitignore:1:*","""gfx/coat_of_arms/textured_emblems/d_bouillon.dds\r"""
"MPE","MPE","3726274827","gfx/coat_of_arms/.gitignore:1:*","""gfx/coat_of_arms/textured_emblems/d_boukellarion.dds\r"""
"MPE","MPE","3726274827","gfx/coat_of_arms/.gitignore:1:*","""gfx/coat_of_arms/textured_emblems/d_bourbon.dds\r"""
"MPE","MPE","3726274827","gfx/coat_of_arms/.gitignore:1:*","""gfx/coat_of_arms/textured_emblems/d_brabant.dds\r"""
"MPE","MPE","3726274827","gfx/coat_of_arms/.gitignore:1:*","""gfx/coat_of_arms/textured_emblems/d_brandenburg.dds\r"""
"MPE","MPE","3726274827","gfx/coat_of_arms/.gitignore:1:*","""gfx/coat_of_arms/textured_emblems/d_brittany.dds\r"""
"MPE","MPE","3726274827","gfx/coat_of_arms/.gitignore:1:*","""gfx/coat_of_arms/textured_emblems/d_brunswick.dds\r"""
"MPE","MPE","3726274827","gfx/coat_of_arms/.gitignore:1:*","""gfx/coat_of_arms/textured_emblems/d_bulgar.dds\r"""
"MPE","MPE","3726274827","gfx/coat_of_arms/.gitignore:1:*","""gfx/coat_of_arms/textured_emblems/d_burgau.dds\r"""
"MPE","MPE","3726274827","gfx/coat_of_arms/.gitignore:1:*","""gfx/coat_of_arms/textured_emblems/d_burgundy.dds\r"""
"MPE","MPE","3726274827","gfx/coat_of_arms/.gitignore:1:*","""gfx/coat_of_arms/textured_emblems/d_calabria.dds\r"""
"MPE","MPE","3726274827","gfx/coat_of_arms/.gitignore:1:*","""gfx/coat_of_arms/textured_emblems/d_canterbury_norman.dds\r"""
"MPE","MPE","3726274827","gfx/coat_of_arms/.gitignore:1:*","""gfx/coat_of_arms/textured_emblems/d_canterbury.dds\r"""
"MPE","MPE","3726274827","gfx/coat_of_arms/.gitignore:1:*","""gfx/coat_of_arms/textured_emblems/d_cappadocia.dds\r"""
"MPE","MPE","3726274827","gfx/coat_of_arms/.gitignore:1:*","""gfx/coat_of_arms/textured_emblems/d_capua.dds\r"""
"MPE","MPE","3726274827","gfx/coat_of_arms/.gitignore:1:*","""gfx/coat_of_arms/textured_emblems/d_carinthia.dds\r"""
"MPE","MPE","3726274827","gfx/coat_of_arms/.gitignore:1:*","""gfx/coat_of_arms/textured_emblems/d_castilla.dds\r"""
"MPE","MPE","3726274827","gfx/coat_of_arms/.gitignore:1:*","""gfx/coat_of_arms/textured_emblems/d_catalunya_nova.dds\r"""
"MPE","MPE","3726274827","gfx/coat_of_arms/.gitignore:1:*","""gfx/coat_of_arms/textured_emblems/d_cephalonia.dds\r"""
"MPE","MPE","3726274827","gfx/coat_of_arms/.gitignore:1:*","""gfx/coat_of_arms/textured_emblems/d_champagne.dds\r"""
"MPE","MPE","3726274827","gfx/coat_of_arms/.gitignore:1:*","""gfx/coat_of_arms/textured_emblems/d_channel_islands.dds\r"""
"MPE","MPE","3726274827","gfx/coat_of_arms/.gitignore:1:*","""gfx/coat_of_arms/textured_emblems/d_charsianon.dds\r"""
"MPE","MPE","3726274827","gfx/coat_of_arms/.gitignore:1:*","""gfx/coat_of_arms/textured_emblems/d_chernigov.dds\r"""
"MPE","MPE","3726274827","gfx/coat_of_arms/.gitignore:1:*","""gfx/coat_of_arms/textured_emblems/d_cherson.dds\r"""
"MPE","MPE","3726274827","gfx/coat_of_arms/.gitignore:1:*","""gfx/coat_of_arms/textured_emblems/d_cibyrrhaeot.dds\r"""
"MPE","MPE","3726274827","gfx/coat_of_arms/.gitignore:1:*","""gfx/coat_of_arms/textured_emblems/d_coloneia.dds\r"""
"MPE","MPE","3726274827","gfx/coat_of_arms/.gitignore:1:*","""gfx/coat_of_arms/textured_emblems/d_connacht.dds\r"""
"MPE","MPE","3726274827","gfx/coat_of_arms/.gitignore:1:*","""gfx/coat_of_arms/textured_emblems/d_cordoba.dds\r"""
"MPE","MPE","3726274827","gfx/coat_of_arms/.gitignore:1:*","""gfx/coat_of_arms/textured_emblems/d_cornwall.dds\r"""
"MPE","MPE","3726274827","gfx/coat_of_arms/.gitignore:1:*","""gfx/coat_of_arms/textured_emblems/d_corsica.dds\r"""
"MPE","MPE","3726274827","gfx/coat_of_arms/.gitignore:1:*","""gfx/coat_of_arms/textured_emblems/d_courland.dds\r"""
"MPE","MPE","3726274827","gfx/coat_of_arms/.gitignore:1:*","""gfx/coat_of_arms/textured_emblems/d_cremona_republic.dds\r"""
"MPE","MPE","3726274827","gfx/coat_of_arms/.gitignore:1:*","""gfx/coat_of_arms/textured_emblems/d_crimea.dds\r"""
"MPE","MPE","3726274827","gfx/coat_of_arms/.gitignore:1:*","""gfx/coat_of_arms/textured_emblems/d_croatia.dds\r"""
"MPE","MPE","3726274827","gfx/coat_of_arms/.gitignore:1:*","""gfx/coat_of_arms/textured_emblems/d_csanad.dds\r"""
"MPE","MPE","3726274827","gfx/coat_of_arms/.gitignore:1:*","""gfx/coat_of_arms/textured_emblems/d_cyprus.dds\r"""
"MPE","MPE","3726274827","gfx/coat_of_arms/.gitignore:1:*","""gfx/coat_of_arms/textured_emblems/d_dalmatia.dds\r"""
"MPE","MPE","3726274827","gfx/coat_of_arms/.gitignore:1:*","""gfx/coat_of_arms/textured_emblems/d_dauphine.dds\r"""
"MPE","MPE","3726274827","gfx/coat_of_arms/.gitignore:1:*","""gfx/coat_of_arms/textured_emblems/d_deheubarth.dds\r"""
"MPE","MPE","3726274827","gfx/coat_of_arms/.gitignore:1:*","""gfx/coat_of_arms/textured_emblems/d_deltuvians.dds\r"""
"MPE","MPE","3726274827","gfx/coat_of_arms/.gitignore:1:*","""gfx/coat_of_arms/textured_emblems/d_dioclea.dds\r"""
"MPE","MPE","3726274827","gfx/coat_of_arms/.gitignore:1:*","""gfx/coat_of_arms/textured_emblems/d_dregovichi.dds\r"""
"MPE","MPE","3726274827","gfx/coat_of_arms/.gitignore:1:*","""gfx/coat_of_arms/textured_emblems/d_drevani.dds\r"""
"MPE","MPE","3726274827","gfx/coat_of_arms/.gitignore:1:*","""gfx/coat_of_arms/textured_emblems/d_drevlyans.dds\r"""
"MPE","MPE","3726274827","gfx/coat_of_arms/.gitignore:1:*","""gfx/coat_of_arms/textured_emblems/d_dyrrachion.dds\r"""
"MPE","MPE","3726274827","gfx/coat_of_arms/.gitignore:1:*","""gfx/coat_of_arms/textured_emblems/d_dzopk.dds\r"""
"MPE","MPE","3726274827","gfx/coat_of_arms/.gitignore:1:*","""gfx/coat_of_arms/textured_emblems/d_edessa.dds\r"""
"MPE","MPE","3726274827","gfx/coat_of_arms/.gitignore:1:*","""gfx/coat_of_arms/textured_emblems/d_epirus.dds\r"""
"MPE","MPE","3726274827","gfx/coat_of_arms/.gitignore:1:*","""gfx/coat_of_arms/textured_emblems/d_essex.dds\r"""
"MPE","MPE","3726274827","gfx/coat_of_arms/.gitignore:1:*","""gfx/coat_of_arms/textured_emblems/d_esthonia.dds\r"""
"MPE","MPE","3726274827","gfx/coat_of_arms/.gitignore:1:*","""gfx/coat_of_arms/textured_emblems/d_esztergom.dds\r"""
"MPE","MPE","3726274827","gfx/coat_of_arms/.gitignore:1:*","""gfx/coat_of_arms/textured_emblems/d_faereyar.dds\r"""
"MPE","MPE","3726274827","gfx/coat_of_arms/.gitignore:1:*","""gfx/coat_of_arms/textured_emblems/d_ferrara_republic.dds\r"""
"MPE","MPE","3726274827","gfx/coat_of_arms/.gitignore:1:*","""gfx/coat_of_arms/textured_emblems/d_ferrara.dds\r"""
"MPE","MPE","3726274827","gfx/coat_of_arms/.gitignore:1:*","""gfx/coat_of_arms/textured_emblems/d_finland.dds\r"""
"MPE","MPE","3726274827","gfx/coat_of_arms/.gitignore:1:*","""gfx/coat_of_arms/textured_emblems/d_firenze_republic.dds\r"""
"MPE","MPE","3726274827","gfx/coat_of_arms/.gitignore:1:*","""gfx/coat_of_arms/textured_emblems/d_fivebouroughs.dds\r"""
"MPE","MPE","3726274827","gfx/coat_of_arms/.gitignore:1:*","""gfx/coat_of_arms/textured_emblems/d_flanders.dds\r"""
"MPE","MPE","3726274827","gfx/coat_of_arms/.gitignore:1:*","""gfx/coat_of_arms/textured_emblems/d_friesland.dds\r"""
"MPE","MPE","3726274827","gfx/coat_of_arms/.gitignore:1:*","""gfx/coat_of_arms/textured_emblems/d_friuli.dds\r"""
"MPE","MPE","3726274827","gfx/coat_of_arms/.gitignore:1:*","""gfx/coat_of_arms/textured_emblems/d_gaeta.dds\r"""
"MPE","MPE","3726274827","gfx/coat_of_arms/.gitignore:1:*","""gfx/coat_of_arms/textured_emblems/d_galich.dds\r"""
"MPE","MPE","3726274827","gfx/coat_of_arms/.gitignore:1:*","""gfx/coat_of_arms/textured_emblems/d_galicia.dds\r"""
"MPE","MPE","3726274827","gfx/coat_of_arms/.gitignore:1:*","""gfx/coat_of_arms/textured_emblems/d_galilee.dds\r"""
"MPE","MPE","3726274827","gfx/coat_of_arms/.gitignore:1:*","""gfx/coat_of_arms/textured_emblems/d_galloway.dds\r"""
"MPE","MPE","3726274827","gfx/coat_of_arms/.gitignore:1:*","""gfx/coat_of_arms/textured_emblems/d_gascogne.dds\r"""
"MPE","MPE","3726274827","gfx/coat_of_arms/.gitignore:1:*","""gfx/coat_of_arms/textured_emblems/d_gelre.dds\r"""
"MPE","MPE","3726274827","gfx/coat_of_arms/.gitignore:1:*","""gfx/coat_of_arms/textured_emblems/d_genoa.dds\r"""
"MPE","MPE","3726274827","gfx/coat_of_arms/.gitignore:1:*","""gfx/coat_of_arms/textured_emblems/d_gevaudan.dds\r"""
"MPE","MPE","3726274827","gfx/coat_of_arms/.gitignore:1:*","""gfx/coat_of_arms/textured_emblems/d_gotland.dds\r"""
"MPE","MPE","3726274827","gfx/coat_of_arms/.gitignore:1:*","""gfx/coat_of_arms/textured_emblems/d_greater_poland.dds\r"""
"MPE","MPE","3726274827","gfx/coat_of_arms/.gitignore:1:*","""gfx/coat_of_arms/textured_emblems/d_gwynedd.dds\r"""
"MPE","MPE","3726274827","gfx/coat_of_arms/.gitignore:1:*","""gfx/coat_of_arms/textured_emblems/d_gyor.dds\r"""
"MPE","MPE","3726274827","gfx/coat_of_arms/.gitignore:1:*","""gfx/coat_of_arms/textured_emblems/d_hainaut.dds\r"""
"MPE","MPE","3726274827","gfx/coat_of_arms/.gitignore:1:*","""gfx/coat_of_arms/textured_emblems/d_halogaland.dds\r"""
"MPE","MPE","3726274827","gfx/coat_of_arms/.gitignore:1:*","""gfx/coat_of_arms/textured_emblems/d_halsingland.dds\r"""
"MPE","MPE","3726274827","gfx/coat_of_arms/.gitignore:1:*","""gfx/coat_of_arms/textured_emblems/d_hashshashin.dds\r"""
"MPE","MPE","3726274827","gfx/coat_of_arms/.gitignore:1:*","""gfx/coat_of_arms/textured_emblems/d_hebrides.dds\r"""
"MPE","MPE","3726274827","gfx/coat_of_arms/.gitignore:1:*","""gfx/coat_of_arms/textured_emblems/d_hereford_norman.dds\r"""
"MPE","MPE","3726274827","gfx/coat_of_arms/.gitignore:1:*","""gfx/coat_of_arms/textured_emblems/d_hereford.dds\r"""
"MPE","MPE","3726274827","gfx/coat_of_arms/.gitignore:1:*","""gfx/coat_of_arms/textured_emblems/d_hereti.dds\r"""
"MPE","MPE","3726274827","gfx/coat_of_arms/.gitignore:1:*","""gfx/coat_of_arms/textured_emblems/d_hessen.dds\r"""
"MPE","MPE","3726274827","gfx/coat_of_arms/.gitignore:1:*","""gfx/coat_of_arms/textured_emblems/d_holland.dds\r"""
"MPE","MPE","3726274827","gfx/coat_of_arms/.gitignore:1:*","""gfx/coat_of_arms/textured_emblems/d_holstein.dds\r"""
"MPE","MPE","3726274827","gfx/coat_of_arms/.gitignore:1:*","""gfx/coat_of_arms/textured_emblems/d_holy_sepulchre.dds\r"""
"MPE","MPE","3726274827","gfx/coat_of_arms/.gitignore:1:*","""gfx/coat_of_arms/textured_emblems/d_hum.dds\r"""
"MPE","MPE","3726274827","gfx/coat_of_arms/.gitignore:1:*","""gfx/coat_of_arms/textured_emblems/d_iceland.dds\r"""
"MPE","MPE","3726274827","gfx/coat_of_arms/.gitignore:1:*","""gfx/coat_of_arms/textured_emblems/d_imeretia.dds\r"""
"MPE","MPE","3726274827","gfx/coat_of_arms/.gitignore:1:*","""gfx/coat_of_arms/textured_emblems/d_istria.dds\r"""
"MPE","MPE","3726274827","gfx/coat_of_arms/.gitignore:1:*","""gfx/coat_of_arms/textured_emblems/d_ivrea.dds\r"""
"MPE","MPE","3726274827","gfx/coat_of_arms/.gitignore:1:*","""gfx/coat_of_arms/textured_emblems/d_jamtland.dds\r"""
"MPE","MPE","3726274827","gfx/coat_of_arms/.gitignore:1:*","""gfx/coat_of_arms/textured_emblems/d_jerusalem.dds\r"""
"MPE","MPE","3726274827","gfx/coat_of_arms/.gitignore:1:*","""gfx/coat_of_arms/textured_emblems/d_julich.dds\r"""
"MPE","MPE","3726274827","gfx/coat_of_arms/.gitignore:1:*","""gfx/coat_of_arms/textured_emblems/d_jylland.dds\r"""
"MPE","MPE","3726274827","gfx/coat_of_arms/.gitignore:1:*","""gfx/coat_of_arms/textured_emblems/d_kakheti.dds\r"""
"MPE","MPE","3726274827","gfx/coat_of_arms/.gitignore:1:*","""gfx/coat_of_arms/textured_emblems/d_karachev.dds\r"""
"MPE","MPE","3726274827","gfx/coat_of_arms/.gitignore:1:*","""gfx/coat_of_arms/textured_emblems/d_karvuna.dds\r"""
"MPE","MPE","3726274827","gfx/coat_of_arms/.gitignore:1:*","""gfx/coat_of_arms/textured_emblems/d_kiev.dds\r"""
"MPE","MPE","3726274827","gfx/coat_of_arms/.gitignore:1:*","""gfx/coat_of_arms/textured_emblems/d_klarjeti.dds\r"""
"MPE","MPE","3726274827","gfx/coat_of_arms/.gitignore:1:*","""gfx/coat_of_arms/textured_emblems/d_knights_canterbury.dds\r"""
"MPE","MPE","3726274827","gfx/coat_of_arms/.gitignore:1:*","""gfx/coat_of_arms/textured_emblems/d_knights_templar.dds\r"""
"MPE","MPE","3726274827","gfx/coat_of_arms/.gitignore:1:*","""gfx/coat_of_arms/textured_emblems/d_koln.dds\r"""
"MPE","MPE","3726274827","gfx/coat_of_arms/.gitignore:1:*","""gfx/coat_of_arms/textured_emblems/d_krain.dds\r"""
"MPE","MPE","3726274827","gfx/coat_of_arms/.gitignore:1:*","""gfx/coat_of_arms/textured_emblems/d_krete.dds\r"""
"MPE","MPE","3726274827","gfx/coat_of_arms/.gitignore:1:*","""gfx/coat_of_arms/textured_emblems/d_krk.dds\r"""
"MPE","MPE","3726274827","gfx/coat_of_arms/.gitignore:1:*","""gfx/coat_of_arms/textured_emblems/d_kuyavia.dds\r"""
"MPE","MPE","3726274827","gfx/coat_of_arms/.gitignore:1:*","""gfx/coat_of_arms/textured_emblems/d_la_mancha.dds\r"""
"MPE","MPE","3726274827","gfx/coat_of_arms/.gitignore:1:*","""gfx/coat_of_arms/textured_emblems/d_lancaster_norman.dds\r"""
"MPE","MPE","3726274827","gfx/coat_of_arms/.gitignore:1:*","""gfx/coat_of_arms/textured_emblems/d_lancaster.dds\r"""
"MPE","MPE","3726274827","gfx/coat_of_arms/.gitignore:1:*","""gfx/coat_of_arms/textured_emblems/d_latium.dds\r"""
"MPE","MPE","3726274827","gfx/coat_of_arms/.gitignore:1:*","""gfx/coat_of_arms/textured_emblems/d_lauenburg.dds\r"""
"MPE","MPE","3726274827","gfx/coat_of_arms/.gitignore:1:*","""gfx/coat_of_arms/textured_emblems/d_lausitz.dds\r"""
"MPE","MPE","3726274827","gfx/coat_of_arms/.gitignore:1:*","""gfx/coat_of_arms/textured_emblems/d_leinster.dds\r"""
"MPE","MPE","3726274827","gfx/coat_of_arms/.gitignore:1:*","""gfx/coat_of_arms/textured_emblems/d_lendians.dds\r"""
"MPE","MPE","3726274827","gfx/coat_of_arms/.gitignore:1:*","""gfx/coat_of_arms/textured_emblems/d_leon.dds\r"""
"MPE","MPE","3726274827","gfx/coat_of_arms/.gitignore:1:*","""gfx/coat_of_arms/textured_emblems/d_lesser_poland.dds\r"""
"MPE","MPE","3726274827","gfx/coat_of_arms/.gitignore:1:*","""gfx/coat_of_arms/textured_emblems/d_limburg.dds\r"""
"MPE","MPE","3726274827","gfx/coat_of_arms/.gitignore:1:*","""gfx/coat_of_arms/textured_emblems/d_limousin.dds\r"""
"MPE","MPE","3726274827","gfx/coat_of_arms/.gitignore:1:*","""gfx/coat_of_arms/textured_emblems/d_lithuanians.dds\r"""
"MPE","MPE","3726274827","gfx/coat_of_arms/.gitignore:1:*","""gfx/coat_of_arms/textured_emblems/d_livonia.dds\r"""
"MPE","MPE","3726274827","gfx/coat_of_arms/.gitignore:1:*","""gfx/coat_of_arms/textured_emblems/d_livonian_order.dds\r"""
"MPE","MPE","3726274827","gfx/coat_of_arms/.gitignore:1:*","""gfx/coat_of_arms/textured_emblems/d_lombardia.dds\r"""
"MPE","MPE","3726274827","gfx/coat_of_arms/.gitignore:1:*","""gfx/coat_of_arms/textured_emblems/d_lori.dds\r"""
"MPE","MPE","3726274827","gfx/coat_of_arms/.gitignore:1:*","""gfx/coat_of_arms/textured_emblems/d_lothian.dds\r"""
"MPE","MPE","3726274827","gfx/coat_of_arms/.gitignore:1:*","""gfx/coat_of_arms/textured_emblems/d_lower_lorraine.dds\r"""
"MPE","MPE","3726274827","gfx/coat_of_arms/.gitignore:1:*","""gfx/coat_of_arms/textured_emblems/d_lubusz.dds\r"""
"MPE","MPE","3726274827","gfx/coat_of_arms/.gitignore:1:*","""gfx/coat_of_arms/textured_emblems/d_lucca_republic.dds\r"""
"MPE","MPE","3726274827","gfx/coat_of_arms/.gitignore:1:*","""gfx/coat_of_arms/textured_emblems/d_lucca.dds\r"""
"MPE","MPE","3726274827","gfx/coat_of_arms/.gitignore:1:*","""gfx/coat_of_arms/textured_emblems/d_lutici.dds\r"""
"MPE","MPE","3726274827","gfx/coat_of_arms/.gitignore:1:*","""gfx/coat_of_arms/textured_emblems/d_luxembourg.dds\r"""
"MPE","MPE","3726274827","gfx/coat_of_arms/.gitignore:1:*","""gfx/coat_of_arms/textured_emblems/d_lykandos.dds\r"""
"MPE","MPE","3726274827","gfx/coat_of_arms/.gitignore:1:*","""gfx/coat_of_arms/textured_emblems/d_macva.dds\r"""
"MPE","MPE","3726274827","gfx/coat_of_arms/.gitignore:1:*","""gfx/coat_of_arms/textured_emblems/d_mainz.dds\r"""
"MPE","MPE","3726274827","gfx/coat_of_arms/.gitignore:1:*","""gfx/coat_of_arms/textured_emblems/d_mallorca.dds\r"""
"MPE","MPE","3726274827","gfx/coat_of_arms/.gitignore:1:*","""gfx/coat_of_arms/textured_emblems/d_mantua_republic.dds\r"""
"MPE","MPE","3726274827","gfx/coat_of_arms/.gitignore:1:*","""gfx/coat_of_arms/textured_emblems/d_mantua.dds\r"""
"MPE","MPE","3726274827","gfx/coat_of_arms/.gitignore:1:*","""gfx/coat_of_arms/textured_emblems/d_mazovia.dds\r"""
"MPE","MPE","3726274827","gfx/coat_of_arms/.gitignore:1:*","""gfx/coat_of_arms/textured_emblems/d_mazovians.dds\r"""
"MPE","MPE","3726274827","gfx/coat_of_arms/.gitignore:1:*","""gfx/coat_of_arms/textured_emblems/d_meath.dds\r"""
"MPE","MPE","3726274827","gfx/coat_of_arms/.gitignore:1:*","""gfx/coat_of_arms/textured_emblems/d_mecklemburg.dds\r"""
"MPE","MPE","3726274827","gfx/coat_of_arms/.gitignore:1:*","""gfx/coat_of_arms/textured_emblems/d_meissen.dds\r"""
"MPE","MPE","3726274827","gfx/coat_of_arms/.gitignore:1:*","""gfx/coat_of_arms/textured_emblems/d_melitene.dds\r"""
"MPE","MPE","3726274827","gfx/coat_of_arms/.gitignore:1:*","""gfx/coat_of_arms/textured_emblems/d_meshketi.dds\r"""
"MPE","MPE","3726274827","gfx/coat_of_arms/.gitignore:1:*","""gfx/coat_of_arms/textured_emblems/d_mesopotamia.dds\r"""
"MPE","MPE","3726274827","gfx/coat_of_arms/.gitignore:1:*","""gfx/coat_of_arms/textured_emblems/d_minsk.dds\r"""
"MPE","MPE","3726274827","gfx/coat_of_arms/.gitignore:1:*","""gfx/coat_of_arms/textured_emblems/d_modena_republic.dds\r"""
"MPE","MPE","3726274827","gfx/coat_of_arms/.gitignore:1:*","""gfx/coat_of_arms/textured_emblems/d_modena.dds\r"""
"MPE","MPE","3726274827","gfx/coat_of_arms/.gitignore:1:*","""gfx/coat_of_arms/textured_emblems/d_moesia.dds\r"""
"MPE","MPE","3726274827","gfx/coat_of_arms/.gitignore:1:*","""gfx/coat_of_arms/textured_emblems/d_moldau.dds\r"""
"MPE","MPE","3726274827","gfx/coat_of_arms/.gitignore:1:*","""gfx/coat_of_arms/textured_emblems/d_monferrato.dds\r"""
"MPE","MPE","3726274827","gfx/coat_of_arms/.gitignore:1:*","""gfx/coat_of_arms/textured_emblems/d_moravia.dds\r"""
"MPE","MPE","3726274827","gfx/coat_of_arms/.gitignore:1:*","""gfx/coat_of_arms/textured_emblems/d_moray.dds\r"""
"MPE","MPE","3726274827","gfx/coat_of_arms/.gitignore:1:*","""gfx/coat_of_arms/textured_emblems/d_more.dds\r"""
"MPE","MPE","3726274827","gfx/coat_of_arms/.gitignore:1:*","""gfx/coat_of_arms/textured_emblems/d_morgannwg.dds\r"""
"MPE","MPE","3726274827","gfx/coat_of_arms/.gitignore:1:*","""gfx/coat_of_arms/textured_emblems/d_moskva.dds\r"""
"MPE","MPE","3726274827","gfx/coat_of_arms/.gitignore:1:*","""gfx/coat_of_arms/textured_emblems/d_munster.dds\r"""
"MPE","MPE","3726274827","gfx/coat_of_arms/.gitignore:1:*","""gfx/coat_of_arms/textured_emblems/d_muntenia.dds\r"""
"MPE","MPE","3726274827","gfx/coat_of_arms/.gitignore:1:*","""gfx/coat_of_arms/textured_emblems/d_murcia.dds\r"""
"MPE","MPE","3726274827","gfx/coat_of_arms/.gitignore:1:*","""gfx/coat_of_arms/textured_emblems/d_nadruvians.dds\r"""
"MPE","MPE","3726274827","gfx/coat_of_arms/.gitignore:1:*","""gfx/coat_of_arms/textured_emblems/d_najera.dds\r"""
"MPE","MPE","3726274827","gfx/coat_of_arms/.gitignore:1:*","""gfx/coat_of_arms/textured_emblems/d_napoli.dds\r"""
"MPE","MPE","3726274827","gfx/coat_of_arms/.gitignore:1:*","""gfx/coat_of_arms/textured_emblems/d_narbonne.dds\r"""
"MPE","MPE","3726274827","gfx/coat_of_arms/.gitignore:1:*","""gfx/coat_of_arms/textured_emblems/d_navarra.dds\r"""
"MPE","MPE","3726274827","gfx/coat_of_arms/.gitignore:1:*","""gfx/coat_of_arms/textured_emblems/d_nevers.dds\r"""
"MPE","MPE","3726274827","gfx/coat_of_arms/.gitignore:1:*","""gfx/coat_of_arms/textured_emblems/d_niederbayern.dds\r"""
"MPE","MPE","3726274827","gfx/coat_of_arms/.gitignore:1:*","""gfx/coat_of_arms/textured_emblems/d_nordgau.dds\r"""
"MPE","MPE","3726274827","gfx/coat_of_arms/.gitignore:1:*","""gfx/coat_of_arms/textured_emblems/d_norman_apulia.dds\r"""
"MPE","MPE","3726274827","gfx/coat_of_arms/.gitignore:1:*","""gfx/coat_of_arms/textured_emblems/d_normandy.dds\r"""
"MPE","MPE","3726274827","gfx/coat_of_arms/.gitignore:1:*","""gfx/coat_of_arms/textured_emblems/d_norrland.dds\r"""
"MPE","MPE","3726274827","gfx/coat_of_arms/.gitignore:1:*","""gfx/coat_of_arms/textured_emblems/d_northumberland.dds\r"""
"MPE","MPE","3726274827","gfx/coat_of_arms/.gitignore:1:*","""gfx/coat_of_arms/textured_emblems/d_novgorod-seversk.dds\r"""
"MPE","MPE","3726274827","gfx/coat_of_arms/.gitignore:1:*","""gfx/coat_of_arms/textured_emblems/d_novgorod.dds\r"""
"MPE","MPE","3726274827","gfx/coat_of_arms/.gitignore:1:*","""gfx/coat_of_arms/textured_emblems/d_novosil.dds\r"""
"MPE","MPE","3726274827","gfx/coat_of_arms/.gitignore:1:*","""gfx/coat_of_arms/textured_emblems/d_nuremberg.dds\r"""
"MPE","MPE","3726274827","gfx/coat_of_arms/.gitignore:1:*","""gfx/coat_of_arms/textured_emblems/d_nyitra.dds\r"""
"MPE","MPE","3726274827","gfx/coat_of_arms/.gitignore:1:*","""gfx/coat_of_arms/textured_emblems/d_oberbayern.dds\r"""
"MPE","MPE","3726274827","gfx/coat_of_arms/.gitignore:1:*","""gfx/coat_of_arms/textured_emblems/d_oborites.dds\r"""
"MPE","MPE","3726274827","gfx/coat_of_arms/.gitignore:1:*","""gfx/coat_of_arms/textured_emblems/d_ohrid.dds\r"""
"MPE","MPE","3726274827","gfx/coat_of_arms/.gitignore:1:*","""gfx/coat_of_arms/textured_emblems/d_oltenia.dds\r"""
"MPE","MPE","3726274827","gfx/coat_of_arms/.gitignore:1:*","""gfx/coat_of_arms/textured_emblems/d_oneill.dds\r"""
"MPE","MPE","3726274827","gfx/coat_of_arms/.gitignore:1:*","""gfx/coat_of_arms/textured_emblems/d_opplandene.dds\r"""
"MPE","MPE","3726274827","gfx/coat_of_arms/.gitignore:1:*","""gfx/coat_of_arms/textured_emblems/d_opsikon.dds\r"""
"MPE","MPE","3726274827","gfx/coat_of_arms/.gitignore:1:*","""gfx/coat_of_arms/textured_emblems/d_optimatoi.dds\r"""
"MPE","MPE","3726274827","gfx/coat_of_arms/.gitignore:1:*","""gfx/coat_of_arms/textured_emblems/d_order_of_santiago.dds\r"""
"MPE","MPE","3726274827","gfx/coat_of_arms/.gitignore:1:*","""gfx/coat_of_arms/textured_emblems/d_orkney.dds\r"""
"MPE","MPE","3726274827","gfx/coat_of_arms/.gitignore:1:*","""gfx/coat_of_arms/textured_emblems/d_orleans.dds\r"""
"MPE","MPE","3726274827","gfx/coat_of_arms/.gitignore:1:*","""gfx/coat_of_arms/textured_emblems/d_osel_wiek.dds\r"""
"MPE","MPE","3726274827","gfx/coat_of_arms/.gitignore:1:*","""gfx/coat_of_arms/textured_emblems/d_ossory.dds\r"""
"MPE","MPE","3726274827","gfx/coat_of_arms/.gitignore:1:*","""gfx/coat_of_arms/textured_emblems/d_ostergotland.dds\r"""
"MPE","MPE","3726274827","gfx/coat_of_arms/.gitignore:1:*","""gfx/coat_of_arms/textured_emblems/d_osterreich.dds\r"""
"MPE","MPE","3726274827","gfx/coat_of_arms/.gitignore:1:*","""gfx/coat_of_arms/textured_emblems/d_ostfranken.dds\r"""
"MPE","MPE","3726274827","gfx/coat_of_arms/.gitignore:1:*","""gfx/coat_of_arms/textured_emblems/d_ostlandet.dds\r"""
"MPE","MPE","3726274827","gfx/coat_of_arms/.gitignore:1:*","""gfx/coat_of_arms/textured_emblems/d_oultrejourdain.dds\r"""
"MPE","MPE","3726274827","gfx/coat_of_arms/.gitignore:1:*","""gfx/coat_of_arms/textured_emblems/d_paphlagonia.dds\r"""
"MPE","MPE","3726274827","gfx/coat_of_arms/.gitignore:1:*","""gfx/coat_of_arms/textured_emblems/d_parma_republic.dds\r"""
"MPE","MPE","3726274827","gfx/coat_of_arms/.gitignore:1:*","""gfx/coat_of_arms/textured_emblems/d_parma.dds\r"""
"MPE","MPE","3726274827","gfx/coat_of_arms/.gitignore:1:*","""gfx/coat_of_arms/textured_emblems/d_pecs.dds\r"""
"MPE","MPE","3726274827","gfx/coat_of_arms/.gitignore:1:*","""gfx/coat_of_arms/textured_emblems/d_pereyaslavl.dds\r"""
"MPE","MPE","3726274827","gfx/coat_of_arms/.gitignore:1:*","""gfx/coat_of_arms/textured_emblems/d_pest.dds\r"""
"MPE","MPE","3726274827","gfx/coat_of_arms/.gitignore:1:*","""gfx/coat_of_arms/textured_emblems/d_pfalz.dds\r"""
"MPE","MPE","3726274827","gfx/coat_of_arms/.gitignore:1:*","""gfx/coat_of_arms/textured_emblems/d_pisa.dds\r"""
"MPE","MPE","3726274827","gfx/coat_of_arms/.gitignore:1:*","""gfx/coat_of_arms/textured_emblems/d_podlaise.dds\r"""
"MPE","MPE","3726274827","gfx/coat_of_arms/.gitignore:1:*","""gfx/coat_of_arms/textured_emblems/d_podolia.dds\r"""
"MPE","MPE","3726274827","gfx/coat_of_arms/.gitignore:1:*","""gfx/coat_of_arms/textured_emblems/d_pogesanians.dds\r"""
"MPE","MPE","3726274827","gfx/coat_of_arms/.gitignore:1:*","""gfx/coat_of_arms/textured_emblems/d_poitou.dds\r"""
"MPE","MPE","3726274827","gfx/coat_of_arms/.gitignore:1:*","""gfx/coat_of_arms/textured_emblems/d_polotsk.dds\r"""
"MPE","MPE","3726274827","gfx/coat_of_arms/.gitignore:1:*","""gfx/coat_of_arms/textured_emblems/d_pomeralia.dds\r"""
"MPE","MPE","3726274827","gfx/coat_of_arms/.gitignore:1:*","""gfx/coat_of_arms/textured_emblems/d_pomesanians.dds\r"""
"MPE","MPE","3726274827","gfx/coat_of_arms/.gitignore:1:*","""gfx/coat_of_arms/textured_emblems/d_pommerania.dds\r"""
"MPE","MPE","3726274827","gfx/coat_of_arms/.gitignore:1:*","""gfx/coat_of_arms/textured_emblems/d_pommeranians.dds\r"""
"MPE","MPE","3726274827","gfx/coat_of_arms/.gitignore:1:*","""gfx/coat_of_arms/textured_emblems/d_powys.dds\r"""
"MPE","MPE","3726274827","gfx/coat_of_arms/.gitignore:1:*","""gfx/coat_of_arms/textured_emblems/d_provence.dds\r"""
"MPE","MPE","3726274827","gfx/coat_of_arms/.gitignore:1:*","""gfx/coat_of_arms/textured_emblems/d_prussia.dds\r"""
"MPE","MPE","3726274827","gfx/coat_of_arms/.gitignore:1:*","""gfx/coat_of_arms/textured_emblems/d_pskov.dds\r"""
"MPE","MPE","3726274827","gfx/coat_of_arms/.gitignore:1:*","""gfx/coat_of_arms/textured_emblems/d_pyrenees.dds\r"""
"MPE","MPE","3726274827","gfx/coat_of_arms/.gitignore:1:*","""gfx/coat_of_arms/textured_emblems/d_racha.dds\r"""
"MPE","MPE","3726274827","gfx/coat_of_arms/.gitignore:1:*","""gfx/coat_of_arms/textured_emblems/d_ragusa.dds\r"""
"MPE","MPE","3726274827","gfx/coat_of_arms/.gitignore:1:*","""gfx/coat_of_arms/textured_emblems/d_rashka.dds\r"""
"MPE","MPE","3726274827","gfx/coat_of_arms/.gitignore:1:*","""gfx/coat_of_arms/textured_emblems/d_ratien.dds\r"""
"MPE","MPE","3726274827","gfx/coat_of_arms/.gitignore:1:*","""gfx/coat_of_arms/textured_emblems/d_ravenna.dds\r"""
"MPE","MPE","3726274827","gfx/coat_of_arms/.gitignore:1:*","""gfx/coat_of_arms/textured_emblems/d_rethel.dds\r"""
"MPE","MPE","3726274827","gfx/coat_of_arms/.gitignore:1:*","""gfx/coat_of_arms/textured_emblems/d_rheinfranken.dds\r"""
"MPE","MPE","3726274827","gfx/coat_of_arms/.gitignore:1:*","""gfx/coat_of_arms/textured_emblems/d_rhodos.dds\r"""
"MPE","MPE","3726274827","gfx/coat_of_arms/.gitignore:1:*","""gfx/coat_of_arms/textured_emblems/d_ribatejo.dds\r"""
"MPE","MPE","3726274827","gfx/coat_of_arms/.gitignore:1:*","""gfx/coat_of_arms/textured_emblems/d_rostov.dds\r"""
"MPE","MPE","3726274827","gfx/coat_of_arms/.gitignore:1:*","""gfx/coat_of_arms/textured_emblems/d_ryazan.dds\r"""
"MPE","MPE","3726274827","gfx/coat_of_arms/.gitignore:1:*","""gfx/coat_of_arms/textured_emblems/d_salamanca.dds\r"""
"MPE","MPE","3726274827","gfx/coat_of_arms/.gitignore:1:*","""gfx/coat_of_arms/textured_emblems/d_salerno.dds\r"""
"MPE","MPE","3726274827","gfx/coat_of_arms/.gitignore:1:*","""gfx/coat_of_arms/textured_emblems/d_sambians.dds\r"""
"MPE","MPE","3726274827","gfx/coat_of_arms/.gitignore:1:*","""gfx/coat_of_arms/textured_emblems/d_samogitia.dds\r"""
"MPE","MPE","3726274827","gfx/coat_of_arms/.gitignore:1:*","""gfx/coat_of_arms/textured_emblems/d_samos.dds\r"""
"MPE","MPE","3726274827","gfx/coat_of_arms/.gitignore:1:*","""gfx/coat_of_arms/textured_emblems/d_sandomierz.dds\r"""
"MPE","MPE","3726274827","gfx/coat_of_arms/.gitignore:1:*","""gfx/coat_of_arms/textured_emblems/d_sardinia.dds\r"""
"MPE","MPE","3726274827","gfx/coat_of_arms/.gitignore:1:*","""gfx/coat_of_arms/textured_emblems/d_sasnians.dds\r"""
"MPE","MPE","3726274827","gfx/coat_of_arms/.gitignore:1:*","""gfx/coat_of_arms/textured_emblems/d_savoie.dds\r"""
"MPE","MPE","3726274827","gfx/coat_of_arms/.gitignore:1:*","""gfx/coat_of_arms/textured_emblems/d_savona.dds\r"""
"MPE","MPE","3726274827","gfx/coat_of_arms/.gitignore:1:*","""gfx/coat_of_arms/textured_emblems/d_saxewittenberg.dds\r"""
"MPE","MPE","3726274827","gfx/coat_of_arms/.gitignore:1:*","""gfx/coat_of_arms/textured_emblems/d_scalovians.dds\r"""
"MPE","MPE","3726274827","gfx/coat_of_arms/.gitignore:1:*","""gfx/coat_of_arms/textured_emblems/d_sebasteia.dds\r"""
"MPE","MPE","3726274827","gfx/coat_of_arms/.gitignore:1:*","""gfx/coat_of_arms/textured_emblems/d_segovia.dds\r"""
"MPE","MPE","3726274827","gfx/coat_of_arms/.gitignore:1:*","""gfx/coat_of_arms/textured_emblems/d_seleucia.dds\r"""
"MPE","MPE","3726274827","gfx/coat_of_arms/.gitignore:1:*","""gfx/coat_of_arms/textured_emblems/d_seleukeia.dds\r"""
"MPE","MPE","3726274827","gfx/coat_of_arms/.gitignore:1:*","""gfx/coat_of_arms/textured_emblems/d_septimania.dds\r"""
"MPE","MPE","3726274827","gfx/coat_of_arms/.gitignore:1:*","""gfx/coat_of_arms/textured_emblems/d_sicily.dds\r"""
"MPE","MPE","3726274827","gfx/coat_of_arms/.gitignore:1:*","""gfx/coat_of_arms/textured_emblems/d_siena_republic.dds\r"""
"MPE","MPE","3726274827","gfx/coat_of_arms/.gitignore:1:*","""gfx/coat_of_arms/textured_emblems/d_siena.dds\r"""
"MPE","MPE","3726274827","gfx/coat_of_arms/.gitignore:1:*","""gfx/coat_of_arms/textured_emblems/d_silesia.dds\r"""
"MPE","MPE","3726274827","gfx/coat_of_arms/.gitignore:1:*","""gfx/coat_of_arms/textured_emblems/d_silesiaupper.dds\r"""
"MPE","MPE","3726274827","gfx/coat_of_arms/.gitignore:1:*","""gfx/coat_of_arms/textured_emblems/d_sjaelland.dds\r"""
"MPE","MPE","3726274827","gfx/coat_of_arms/.gitignore:1:*","""gfx/coat_of_arms/textured_emblems/d_skane.dds\r"""
"MPE","MPE","3726274827","gfx/coat_of_arms/.gitignore:1:*","""gfx/coat_of_arms/textured_emblems/d_slavonia.dds\r"""
"MPE","MPE","3726274827","gfx/coat_of_arms/.gitignore:1:*","""gfx/coat_of_arms/textured_emblems/d_slesvig.dds\r"""
"MPE","MPE","3726274827","gfx/coat_of_arms/.gitignore:1:*","""gfx/coat_of_arms/textured_emblems/d_smaland.dds\r"""
"MPE","MPE","3726274827","gfx/coat_of_arms/.gitignore:1:*","""gfx/coat_of_arms/textured_emblems/d_smolensk.dds\r"""
"MPE","MPE","3726274827","gfx/coat_of_arms/.gitignore:1:*","""gfx/coat_of_arms/textured_emblems/d_sodermandland.dds\r"""
"MPE","MPE","3726274827","gfx/coat_of_arms/.gitignore:1:*","""gfx/coat_of_arms/textured_emblems/d_somerset_norman.dds\r"""
"MPE","MPE","3726274827","gfx/coat_of_arms/.gitignore:1:*","""gfx/coat_of_arms/textured_emblems/d_somerset.dds\r"""
"MPE","MPE","3726274827","gfx/coat_of_arms/.gitignore:1:*","""gfx/coat_of_arms/textured_emblems/d_sorbs.dds\r"""
"MPE","MPE","3726274827","gfx/coat_of_arms/.gitignore:1:*","""gfx/coat_of_arms/textured_emblems/d_spoleto.dds\r"""
"MPE","MPE","3726274827","gfx/coat_of_arms/.gitignore:1:*","""gfx/coat_of_arms/textured_emblems/d_strathclyde.dds\r"""
"MPE","MPE","3726274827","gfx/coat_of_arms/.gitignore:1:*","""gfx/coat_of_arms/textured_emblems/d_strymon.dds\r"""
"MPE","MPE","3726274827","gfx/coat_of_arms/.gitignore:1:*","""gfx/coat_of_arms/textured_emblems/d_styria.dds\r"""
"MPE","MPE","3726274827","gfx/coat_of_arms/.gitignore:1:*","""gfx/coat_of_arms/textured_emblems/d_suenik.dds\r"""
"MPE","MPE","3726274827","gfx/coat_of_arms/.gitignore:1:*","""gfx/coat_of_arms/textured_emblems/d_sutherland.dds\r"""
"MPE","MPE","3726274827","gfx/coat_of_arms/.gitignore:1:*","""gfx/coat_of_arms/textured_emblems/d_syrmia.dds\r"""
"MPE","MPE","3726274827","gfx/coat_of_arms/.gitignore:1:*","""gfx/coat_of_arms/textured_emblems/d_taron.dds\r"""
"MPE","MPE","3726274827","gfx/coat_of_arms/.gitignore:1:*","""gfx/coat_of_arms/textured_emblems/d_teck.dds\r"""
"MPE","MPE","3726274827","gfx/coat_of_arms/.gitignore:1:*","""gfx/coat_of_arms/textured_emblems/d_teruel.dds\r"""
"MPE","MPE","3726274827","gfx/coat_of_arms/.gitignore:1:*","""gfx/coat_of_arms/textured_emblems/d_teutonic_order.dds\r"""
"MPE","MPE","3726274827","gfx/coat_of_arms/.gitignore:1:*","""gfx/coat_of_arms/textured_emblems/d_thessalia.dds\r"""
"MPE","MPE","3726274827","gfx/coat_of_arms/.gitignore:1:*","""gfx/coat_of_arms/textured_emblems/d_thessalonika.dds\r"""
"MPE","MPE","3726274827","gfx/coat_of_arms/.gitignore:1:*","""gfx/coat_of_arms/textured_emblems/d_thrace.dds\r"""
"MPE","MPE","3726274827","gfx/coat_of_arms/.gitignore:1:*","""gfx/coat_of_arms/textured_emblems/d_thracesia.dds\r"""
"MPE","MPE","3726274827","gfx/coat_of_arms/.gitignore:1:*","""gfx/coat_of_arms/textured_emblems/d_thuringia.dds\r"""
"MPE","MPE","3726274827","gfx/coat_of_arms/.gitignore:1:*","""gfx/coat_of_arms/textured_emblems/d_tmutarakan.dds\r"""
"MPE","MPE","3726274827","gfx/coat_of_arms/.gitignore:1:*","""gfx/coat_of_arms/textured_emblems/d_toledo.dds\r"""
"MPE","MPE","3726274827","gfx/coat_of_arms/.gitignore:1:*","""gfx/coat_of_arms/textured_emblems/d_toropec.dds\r"""
"MPE","MPE","3726274827","gfx/coat_of_arms/.gitignore:1:*","""gfx/coat_of_arms/textured_emblems/d_toscana.dds\r"""
"MPE","MPE","3726274827","gfx/coat_of_arms/.gitignore:1:*","""gfx/coat_of_arms/textured_emblems/d_toulouse.dds\r"""
"MPE","MPE","3726274827","gfx/coat_of_arms/.gitignore:1:*","""gfx/coat_of_arms/textured_emblems/d_trakai.dds\r"""
"MPE","MPE","3726274827","gfx/coat_of_arms/.gitignore:1:*","""gfx/coat_of_arms/textured_emblems/d_transylvania.dds\r"""
"MPE","MPE","3726274827","gfx/coat_of_arms/.gitignore:1:*","""gfx/coat_of_arms/textured_emblems/d_trebizond.dds\r"""
"MPE","MPE","3726274827","gfx/coat_of_arms/.gitignore:1:*","""gfx/coat_of_arms/textured_emblems/d_trent.dds\r"""
"MPE","MPE","3726274827","gfx/coat_of_arms/.gitignore:1:*","""gfx/coat_of_arms/textured_emblems/d_trier.dds\r"""
"MPE","MPE","3726274827","gfx/coat_of_arms/.gitignore:1:*","""gfx/coat_of_arms/textured_emblems/d_tripoli.dds\r"""
"MPE","MPE","3726274827","gfx/coat_of_arms/.gitignore:1:*","""gfx/coat_of_arms/textured_emblems/d_trondelag.dds\r"""
"MPE","MPE","3726274827","gfx/coat_of_arms/.gitignore:1:*","""gfx/coat_of_arms/textured_emblems/d_tubingen.dds\r"""
"MPE","MPE","3726274827","gfx/coat_of_arms/.gitignore:1:*","""gfx/coat_of_arms/textured_emblems/d_turnovo.dds\r"""
"MPE","MPE","3726274827","gfx/coat_of_arms/.gitignore:1:*","""gfx/coat_of_arms/textured_emblems/d_turov.dds\r"""
"MPE","MPE","3726274827","gfx/coat_of_arms/.gitignore:1:*","""gfx/coat_of_arms/textured_emblems/d_tver.dds\r"""
"MPE","MPE","3726274827","gfx/coat_of_arms/.gitignore:1:*","""gfx/coat_of_arms/textured_emblems/d_tyrol.dds\r"""
"MPE","MPE","3726274827","gfx/coat_of_arms/.gitignore:1:*","""gfx/coat_of_arms/textured_emblems/d_ulster.dds\r"""
"MPE","MPE","3726274827","gfx/coat_of_arms/.gitignore:1:*","""gfx/coat_of_arms/textured_emblems/d_ungvar.dds\r"""
"MPE","MPE","3726274827","gfx/coat_of_arms/.gitignore:1:*","""gfx/coat_of_arms/textured_emblems/d_upper_brittany.dds\r"""
"MPE","MPE","3726274827","gfx/coat_of_arms/.gitignore:1:*","""gfx/coat_of_arms/textured_emblems/d_upper_burgundy.dds\r"""
"MPE","MPE","3726274827","gfx/coat_of_arms/.gitignore:1:*","""gfx/coat_of_arms/textured_emblems/d_upper_lorraine.dds\r"""
"MPE","MPE","3726274827","gfx/coat_of_arms/.gitignore:1:*","""gfx/coat_of_arms/textured_emblems/d_uppland.dds\r"""
"MPE","MPE","3726274827","gfx/coat_of_arms/.gitignore:1:*","""gfx/coat_of_arms/textured_emblems/d_urbino.dds\r"""
"MPE","MPE","3726274827","gfx/coat_of_arms/.gitignore:1:*","""gfx/coat_of_arms/textured_emblems/d_urgell.dds\r"""
"MPE","MPE","3726274827","gfx/coat_of_arms/.gitignore:1:*","""gfx/coat_of_arms/textured_emblems/d_usora_i_soli.dds\r"""
"MPE","MPE","3726274827","gfx/coat_of_arms/.gitignore:1:*","""gfx/coat_of_arms/textured_emblems/d_utrecht.dds\r"""
"MPE","MPE","3726274827","gfx/coat_of_arms/.gitignore:1:*","""gfx/coat_of_arms/textured_emblems/d_valencia.dds\r"""
"MPE","MPE","3726274827","gfx/coat_of_arms/.gitignore:1:*","""gfx/coat_of_arms/textured_emblems/d_valois.dds\r"""
"MPE","MPE","3726274827","gfx/coat_of_arms/.gitignore:1:*","""gfx/coat_of_arms/textured_emblems/d_vanand.dds\r"""
"MPE","MPE","3726274827","gfx/coat_of_arms/.gitignore:1:*","""gfx/coat_of_arms/textured_emblems/d_vaspurakan.dds\r"""
"MPE","MPE","3726274827","gfx/coat_of_arms/.gitignore:1:*","""gfx/coat_of_arms/textured_emblems/d_vastergotland.dds\r"""
"MPE","MPE","3726274827","gfx/coat_of_arms/.gitignore:1:*","""gfx/coat_of_arms/textured_emblems/d_venice.dds\r"""
"MPE","MPE","3726274827","gfx/coat_of_arms/.gitignore:1:*","""gfx/coat_of_arms/textured_emblems/d_venosa.dds\r"""
"MPE","MPE","3726274827","gfx/coat_of_arms/.gitignore:1:*","""gfx/coat_of_arms/textured_emblems/d_verona_republic.dds\r"""
"MPE","MPE","3726274827","gfx/coat_of_arms/.gitignore:1:*","""gfx/coat_of_arms/textured_emblems/d_verona.dds\r"""
"MPE","MPE","3726274827","gfx/coat_of_arms/.gitignore:1:*","""gfx/coat_of_arms/textured_emblems/d_vestlandet.dds\r"""
"MPE","MPE","3726274827","gfx/coat_of_arms/.gitignore:1:*","""gfx/coat_of_arms/textured_emblems/d_vidin.dds\r"""
"MPE","MPE","3726274827","gfx/coat_of_arms/.gitignore:1:*","""gfx/coat_of_arms/textured_emblems/d_vladimir.dds\r"""
"MPE","MPE","3726274827","gfx/coat_of_arms/.gitignore:1:*","""gfx/coat_of_arms/textured_emblems/d_volhynia.dds\r"""
"MPE","MPE","3726274827","gfx/coat_of_arms/.gitignore:1:*","""gfx/coat_of_arms/textured_emblems/d_volhynians.dds\r"""
"MPE","MPE","3726274827","gfx/coat_of_arms/.gitignore:1:*","""gfx/coat_of_arms/textured_emblems/d_vorksla.dds\r"""
"MPE","MPE","3726274827","gfx/coat_of_arms/.gitignore:1:*","""gfx/coat_of_arms/textured_emblems/d_wagria.dds\r"""
"MPE","MPE","3726274827","gfx/coat_of_arms/.gitignore:1:*","""gfx/coat_of_arms/textured_emblems/d_wallachia.dds\r"""
"MPE","MPE","3726274827","gfx/coat_of_arms/.gitignore:1:*","""gfx/coat_of_arms/textured_emblems/d_warmians.dds\r"""
"MPE","MPE","3726274827","gfx/coat_of_arms/.gitignore:1:*","""gfx/coat_of_arms/textured_emblems/d_western_isles.dds\r"""
"MPE","MPE","3726274827","gfx/coat_of_arms/.gitignore:1:*","""gfx/coat_of_arms/textured_emblems/d_westfalen.dds\r"""
"MPE","MPE","3726274827","gfx/coat_of_arms/.gitignore:1:*","""gfx/coat_of_arms/textured_emblems/d_yatviags.dds\r"""
"MPE","MPE","3726274827","gfx/coat_of_arms/.gitignore:1:*","""gfx/coat_of_arms/textured_emblems/d_york_norman.dds\r"""
"MPE","MPE","3726274827","gfx/coat_of_arms/.gitignore:1:*","""gfx/coat_of_arms/textured_emblems/d_york.dds\r"""
"MPE","MPE","3726274827","gfx/coat_of_arms/.gitignore:1:*","""gfx/coat_of_arms/textured_emblems/d_zahringen.dds\r"""
"MPE","MPE","3726274827","gfx/coat_of_arms/.gitignore:1:*","""gfx/coat_of_arms/textured_emblems/d_zaragoza.dds\r"""
"MPE","MPE","3726274827","gfx/coat_of_arms/.gitignore:1:*","""gfx/coat_of_arms/textured_emblems/dasel.dds\r"""
"MPE","MPE","3726274827","gfx/coat_of_arms/.gitignore:1:*","""gfx/coat_of_arms/textured_emblems/demetz.dds\r"""
"MPE","MPE","3726274827","gfx/coat_of_arms/.gitignore:1:*","""gfx/coat_of_arms/textured_emblems/dilling.dds\r"""
"MPE","MPE","3726274827","gfx/coat_of_arms/.gitignore:1:*","""gfx/coat_of_arms/textured_emblems/doria.dds\r"""
"MPE","MPE","3726274827","gfx/coat_of_arms/.gitignore:1:*","""gfx/coat_of_arms/textured_emblems/dreux.dds\r"""
"MPE","MPE","3726274827","gfx/coat_of_arms/.gitignore:1:*","""gfx/coat_of_arms/textured_emblems/dulo.dds\r"""
"MPE","MPE","3726274827","gfx/coat_of_arms/.gitignore:1:*","""gfx/coat_of_arms/textured_emblems/dunbar.dds\r"""
"MPE","MPE","3726274827","gfx/coat_of_arms/.gitignore:1:*","""gfx/coat_of_arms/textured_emblems/e_bulgaria.dds\r"""
"MPE","MPE","3726274827","gfx/coat_of_arms/.gitignore:1:*","""gfx/coat_of_arms/textured_emblems/e_byzantium.dds\r"""
"MPE","MPE","3726274827","gfx/coat_of_arms/.gitignore:1:*","""gfx/coat_of_arms/textured_emblems/e_chagatai.dds\r"""
"MPE","MPE","3726274827","gfx/coat_of_arms/.gitignore:1:*","""gfx/coat_of_arms/textured_emblems/e_china_yuan.dds\r"""
"MPE","MPE","3726274827","gfx/coat_of_arms/.gitignore:1:*","""gfx/coat_of_arms/textured_emblems/e_golden_horde.dds\r"""
"MPE","MPE","3726274827","gfx/coat_of_arms/.gitignore:1:*","""gfx/coat_of_arms/textured_emblems/e_il-khanate.dds\r"""
"MPE","MPE","3726274827","gfx/coat_of_arms/.gitignore:1:*","""gfx/coat_of_arms/textured_emblems/e_latin_empire.dds\r"""
"MPE","MPE","3726274827","gfx/coat_of_arms/.gitignore:1:*","""gfx/coat_of_arms/textured_emblems/e_mongol_empire.dds\r"""
"MPE","MPE","3726274827","gfx/coat_of_arms/.gitignore:1:*","""gfx/coat_of_arms/textured_emblems/e_poland_lithuania.dds\r"""
"MPE","MPE","3726274827","gfx/coat_of_arms/.gitignore:1:*","""gfx/coat_of_arms/textured_emblems/eberstein.dds\r"""
"MPE","MPE","3726274827","gfx/coat_of_arms/.gitignore:1:*","""gfx/coat_of_arms/textured_emblems/enreux.dds\r"""
"MPE","MPE","3726274827","gfx/coat_of_arms/.gitignore:1:*","""gfx/coat_of_arms/textured_emblems/eppenstein.dds\r"""
"MPE","MPE","3726274827","gfx/coat_of_arms/.gitignore:1:*","""gfx/coat_of_arms/textured_emblems/erik.dds\r"""
"MPE","MPE","3726274827","gfx/coat_of_arms/.gitignore:1:*","""gfx/coat_of_arms/textured_emblems/este.dds\r"""
"MPE","MPE","3726274827","gfx/coat_of_arms/.gitignore:1:*","""gfx/coat_of_arms/textured_emblems/estrid.dds\r"""
"MPE","MPE","3726274827","gfx/coat_of_arms/.gitignore:1:*","""gfx/coat_of_arms/textured_emblems/etenca.dds\r"""
"MPE","MPE","3726274827","gfx/coat_of_arms/.gitignore:1:*","""gfx/coat_of_arms/textured_emblems/etichonen.dds\r"""
"MPE","MPE","3726274827","gfx/coat_of_arms/.gitignore:1:*","""gfx/coat_of_arms/textured_emblems/finsta.dds\r"""
"MPE","MPE","3726274827","gfx/coat_of_arms/.gitignore:1:*","""gfx/coat_of_arms/textured_emblems/flamens.dds\r"""
"MPE","MPE","3726274827","gfx/coat_of_arms/.gitignore:1:*","""gfx/coat_of_arms/textured_emblems/flanders.dds\r"""
"MPE","MPE","3726274827","gfx/coat_of_arms/.gitignore:1:*","""gfx/coat_of_arms/textured_emblems/formbach.dds\r"""
"MPE","MPE","3726274827","gfx/coat_of_arms/.gitignore:1:*","""gfx/coat_of_arms/textured_emblems/gediminaitis.dds\r"""
"MPE","MPE","3726274827","gfx/coat_of_arms/.gitignore:1:*","""gfx/coat_of_arms/textured_emblems/geneve.dds\r"""
"MPE","MPE","3726274827","gfx/coat_of_arms/.gitignore:1:*","""gfx/coat_of_arms/textured_emblems/godwin.dds\r"""
"MPE","MPE","3726274827","gfx/coat_of_arms/.gitignore:1:*","""gfx/coat_of_arms/textured_emblems/grip.dds\r"""
"MPE","MPE","3726274827","gfx/coat_of_arms/.gitignore:1:*","""gfx/coat_of_arms/textured_emblems/gryfita.dds\r"""
"MPE","MPE","3726274827","gfx/coat_of_arms/.gitignore:1:*","""gfx/coat_of_arms/textured_emblems/guide.dds\r"""
"MPE","MPE","3726274827","gfx/coat_of_arms/.gitignore:1:*","""gfx/coat_of_arms/textured_emblems/hab_eagle.dds\r"""
"MPE","MPE","3726274827","gfx/coat_of_arms/.gitignore:1:*","""gfx/coat_of_arms/textured_emblems/hapsburg.dds\r"""
"MPE","MPE","3726274827","gfx/coat_of_arms/.gitignore:1:*","""gfx/coat_of_arms/textured_emblems/helfen.dds\r"""
"MPE","MPE","3726274827","gfx/coat_of_arms/.gitignore:1:*","""gfx/coat_of_arms/textured_emblems/hessen.dds\r"""
"MPE","MPE","3726274827","gfx/coat_of_arms/.gitignore:1:*","""gfx/coat_of_arms/textured_emblems/hetoumi.dds\r"""
"MPE","MPE","3726274827","gfx/coat_of_arms/.gitignore:1:*","""gfx/coat_of_arms/textured_emblems/hiort.dds\r"""
"MPE","MPE","3726274827","gfx/coat_of_arms/.gitignore:1:*","""gfx/coat_of_arms/textured_emblems/hohenloe.dds\r"""
"MPE","MPE","3726274827","gfx/coat_of_arms/.gitignore:1:*","""gfx/coat_of_arms/textured_emblems/hohenzollern.dds\r"""
"MPE","MPE","3726274827","gfx/coat_of_arms/.gitignore:1:*","""gfx/coat_of_arms/textured_emblems/horn.dds\r"""
"MPE","MPE","3726274827","gfx/coat_of_arms/.gitignore:1:*","""gfx/coat_of_arms/textured_emblems/hoya.dds\r"""
"MPE","MPE","3726274827","gfx/coat_of_arms/.gitignore:1:*","""gfx/coat_of_arms/textured_emblems/hwicce.dds\r"""
"MPE","MPE","3726274827","gfx/coat_of_arms/.gitignore:1:*","""gfx/coat_of_arms/textured_emblems/iniga.dds\r"""
"MPE","MPE","3726274827","gfx/coat_of_arms/.gitignore:1:*","""gfx/coat_of_arms/textured_emblems/jimena.dds\r"""
"MPE","MPE","3726274827","gfx/coat_of_arms/.gitignore:1:*","""gfx/coat_of_arms/textured_emblems/julich.dds\r"""
"MPE","MPE","3726274827","gfx/coat_of_arms/.gitignore:1:*","""gfx/coat_of_arms/textured_emblems/k_abkhazia.dds\r"""
"MPE","MPE","3726274827","gfx/coat_of_arms/.gitignore:1:*","""gfx/coat_of_arms/textured_emblems/k_abyssinia.dds\r"""
"MPE","MPE","3726274827","gfx/coat_of_arms/.gitignore:1:*","""gfx/coat_of_arms/textured_emblems/k_alodia.dds\r"""
"MPE","MPE","3726274827","gfx/coat_of_arms/.gitignore:1:*","""gfx/coat_of_arms/textured_emblems/k_anatolia.dds\r"""
"MPE","MPE","3726274827","gfx/coat_of_arms/.gitignore:1:*","""gfx/coat_of_arms/textured_emblems/k_andalusia.dds\r"""
"MPE","MPE","3726274827","gfx/coat_of_arms/.gitignore:1:*","""gfx/coat_of_arms/textured_emblems/k_antioch.dds\r"""
"MPE","MPE","3726274827","gfx/coat_of_arms/.gitignore:1:*","""gfx/coat_of_arms/textured_emblems/k_aragon.dds\r"""
"MPE","MPE","3726274827","gfx/coat_of_arms/.gitignore:1:*","""gfx/coat_of_arms/textured_emblems/k_armenia_minor.dds\r"""
"MPE","MPE","3726274827","gfx/coat_of_arms/.gitignore:1:*","""gfx/coat_of_arms/textured_emblems/k_armenia.dds\r"""
"MPE","MPE","3726274827","gfx/coat_of_arms/.gitignore:1:*","""gfx/coat_of_arms/textured_emblems/k_avaria.dds\r"""
"MPE","MPE","3726274827","gfx/coat_of_arms/.gitignore:1:*","""gfx/coat_of_arms/textured_emblems/k_badajoz.dds\r"""
"MPE","MPE","3726274827","gfx/coat_of_arms/.gitignore:1:*","""gfx/coat_of_arms/textured_emblems/k_bavaria.dds\r"""
"MPE","MPE","3726274827","gfx/coat_of_arms/.gitignore:1:*","""gfx/coat_of_arms/textured_emblems/k_bohemia.dds\r"""
"MPE","MPE","3726274827","gfx/coat_of_arms/.gitignore:1:*","""gfx/coat_of_arms/textured_emblems/k_brittany.dds\r"""
"MPE","MPE","3726274827","gfx/coat_of_arms/.gitignore:1:*","""gfx/coat_of_arms/textured_emblems/k_bulgaria.dds\r"""
"MPE","MPE","3726274827","gfx/coat_of_arms/.gitignore:1:*","""gfx/coat_of_arms/textured_emblems/k_burgundy.dds\r"""
"MPE","MPE","3726274827","gfx/coat_of_arms/.gitignore:1:*","""gfx/coat_of_arms/textured_emblems/k_carinthia.dds\r"""
"MPE","MPE","3726274827","gfx/coat_of_arms/.gitignore:1:*","""gfx/coat_of_arms/textured_emblems/k_castille.dds\r"""
"MPE","MPE","3726274827","gfx/coat_of_arms/.gitignore:1:*","""gfx/coat_of_arms/textured_emblems/k_caucasus.dds\r"""
"MPE","MPE","3726274827","gfx/coat_of_arms/.gitignore:1:*","""gfx/coat_of_arms/textured_emblems/k_cilician.dds\r"""
"MPE","MPE","3726274827","gfx/coat_of_arms/.gitignore:1:*","""gfx/coat_of_arms/textured_emblems/k_croatia.dds\r"""
"MPE","MPE","3726274827","gfx/coat_of_arms/.gitignore:1:*","""gfx/coat_of_arms/textured_emblems/k_daylam.dds\r"""
"MPE","MPE","3726274827","gfx/coat_of_arms/.gitignore:1:*","""gfx/coat_of_arms/textured_emblems/k_duklja.dds\r"""
"MPE","MPE","3726274827","gfx/coat_of_arms/.gitignore:1:*","""gfx/coat_of_arms/textured_emblems/k_east_anglia.dds\r"""
"MPE","MPE","3726274827","gfx/coat_of_arms/.gitignore:1:*","""gfx/coat_of_arms/textured_emblems/k_egypt.dds\r"""
"MPE","MPE","3726274827","gfx/coat_of_arms/.gitignore:1:*","""gfx/coat_of_arms/textured_emblems/k_emf_barcelona_aragon.dds\r"""
"MPE","MPE","3726274827","gfx/coat_of_arms/.gitignore:1:*","""gfx/coat_of_arms/textured_emblems/k_emf_norman_england.dds\r"""
"MPE","MPE","3726274827","gfx/coat_of_arms/.gitignore:1:*","""gfx/coat_of_arms/textured_emblems/k_emf_saxon_england.dds\r"""
"MPE","MPE","3726274827","gfx/coat_of_arms/.gitignore:1:*","""gfx/coat_of_arms/textured_emblems/k_epirus.dds\r"""
"MPE","MPE","3726274827","gfx/coat_of_arms/.gitignore:1:*","""gfx/coat_of_arms/textured_emblems/k_flanders.dds\r"""
"MPE","MPE","3726274827","gfx/coat_of_arms/.gitignore:1:*","""gfx/coat_of_arms/textured_emblems/k_france.dds\r"""
"MPE","MPE","3726274827","gfx/coat_of_arms/.gitignore:1:*","""gfx/coat_of_arms/textured_emblems/k_frisia.dds\r"""
"MPE","MPE","3726274827","gfx/coat_of_arms/.gitignore:1:*","""gfx/coat_of_arms/textured_emblems/k_geats.dds\r"""
"MPE","MPE","3726274827","gfx/coat_of_arms/.gitignore:1:*","""gfx/coat_of_arms/textured_emblems/k_genoa.dds\r"""
"MPE","MPE","3726274827","gfx/coat_of_arms/.gitignore:1:*","""gfx/coat_of_arms/textured_emblems/k_hellas.dds\r"""
"MPE","MPE","3726274827","gfx/coat_of_arms/.gitignore:1:*","""gfx/coat_of_arms/textured_emblems/k_iberia.dds\r"""
"MPE","MPE","3726274827","gfx/coat_of_arms/.gitignore:1:*","""gfx/coat_of_arms/textured_emblems/k_imereti.dds\r"""
"MPE","MPE","3726274827","gfx/coat_of_arms/.gitignore:1:*","""gfx/coat_of_arms/textured_emblems/k_italy.dds\r"""
"MPE","MPE","3726274827","gfx/coat_of_arms/.gitignore:1:*","""gfx/coat_of_arms/textured_emblems/k_jorvik.dds\r"""
"MPE","MPE","3726274827","gfx/coat_of_arms/.gitignore:1:*","""gfx/coat_of_arms/textured_emblems/k_kafarestan.dds\r"""
"MPE","MPE","3726274827","gfx/coat_of_arms/.gitignore:1:*","""gfx/coat_of_arms/textured_emblems/k_kakheti.dds\r"""
"MPE","MPE","3726274827","gfx/coat_of_arms/.gitignore:1:*","""gfx/coat_of_arms/textured_emblems/k_khorasan.dds\r"""
"MPE","MPE","3726274827","gfx/coat_of_arms/.gitignore:1:*","""gfx/coat_of_arms/textured_emblems/k_leon.dds\r"""
"MPE","MPE","3726274827","gfx/coat_of_arms/.gitignore:1:*","""gfx/coat_of_arms/textured_emblems/k_lithuania.dds\r"""
"MPE","MPE","3726274827","gfx/coat_of_arms/.gitignore:1:*","""gfx/coat_of_arms/textured_emblems/k_lombard_league.dds\r"""
"MPE","MPE","3726274827","gfx/coat_of_arms/.gitignore:1:*","""gfx/coat_of_arms/textured_emblems/k_lombardy.dds\r"""
"MPE","MPE","3726274827","gfx/coat_of_arms/.gitignore:1:*","""gfx/coat_of_arms/textured_emblems/k_lotharingia.dds\r"""
"MPE","MPE","3726274827","gfx/coat_of_arms/.gitignore:1:*","""gfx/coat_of_arms/textured_emblems/k_lower_lorraine.dds\r"""
"MPE","MPE","3726274827","gfx/coat_of_arms/.gitignore:1:*","""gfx/coat_of_arms/textured_emblems/k_magyar.dds\r"""
"MPE","MPE","3726274827","gfx/coat_of_arms/.gitignore:1:*","""gfx/coat_of_arms/textured_emblems/k_maikelebahr.dds\r"""
"MPE","MPE","3726274827","gfx/coat_of_arms/.gitignore:1:*","""gfx/coat_of_arms/textured_emblems/k_makuria.dds\r"""
"MPE","MPE","3726274827","gfx/coat_of_arms/.gitignore:1:*","""gfx/coat_of_arms/textured_emblems/k_mercia.dds\r"""
"MPE","MPE","3726274827","gfx/coat_of_arms/.gitignore:1:*","""gfx/coat_of_arms/textured_emblems/k_mesopotamia.dds\r"""
"MPE","MPE","3726274827","gfx/coat_of_arms/.gitignore:1:*","""gfx/coat_of_arms/textured_emblems/k_moravia.dds\r"""
"MPE","MPE","3726274827","gfx/coat_of_arms/.gitignore:1:*","""gfx/coat_of_arms/textured_emblems/k_naples.dds\r"""
"MPE","MPE","3726274827","gfx/coat_of_arms/.gitignore:1:*","""gfx/coat_of_arms/textured_emblems/k_navarra.dds\r"""
"MPE","MPE","3726274827","gfx/coat_of_arms/.gitignore:1:*","""gfx/coat_of_arms/textured_emblems/k_nikaea.dds\r"""
"MPE","MPE","3726274827","gfx/coat_of_arms/.gitignore:1:*","""gfx/coat_of_arms/textured_emblems/k_northumbria.dds\r"""
"MPE","MPE","3726274827","gfx/coat_of_arms/.gitignore:1:*","""gfx/coat_of_arms/textured_emblems/k_norway.dds\r"""
"MPE","MPE","3726274827","gfx/coat_of_arms/.gitignore:1:*","""gfx/coat_of_arms/textured_emblems/k_papal_state.dds\r"""
"MPE","MPE","3726274827","gfx/coat_of_arms/.gitignore:1:*","""gfx/coat_of_arms/textured_emblems/k_pechenegs.dds\r"""
"MPE","MPE","3726274827","gfx/coat_of_arms/.gitignore:1:*","""gfx/coat_of_arms/textured_emblems/k_perm.dds\r"""
"MPE","MPE","3726274827","gfx/coat_of_arms/.gitignore:1:*","""gfx/coat_of_arms/textured_emblems/k_pisa.dds\r"""
"MPE","MPE","3726274827","gfx/coat_of_arms/.gitignore:1:*","""gfx/coat_of_arms/textured_emblems/k_poland.dds\r"""
"MPE","MPE","3726274827","gfx/coat_of_arms/.gitignore:1:*","""gfx/coat_of_arms/textured_emblems/k_pomerania.dds\r"""
"MPE","MPE","3726274827","gfx/coat_of_arms/.gitignore:1:*","""gfx/coat_of_arms/textured_emblems/k_romagna.dds\r"""
"MPE","MPE","3726274827","gfx/coat_of_arms/.gitignore:1:*","""gfx/coat_of_arms/textured_emblems/k_ruthenia.dds\r"""
"MPE","MPE","3726274827","gfx/coat_of_arms/.gitignore:1:*","""gfx/coat_of_arms/textured_emblems/k_salerno.dds\r"""
"MPE","MPE","3726274827","gfx/coat_of_arms/.gitignore:1:*","""gfx/coat_of_arms/textured_emblems/k_sardinia.dds\r"""
"MPE","MPE","3726274827","gfx/coat_of_arms/.gitignore:1:*","""gfx/coat_of_arms/textured_emblems/k_saxony.dds\r"""
"MPE","MPE","3726274827","gfx/coat_of_arms/.gitignore:1:*","""gfx/coat_of_arms/textured_emblems/k_serbia.dds\r"""
"MPE","MPE","3726274827","gfx/coat_of_arms/.gitignore:1:*","""gfx/coat_of_arms/textured_emblems/k_shirvan.dds\r"""
"MPE","MPE","3726274827","gfx/coat_of_arms/.gitignore:1:*","""gfx/coat_of_arms/textured_emblems/k_sicily.dds\r"""
"MPE","MPE","3726274827","gfx/coat_of_arms/.gitignore:1:*","""gfx/coat_of_arms/textured_emblems/k_sistan.dds\r"""
"MPE","MPE","3726274827","gfx/coat_of_arms/.gitignore:1:*","""gfx/coat_of_arms/textured_emblems/k_spanish_galicia.dds\r"""
"MPE","MPE","3726274827","gfx/coat_of_arms/.gitignore:1:*","""gfx/coat_of_arms/textured_emblems/k_strathclyde.dds\r"""
"MPE","MPE","3726274827","gfx/coat_of_arms/.gitignore:1:*","""gfx/coat_of_arms/textured_emblems/k_swabia.dds\r"""
"MPE","MPE","3726274827","gfx/coat_of_arms/.gitignore:1:*","""gfx/coat_of_arms/textured_emblems/k_trinacria.dds\r"""
"MPE","MPE","3726274827","gfx/coat_of_arms/.gitignore:1:*","""gfx/coat_of_arms/textured_emblems/k_tuscan_league.dds\r"""
"MPE","MPE","3726274827","gfx/coat_of_arms/.gitignore:1:*","""gfx/coat_of_arms/textured_emblems/k_upper_lorraine.dds\r"""
"MPE","MPE","3726274827","gfx/coat_of_arms/.gitignore:1:*","""gfx/coat_of_arms/textured_emblems/k_valencia.dds\r"""
"MPE","MPE","3726274827","gfx/coat_of_arms/.gitignore:1:*","""gfx/coat_of_arms/textured_emblems/k_vaspurakan.dds\r"""
"MPE","MPE","3726274827","gfx/coat_of_arms/.gitignore:1:*","""gfx/coat_of_arms/textured_emblems/k_venice.dds\r"""
"MPE","MPE","3726274827","gfx/coat_of_arms/.gitignore:1:*","""gfx/coat_of_arms/textured_emblems/k_wales.dds\r"""
"MPE","MPE","3726274827","gfx/coat_of_arms/.gitignore:1:*","""gfx/coat_of_arms/textured_emblems/k_wallachia.dds\r"""
"MPE","MPE","3726274827","gfx/coat_of_arms/.gitignore:1:*","""gfx/coat_of_arms/textured_emblems/k_wessex.dds\r"""
"MPE","MPE","3726274827","gfx/coat_of_arms/.gitignore:1:*","""gfx/coat_of_arms/textured_emblems/k_white_ruthenia.dds\r"""
"MPE","MPE","3726274827","gfx/coat_of_arms/.gitignore:1:*","""gfx/coat_of_arms/textured_emblems/karen.dds\r"""
"MPE","MPE","3726274827","gfx/coat_of_arms/.gitignore:1:*","""gfx/coat_of_arms/textured_emblems/karling.dds\r"""
"MPE","MPE","3726274827","gfx/coat_of_arms/.gitignore:1:*","""gfx/coat_of_arms/textured_emblems/kernev.dds\r"""
"MPE","MPE","3726274827","gfx/coat_of_arms/.gitignore:1:*","""gfx/coat_of_arms/textured_emblems/kleve.dds\r"""
"MPE","MPE","3726274827","gfx/coat_of_arms/.gitignore:1:*","""gfx/coat_of_arms/textured_emblems/komn.dds\r"""
"MPE","MPE","3726274827","gfx/coat_of_arms/.gitignore:1:*","""gfx/coat_of_arms/textured_emblems/konrad.dds\r"""
"MPE","MPE","3726274827","gfx/coat_of_arms/.gitignore:1:*","""gfx/coat_of_arms/textured_emblems/kotro.dds\r"""
"MPE","MPE","3726274827","gfx/coat_of_arms/.gitignore:1:*","""gfx/coat_of_arms/textured_emblems/krabbe.dds\r"""
"MPE","MPE","3726274827","gfx/coat_of_arms/.gitignore:1:*","""gfx/coat_of_arms/textured_emblems/kviri.dds\r"""
"MPE","MPE","3726274827","gfx/coat_of_arms/.gitignore:1:*","""gfx/coat_of_arms/textured_emblems/kyburg.dds\r"""
"MPE","MPE","3726274827","gfx/coat_of_arms/.gitignore:1:*","""gfx/coat_of_arms/textured_emblems/lara.dds\r"""
"MPE","MPE","3726274827","gfx/coat_of_arms/.gitignore:1:*","""gfx/coat_of_arms/textured_emblems/lippe.dds\r"""
"MPE","MPE","3726274827","gfx/coat_of_arms/.gitignore:1:*","""gfx/coat_of_arms/textured_emblems/loon.dds\r"""
"MPE","MPE","3726274827","gfx/coat_of_arms/.gitignore:1:*","""gfx/coat_of_arms/textured_emblems/ludofinger.dds\r"""
"MPE","MPE","3726274827","gfx/coat_of_arms/.gitignore:1:*","""gfx/coat_of_arms/textured_emblems/lusignan.dds\r"""
"MPE","MPE","3726274827","gfx/coat_of_arms/.gitignore:1:*","""gfx/coat_of_arms/textured_emblems/luxem.dds\r"""
"MPE","MPE","3726274827","gfx/coat_of_arms/.gitignore:1:*","""gfx/coat_of_arms/textured_emblems/lyon.dds\r"""
"MPE","MPE","3726274827","gfx/coat_of_arms/.gitignore:1:*","""gfx/coat_of_arms/textured_emblems/makedon.dds\r"""
"MPE","MPE","3726274827","gfx/coat_of_arms/.gitignore:1:*","""gfx/coat_of_arms/textured_emblems/malaspina.dds\r"""
"MPE","MPE","3726274827","gfx/coat_of_arms/.gitignore:1:*","""gfx/coat_of_arms/textured_emblems/mamikon.dds\r"""
"MPE","MPE","3726274827","gfx/coat_of_arms/.gitignore:1:*","""gfx/coat_of_arms/textured_emblems/mandeville.dds\r"""
"MPE","MPE","3726274827","gfx/coat_of_arms/.gitignore:1:*","""gfx/coat_of_arms/textured_emblems/marse.dds\r"""
"MPE","MPE","3726274827","gfx/coat_of_arms/.gitignore:1:*","""gfx/coat_of_arms/textured_emblems/melis.dds\r"""
"MPE","MPE","3726274827","gfx/coat_of_arms/.gitignore:1:*","""gfx/coat_of_arms/textured_emblems/metz.dds\r"""
"MPE","MPE","3726274827","gfx/coat_of_arms/.gitignore:1:*","""gfx/coat_of_arms/textured_emblems/mojmirid.dds\r"""
"MPE","MPE","3726274827","gfx/coat_of_arms/.gitignore:1:*","""gfx/coat_of_arms/textured_emblems/montfau.dds\r"""
"MPE","MPE","3726274827","gfx/coat_of_arms/.gitignore:1:*","""gfx/coat_of_arms/textured_emblems/montgom.dds\r"""
"MPE","MPE","3726274827","gfx/coat_of_arms/.gitignore:1:*","""gfx/coat_of_arms/textured_emblems/namur.dds\r"""
"MPE","MPE","3726274827","gfx/coat_of_arms/.gitignore:1:*","""gfx/coat_of_arms/textured_emblems/nassau.dds\r"""
"MPE","MPE","3726274827","gfx/coat_of_arms/.gitignore:1:*","""gfx/coat_of_arms/textured_emblems/neman.dds\r"""
"MPE","MPE","3726274827","gfx/coat_of_arms/.gitignore:1:*","""gfx/coat_of_arms/textured_emblems/pagh.dds\r"""
"MPE","MPE","3726274827","gfx/coat_of_arms/.gitignore:1:*","""gfx/coat_of_arms/textured_emblems/palaig.dds\r"""
"MPE","MPE","3726274827","gfx/coat_of_arms/.gitignore:1:*","""gfx/coat_of_arms/textured_emblems/pallav.dds\r"""
"MPE","MPE","3726274827","gfx/coat_of_arms/.gitignore:1:*","""gfx/coat_of_arms/textured_emblems/penth.dds\r"""
"MPE","MPE","3726274827","gfx/coat_of_arms/.gitignore:1:*","""gfx/coat_of_arms/textured_emblems/perey.dds\r"""
"MPE","MPE","3726274827","gfx/coat_of_arms/.gitignore:1:*","""gfx/coat_of_arms/textured_emblems/phokas.dds\r"""
"MPE","MPE","3726274827","gfx/coat_of_arms/.gitignore:1:*","""gfx/coat_of_arms/textured_emblems/plant.dds\r"""
"MPE","MPE","3726274827","gfx/coat_of_arms/.gitignore:1:*","""gfx/coat_of_arms/textured_emblems/poitou.dds\r"""
"MPE","MPE","3726274827","gfx/coat_of_arms/.gitignore:1:*","""gfx/coat_of_arms/textured_emblems/puke.dds\r"""
"MPE","MPE","3726274827","gfx/coat_of_arms/.gitignore:1:*","""gfx/coat_of_arms/textured_emblems/raabs.dds\r"""
"MPE","MPE","3726274827","gfx/coat_of_arms/.gitignore:1:*","""gfx/coat_of_arms/textured_emblems/rapoto.dds\r"""
"MPE","MPE","3726274827","gfx/coat_of_arms/.gitignore:1:*","""gfx/coat_of_arms/textured_emblems/raven.dds\r"""
"MPE","MPE","3726274827","gfx/coat_of_arms/.gitignore:1:*","""gfx/coat_of_arms/textured_emblems/reginar.dds\r"""
"MPE","MPE","3726274827","gfx/coat_of_arms/.gitignore:1:*","""gfx/coat_of_arms/textured_emblems/rhein.dds\r"""
"MPE","MPE","3726274827","gfx/coat_of_arms/.gitignore:1:*","""gfx/coat_of_arms/textured_emblems/romano.dds\r"""
"MPE","MPE","3726274827","gfx/coat_of_arms/.gitignore:1:*","""gfx/coat_of_arms/textured_emblems/rubenid.dds\r"""
"MPE","MPE","3726274827","gfx/coat_of_arms/.gitignore:1:*","""gfx/coat_of_arms/textured_emblems/rurik.dds\r"""
"MPE","MPE","3726274827","gfx/coat_of_arms/.gitignore:1:*","""gfx/coat_of_arms/textured_emblems/saar.dds\r"""
"MPE","MPE","3726274827","gfx/coat_of_arms/.gitignore:1:*","""gfx/coat_of_arms/textured_emblems/salerno.dds\r"""
"MPE","MPE","3726274827","gfx/coat_of_arms/.gitignore:1:*","""gfx/coat_of_arms/textured_emblems/salian.dds\r"""
"MPE","MPE","3726274827","gfx/coat_of_arms/.gitignore:1:*","""gfx/coat_of_arms/textured_emblems/savoi.dds\r"""
"MPE","MPE","3726274827","gfx/coat_of_arms/.gitignore:1:*","""gfx/coat_of_arms/textured_emblems/sayn.dds\r"""
"MPE","MPE","3726274827","gfx/coat_of_arms/.gitignore:1:*","""gfx/coat_of_arms/textured_emblems/schauen.dds\r"""
"MPE","MPE","3726274827","gfx/coat_of_arms/.gitignore:1:*","""gfx/coat_of_arms/textured_emblems/schwar.dds\r"""
"MPE","MPE","3726274827","gfx/coat_of_arms/.gitignore:1:*","""gfx/coat_of_arms/textured_emblems/sens.dds\r"""
"MPE","MPE","3726274827","gfx/coat_of_arms/.gitignore:1:*","""gfx/coat_of_arms/textured_emblems/shish.dds\r"""
"MPE","MPE","3726274827","gfx/coat_of_arms/.gitignore:1:*","""gfx/coat_of_arms/textured_emblems/skleros.dds\r"""
"MPE","MPE","3726274827","gfx/coat_of_arms/.gitignore:1:*","""gfx/coat_of_arms/textured_emblems/solomid.dds\r"""
"MPE","MPE","3726274827","gfx/coat_of_arms/.gitignore:1:*","""gfx/coat_of_arms/textured_emblems/sponheim.dds\r"""
"MPE","MPE","3726274827","gfx/coat_of_arms/.gitignore:1:*","""gfx/coat_of_arms/textured_emblems/stenkil.dds\r"""
"MPE","MPE","3726274827","gfx/coat_of_arms/.gitignore:1:*","""gfx/coat_of_arms/textured_emblems/subic.dds\r"""
"MPE","MPE","3726274827","gfx/coat_of_arms/.gitignore:1:*","""gfx/coat_of_arms/textured_emblems/taronite.dds\r"""
"MPE","MPE","3726274827","gfx/coat_of_arms/.gitignore:1:*","""gfx/coat_of_arms/textured_emblems/te_muscovy.dds\r"""
"MPE","MPE","3726274827","gfx/coat_of_arms/.gitignore:1:*","""gfx/coat_of_arms/textured_emblems/tecklen.dds\r"""
"MPE","MPE","3726274827","gfx/coat_of_arms/.gitignore:1:*","""gfx/coat_of_arms/textured_emblems/terter.dds\r"""
"MPE","MPE","3726274827","gfx/coat_of_arms/.gitignore:1:*","""gfx/coat_of_arms/textured_emblems/thouars.dds\r"""
"MPE","MPE","3726274827","gfx/coat_of_arms/.gitignore:1:*","""gfx/coat_of_arms/textured_emblems/thrugot.dds\r"""
"MPE","MPE","3726274827","gfx/coat_of_arms/.gitignore:1:*","""gfx/coat_of_arms/textured_emblems/tornik.dds\r"""
"MPE","MPE","3726274827","gfx/coat_of_arms/.gitignore:1:*","""gfx/coat_of_arms/textured_emblems/toulouse.dds\r"""
"MPE","MPE","3726274827","gfx/coat_of_arms/.gitignore:1:*","""gfx/coat_of_arms/textured_emblems/trast.dds\r"""
"MPE","MPE","3726274827","gfx/coat_of_arms/.gitignore:1:*","""gfx/coat_of_arms/textured_emblems/trpim.dds\r"""
"MPE","MPE","3726274827","gfx/coat_of_arms/.gitignore:1:*","""gfx/coat_of_arms/textured_emblems/tubingen.dds\r"""
"MPE","MPE","3726274827","gfx/coat_of_arms/.gitignore:1:*","""gfx/coat_of_arms/textured_emblems/valois.dds\r"""
"MPE","MPE","3726274827","gfx/coat_of_arms/.gitignore:1:*","""gfx/coat_of_arms/textured_emblems/valper.dds\r"""
"MPE","MPE","3726274827","gfx/coat_of_arms/.gitignore:1:*","""gfx/coat_of_arms/textured_emblems/vasconia.dds\r"""
"MPE","MPE","3726274827","gfx/coat_of_arms/.gitignore:1:*","""gfx/coat_of_arms/textured_emblems/vendra.dds\r"""
"MPE","MPE","3726274827","gfx/coat_of_arms/.gitignore:1:*","""gfx/coat_of_arms/textured_emblems/vere.dds\r"""
"MPE","MPE","3726274827","gfx/coat_of_arms/.gitignore:1:*","""gfx/coat_of_arms/textured_emblems/visconti.dds\r"""
"MPE","MPE","3726274827","gfx/coat_of_arms/.gitignore:1:*","""gfx/coat_of_arms/textured_emblems/viscontipisa.dds\r"""
"MPE","MPE","3726274827","gfx/coat_of_arms/.gitignore:1:*","""gfx/coat_of_arms/textured_emblems/voorne.dds\r"""
"MPE","MPE","3726274827","gfx/coat_of_arms/.gitignore:1:*","""gfx/coat_of_arms/textured_emblems/waldeck.dds\r"""
"MPE","MPE","3726274827","gfx/coat_of_arms/.gitignore:1:*","""gfx/coat_of_arms/textured_emblems/weimar.dds\r"""
"MPE","MPE","3726274827","gfx/coat_of_arms/.gitignore:1:*","""gfx/coat_of_arms/textured_emblems/welf.dds\r"""
"MPE","MPE","3726274827","gfx/coat_of_arms/.gitignore:1:*","""gfx/coat_of_arms/textured_emblems/wessex.dds\r"""
"MPE","MPE","3726274827","gfx/coat_of_arms/.gitignore:1:*","""gfx/coat_of_arms/textured_emblems/wettin.dds\r"""
"MPE","MPE","3726274827","gfx/coat_of_arms/.gitignore:1:*","""gfx/coat_of_arms/textured_emblems/whiteshirt.dds\r"""
"MPE","MPE","3726274827","gfx/coat_of_arms/.gitignore:1:*","""gfx/coat_of_arms/textured_emblems/wiger.dds\r"""
"MPE","MPE","3726274827","gfx/coat_of_arms/.gitignore:1:*","""gfx/coat_of_arms/textured_emblems/wittel.dds\r"""
"MPE","MPE","3726274827","gfx/coat_of_arms/.gitignore:1:*","""gfx/coat_of_arms/textured_emblems/wurtem.dds\r"""
"MPE","MPE","3726274827","gfx/coat_of_arms/.gitignore:1:*","""gfx/coat_of_arms/textured_emblems/yaerud.dds\r"""
"MPE","MPE","3726274827","gfx/coat_of_arms/.gitignore:1:*","""gfx/coat_of_arms/textured_emblems/yaerud2.dds\r"""
