"Repo","Abbreviation","WorkshopId","Ordinal","CommitSha","Subject","Extension","FileCount","TotalBytes","TotalMiB"
"Community-Flavor-Pack","CFP","2220098919","1","58ab171a8afd9e3da572045403bc8e71b2ba659b","Initial commit",".gitattributes","1","66","6,3E-05"
"Community-Flavor-Pack","CFP","2220098919","2","115aefd26240f208fe4a9ce7ab3c867ca1e6a8ea","First",".anim","9","1005685","0,959096"
"Community-Flavor-Pack","CFP","2220098919","2","115aefd26240f208fe4a9ce7ab3c867ca1e6a8ea","First",".gitignore","1","32","3,1E-05"
"Community-Flavor-Pack","CFP","2220098919","2","115aefd26240f208fe4a9ce7ab3c867ca1e6a8ea","First",".gui","3","6331","0,006038"
"Community-Flavor-Pack","CFP","2220098919","2","115aefd26240f208fe4a9ce7ab3c867ca1e6a8ea","First",".md","1","1038","0,00099"
"Community-Flavor-Pack","CFP","2220098919","2","115aefd26240f208fe4a9ce7ab3c867ca1e6a8ea","First",".mod","1","187","0,000178"
"Community-Flavor-Pack","CFP","2220098919","2","115aefd26240f208fe4a9ce7ab3c867ca1e6a8ea","First",".txt","117","2034988","1,940716"
"Community-Flavor-Pack","CFP","2220098919","2","115aefd26240f208fe4a9ce7ab3c867ca1e6a8ea","First",".yml","99","812858","0,775202"
"Community-Flavor-Pack","CFP","2220098919","3","afa8f4eb4da627fe9d1c9ef60ff58ee3e6fed62d","2026.01.28",".anim","9","1005685","0,959096"
"Community-Flavor-Pack","CFP","2220098919","3","afa8f4eb4da627fe9d1c9ef60ff58ee3e6fed62d","2026.01.28",".gitignore","1","32","3,1E-05"
"Community-Flavor-Pack","CFP","2220098919","3","afa8f4eb4da627fe9d1c9ef60ff58ee3e6fed62d","2026.01.28",".gui","3","6331","0,006038"
"Community-Flavor-Pack","CFP","2220098919","3","afa8f4eb4da627fe9d1c9ef60ff58ee3e6fed62d","2026.01.28",".md","1","1038","0,00099"
"Community-Flavor-Pack","CFP","2220098919","3","afa8f4eb4da627fe9d1c9ef60ff58ee3e6fed62d","2026.01.28",".mod","1","187","0,000178"
"Community-Flavor-Pack","CFP","2220098919","3","afa8f4eb4da627fe9d1c9ef60ff58ee3e6fed62d","2026.01.28",".txt","117","2048392","1,953499"
"Community-Flavor-Pack","CFP","2220098919","3","afa8f4eb4da627fe9d1c9ef60ff58ee3e6fed62d","2026.01.28",".yml","99","812858","0,775202"
"Culture-and-Faith-Granularity","CFG","3206891770","1","0e02a3d07b146ae3ceb6f8d5027aab474a128af4","Initial commit",".gitattributes","1","66","6,3E-05"
"Culture-and-Faith-Granularity","CFG","3206891770","2","3b866d6489ab4552cf501aebce5f7836c90c45a5","1.4.0",".gitignore","1","32","3,1E-05"
"Culture-and-Faith-Granularity","CFG","3206891770","2","3b866d6489ab4552cf501aebce5f7836c90c45a5","1.4.0",".gui","12","330289","0,314988"
"Culture-and-Faith-Granularity","CFG","3206891770","2","3b866d6489ab4552cf501aebce5f7836c90c45a5","1.4.0",".mod","1","346","0,00033"
"Culture-and-Faith-Granularity","CFG","3206891770","2","3b866d6489ab4552cf501aebce5f7836c90c45a5","1.4.0",".txt","148","3163726","3,017164"
"Culture-and-Faith-Granularity","CFG","3206891770","2","3b866d6489ab4552cf501aebce5f7836c90c45a5","1.4.0",".yml","53","173262","0,165236"
"Culture-and-Faith-Granularity","CFG","3206891770","3","2e2602f56ee08890cc915690989b121c299ca8d0","2.3.0",".gitignore","1","32","3,1E-05"
"Culture-and-Faith-Granularity","CFG","3206891770","3","2e2602f56ee08890cc915690989b121c299ca8d0","2.3.0",".gui","10","201534","0,192198"
"Culture-and-Faith-Granularity","CFG","3206891770","3","2e2602f56ee08890cc915690989b121c299ca8d0","2.3.0",".gui_old","2","79162","0,075495"
"Culture-and-Faith-Granularity","CFG","3206891770","3","2e2602f56ee08890cc915690989b121c299ca8d0","2.3.0",".mod","1","218","0,000208"
"Culture-and-Faith-Granularity","CFG","3206891770","3","2e2602f56ee08890cc915690989b121c299ca8d0","2.3.0",".txt","163","3321215","3,167357"
"Culture-and-Faith-Granularity","CFG","3206891770","3","2e2602f56ee08890cc915690989b121c299ca8d0","2.3.0",".yml","55","191839","0,182952"
"Culture-Expanded","CE","2829397295","1","d9875fcf1ab561c03263be8bd7fa1bf19d011514","First",".gitignore","1","32","3,1E-05"
"Culture-Expanded","CE","2829397295","1","d9875fcf1ab561c03263be8bd7fa1bf19d011514","First",".gui","1","4520","0,004311"
"Culture-Expanded","CE","2829397295","1","d9875fcf1ab561c03263be8bd7fa1bf19d011514","First",".info","1","1689","0,001611"
"Culture-Expanded","CE","2829397295","1","d9875fcf1ab561c03263be8bd7fa1bf19d011514","First",".mod","1","179","0,000171"
"Culture-Expanded","CE","2829397295","1","d9875fcf1ab561c03263be8bd7fa1bf19d011514","First",".otf","6","700228","0,667789"
"Culture-Expanded","CE","2829397295","1","d9875fcf1ab561c03263be8bd7fa1bf19d011514","First",".pdf","1","50841","0,048486"
"Culture-Expanded","CE","2829397295","1","d9875fcf1ab561c03263be8bd7fa1bf19d011514","First",".ttf","2","288600","0,27523"
"Culture-Expanded","CE","2829397295","1","d9875fcf1ab561c03263be8bd7fa1bf19d011514","First",".txt","296","2896809","2,762612"
"Culture-Expanded","CE","2829397295","1","d9875fcf1ab561c03263be8bd7fa1bf19d011514","First",".yaml","1","2466","0,002352"
"Culture-Expanded","CE","2829397295","1","d9875fcf1ab561c03263be8bd7fa1bf19d011514","First",".yml","338","6061325","5,78053"
"Culture-Expanded","CE","2829397295","2","5db0c9ce064448e50984a8c113d3dea1d5a17c45","2026.02.13",".gitignore","1","32","3,1E-05"
"Culture-Expanded","CE","2829397295","2","5db0c9ce064448e50984a8c113d3dea1d5a17c45","2026.02.13",".gui","1","4520","0,004311"
"Culture-Expanded","CE","2829397295","2","5db0c9ce064448e50984a8c113d3dea1d5a17c45","2026.02.13",".info","1","1689","0,001611"
"Culture-Expanded","CE","2829397295","2","5db0c9ce064448e50984a8c113d3dea1d5a17c45","2026.02.13",".mod","1","181","0,000173"
"Culture-Expanded","CE","2829397295","2","5db0c9ce064448e50984a8c113d3dea1d5a17c45","2026.02.13",".otf","6","700228","0,667789"
"Culture-Expanded","CE","2829397295","2","5db0c9ce064448e50984a8c113d3dea1d5a17c45","2026.02.13",".pdf","1","50841","0,048486"
"Culture-Expanded","CE","2829397295","2","5db0c9ce064448e50984a8c113d3dea1d5a17c45","2026.02.13",".ttf","2","288600","0,27523"
"Culture-Expanded","CE","2829397295","2","5db0c9ce064448e50984a8c113d3dea1d5a17c45","2026.02.13",".txt","296","2896809","2,762612"
"Culture-Expanded","CE","2829397295","2","5db0c9ce064448e50984a8c113d3dea1d5a17c45","2026.02.13",".yaml","1","2466","0,002352"
"Culture-Expanded","CE","2829397295","2","5db0c9ce064448e50984a8c113d3dea1d5a17c45","2026.02.13",".yml","338","6061325","5,78053"
"Culture-Expanded","CE","2829397295","3","9cf590790a7e257689388e0a8d06335e3fdaf4f5","2026.03.19",".gitignore","1","32","3,1E-05"
"Culture-Expanded","CE","2829397295","3","9cf590790a7e257689388e0a8d06335e3fdaf4f5","2026.03.19",".gui","1","4520","0,004311"
"Culture-Expanded","CE","2829397295","3","9cf590790a7e257689388e0a8d06335e3fdaf4f5","2026.03.19",".info","1","1689","0,001611"
"Culture-Expanded","CE","2829397295","3","9cf590790a7e257689388e0a8d06335e3fdaf4f5","2026.03.19",".mod","1","179","0,000171"
"Culture-Expanded","CE","2829397295","3","9cf590790a7e257689388e0a8d06335e3fdaf4f5","2026.03.19",".otf","6","700228","0,667789"
"Culture-Expanded","CE","2829397295","3","9cf590790a7e257689388e0a8d06335e3fdaf4f5","2026.03.19",".pdf","1","50841","0,048486"
"Culture-Expanded","CE","2829397295","3","9cf590790a7e257689388e0a8d06335e3fdaf4f5","2026.03.19",".ttf","2","288600","0,27523"
"Culture-Expanded","CE","2829397295","3","9cf590790a7e257689388e0a8d06335e3fdaf4f5","2026.03.19",".txt","296","2896809","2,762612"
"Culture-Expanded","CE","2829397295","3","9cf590790a7e257689388e0a8d06335e3fdaf4f5","2026.03.19",".yaml","1","2466","0,002352"
"Culture-Expanded","CE","2829397295","3","9cf590790a7e257689388e0a8d06335e3fdaf4f5","2026.03.19",".yml","338","6061325","5,78053"
"Culture-Expanded","CE","2829397295","4","dd4267956356f7e84f8e6bd84bea17c8ec45ee20","2026.04.21",".gitignore","1","32","3,1E-05"
"Culture-Expanded","CE","2829397295","4","dd4267956356f7e84f8e6bd84bea17c8ec45ee20","2026.04.21",".gui","1","4520","0,004311"
"Culture-Expanded","CE","2829397295","4","dd4267956356f7e84f8e6bd84bea17c8ec45ee20","2026.04.21",".info","1","1689","0,001611"
"Culture-Expanded","CE","2829397295","4","dd4267956356f7e84f8e6bd84bea17c8ec45ee20","2026.04.21",".mod","1","181","0,000173"
"Culture-Expanded","CE","2829397295","4","dd4267956356f7e84f8e6bd84bea17c8ec45ee20","2026.04.21",".otf","6","700228","0,667789"
"Culture-Expanded","CE","2829397295","4","dd4267956356f7e84f8e6bd84bea17c8ec45ee20","2026.04.21",".pdf","1","50841","0,048486"
"Culture-Expanded","CE","2829397295","4","dd4267956356f7e84f8e6bd84bea17c8ec45ee20","2026.04.21",".ttf","2","288600","0,27523"
"Culture-Expanded","CE","2829397295","4","dd4267956356f7e84f8e6bd84bea17c8ec45ee20","2026.04.21",".txt","296","2896909","2,762708"
"Culture-Expanded","CE","2829397295","4","dd4267956356f7e84f8e6bd84bea17c8ec45ee20","2026.04.21",".yaml","1","2466","0,002352"
"Culture-Expanded","CE","2829397295","4","dd4267956356f7e84f8e6bd84bea17c8ec45ee20","2026.04.21",".yml","338","6061333","5,780538"
"Culture-Expanded","CE","2829397295","5","8a0cffb5c6f82b7addeb8e91e25799b95d3689ae","2026.04.26",".gitignore","1","32","3,1E-05"
"Culture-Expanded","CE","2829397295","5","8a0cffb5c6f82b7addeb8e91e25799b95d3689ae","2026.04.26",".gui","1","4520","0,004311"
"Culture-Expanded","CE","2829397295","5","8a0cffb5c6f82b7addeb8e91e25799b95d3689ae","2026.04.26",".info","1","1689","0,001611"
"Culture-Expanded","CE","2829397295","5","8a0cffb5c6f82b7addeb8e91e25799b95d3689ae","2026.04.26",".mod","1","181","0,000173"
"Culture-Expanded","CE","2829397295","5","8a0cffb5c6f82b7addeb8e91e25799b95d3689ae","2026.04.26",".otf","6","700228","0,667789"
"Culture-Expanded","CE","2829397295","5","8a0cffb5c6f82b7addeb8e91e25799b95d3689ae","2026.04.26",".pdf","1","50841","0,048486"
"Culture-Expanded","CE","2829397295","5","8a0cffb5c6f82b7addeb8e91e25799b95d3689ae","2026.04.26",".ttf","2","288600","0,27523"
"Culture-Expanded","CE","2829397295","5","8a0cffb5c6f82b7addeb8e91e25799b95d3689ae","2026.04.26",".txt","296","2897926","2,763678"
"Culture-Expanded","CE","2829397295","5","8a0cffb5c6f82b7addeb8e91e25799b95d3689ae","2026.04.26",".yaml","1","2466","0,002352"
"Culture-Expanded","CE","2829397295","5","8a0cffb5c6f82b7addeb8e91e25799b95d3689ae","2026.04.26",".yml","338","6061333","5,780538"
"Culture-Expanded","CE","2829397295","6","0804f6a73ecb93a2bfc8b048ae2730c242388a92","2026.05.10",".gitignore","1","32","3,1E-05"
"Culture-Expanded","CE","2829397295","6","0804f6a73ecb93a2bfc8b048ae2730c242388a92","2026.05.10",".gui","1","4520","0,004311"
"Culture-Expanded","CE","2829397295","6","0804f6a73ecb93a2bfc8b048ae2730c242388a92","2026.05.10",".info","1","1689","0,001611"
"Culture-Expanded","CE","2829397295","6","0804f6a73ecb93a2bfc8b048ae2730c242388a92","2026.05.10",".mod","1","181","0,000173"
"Culture-Expanded","CE","2829397295","6","0804f6a73ecb93a2bfc8b048ae2730c242388a92","2026.05.10",".otf","6","700228","0,667789"
"Culture-Expanded","CE","2829397295","6","0804f6a73ecb93a2bfc8b048ae2730c242388a92","2026.05.10",".pdf","1","50841","0,048486"
"Culture-Expanded","CE","2829397295","6","0804f6a73ecb93a2bfc8b048ae2730c242388a92","2026.05.10",".ttf","2","288600","0,27523"
"Culture-Expanded","CE","2829397295","6","0804f6a73ecb93a2bfc8b048ae2730c242388a92","2026.05.10",".txt","296","2916921","2,781793"
"Culture-Expanded","CE","2829397295","6","0804f6a73ecb93a2bfc8b048ae2730c242388a92","2026.05.10",".yaml","1","2466","0,002352"
"Culture-Expanded","CE","2829397295","6","0804f6a73ecb93a2bfc8b048ae2730c242388a92","2026.05.10",".yml","338","6063058","5,782183"
"Culture-Expanded","CE","2829397295","7","07b7ca5ee4f0481ea9107d0299a90a396d2d78e8","2026.05.25",".gitignore","1","32","3,1E-05"
"Culture-Expanded","CE","2829397295","7","07b7ca5ee4f0481ea9107d0299a90a396d2d78e8","2026.05.25",".gui","1","4520","0,004311"
"Culture-Expanded","CE","2829397295","7","07b7ca5ee4f0481ea9107d0299a90a396d2d78e8","2026.05.25",".info","1","1689","0,001611"
"Culture-Expanded","CE","2829397295","7","07b7ca5ee4f0481ea9107d0299a90a396d2d78e8","2026.05.25",".mod","1","181","0,000173"
"Culture-Expanded","CE","2829397295","7","07b7ca5ee4f0481ea9107d0299a90a396d2d78e8","2026.05.25",".otf","6","700228","0,667789"
"Culture-Expanded","CE","2829397295","7","07b7ca5ee4f0481ea9107d0299a90a396d2d78e8","2026.05.25",".pdf","1","50841","0,048486"
"Culture-Expanded","CE","2829397295","7","07b7ca5ee4f0481ea9107d0299a90a396d2d78e8","2026.05.25",".ttf","2","288600","0,27523"
"Culture-Expanded","CE","2829397295","7","07b7ca5ee4f0481ea9107d0299a90a396d2d78e8","2026.05.25",".txt","296","2917073","2,781938"
"Culture-Expanded","CE","2829397295","7","07b7ca5ee4f0481ea9107d0299a90a396d2d78e8","2026.05.25",".yaml","1","2466","0,002352"
"Culture-Expanded","CE","2829397295","7","07b7ca5ee4f0481ea9107d0299a90a396d2d78e8","2026.05.25",".yml","338","6063058","5,782183"
"Demand-Tribute","DT","3473488611","1","960c178ecea0b03c6abe53d1e133f8cd35a79522","",".info","1","26243","0,025027"
"Demand-Tribute","DT","3473488611","1","960c178ecea0b03c6abe53d1e133f8cd35a79522","",".mod","1","125","0,000119"
"Demand-Tribute","DT","3473488611","1","960c178ecea0b03c6abe53d1e133f8cd35a79522","",".png","1","428115","0,408282"
"Demand-Tribute","DT","3473488611","1","960c178ecea0b03c6abe53d1e133f8cd35a79522","",".txt","5","47311","0,045119"
"Demand-Tribute","DT","3473488611","1","960c178ecea0b03c6abe53d1e133f8cd35a79522","",".yml","8","32586","0,031076"
"Demand-Tribute","DT","3473488611","2","6520ebb7e546502cd58ce2bf9f284e1302d82f3b","2025.12.09",".info","1","26243","0,025027"
"Demand-Tribute","DT","3473488611","2","6520ebb7e546502cd58ce2bf9f284e1302d82f3b","2025.12.09",".mod","1","125","0,000119"
"Demand-Tribute","DT","3473488611","2","6520ebb7e546502cd58ce2bf9f284e1302d82f3b","2025.12.09",".png","1","428115","0,408282"
"Demand-Tribute","DT","3473488611","2","6520ebb7e546502cd58ce2bf9f284e1302d82f3b","2025.12.09",".txt","5","67467","0,064342"
"Demand-Tribute","DT","3473488611","2","6520ebb7e546502cd58ce2bf9f284e1302d82f3b","2025.12.09",".yml","8","32586","0,031076"
"EPE-CFP","EPE-CFP","2996881191","1","b0c1c52509748ba4830cadbdc4948334eeea2a6b","First",".mod","1","124","0,000118"
"EPE-CFP","EPE-CFP","2996881191","1","b0c1c52509748ba4830cadbdc4948334eeea2a6b","First",".png","1","272940","0,260296"
"EPE-CFP","EPE-CFP","2996881191","1","b0c1c52509748ba4830cadbdc4948334eeea2a6b","First",".txt","410","8492080","8,098679"
"EPE-CFP","EPE-CFP","2996881191","2","821c8f1f68c5aa8245e3653bff2d275e2a43fd3f","2025.11.13",".mod","1","175","0,000167"
"EPE-CFP","EPE-CFP","2996881191","2","821c8f1f68c5aa8245e3653bff2d275e2a43fd3f","2025.11.13",".png","1","623550","0,594664"
"EPE-CFP","EPE-CFP","2996881191","2","821c8f1f68c5aa8245e3653bff2d275e2a43fd3f","2025.11.13",".txt","29","1926748","1,83749"
"EPE-CFP","EPE-CFP","2996881191","2","821c8f1f68c5aa8245e3653bff2d275e2a43fd3f","2025.11.13",".yml","2","121295","0,115676"
"EPE-CFP","EPE-CFP","2996881191","3","4ce6ce712925f0b928664bfbda395ca2b98fda0d","2025.11.19",".mod","1","177","0,000169"
"EPE-CFP","EPE-CFP","2996881191","3","4ce6ce712925f0b928664bfbda395ca2b98fda0d","2025.11.19",".png","1","623550","0,594664"
"EPE-CFP","EPE-CFP","2996881191","3","4ce6ce712925f0b928664bfbda395ca2b98fda0d","2025.11.19",".txt","32","1931830","1,842337"
"EPE-CFP","EPE-CFP","2996881191","3","4ce6ce712925f0b928664bfbda395ca2b98fda0d","2025.11.19",".yml","2","121295","0,115676"
"EPE-CFP","EPE-CFP","2996881191","4","25284d7351b6cdc292cdccb3ceed15ef5336622f","2025.12.15",".mod","1","177","0,000169"
"EPE-CFP","EPE-CFP","2996881191","4","25284d7351b6cdc292cdccb3ceed15ef5336622f","2025.12.15",".png","1","623550","0,594664"
"EPE-CFP","EPE-CFP","2996881191","4","25284d7351b6cdc292cdccb3ceed15ef5336622f","2025.12.15",".txt","34","2038491","1,944057"
"EPE-CFP","EPE-CFP","2996881191","4","25284d7351b6cdc292cdccb3ceed15ef5336622f","2025.12.15",".yml","4","144179","0,1375"
"EPE-CFP","EPE-CFP","2996881191","5","9ff2bd53b1bec5e0cd1b8d0816f7d750fef566d3","2026.02.05",".mod","1","175","0,000167"
"EPE-CFP","EPE-CFP","2996881191","5","9ff2bd53b1bec5e0cd1b8d0816f7d750fef566d3","2026.02.05",".png","1","623550","0,594664"
"EPE-CFP","EPE-CFP","2996881191","5","9ff2bd53b1bec5e0cd1b8d0816f7d750fef566d3","2026.02.05",".txt","34","2086917","1,990239"
"EPE-CFP","EPE-CFP","2996881191","5","9ff2bd53b1bec5e0cd1b8d0816f7d750fef566d3","2026.02.05",".yml","4","144179","0,1375"
"EPE-CFP","EPE-CFP","2996881191","6","3f7bbef8e71f4cbc0483ada19c89d5bee9ec9906","2026.03.21",".mod","1","175","0,000167"
"EPE-CFP","EPE-CFP","2996881191","6","3f7bbef8e71f4cbc0483ada19c89d5bee9ec9906","2026.03.21",".png","1","623550","0,594664"
"EPE-CFP","EPE-CFP","2996881191","6","3f7bbef8e71f4cbc0483ada19c89d5bee9ec9906","2026.03.21",".txt","37","2205040","2,10289"
"EPE-CFP","EPE-CFP","2996881191","6","3f7bbef8e71f4cbc0483ada19c89d5bee9ec9906","2026.03.21",".yml","4","144179","0,1375"
"EPE-CFP","EPE-CFP","2996881191","7","ec21513d682e85426658aaf24cf68ccdd884adb9","2026.04.27",".mod","1","177","0,000169"
"EPE-CFP","EPE-CFP","2996881191","7","ec21513d682e85426658aaf24cf68ccdd884adb9","2026.04.27",".png","1","623550","0,594664"
"EPE-CFP","EPE-CFP","2996881191","7","ec21513d682e85426658aaf24cf68ccdd884adb9","2026.04.27",".txt","41","2283332","2,177555"
"EPE-CFP","EPE-CFP","2996881191","7","ec21513d682e85426658aaf24cf68ccdd884adb9","2026.04.27",".yml","4","144179","0,1375"
"EPE-CFP","EPE-CFP","2996881191","8","dbebe469551c494e9481693a5ef74dcc847c77b7","2026.04.28",".bak","1","33229","0,03169"
"EPE-CFP","EPE-CFP","2996881191","8","dbebe469551c494e9481693a5ef74dcc847c77b7","2026.04.28",".mod","1","177","0,000169"
"EPE-CFP","EPE-CFP","2996881191","8","dbebe469551c494e9481693a5ef74dcc847c77b7","2026.04.28",".png","1","623550","0,594664"
"EPE-CFP","EPE-CFP","2996881191","8","dbebe469551c494e9481693a5ef74dcc847c77b7","2026.04.28",".txt","41","2284062","2,178251"
"EPE-CFP","EPE-CFP","2996881191","8","dbebe469551c494e9481693a5ef74dcc847c77b7","2026.04.28",".yml","4","144179","0,1375"
"EPE-CFP","EPE-CFP","2996881191","9","54cc9c5830ad485c79bacc5ec5c31416ba30ae1f","2026.05.11",".mod","1","177","0,000169"
"EPE-CFP","EPE-CFP","2996881191","9","54cc9c5830ad485c79bacc5ec5c31416ba30ae1f","2026.05.11",".png","1","623550","0,594664"
"EPE-CFP","EPE-CFP","2996881191","9","54cc9c5830ad485c79bacc5ec5c31416ba30ae1f","2026.05.11",".txt","41","2295534","2,189192"
"EPE-CFP","EPE-CFP","2996881191","9","54cc9c5830ad485c79bacc5ec5c31416ba30ae1f","2026.05.11",".yml","4","144179","0,1375"
"EPE-CFP","EPE-CFP","2996881191","10","63d844200f7adf6fb57df1b37cb99d89d6ca8ced","2026.06.07",".mod","1","177","0,000169"
"EPE-CFP","EPE-CFP","2996881191","10","63d844200f7adf6fb57df1b37cb99d89d6ca8ced","2026.06.07",".png","1","623550","0,594664"
"EPE-CFP","EPE-CFP","2996881191","10","63d844200f7adf6fb57df1b37cb99d89d6ca8ced","2026.06.07",".txt","41","2295534","2,189192"
"EPE-CFP","EPE-CFP","2996881191","10","63d844200f7adf6fb57df1b37cb99d89d6ca8ced","2026.06.07",".yml","4","144179","0,1375"
"Ethnicities-and-Portraits-Expanded","EPE","2507209632","1","0a6c3ef8bfe94c6f3e8aa33cc5f2aaf57dfe313c","First",".fbx","2","591000","0,563622"
"Ethnicities-and-Portraits-Expanded","EPE","2507209632","1","0a6c3ef8bfe94c6f3e8aa33cc5f2aaf57dfe313c","First",".gitignore","1","32","3,1E-05"
"Ethnicities-and-Portraits-Expanded","EPE","2507209632","1","0a6c3ef8bfe94c6f3e8aa33cc5f2aaf57dfe313c","First",".gui","4","290946","0,277468"
"Ethnicities-and-Portraits-Expanded","EPE","2507209632","1","0a6c3ef8bfe94c6f3e8aa33cc5f2aaf57dfe313c","First",".mod","1","180","0,000172"
"Ethnicities-and-Portraits-Expanded","EPE","2507209632","1","0a6c3ef8bfe94c6f3e8aa33cc5f2aaf57dfe313c","First",".rar","3","1903315","1,815143"
"Ethnicities-and-Portraits-Expanded","EPE","2507209632","1","0a6c3ef8bfe94c6f3e8aa33cc5f2aaf57dfe313c","First",".shader","1","29824","0,028442"
"Ethnicities-and-Portraits-Expanded","EPE","2507209632","1","0a6c3ef8bfe94c6f3e8aa33cc5f2aaf57dfe313c","First",".txt","3461","90467429","86,276464"
"Ethnicities-and-Portraits-Expanded","EPE","2507209632","1","0a6c3ef8bfe94c6f3e8aa33cc5f2aaf57dfe313c","First",".yml","14","646123","0,616191"
"Ethnicities-and-Portraits-Expanded","EPE","2507209632","2","b36c5a961967d25e197c816b18a6aaf7eaa0428c","2025.11.13",".anim","978","531754817","507,120912"
"Ethnicities-and-Portraits-Expanded","EPE","2507209632","2","b36c5a961967d25e197c816b18a6aaf7eaa0428c","2025.11.13",".fbx","2","591000","0,563622"
"Ethnicities-and-Portraits-Expanded","EPE","2507209632","2","b36c5a961967d25e197c816b18a6aaf7eaa0428c","2025.11.13",".gitignore","1","32","3,1E-05"
"Ethnicities-and-Portraits-Expanded","EPE","2507209632","2","b36c5a961967d25e197c816b18a6aaf7eaa0428c","2025.11.13",".gui","5","309935","0,295577"
"Ethnicities-and-Portraits-Expanded","EPE","2507209632","2","b36c5a961967d25e197c816b18a6aaf7eaa0428c","2025.11.13",".mod","1","180","0,000172"
"Ethnicities-and-Portraits-Expanded","EPE","2507209632","2","b36c5a961967d25e197c816b18a6aaf7eaa0428c","2025.11.13",".rar","3","1903315","1,815143"
"Ethnicities-and-Portraits-Expanded","EPE","2507209632","2","b36c5a961967d25e197c816b18a6aaf7eaa0428c","2025.11.13",".shader","1","31392","0,029938"
"Ethnicities-and-Portraits-Expanded","EPE","2507209632","2","b36c5a961967d25e197c816b18a6aaf7eaa0428c","2025.11.13",".txt","3632","91816964","87,56348"
"Ethnicities-and-Portraits-Expanded","EPE","2507209632","2","b36c5a961967d25e197c816b18a6aaf7eaa0428c","2025.11.13",".yml","15","669747","0,638721"
"Ethnicities-and-Portraits-Expanded","EPE","2507209632","3","541b16c138e3574ce547b5a4a43ef3cfdf215854","2025.11.19",".gitignore","1","32","3,1E-05"
"Ethnicities-and-Portraits-Expanded","EPE","2507209632","3","541b16c138e3574ce547b5a4a43ef3cfdf215854","2025.11.19",".rar","1","325","0,00031"
"Ethnicities-and-Portraits-Expanded","EPE","2507209632","3","541b16c138e3574ce547b5a4a43ef3cfdf215854","2025.11.19",".txt","488","13883136","13,23999"
"Ethnicities-and-Portraits-Expanded","EPE","2507209632","4","6da86181eb50d0403af87630acec947f1742ebdb","2025.12.09",".anim","978","531754817","507,120912"
"Ethnicities-and-Portraits-Expanded","EPE","2507209632","4","6da86181eb50d0403af87630acec947f1742ebdb","2025.12.09",".fbx","2","591000","0,563622"
"Ethnicities-and-Portraits-Expanded","EPE","2507209632","4","6da86181eb50d0403af87630acec947f1742ebdb","2025.12.09",".gitignore","1","32","3,1E-05"
"Ethnicities-and-Portraits-Expanded","EPE","2507209632","4","6da86181eb50d0403af87630acec947f1742ebdb","2025.12.09",".gui","5","310958","0,296553"
"Ethnicities-and-Portraits-Expanded","EPE","2507209632","4","6da86181eb50d0403af87630acec947f1742ebdb","2025.12.09",".mod","1","180","0,000172"
"Ethnicities-and-Portraits-Expanded","EPE","2507209632","4","6da86181eb50d0403af87630acec947f1742ebdb","2025.12.09",".rar","3","1903315","1,815143"
"Ethnicities-and-Portraits-Expanded","EPE","2507209632","4","6da86181eb50d0403af87630acec947f1742ebdb","2025.12.09",".shader","1","31392","0,029938"
"Ethnicities-and-Portraits-Expanded","EPE","2507209632","4","6da86181eb50d0403af87630acec947f1742ebdb","2025.12.09",".txt","3633","92038674","87,77492"
"Ethnicities-and-Portraits-Expanded","EPE","2507209632","4","6da86181eb50d0403af87630acec947f1742ebdb","2025.12.09",".yml","15","669619","0,638598"
"Ethnicities-and-Portraits-Expanded","EPE","2507209632","5","f80b05bd4c1d6488d1f1bdefa6839f9bdb003813","2025.10.14",".anim","978","531754817","507,120912"
"Ethnicities-and-Portraits-Expanded","EPE","2507209632","5","f80b05bd4c1d6488d1f1bdefa6839f9bdb003813","2025.10.14",".fbx","2","591000","0,563622"
"Ethnicities-and-Portraits-Expanded","EPE","2507209632","5","f80b05bd4c1d6488d1f1bdefa6839f9bdb003813","2025.10.14",".gitignore","1","32","3,1E-05"
"Ethnicities-and-Portraits-Expanded","EPE","2507209632","5","f80b05bd4c1d6488d1f1bdefa6839f9bdb003813","2025.10.14",".gui","5","311652","0,297215"
"Ethnicities-and-Portraits-Expanded","EPE","2507209632","5","f80b05bd4c1d6488d1f1bdefa6839f9bdb003813","2025.10.14",".mod","1","178","0,00017"
"Ethnicities-and-Portraits-Expanded","EPE","2507209632","5","f80b05bd4c1d6488d1f1bdefa6839f9bdb003813","2025.10.14",".rar","3","1903315","1,815143"
"Ethnicities-and-Portraits-Expanded","EPE","2507209632","5","f80b05bd4c1d6488d1f1bdefa6839f9bdb003813","2025.10.14",".shader","1","31392","0,029938"
"Ethnicities-and-Portraits-Expanded","EPE","2507209632","5","f80b05bd4c1d6488d1f1bdefa6839f9bdb003813","2025.10.14",".txt","3641","92325953","88,04889"
"Ethnicities-and-Portraits-Expanded","EPE","2507209632","5","f80b05bd4c1d6488d1f1bdefa6839f9bdb003813","2025.10.14",".yml","15","684584","0,65287"
"Ethnicities-and-Portraits-Expanded","EPE","2507209632","6","bea606d31f179e2f4e6552ab88b613bbe6bf4619","2025.12.15",".anim","978","531754817","507,120912"
"Ethnicities-and-Portraits-Expanded","EPE","2507209632","6","bea606d31f179e2f4e6552ab88b613bbe6bf4619","2025.12.15",".fbx","2","591000","0,563622"
"Ethnicities-and-Portraits-Expanded","EPE","2507209632","6","bea606d31f179e2f4e6552ab88b613bbe6bf4619","2025.12.15",".gitignore","1","32","3,1E-05"
"Ethnicities-and-Portraits-Expanded","EPE","2507209632","6","bea606d31f179e2f4e6552ab88b613bbe6bf4619","2025.12.15",".gui","5","311652","0,297215"
"Ethnicities-and-Portraits-Expanded","EPE","2507209632","6","bea606d31f179e2f4e6552ab88b613bbe6bf4619","2025.12.15",".mod","1","178","0,00017"
"Ethnicities-and-Portraits-Expanded","EPE","2507209632","6","bea606d31f179e2f4e6552ab88b613bbe6bf4619","2025.12.15",".rar","3","1903315","1,815143"
"Ethnicities-and-Portraits-Expanded","EPE","2507209632","6","bea606d31f179e2f4e6552ab88b613bbe6bf4619","2025.12.15",".shader","1","31392","0,029938"
"Ethnicities-and-Portraits-Expanded","EPE","2507209632","6","bea606d31f179e2f4e6552ab88b613bbe6bf4619","2025.12.15",".txt","3641","92325854","88,048796"
"Ethnicities-and-Portraits-Expanded","EPE","2507209632","6","bea606d31f179e2f4e6552ab88b613bbe6bf4619","2025.12.15",".yml","15","684584","0,65287"
"Ethnicities-and-Portraits-Expanded","EPE","2507209632","7","1813c7f41d030378fccac0f1324bdfefb30cc76b","2026.01.20",".anim","978","531754817","507,120912"
"Ethnicities-and-Portraits-Expanded","EPE","2507209632","7","1813c7f41d030378fccac0f1324bdfefb30cc76b","2026.01.20",".fbx","2","591000","0,563622"
"Ethnicities-and-Portraits-Expanded","EPE","2507209632","7","1813c7f41d030378fccac0f1324bdfefb30cc76b","2026.01.20",".gitignore","1","32","3,1E-05"
"Ethnicities-and-Portraits-Expanded","EPE","2507209632","7","1813c7f41d030378fccac0f1324bdfefb30cc76b","2026.01.20",".gui","5","311652","0,297215"
"Ethnicities-and-Portraits-Expanded","EPE","2507209632","7","1813c7f41d030378fccac0f1324bdfefb30cc76b","2026.01.20",".mod","1","178","0,00017"
"Ethnicities-and-Portraits-Expanded","EPE","2507209632","7","1813c7f41d030378fccac0f1324bdfefb30cc76b","2026.01.20",".rar","3","1903315","1,815143"
"Ethnicities-and-Portraits-Expanded","EPE","2507209632","7","1813c7f41d030378fccac0f1324bdfefb30cc76b","2026.01.20",".shader","1","31392","0,029938"
"Ethnicities-and-Portraits-Expanded","EPE","2507209632","7","1813c7f41d030378fccac0f1324bdfefb30cc76b","2026.01.20",".txt","3650","92909239","88,605155"
"Ethnicities-and-Portraits-Expanded","EPE","2507209632","7","1813c7f41d030378fccac0f1324bdfefb30cc76b","2026.01.20",".yml","15","685360","0,65361"
"Ethnicities-and-Portraits-Expanded","EPE","2507209632","8","fa84cac63da28d1638da6654995cbf9591d43878","2026.02.04",".anim","978","531754817","507,120912"
"Ethnicities-and-Portraits-Expanded","EPE","2507209632","8","fa84cac63da28d1638da6654995cbf9591d43878","2026.02.04",".fbx","2","591000","0,563622"
"Ethnicities-and-Portraits-Expanded","EPE","2507209632","8","fa84cac63da28d1638da6654995cbf9591d43878","2026.02.04",".gitignore","1","32","3,1E-05"
"Ethnicities-and-Portraits-Expanded","EPE","2507209632","8","fa84cac63da28d1638da6654995cbf9591d43878","2026.02.04",".gui","5","312211","0,297748"
"Ethnicities-and-Portraits-Expanded","EPE","2507209632","8","fa84cac63da28d1638da6654995cbf9591d43878","2026.02.04",".mod","1","178","0,00017"
"Ethnicities-and-Portraits-Expanded","EPE","2507209632","8","fa84cac63da28d1638da6654995cbf9591d43878","2026.02.04",".rar","3","1903315","1,815143"
"Ethnicities-and-Portraits-Expanded","EPE","2507209632","8","fa84cac63da28d1638da6654995cbf9591d43878","2026.02.04",".shader","1","31392","0,029938"
"Ethnicities-and-Portraits-Expanded","EPE","2507209632","8","fa84cac63da28d1638da6654995cbf9591d43878","2026.02.04",".txt","3651","93016316","88,707272"
"Ethnicities-and-Portraits-Expanded","EPE","2507209632","8","fa84cac63da28d1638da6654995cbf9591d43878","2026.02.04",".yml","15","685743","0,653975"
"Ethnicities-and-Portraits-Expanded","EPE","2507209632","9","e22986746fdb4b6cca0724d22e5a4089c1ada711","2026.03.19",".gitignore","1","32","3,1E-05"
"Ethnicities-and-Portraits-Expanded","EPE","2507209632","9","e22986746fdb4b6cca0724d22e5a4089c1ada711","2026.03.19",".rar","1","325","0,00031"
"Ethnicities-and-Portraits-Expanded","EPE","2507209632","9","e22986746fdb4b6cca0724d22e5a4089c1ada711","2026.03.19",".txt","1409","35192349","33,562039"
"Ethnicities-and-Portraits-Expanded","EPE","2507209632","10","0a56c30b2fc9fbf7feac6efb2dbf0c13a790c1eb","2026.03.19 Fix 1",".anim","978","531754817","507,120912"
"Ethnicities-and-Portraits-Expanded","EPE","2507209632","10","0a56c30b2fc9fbf7feac6efb2dbf0c13a790c1eb","2026.03.19 Fix 1",".fbx","2","591000","0,563622"
"Ethnicities-and-Portraits-Expanded","EPE","2507209632","10","0a56c30b2fc9fbf7feac6efb2dbf0c13a790c1eb","2026.03.19 Fix 1",".gitignore","1","32","3,1E-05"
"Ethnicities-and-Portraits-Expanded","EPE","2507209632","10","0a56c30b2fc9fbf7feac6efb2dbf0c13a790c1eb","2026.03.19 Fix 1",".gui","5","312211","0,297748"
"Ethnicities-and-Portraits-Expanded","EPE","2507209632","10","0a56c30b2fc9fbf7feac6efb2dbf0c13a790c1eb","2026.03.19 Fix 1",".mod","1","178","0,00017"
"Ethnicities-and-Portraits-Expanded","EPE","2507209632","10","0a56c30b2fc9fbf7feac6efb2dbf0c13a790c1eb","2026.03.19 Fix 1",".rar","3","1903315","1,815143"
"Ethnicities-and-Portraits-Expanded","EPE","2507209632","10","0a56c30b2fc9fbf7feac6efb2dbf0c13a790c1eb","2026.03.19 Fix 1",".shader","1","31392","0,029938"
"Ethnicities-and-Portraits-Expanded","EPE","2507209632","10","0a56c30b2fc9fbf7feac6efb2dbf0c13a790c1eb","2026.03.19 Fix 1",".txt","3651","93016316","88,707272"
"Ethnicities-and-Portraits-Expanded","EPE","2507209632","10","0a56c30b2fc9fbf7feac6efb2dbf0c13a790c1eb","2026.03.19 Fix 1",".yml","15","685743","0,653975"
"Ethnicities-and-Portraits-Expanded","EPE","2507209632","11","01623125ad685892e015bde075febb957368e178","2026.03.19 Fix 2",".anim","978","531754817","507,120912"
"Ethnicities-and-Portraits-Expanded","EPE","2507209632","11","01623125ad685892e015bde075febb957368e178","2026.03.19 Fix 2",".fbx","2","591000","0,563622"
"Ethnicities-and-Portraits-Expanded","EPE","2507209632","11","01623125ad685892e015bde075febb957368e178","2026.03.19 Fix 2",".gitignore","1","32","3,1E-05"
"Ethnicities-and-Portraits-Expanded","EPE","2507209632","11","01623125ad685892e015bde075febb957368e178","2026.03.19 Fix 2",".gui","5","312211","0,297748"
"Ethnicities-and-Portraits-Expanded","EPE","2507209632","11","01623125ad685892e015bde075febb957368e178","2026.03.19 Fix 2",".mod","1","178","0,00017"
"Ethnicities-and-Portraits-Expanded","EPE","2507209632","11","01623125ad685892e015bde075febb957368e178","2026.03.19 Fix 2",".rar","3","1903315","1,815143"
"Ethnicities-and-Portraits-Expanded","EPE","2507209632","11","01623125ad685892e015bde075febb957368e178","2026.03.19 Fix 2",".shader","1","31392","0,029938"
"Ethnicities-and-Portraits-Expanded","EPE","2507209632","11","01623125ad685892e015bde075febb957368e178","2026.03.19 Fix 2",".txt","3651","93241187","88,921725"
"Ethnicities-and-Portraits-Expanded","EPE","2507209632","11","01623125ad685892e015bde075febb957368e178","2026.03.19 Fix 2",".yml","15","698146","0,665804"
"Ethnicities-and-Portraits-Expanded","EPE","2507209632","12","acca03321fce1ea242cdacba66f3d2c97a622d06","2026.04.21",".anim","978","531754817","507,120912"
"Ethnicities-and-Portraits-Expanded","EPE","2507209632","12","acca03321fce1ea242cdacba66f3d2c97a622d06","2026.04.21",".fbx","2","591000","0,563622"
"Ethnicities-and-Portraits-Expanded","EPE","2507209632","12","acca03321fce1ea242cdacba66f3d2c97a622d06","2026.04.21",".gitignore","1","32","3,1E-05"
"Ethnicities-and-Portraits-Expanded","EPE","2507209632","12","acca03321fce1ea242cdacba66f3d2c97a622d06","2026.04.21",".gui","3","274841","0,262109"
"Ethnicities-and-Portraits-Expanded","EPE","2507209632","12","acca03321fce1ea242cdacba66f3d2c97a622d06","2026.04.21",".mod","1","180","0,000172"
"Ethnicities-and-Portraits-Expanded","EPE","2507209632","12","acca03321fce1ea242cdacba66f3d2c97a622d06","2026.04.21",".rar","3","1903315","1,815143"
"Ethnicities-and-Portraits-Expanded","EPE","2507209632","12","acca03321fce1ea242cdacba66f3d2c97a622d06","2026.04.21",".shader","1","31395","0,029941"
"Ethnicities-and-Portraits-Expanded","EPE","2507209632","12","acca03321fce1ea242cdacba66f3d2c97a622d06","2026.04.21",".txt","3661","93628962","89,291536"
"Ethnicities-and-Portraits-Expanded","EPE","2507209632","12","acca03321fce1ea242cdacba66f3d2c97a622d06","2026.04.21",".yml","15","698146","0,665804"
"Ethnicities-and-Portraits-Expanded","EPE","2507209632","13","d18bd456a64d6b756bc5c51a22a5f4b931dea401","2026.04.26",".anim","978","531754817","507,120912"
"Ethnicities-and-Portraits-Expanded","EPE","2507209632","13","d18bd456a64d6b756bc5c51a22a5f4b931dea401","2026.04.26",".fbx","2","591000","0,563622"
"Ethnicities-and-Portraits-Expanded","EPE","2507209632","13","d18bd456a64d6b756bc5c51a22a5f4b931dea401","2026.04.26",".gitignore","1","32","3,1E-05"
"Ethnicities-and-Portraits-Expanded","EPE","2507209632","13","d18bd456a64d6b756bc5c51a22a5f4b931dea401","2026.04.26",".gui","3","274841","0,262109"
"Ethnicities-and-Portraits-Expanded","EPE","2507209632","13","d18bd456a64d6b756bc5c51a22a5f4b931dea401","2026.04.26",".mod","1","180","0,000172"
"Ethnicities-and-Portraits-Expanded","EPE","2507209632","13","d18bd456a64d6b756bc5c51a22a5f4b931dea401","2026.04.26",".rar","3","1903315","1,815143"
"Ethnicities-and-Portraits-Expanded","EPE","2507209632","13","d18bd456a64d6b756bc5c51a22a5f4b931dea401","2026.04.26",".shader","1","31395","0,029941"
"Ethnicities-and-Portraits-Expanded","EPE","2507209632","13","d18bd456a64d6b756bc5c51a22a5f4b931dea401","2026.04.26",".txt","3663","93649501","89,311124"
"Ethnicities-and-Portraits-Expanded","EPE","2507209632","13","d18bd456a64d6b756bc5c51a22a5f4b931dea401","2026.04.26",".yml","15","698157","0,665814"
"Ethnicities-and-Portraits-Expanded","EPE","2507209632","14","89af2c6f05c3e771a5d540012639759e8bdbb804","2026.04.28",".anim","978","531754817","507,120912"
"Ethnicities-and-Portraits-Expanded","EPE","2507209632","14","89af2c6f05c3e771a5d540012639759e8bdbb804","2026.04.28",".fbx","2","591000","0,563622"
"Ethnicities-and-Portraits-Expanded","EPE","2507209632","14","89af2c6f05c3e771a5d540012639759e8bdbb804","2026.04.28",".gitignore","1","32","3,1E-05"
"Ethnicities-and-Portraits-Expanded","EPE","2507209632","14","89af2c6f05c3e771a5d540012639759e8bdbb804","2026.04.28",".gui","3","274841","0,262109"
"Ethnicities-and-Portraits-Expanded","EPE","2507209632","14","89af2c6f05c3e771a5d540012639759e8bdbb804","2026.04.28",".mod","1","180","0,000172"
"Ethnicities-and-Portraits-Expanded","EPE","2507209632","14","89af2c6f05c3e771a5d540012639759e8bdbb804","2026.04.28",".rar","3","1903315","1,815143"
"Ethnicities-and-Portraits-Expanded","EPE","2507209632","14","89af2c6f05c3e771a5d540012639759e8bdbb804","2026.04.28",".shader","1","31395","0,029941"
"Ethnicities-and-Portraits-Expanded","EPE","2507209632","14","89af2c6f05c3e771a5d540012639759e8bdbb804","2026.04.28",".txt","3664","93672549","89,333104"
"Ethnicities-and-Portraits-Expanded","EPE","2507209632","14","89af2c6f05c3e771a5d540012639759e8bdbb804","2026.04.28",".yml","15","699407","0,667006"
"Ethnicities-and-Portraits-Expanded","EPE","2507209632","15","c4f0f4855d23fa3c3987825aaf47d921df27bcce","2026.05.09",".anim","978","531754817","507,120912"
"Ethnicities-and-Portraits-Expanded","EPE","2507209632","15","c4f0f4855d23fa3c3987825aaf47d921df27bcce","2026.05.09",".fbx","2","591000","0,563622"
"Ethnicities-and-Portraits-Expanded","EPE","2507209632","15","c4f0f4855d23fa3c3987825aaf47d921df27bcce","2026.05.09",".gitignore","1","32","3,1E-05"
"Ethnicities-and-Portraits-Expanded","EPE","2507209632","15","c4f0f4855d23fa3c3987825aaf47d921df27bcce","2026.05.09",".gui","3","274841","0,262109"
"Ethnicities-and-Portraits-Expanded","EPE","2507209632","15","c4f0f4855d23fa3c3987825aaf47d921df27bcce","2026.05.09",".mod","1","180","0,000172"
"Ethnicities-and-Portraits-Expanded","EPE","2507209632","15","c4f0f4855d23fa3c3987825aaf47d921df27bcce","2026.05.09",".rar","3","1903315","1,815143"
"Ethnicities-and-Portraits-Expanded","EPE","2507209632","15","c4f0f4855d23fa3c3987825aaf47d921df27bcce","2026.05.09",".shader","1","31395","0,029941"
"Ethnicities-and-Portraits-Expanded","EPE","2507209632","15","c4f0f4855d23fa3c3987825aaf47d921df27bcce","2026.05.09",".txt","3664","93688136","89,347969"
"Ethnicities-and-Portraits-Expanded","EPE","2507209632","15","c4f0f4855d23fa3c3987825aaf47d921df27bcce","2026.05.09",".yml","15","699407","0,667006"
"Ethnicities-and-Portraits-Expanded","EPE","2507209632","16","3bd4f6406b7068dddf48e28d2fc4b79b0329ebd1","2026.05.25",".anim","978","531754817","507,120912"
"Ethnicities-and-Portraits-Expanded","EPE","2507209632","16","3bd4f6406b7068dddf48e28d2fc4b79b0329ebd1","2026.05.25",".fbx","2","591000","0,563622"
"Ethnicities-and-Portraits-Expanded","EPE","2507209632","16","3bd4f6406b7068dddf48e28d2fc4b79b0329ebd1","2026.05.25",".gitignore","1","32","3,1E-05"
"Ethnicities-and-Portraits-Expanded","EPE","2507209632","16","3bd4f6406b7068dddf48e28d2fc4b79b0329ebd1","2026.05.25",".gui","3","274841","0,262109"
"Ethnicities-and-Portraits-Expanded","EPE","2507209632","16","3bd4f6406b7068dddf48e28d2fc4b79b0329ebd1","2026.05.25",".mod","1","180","0,000172"
"Ethnicities-and-Portraits-Expanded","EPE","2507209632","16","3bd4f6406b7068dddf48e28d2fc4b79b0329ebd1","2026.05.25",".rar","3","1903315","1,815143"
"Ethnicities-and-Portraits-Expanded","EPE","2507209632","16","3bd4f6406b7068dddf48e28d2fc4b79b0329ebd1","2026.05.25",".shader","1","31395","0,029941"
"Ethnicities-and-Portraits-Expanded","EPE","2507209632","16","3bd4f6406b7068dddf48e28d2fc4b79b0329ebd1","2026.05.25",".txt","3664","93680440","89,34063"
"Ethnicities-and-Portraits-Expanded","EPE","2507209632","16","3bd4f6406b7068dddf48e28d2fc4b79b0329ebd1","2026.05.25",".yml","15","699407","0,667006"
"MBP-EPE-CFP","MBP-EPE-CFP","2543865921","1","bb12eaf64b4c30ba8e0214cbdaa3ce6b9d46cedd","Initial commit",".gitattributes","1","66","6,3E-05"
"MBP-EPE-CFP","MBP-EPE-CFP","2543865921","2","becc48e7e22f0b0818335541866e2cf4775455f6","1",".mod","1","175","0,000167"
"MBP-EPE-CFP","MBP-EPE-CFP","2543865921","2","becc48e7e22f0b0818335541866e2cf4775455f6","1",".png","1","623550","0,594664"
"MBP-EPE-CFP","MBP-EPE-CFP","2543865921","2","becc48e7e22f0b0818335541866e2cf4775455f6","1",".txt","34","2086917","1,990239"
"MBP-EPE-CFP","MBP-EPE-CFP","2543865921","2","becc48e7e22f0b0818335541866e2cf4775455f6","1",".yml","4","144179","0,1375"
"MBP-EPE-CFP","MBP-EPE-CFP","2543865921","3","8465d11333287e282920c262db343a33fd7dd177","2026.02.27",".mod","1","126","0,00012"
"MBP-EPE-CFP","MBP-EPE-CFP","2543865921","3","8465d11333287e282920c262db343a33fd7dd177","2026.02.27",".png","1","272940","0,260296"
"MBP-EPE-CFP","MBP-EPE-CFP","2543865921","3","8465d11333287e282920c262db343a33fd7dd177","2026.02.27",".txt","314","4776793","4,555505"
"MBP-EPE-CFP","MBP-EPE-CFP","2543865921","4","c86a00c074ec2900035bcd8cca81c850b38d6a3c","2026.03.13",".mod","1","124","0,000118"
"MBP-EPE-CFP","MBP-EPE-CFP","2543865921","4","c86a00c074ec2900035bcd8cca81c850b38d6a3c","2026.03.13",".png","1","272940","0,260296"
"MBP-EPE-CFP","MBP-EPE-CFP","2543865921","4","c86a00c074ec2900035bcd8cca81c850b38d6a3c","2026.03.13",".txt","314","4777145","4,55584"
"MBP-EPE-CFP","MBP-EPE-CFP","2543865921","5","92d4259f2ec8c80ec304c1e2293d137e5e99511a","2026.04.20",".mod","1","126","0,00012"
"MBP-EPE-CFP","MBP-EPE-CFP","2543865921","5","92d4259f2ec8c80ec304c1e2293d137e5e99511a","2026.04.20",".png","1","272940","0,260296"
"MBP-EPE-CFP","MBP-EPE-CFP","2543865921","5","92d4259f2ec8c80ec304c1e2293d137e5e99511a","2026.04.20",".txt","314","4779281","4,557878"
"MBP-EPE-CFP","MBP-EPE-CFP","2543865921","6","b459dda76721e334d0998a90f62ce01b9c6cff5d","2026.07.24",".mod","1","126","0,00012"
"MBP-EPE-CFP","MBP-EPE-CFP","2543865921","6","b459dda76721e334d0998a90f62ce01b9c6cff5d","2026.07.24",".png","1","272940","0,260296"
"MBP-EPE-CFP","MBP-EPE-CFP","2543865921","6","b459dda76721e334d0998a90f62ce01b9c6cff5d","2026.07.24",".txt","314","4781600","4,560089"
"MedievalImmersion","MI","3268020725","1","5b472603f6df7d88a26e7e0fa3a8eeada748b6d1","first",".dds","47","11458464","10,927643"
"MedievalImmersion","MI","3268020725","1","5b472603f6df7d88a26e7e0fa3a8eeada748b6d1","first",".info","1","1048","0,000999"
"MedievalImmersion","MI","3268020725","1","5b472603f6df7d88a26e7e0fa3a8eeada748b6d1","first",".mod","2","298","0,000284"
"MedievalImmersion","MI","3268020725","1","5b472603f6df7d88a26e7e0fa3a8eeada748b6d1","first",".png","2","2992504","2,853874"
"MedievalImmersion","MI","3268020725","1","5b472603f6df7d88a26e7e0fa3a8eeada748b6d1","first",".txt","233","11249608","10,728462"
"MedievalImmersion","MI","3268020725","1","5b472603f6df7d88a26e7e0fa3a8eeada748b6d1","first",".yml","17","2291202","2,185061"
"MedievalImmersion","MI","3268020725","2","734cf8921680212b8b4ba5147751d8f6fc951c8c","2025.12.30",".dds","47","11458464","10,927643"
"MedievalImmersion","MI","3268020725","2","734cf8921680212b8b4ba5147751d8f6fc951c8c","2025.12.30",".mod","1","165","0,000157"
"MedievalImmersion","MI","3268020725","2","734cf8921680212b8b4ba5147751d8f6fc951c8c","2025.12.30",".png","2","2991993","2,853387"
"MedievalImmersion","MI","3268020725","2","734cf8921680212b8b4ba5147751d8f6fc951c8c","2025.12.30",".txt","250","15559212","14,838421"
"MedievalImmersion","MI","3268020725","2","734cf8921680212b8b4ba5147751d8f6fc951c8c","2025.12.30",".yml","18","2631353","2,509454"
"MedievalImmersion","MI","3268020725","3","140514d126037cc8a0f53fc6802e3f5e0cf71fd6","2026.07.20",".dds","47","11458464","10,927643"
"MedievalImmersion","MI","3268020725","3","140514d126037cc8a0f53fc6802e3f5e0cf71fd6","2026.07.20",".mod","1","165","0,000157"
"MedievalImmersion","MI","3268020725","3","140514d126037cc8a0f53fc6802e3f5e0cf71fd6","2026.07.20",".png","2","2991993","2,853387"
"MedievalImmersion","MI","3268020725","3","140514d126037cc8a0f53fc6802e3f5e0cf71fd6","2026.07.20",".txt","258","15831278","15,097883"
"MedievalImmersion","MI","3268020725","3","140514d126037cc8a0f53fc6802e3f5e0cf71fd6","2026.07.20",".yml","18","2631353","2,509454"
"MedievalImmersion","MI","3268020725","4","4110c9c2689b261b236d5030e78a1d797799bb26","2026.07.21",".dds","47","11458464","10,927643"
"MedievalImmersion","MI","3268020725","4","4110c9c2689b261b236d5030e78a1d797799bb26","2026.07.21",".mod","1","167","0,000159"
"MedievalImmersion","MI","3268020725","4","4110c9c2689b261b236d5030e78a1d797799bb26","2026.07.21",".png","2","2991993","2,853387"
"MedievalImmersion","MI","3268020725","4","4110c9c2689b261b236d5030e78a1d797799bb26","2026.07.21",".txt","251","15661216","14,935699"
"MedievalImmersion","MI","3268020725","4","4110c9c2689b261b236d5030e78a1d797799bb26","2026.07.21",".yml","18","2631353","2,509454"
"MPE","MPE","3726274827","1","bda26e2f7f05946fad97191229afe72c6d9a3f9e","2026.05.16",".csv","2","763124","0,727772"
"MPE","MPE","3726274827","1","bda26e2f7f05946fad97191229afe72c6d9a3f9e","2026.05.16",".info","1","1379","0,001315"
"MPE","MPE","3726274827","1","bda26e2f7f05946fad97191229afe72c6d9a3f9e","2026.05.16",".map","1","22644","0,021595"
"MPE","MPE","3726274827","1","bda26e2f7f05946fad97191229afe72c6d9a3f9e","2026.05.16",".mod","1","112","0,000107"
"MPE","MPE","3726274827","1","bda26e2f7f05946fad97191229afe72c6d9a3f9e","2026.05.16",".png","3","5625682","5,365068"
"MPE","MPE","3726274827","1","bda26e2f7f05946fad97191229afe72c6d9a3f9e","2026.05.16",".txt","410","41869472","39,92984"
"MPE","MPE","3726274827","1","bda26e2f7f05946fad97191229afe72c6d9a3f9e","2026.05.16",".yml","57","9805498","9,351252"
"MPE","MPE","3726274827","2","c88f6de5838518fb3721392953db7bf1e47afc59","2026.05.18",".csv","2","764234","0,72883"
"MPE","MPE","3726274827","2","c88f6de5838518fb3721392953db7bf1e47afc59","2026.05.18",".info","2","2137","0,002038"
"MPE","MPE","3726274827","2","c88f6de5838518fb3721392953db7bf1e47afc59","2026.05.18",".map","1","22644","0,021595"
"MPE","MPE","3726274827","2","c88f6de5838518fb3721392953db7bf1e47afc59","2026.05.18",".mod","1","112","0,000107"
"MPE","MPE","3726274827","2","c88f6de5838518fb3721392953db7bf1e47afc59","2026.05.18",".png","3","5625682","5,365068"
"MPE","MPE","3726274827","2","c88f6de5838518fb3721392953db7bf1e47afc59","2026.05.18",".txt","417","49766459","47,460994"
"MPE","MPE","3726274827","2","c88f6de5838518fb3721392953db7bf1e47afc59","2026.05.18",".yml","57","9805611","9,351359"
"MPE","MPE","3726274827","3","2b645ef19806ff0fc1030944bba5f607da2e25d8","2026.05.21",".csv","2","764234","0,72883"
"MPE","MPE","3726274827","3","2b645ef19806ff0fc1030944bba5f607da2e25d8","2026.05.21",".info","2","2137","0,002038"
"MPE","MPE","3726274827","3","2b645ef19806ff0fc1030944bba5f607da2e25d8","2026.05.21",".map","1","22644","0,021595"
"MPE","MPE","3726274827","3","2b645ef19806ff0fc1030944bba5f607da2e25d8","2026.05.21",".mod","1","112","0,000107"
"MPE","MPE","3726274827","3","2b645ef19806ff0fc1030944bba5f607da2e25d8","2026.05.21",".png","3","5627014","5,366339"
"MPE","MPE","3726274827","3","2b645ef19806ff0fc1030944bba5f607da2e25d8","2026.05.21",".txt","417","49767940","47,462406"
"MPE","MPE","3726274827","3","2b645ef19806ff0fc1030944bba5f607da2e25d8","2026.05.21",".yml","57","9809647","9,355208"
"MPE","MPE","3726274827","4","19b72a1ccc1c9b4b5aed39b07175cd07cf8c9fe5","2026.06.18",".csv","2","790016","0,753418"
"MPE","MPE","3726274827","4","19b72a1ccc1c9b4b5aed39b07175cd07cf8c9fe5","2026.06.18",".info","2","2137","0,002038"
"MPE","MPE","3726274827","4","19b72a1ccc1c9b4b5aed39b07175cd07cf8c9fe5","2026.06.18",".map","1","22644","0,021595"
"MPE","MPE","3726274827","4","19b72a1ccc1c9b4b5aed39b07175cd07cf8c9fe5","2026.06.18",".mod","1","112","0,000107"
"MPE","MPE","3726274827","4","19b72a1ccc1c9b4b5aed39b07175cd07cf8c9fe5","2026.06.18",".png","3","4455135","4,248748"
"MPE","MPE","3726274827","4","19b72a1ccc1c9b4b5aed39b07175cd07cf8c9fe5","2026.06.18",".txt","430","51516368","49,129837"
"MPE","MPE","3726274827","4","19b72a1ccc1c9b4b5aed39b07175cd07cf8c9fe5","2026.06.18",".yml","57","9845379","9,389285"
"MPE","MPE","3726274827","5","3273a06395ca26775180f80c19adcba89fbe4fe3","2026.07.10",".csv","2","819201","0,781251"
"MPE","MPE","3726274827","5","3273a06395ca26775180f80c19adcba89fbe4fe3","2026.07.10",".info","2","2137","0,002038"
"MPE","MPE","3726274827","5","3273a06395ca26775180f80c19adcba89fbe4fe3","2026.07.10",".map","1","22644","0,021595"
"MPE","MPE","3726274827","5","3273a06395ca26775180f80c19adcba89fbe4fe3","2026.07.10",".mod","1","112","0,000107"
"MPE","MPE","3726274827","5","3273a06395ca26775180f80c19adcba89fbe4fe3","2026.07.10",".png","3","4509846","4,300924"
"MPE","MPE","3726274827","5","3273a06395ca26775180f80c19adcba89fbe4fe3","2026.07.10",".txt","446","53739052","51,249554"
"MPE","MPE","3726274827","5","3273a06395ca26775180f80c19adcba89fbe4fe3","2026.07.10",".yml","57","9871883","9,414561"
"MPE","MPE","3726274827","6","d4aaebb1f911bb711138e8d12533cf022f2f1f75","2026.08.08",".csv","2","821893","0,783818"
"MPE","MPE","3726274827","6","d4aaebb1f911bb711138e8d12533cf022f2f1f75","2026.08.08",".info","3","4303","0,004104"
"MPE","MPE","3726274827","6","d4aaebb1f911bb711138e8d12533cf022f2f1f75","2026.08.08",".map","1","22644","0,021595"
"MPE","MPE","3726274827","6","d4aaebb1f911bb711138e8d12533cf022f2f1f75","2026.08.08",".mod","1","112","0,000107"
"MPE","MPE","3726274827","6","d4aaebb1f911bb711138e8d12533cf022f2f1f75","2026.08.08",".png","3","4508435","4,299579"
"MPE","MPE","3726274827","6","d4aaebb1f911bb711138e8d12533cf022f2f1f75","2026.08.08",".txt","447","53863103","51,367858"
"MPE","MPE","3726274827","6","d4aaebb1f911bb711138e8d12533cf022f2f1f75","2026.08.08",".yml","57","9875983","9,418471"
"RICE","RICE","2273832430","1","d8b7e831276e62f56f5f42587d76be4a1d56e88e","Initial commit",".gitattributes","1","66","6,3E-05"
"RICE","RICE","2273832430","2","138913511f7cc9aefa55a8c70b4546ee8509d5f6","1.17",".gitignore","1","32","3,1E-05"
"RICE","RICE","2273832430","2","138913511f7cc9aefa55a8c70b4546ee8509d5f6","1.17",".gui","66","216183","0,206168"
"RICE","RICE","2273832430","2","138913511f7cc9aefa55a8c70b4546ee8509d5f6","1.17",".mod","1","215","0,000205"
"RICE","RICE","2273832430","2","138913511f7cc9aefa55a8c70b4546ee8509d5f6","1.17",".ogg","219","474670613","452,681172"
"RICE","RICE","2273832430","2","138913511f7cc9aefa55a8c70b4546ee8509d5f6","1.17",".txt","1123","13638396","13,006588"
"RICE","RICE","2273832430","2","138913511f7cc9aefa55a8c70b4546ee8509d5f6","1.17",".xcf","1","120062","0,1145"
"RICE","RICE","2273832430","2","138913511f7cc9aefa55a8c70b4546ee8509d5f6","1.17",".yml","486","36208339","34,530963"
"RICE","RICE","2273832430","3","928fd31902aae67f7ed963ea988f98ed8a9746b2","1.18",".gitignore","1","32","3,1E-05"
"RICE","RICE","2273832430","3","928fd31902aae67f7ed963ea988f98ed8a9746b2","1.18",".gui","64","131462","0,125372"
"RICE","RICE","2273832430","3","928fd31902aae67f7ed963ea988f98ed8a9746b2","1.18",".mod","1","215","0,000205"
"RICE","RICE","2273832430","3","928fd31902aae67f7ed963ea988f98ed8a9746b2","1.18",".ogg","231","507762964","484,240498"
"RICE","RICE","2273832430","3","928fd31902aae67f7ed963ea988f98ed8a9746b2","1.18",".txt","1228","14588490","13,912668"
"RICE","RICE","2273832430","3","928fd31902aae67f7ed963ea988f98ed8a9746b2","1.18",".xcf","1","120062","0,1145"
"RICE","RICE","2273832430","3","928fd31902aae67f7ed963ea988f98ed8a9746b2","1.18",".yml","618","41123942","39,218847"
"RICE","RICE","2273832430","4","e3c5eb10aeee7604aec826fc62fcbc53d64284ec","2025.12.10",".gitignore","1","32","3,1E-05"
"RICE","RICE","2273832430","4","e3c5eb10aeee7604aec826fc62fcbc53d64284ec","2025.12.10",".gui","64","131462","0,125372"
"RICE","RICE","2273832430","4","e3c5eb10aeee7604aec826fc62fcbc53d64284ec","2025.12.10",".mod","1","215","0,000205"
"RICE","RICE","2273832430","4","e3c5eb10aeee7604aec826fc62fcbc53d64284ec","2025.12.10",".ogg","231","507762964","484,240498"
"RICE","RICE","2273832430","4","e3c5eb10aeee7604aec826fc62fcbc53d64284ec","2025.12.10",".txt","1228","14595529","13,919381"
"RICE","RICE","2273832430","4","e3c5eb10aeee7604aec826fc62fcbc53d64284ec","2025.12.10",".xcf","1","120062","0,1145"
"RICE","RICE","2273832430","4","e3c5eb10aeee7604aec826fc62fcbc53d64284ec","2025.12.10",".yml","618","41140688","39,234818"
"RICE","RICE","2273832430","5","dcb50b0af9410c380ba4da4ed5d25e9b1a0540d2","2025.12.14",".gitignore","1","32","3,1E-05"
"RICE","RICE","2273832430","5","dcb50b0af9410c380ba4da4ed5d25e9b1a0540d2","2025.12.14",".gui","64","131462","0,125372"
"RICE","RICE","2273832430","5","dcb50b0af9410c380ba4da4ed5d25e9b1a0540d2","2025.12.14",".mod","1","215","0,000205"
"RICE","RICE","2273832430","5","dcb50b0af9410c380ba4da4ed5d25e9b1a0540d2","2025.12.14",".ogg","231","507762964","484,240498"
"RICE","RICE","2273832430","5","dcb50b0af9410c380ba4da4ed5d25e9b1a0540d2","2025.12.14",".txt","1228","14592937","13,916909"
"RICE","RICE","2273832430","5","dcb50b0af9410c380ba4da4ed5d25e9b1a0540d2","2025.12.14",".xcf","1","120062","0,1145"
"RICE","RICE","2273832430","5","dcb50b0af9410c380ba4da4ed5d25e9b1a0540d2","2025.12.14",".yml","618","41171437","39,264142"
"RICE","RICE","2273832430","6","3fccb9af9d3a57422f919b096eee2e1f9aca1f88","2025.12.18",".gitignore","1","32","3,1E-05"
"RICE","RICE","2273832430","6","3fccb9af9d3a57422f919b096eee2e1f9aca1f88","2025.12.18",".gui","64","131462","0,125372"
"RICE","RICE","2273832430","6","3fccb9af9d3a57422f919b096eee2e1f9aca1f88","2025.12.18",".mod","1","215","0,000205"
"RICE","RICE","2273832430","6","3fccb9af9d3a57422f919b096eee2e1f9aca1f88","2025.12.18",".ogg","231","507762964","484,240498"
"RICE","RICE","2273832430","6","3fccb9af9d3a57422f919b096eee2e1f9aca1f88","2025.12.18",".txt","1228","14598594","13,922304"
"RICE","RICE","2273832430","6","3fccb9af9d3a57422f919b096eee2e1f9aca1f88","2025.12.18",".xcf","1","120062","0,1145"
"RICE","RICE","2273832430","6","3fccb9af9d3a57422f919b096eee2e1f9aca1f88","2025.12.18",".yml","618","41181043","39,273303"
"RICE","RICE","2273832430","7","9e37de2ebb79670977fa6a1f7ac4c334f2b6400f","2026.02.02",".gitignore","1","32","3,1E-05"
"RICE","RICE","2273832430","7","9e37de2ebb79670977fa6a1f7ac4c334f2b6400f","2026.02.02",".gui","65","133259","0,127086"
"RICE","RICE","2273832430","7","9e37de2ebb79670977fa6a1f7ac4c334f2b6400f","2026.02.02",".mod","1","215","0,000205"
"RICE","RICE","2273832430","7","9e37de2ebb79670977fa6a1f7ac4c334f2b6400f","2026.02.02",".ogg","241","530194613","505,632985"
"RICE","RICE","2273832430","7","9e37de2ebb79670977fa6a1f7ac4c334f2b6400f","2026.02.02",".txt","1254","14886726","14,197088"
"RICE","RICE","2273832430","7","9e37de2ebb79670977fa6a1f7ac4c334f2b6400f","2026.02.02",".xcf","1","120062","0,1145"
"RICE","RICE","2273832430","7","9e37de2ebb79670977fa6a1f7ac4c334f2b6400f","2026.02.02",".yml","633","41891716","39,951054"
"RICE","RICE","2273832430","8","49e14a0204f299d58a4faa2d0ea74d21a1fbbcd5","2026.02.08",".gitignore","1","32","3,1E-05"
"RICE","RICE","2273832430","8","49e14a0204f299d58a4faa2d0ea74d21a1fbbcd5","2026.02.08",".gui","65","133259","0,127086"
"RICE","RICE","2273832430","8","49e14a0204f299d58a4faa2d0ea74d21a1fbbcd5","2026.02.08",".mod","1","215","0,000205"
"RICE","RICE","2273832430","8","49e14a0204f299d58a4faa2d0ea74d21a1fbbcd5","2026.02.08",".ogg","241","530194613","505,632985"
"RICE","RICE","2273832430","8","49e14a0204f299d58a4faa2d0ea74d21a1fbbcd5","2026.02.08",".txt","1254","14886729","14,197091"
"RICE","RICE","2273832430","8","49e14a0204f299d58a4faa2d0ea74d21a1fbbcd5","2026.02.08",".xcf","1","120062","0,1145"
"RICE","RICE","2273832430","8","49e14a0204f299d58a4faa2d0ea74d21a1fbbcd5","2026.02.08",".yml","634","42031663","40,084517"
"RICE","RICE","2273832430","9","e2f5f564b25bd86dd6517cc40bf7442475aed41c","2026.02.10",".gitignore","1","32","3,1E-05"
"RICE","RICE","2273832430","9","e2f5f564b25bd86dd6517cc40bf7442475aed41c","2026.02.10",".gui","65","133259","0,127086"
"RICE","RICE","2273832430","9","e2f5f564b25bd86dd6517cc40bf7442475aed41c","2026.02.10",".mod","1","215","0,000205"
"RICE","RICE","2273832430","9","e2f5f564b25bd86dd6517cc40bf7442475aed41c","2026.02.10",".ogg","241","530194613","505,632985"
"RICE","RICE","2273832430","9","e2f5f564b25bd86dd6517cc40bf7442475aed41c","2026.02.10",".txt","1254","14886815","14,197173"
"RICE","RICE","2273832430","9","e2f5f564b25bd86dd6517cc40bf7442475aed41c","2026.02.10",".xcf","1","120062","0,1145"
"RICE","RICE","2273832430","9","e2f5f564b25bd86dd6517cc40bf7442475aed41c","2026.02.10",".yml","633","41954431","40,010863"
"RICE","RICE","2273832430","10","857b1d0f4a5be85306d3c9bc9658f8da21a8b0d7","2026.03.28",".gitignore","1","32","3,1E-05"
"RICE","RICE","2273832430","10","857b1d0f4a5be85306d3c9bc9658f8da21a8b0d7","2026.03.28",".gui","66","135093","0,128835"
"RICE","RICE","2273832430","10","857b1d0f4a5be85306d3c9bc9658f8da21a8b0d7","2026.03.28",".mod","1","215","0,000205"
"RICE","RICE","2273832430","10","857b1d0f4a5be85306d3c9bc9658f8da21a8b0d7","2026.03.28",".ogg","241","530194613","505,632985"
"RICE","RICE","2273832430","10","857b1d0f4a5be85306d3c9bc9658f8da21a8b0d7","2026.03.28",".txt","1273","15173465","14,470544"
"RICE","RICE","2273832430","10","857b1d0f4a5be85306d3c9bc9658f8da21a8b0d7","2026.03.28",".xcf","1","120062","0,1145"
"RICE","RICE","2273832430","10","857b1d0f4a5be85306d3c9bc9658f8da21a8b0d7","2026.03.28",".yml","655","42540441","40,569726"
"RICE","RICE","2273832430","11","d3f0ed7d2ba5c7fe349d23e4c90bd7bfdf25b5a4","2026.04.28",".gitignore","1","32","3,1E-05"
"RICE","RICE","2273832430","11","d3f0ed7d2ba5c7fe349d23e4c90bd7bfdf25b5a4","2026.04.28",".gui","66","135093","0,128835"
"RICE","RICE","2273832430","11","d3f0ed7d2ba5c7fe349d23e4c90bd7bfdf25b5a4","2026.04.28",".mod","1","215","0,000205"
"RICE","RICE","2273832430","11","d3f0ed7d2ba5c7fe349d23e4c90bd7bfdf25b5a4","2026.04.28",".ogg","241","530194613","505,632985"
"RICE","RICE","2273832430","11","d3f0ed7d2ba5c7fe349d23e4c90bd7bfdf25b5a4","2026.04.28",".txt","1331","15658660","14,933262"
"RICE","RICE","2273832430","11","d3f0ed7d2ba5c7fe349d23e4c90bd7bfdf25b5a4","2026.04.28",".xcf","1","120062","0,1145"
"RICE","RICE","2273832430","11","d3f0ed7d2ba5c7fe349d23e4c90bd7bfdf25b5a4","2026.04.28",".yml","745","43611190","41,590872"
"RICE","RICE","2273832430","12","dd84e726f4a52dd2a25804a07605f7d0f8b147ad","2026.05.03",".gitignore","1","32","3,1E-05"
"RICE","RICE","2273832430","12","dd84e726f4a52dd2a25804a07605f7d0f8b147ad","2026.05.03",".gui","66","135093","0,128835"
"RICE","RICE","2273832430","12","dd84e726f4a52dd2a25804a07605f7d0f8b147ad","2026.05.03",".mod","1","215","0,000205"
"RICE","RICE","2273832430","12","dd84e726f4a52dd2a25804a07605f7d0f8b147ad","2026.05.03",".ogg","241","530194613","505,632985"
"RICE","RICE","2273832430","12","dd84e726f4a52dd2a25804a07605f7d0f8b147ad","2026.05.03",".txt","1331","15661795","14,936252"
"RICE","RICE","2273832430","12","dd84e726f4a52dd2a25804a07605f7d0f8b147ad","2026.05.03",".xcf","1","120062","0,1145"
"RICE","RICE","2273832430","12","dd84e726f4a52dd2a25804a07605f7d0f8b147ad","2026.05.03",".yml","755","43770813","41,7431"
"RICE","RICE","2273832430","13","4615a5c22b57137e721bbc088bf3847b0b524045","2026.05.15",".gitignore","1","32","3,1E-05"
"RICE","RICE","2273832430","13","4615a5c22b57137e721bbc088bf3847b0b524045","2026.05.15",".gui","66","135093","0,128835"
"RICE","RICE","2273832430","13","4615a5c22b57137e721bbc088bf3847b0b524045","2026.05.15",".mod","1","215","0,000205"
"RICE","RICE","2273832430","13","4615a5c22b57137e721bbc088bf3847b0b524045","2026.05.15",".ogg","241","530194613","505,632985"
"RICE","RICE","2273832430","13","4615a5c22b57137e721bbc088bf3847b0b524045","2026.05.15",".txt","1331","15663555","14,93793"
"RICE","RICE","2273832430","13","4615a5c22b57137e721bbc088bf3847b0b524045","2026.05.15",".xcf","1","120062","0,1145"
"RICE","RICE","2273832430","13","4615a5c22b57137e721bbc088bf3847b0b524045","2026.05.15",".yml","755","43791191","41,762534"
"RICE","RICE","2273832430","14","9a8ce64d80233a6e638a628b3db4bbcea64c3ebb","2026.07.10",".gitignore","1","32","3,1E-05"
"RICE","RICE","2273832430","14","9a8ce64d80233a6e638a628b3db4bbcea64c3ebb","2026.07.10",".gui","67","136892","0,13055"
"RICE","RICE","2273832430","14","9a8ce64d80233a6e638a628b3db4bbcea64c3ebb","2026.07.10",".mod","1","215","0,000205"
"RICE","RICE","2273832430","14","9a8ce64d80233a6e638a628b3db4bbcea64c3ebb","2026.07.10",".ogg","241","530194613","505,632985"
"RICE","RICE","2273832430","14","9a8ce64d80233a6e638a628b3db4bbcea64c3ebb","2026.07.10",".txt","1357","15913909","15,176686"
"RICE","RICE","2273832430","14","9a8ce64d80233a6e638a628b3db4bbcea64c3ebb","2026.07.10",".xcf","1","120062","0,1145"
"RICE","RICE","2273832430","14","9a8ce64d80233a6e638a628b3db4bbcea64c3ebb","2026.07.10",".yml","781","44257848","42,207573"
"RICE","RICE","2273832430","15","9a3484844539b6a48bad484b98d189216412077d","2026.07.26",".gitignore","1","32","3,1E-05"
"RICE","RICE","2273832430","15","9a3484844539b6a48bad484b98d189216412077d","2026.07.26",".gui","67","136892","0,13055"
"RICE","RICE","2273832430","15","9a3484844539b6a48bad484b98d189216412077d","2026.07.26",".mod","1","215","0,000205"
"RICE","RICE","2273832430","15","9a3484844539b6a48bad484b98d189216412077d","2026.07.26",".ogg","241","530194613","505,632985"
"RICE","RICE","2273832430","15","9a3484844539b6a48bad484b98d189216412077d","2026.07.26",".txt","1357","15938905","15,200524"
"RICE","RICE","2273832430","15","9a3484844539b6a48bad484b98d189216412077d","2026.07.26",".xcf","1","120062","0,1145"
"RICE","RICE","2273832430","15","9a3484844539b6a48bad484b98d189216412077d","2026.07.26",".yml","776","44346655","42,292266"
"RICE","RICE","2273832430","16","1e4238bd030ef259bcae60147126f3cc9c950ceb","2026.08.14",".gitignore","1","32","3,1E-05"
"RICE","RICE","2273832430","16","1e4238bd030ef259bcae60147126f3cc9c950ceb","2026.08.14",".gui","67","136892","0,13055"
"RICE","RICE","2273832430","16","1e4238bd030ef259bcae60147126f3cc9c950ceb","2026.08.14",".mod","1","215","0,000205"
"RICE","RICE","2273832430","16","1e4238bd030ef259bcae60147126f3cc9c950ceb","2026.08.14",".ogg","241","530194613","505,632985"
"RICE","RICE","2273832430","16","1e4238bd030ef259bcae60147126f3cc9c950ceb","2026.08.14",".txt","1357","15942920","15,204353"
"RICE","RICE","2273832430","16","1e4238bd030ef259bcae60147126f3cc9c950ceb","2026.08.14",".xcf","1","120062","0,1145"
"RICE","RICE","2273832430","16","1e4238bd030ef259bcae60147126f3cc9c950ceb","2026.08.14",".yml","777","44513421","42,451306"
"Special-World","SW","2875587269","1","8cff9607cb4a5bbf4772156f15f62b5564764df4","First","._defunctmesh","1","2295203","2,188876"
"Special-World","SW","2875587269","1","8cff9607cb4a5bbf4772156f15f62b5564764df4","First",".anim","25","1986192","1,89418"
"Special-World","SW","2875587269","1","8cff9607cb4a5bbf4772156f15f62b5564764df4","First",".gitignore","1","32","3,1E-05"
"Special-World","SW","2875587269","1","8cff9607cb4a5bbf4772156f15f62b5564764df4","First",".gui","4","141348","0,1348"
"Special-World","SW","2875587269","1","8cff9607cb4a5bbf4772156f15f62b5564764df4","First",".info","3","6567909","6,263646"
"Special-World","SW","2875587269","1","8cff9607cb4a5bbf4772156f15f62b5564764df4","First",".mod","1","172","0,000164"
"Special-World","SW","2875587269","1","8cff9607cb4a5bbf4772156f15f62b5564764df4","First",".pdn","5","23321194","22,240824"
"Special-World","SW","2875587269","1","8cff9607cb4a5bbf4772156f15f62b5564764df4","First",".tif","1","750888","0,716103"
"Special-World","SW","2875587269","1","8cff9607cb4a5bbf4772156f15f62b5564764df4","First",".txt","306","14361483","13,696177"
"Special-World","SW","2875587269","1","8cff9607cb4a5bbf4772156f15f62b5564764df4","First",".yml","35","2035246","1,940962"
"Special-World","SW","2875587269","2","5d059d311cc276f2a49f976a2d4254280ac39f2c","2025.10.28","._defunctmesh","1","2295203","2,188876"
"Special-World","SW","2875587269","2","5d059d311cc276f2a49f976a2d4254280ac39f2c","2025.10.28",".anim","25","1986192","1,89418"
"Special-World","SW","2875587269","2","5d059d311cc276f2a49f976a2d4254280ac39f2c","2025.10.28",".gitignore","1","32","3,1E-05"
"Special-World","SW","2875587269","2","5d059d311cc276f2a49f976a2d4254280ac39f2c","2025.10.28",".gui","4","141348","0,1348"
"Special-World","SW","2875587269","2","5d059d311cc276f2a49f976a2d4254280ac39f2c","2025.10.28",".info","4","6683048","6,373451"
"Special-World","SW","2875587269","2","5d059d311cc276f2a49f976a2d4254280ac39f2c","2025.10.28",".mod","1","172","0,000164"
"Special-World","SW","2875587269","2","5d059d311cc276f2a49f976a2d4254280ac39f2c","2025.10.28",".pdn","5","23321194","22,240824"
"Special-World","SW","2875587269","2","5d059d311cc276f2a49f976a2d4254280ac39f2c","2025.10.28",".tif","1","750888","0,716103"
"Special-World","SW","2875587269","2","5d059d311cc276f2a49f976a2d4254280ac39f2c","2025.10.28",".txt","309","14404834","13,73752"
"Special-World","SW","2875587269","2","5d059d311cc276f2a49f976a2d4254280ac39f2c","2025.10.28",".yml","35","2038138","1,94372"
"Special-World","SW","2875587269","3","a2f8e19bc24921e55b1459032bf255d0a02d4507","2025.12.10","._defunctmesh","1","2295203","2,188876"
"Special-World","SW","2875587269","3","a2f8e19bc24921e55b1459032bf255d0a02d4507","2025.12.10",".anim","25","1986192","1,89418"
"Special-World","SW","2875587269","3","a2f8e19bc24921e55b1459032bf255d0a02d4507","2025.12.10",".gitignore","1","32","3,1E-05"
"Special-World","SW","2875587269","3","a2f8e19bc24921e55b1459032bf255d0a02d4507","2025.12.10",".gui","4","148891","0,141994"
"Special-World","SW","2875587269","3","a2f8e19bc24921e55b1459032bf255d0a02d4507","2025.12.10",".info","3","6614789","6,308354"
"Special-World","SW","2875587269","3","a2f8e19bc24921e55b1459032bf255d0a02d4507","2025.12.10",".mod","1","172","0,000164"
"Special-World","SW","2875587269","3","a2f8e19bc24921e55b1459032bf255d0a02d4507","2025.12.10",".pdn","5","23321194","22,240824"
"Special-World","SW","2875587269","3","a2f8e19bc24921e55b1459032bf255d0a02d4507","2025.12.10",".tif","1","750888","0,716103"
"Special-World","SW","2875587269","3","a2f8e19bc24921e55b1459032bf255d0a02d4507","2025.12.10",".txt","239","16790810","16,012964"
"Special-World","SW","2875587269","3","a2f8e19bc24921e55b1459032bf255d0a02d4507","2025.12.10",".yml","39","1755671","1,674338"
"Special-World","SW","2875587269","4","bd48aaacb89f48226bbaf66fad12ba33907e5c46","2025.12.25","._defunctmesh","1","2295203","2,188876"
"Special-World","SW","2875587269","4","bd48aaacb89f48226bbaf66fad12ba33907e5c46","2025.12.25",".anim","25","1986192","1,89418"
"Special-World","SW","2875587269","4","bd48aaacb89f48226bbaf66fad12ba33907e5c46","2025.12.25",".gitignore","1","32","3,1E-05"
"Special-World","SW","2875587269","4","bd48aaacb89f48226bbaf66fad12ba33907e5c46","2025.12.25",".gui","4","149029","0,142125"
"Special-World","SW","2875587269","4","bd48aaacb89f48226bbaf66fad12ba33907e5c46","2025.12.25",".info","4","6894218","6,574839"
"Special-World","SW","2875587269","4","bd48aaacb89f48226bbaf66fad12ba33907e5c46","2025.12.25",".mod","1","172","0,000164"
"Special-World","SW","2875587269","4","bd48aaacb89f48226bbaf66fad12ba33907e5c46","2025.12.25",".pdn","5","23321194","22,240824"
"Special-World","SW","2875587269","4","bd48aaacb89f48226bbaf66fad12ba33907e5c46","2025.12.25",".tif","1","750888","0,716103"
"Special-World","SW","2875587269","4","bd48aaacb89f48226bbaf66fad12ba33907e5c46","2025.12.25",".txt","235","16202373","15,451787"
"Special-World","SW","2875587269","4","bd48aaacb89f48226bbaf66fad12ba33907e5c46","2025.12.25",".yml","39","1756765","1,675382"
"Special-World","SW","2875587269","5","281142eee5206dc821e274b9db26da1428e16fc0","2025.12.30","._defunctmesh","1","2295203","2,188876"
"Special-World","SW","2875587269","5","281142eee5206dc821e274b9db26da1428e16fc0","2025.12.30",".anim","25","1986192","1,89418"
"Special-World","SW","2875587269","5","281142eee5206dc821e274b9db26da1428e16fc0","2025.12.30",".gitignore","1","32","3,1E-05"
"Special-World","SW","2875587269","5","281142eee5206dc821e274b9db26da1428e16fc0","2025.12.30",".gui","4","149029","0,142125"
"Special-World","SW","2875587269","5","281142eee5206dc821e274b9db26da1428e16fc0","2025.12.30",".info","4","6894218","6,574839"
"Special-World","SW","2875587269","5","281142eee5206dc821e274b9db26da1428e16fc0","2025.12.30",".mod","1","172","0,000164"
"Special-World","SW","2875587269","5","281142eee5206dc821e274b9db26da1428e16fc0","2025.12.30",".pdn","5","23321194","22,240824"
"Special-World","SW","2875587269","5","281142eee5206dc821e274b9db26da1428e16fc0","2025.12.30",".tif","1","750888","0,716103"
"Special-World","SW","2875587269","5","281142eee5206dc821e274b9db26da1428e16fc0","2025.12.30",".txt","235","16202421","15,451833"
"Special-World","SW","2875587269","5","281142eee5206dc821e274b9db26da1428e16fc0","2025.12.30",".yml","39","1757151","1,67575"
"Special-World","SW","2875587269","6","825da8e0f5e4b60f964301e80c5665a8a8426fc2","2026.01.01","._defunctmesh","1","2295203","2,188876"
"Special-World","SW","2875587269","6","825da8e0f5e4b60f964301e80c5665a8a8426fc2","2026.01.01",".anim","25","1986192","1,89418"
"Special-World","SW","2875587269","6","825da8e0f5e4b60f964301e80c5665a8a8426fc2","2026.01.01",".gitignore","1","32","3,1E-05"
"Special-World","SW","2875587269","6","825da8e0f5e4b60f964301e80c5665a8a8426fc2","2026.01.01",".gui","4","149029","0,142125"
"Special-World","SW","2875587269","6","825da8e0f5e4b60f964301e80c5665a8a8426fc2","2026.01.01",".info","4","6894218","6,574839"
"Special-World","SW","2875587269","6","825da8e0f5e4b60f964301e80c5665a8a8426fc2","2026.01.01",".mod","1","172","0,000164"
"Special-World","SW","2875587269","6","825da8e0f5e4b60f964301e80c5665a8a8426fc2","2026.01.01",".pdn","5","23321194","22,240824"
"Special-World","SW","2875587269","6","825da8e0f5e4b60f964301e80c5665a8a8426fc2","2026.01.01",".tif","1","750888","0,716103"
"Special-World","SW","2875587269","6","825da8e0f5e4b60f964301e80c5665a8a8426fc2","2026.01.01",".txt","235","16202425","15,451837"
"Special-World","SW","2875587269","6","825da8e0f5e4b60f964301e80c5665a8a8426fc2","2026.01.01",".yml","39","1757148","1,675747"
"Special-World","SW","2875587269","7","59197499171ff9f910d90d8b03407b7388b43847","2026.01.12","._defunctmesh","1","2295203","2,188876"
"Special-World","SW","2875587269","7","59197499171ff9f910d90d8b03407b7388b43847","2026.01.12",".anim","25","1986192","1,89418"
"Special-World","SW","2875587269","7","59197499171ff9f910d90d8b03407b7388b43847","2026.01.12",".gitignore","1","32","3,1E-05"
"Special-World","SW","2875587269","7","59197499171ff9f910d90d8b03407b7388b43847","2026.01.12",".gui","4","149029","0,142125"
"Special-World","SW","2875587269","7","59197499171ff9f910d90d8b03407b7388b43847","2026.01.12",".info","4","6891711","6,572448"
"Special-World","SW","2875587269","7","59197499171ff9f910d90d8b03407b7388b43847","2026.01.12",".mod","1","172","0,000164"
"Special-World","SW","2875587269","7","59197499171ff9f910d90d8b03407b7388b43847","2026.01.12",".pdn","5","23321194","22,240824"
"Special-World","SW","2875587269","7","59197499171ff9f910d90d8b03407b7388b43847","2026.01.12",".tif","1","750888","0,716103"
"Special-World","SW","2875587269","7","59197499171ff9f910d90d8b03407b7388b43847","2026.01.12",".txt","234","16167389","15,418424"
"Special-World","SW","2875587269","7","59197499171ff9f910d90d8b03407b7388b43847","2026.01.12",".yml","39","1767688","1,685799"
"Special-World","SW","2875587269","8","688be509388ead75fa299018dcdde17ba4c8f5f5","2026.01.15","._defunctmesh","1","2295203","2,188876"
"Special-World","SW","2875587269","8","688be509388ead75fa299018dcdde17ba4c8f5f5","2026.01.15",".anim","25","1986192","1,89418"
"Special-World","SW","2875587269","8","688be509388ead75fa299018dcdde17ba4c8f5f5","2026.01.15",".gitignore","1","32","3,1E-05"
"Special-World","SW","2875587269","8","688be509388ead75fa299018dcdde17ba4c8f5f5","2026.01.15",".gui","4","149029","0,142125"
"Special-World","SW","2875587269","8","688be509388ead75fa299018dcdde17ba4c8f5f5","2026.01.15",".info","4","6891711","6,572448"
"Special-World","SW","2875587269","8","688be509388ead75fa299018dcdde17ba4c8f5f5","2026.01.15",".mod","1","172","0,000164"
"Special-World","SW","2875587269","8","688be509388ead75fa299018dcdde17ba4c8f5f5","2026.01.15",".pdn","5","23321194","22,240824"
"Special-World","SW","2875587269","8","688be509388ead75fa299018dcdde17ba4c8f5f5","2026.01.15",".tif","1","750888","0,716103"
"Special-World","SW","2875587269","8","688be509388ead75fa299018dcdde17ba4c8f5f5","2026.01.15",".txt","234","16167625","15,418649"
"Special-World","SW","2875587269","8","688be509388ead75fa299018dcdde17ba4c8f5f5","2026.01.15",".yml","39","1767691","1,685802"
"Special-World","SW","2875587269","9","fc1bca8d5e65a0a82dfb0ac58e4d4858ed83afac","2026.01.27","._defunctmesh","1","2295203","2,188876"
"Special-World","SW","2875587269","9","fc1bca8d5e65a0a82dfb0ac58e4d4858ed83afac","2026.01.27",".anim","25","1986192","1,89418"
"Special-World","SW","2875587269","9","fc1bca8d5e65a0a82dfb0ac58e4d4858ed83afac","2026.01.27",".gitignore","1","32","3,1E-05"
"Special-World","SW","2875587269","9","fc1bca8d5e65a0a82dfb0ac58e4d4858ed83afac","2026.01.27",".gui","4","149051","0,142146"
"Special-World","SW","2875587269","9","fc1bca8d5e65a0a82dfb0ac58e4d4858ed83afac","2026.01.27",".info","4","6891711","6,572448"
"Special-World","SW","2875587269","9","fc1bca8d5e65a0a82dfb0ac58e4d4858ed83afac","2026.01.27",".mod","1","172","0,000164"
"Special-World","SW","2875587269","9","fc1bca8d5e65a0a82dfb0ac58e4d4858ed83afac","2026.01.27",".pdn","5","23321194","22,240824"
"Special-World","SW","2875587269","9","fc1bca8d5e65a0a82dfb0ac58e4d4858ed83afac","2026.01.27",".tif","1","750888","0,716103"
"Special-World","SW","2875587269","9","fc1bca8d5e65a0a82dfb0ac58e4d4858ed83afac","2026.01.27",".txt","236","16195108","15,444859"
"Special-World","SW","2875587269","9","fc1bca8d5e65a0a82dfb0ac58e4d4858ed83afac","2026.01.27",".yml","39","1768141","1,686231"
"Special-World","SW","2875587269","10","04978e0c73beff81e806fb0433ea3ad95cf3a589","2026.01.31","._defunctmesh","1","2295203","2,188876"
"Special-World","SW","2875587269","10","04978e0c73beff81e806fb0433ea3ad95cf3a589","2026.01.31",".anim","25","1986192","1,89418"
"Special-World","SW","2875587269","10","04978e0c73beff81e806fb0433ea3ad95cf3a589","2026.01.31",".gitignore","1","32","3,1E-05"
"Special-World","SW","2875587269","10","04978e0c73beff81e806fb0433ea3ad95cf3a589","2026.01.31",".gui","4","149051","0,142146"
"Special-World","SW","2875587269","10","04978e0c73beff81e806fb0433ea3ad95cf3a589","2026.01.31",".info","4","6891711","6,572448"
"Special-World","SW","2875587269","10","04978e0c73beff81e806fb0433ea3ad95cf3a589","2026.01.31",".mod","1","172","0,000164"
"Special-World","SW","2875587269","10","04978e0c73beff81e806fb0433ea3ad95cf3a589","2026.01.31",".pdn","5","23321194","22,240824"
"Special-World","SW","2875587269","10","04978e0c73beff81e806fb0433ea3ad95cf3a589","2026.01.31",".tif","1","750888","0,716103"
"Special-World","SW","2875587269","10","04978e0c73beff81e806fb0433ea3ad95cf3a589","2026.01.31",".txt","240","16395013","15,635503"
"Special-World","SW","2875587269","10","04978e0c73beff81e806fb0433ea3ad95cf3a589","2026.01.31",".yml","39","1770450","1,688433"
"Special-World","SW","2875587269","11","dbd3d6f27c20d3fb999730b7d28e09df3667bd16","2026.02.11","._defunctmesh","1","2295203","2,188876"
"Special-World","SW","2875587269","11","dbd3d6f27c20d3fb999730b7d28e09df3667bd16","2026.02.11",".anim","25","1986192","1,89418"
"Special-World","SW","2875587269","11","dbd3d6f27c20d3fb999730b7d28e09df3667bd16","2026.02.11",".gitignore","1","32","3,1E-05"
"Special-World","SW","2875587269","11","dbd3d6f27c20d3fb999730b7d28e09df3667bd16","2026.02.11",".gui","4","148892","0,141994"
"Special-World","SW","2875587269","11","dbd3d6f27c20d3fb999730b7d28e09df3667bd16","2026.02.11",".info","4","6891711","6,572448"
"Special-World","SW","2875587269","11","dbd3d6f27c20d3fb999730b7d28e09df3667bd16","2026.02.11",".mod","1","172","0,000164"
"Special-World","SW","2875587269","11","dbd3d6f27c20d3fb999730b7d28e09df3667bd16","2026.02.11",".pdn","5","23321194","22,240824"
"Special-World","SW","2875587269","11","dbd3d6f27c20d3fb999730b7d28e09df3667bd16","2026.02.11",".tif","1","750888","0,716103"
"Special-World","SW","2875587269","11","dbd3d6f27c20d3fb999730b7d28e09df3667bd16","2026.02.11",".txt","242","16530621","15,764829"
"Special-World","SW","2875587269","11","dbd3d6f27c20d3fb999730b7d28e09df3667bd16","2026.02.11",".yml","39","1770158","1,688154"
"Special-World","SW","2875587269","12","0d6593821735eed75eeea01feaa347e3323e81f6","2026.02.14","._defunctmesh","1","2295203","2,188876"
"Special-World","SW","2875587269","12","0d6593821735eed75eeea01feaa347e3323e81f6","2026.02.14",".anim","25","1986192","1,89418"
"Special-World","SW","2875587269","12","0d6593821735eed75eeea01feaa347e3323e81f6","2026.02.14",".gitignore","1","32","3,1E-05"
"Special-World","SW","2875587269","12","0d6593821735eed75eeea01feaa347e3323e81f6","2026.02.14",".gui","4","148892","0,141994"
"Special-World","SW","2875587269","12","0d6593821735eed75eeea01feaa347e3323e81f6","2026.02.14",".info","4","6891711","6,572448"
"Special-World","SW","2875587269","12","0d6593821735eed75eeea01feaa347e3323e81f6","2026.02.14",".mod","1","172","0,000164"
"Special-World","SW","2875587269","12","0d6593821735eed75eeea01feaa347e3323e81f6","2026.02.14",".pdn","5","23321194","22,240824"
"Special-World","SW","2875587269","12","0d6593821735eed75eeea01feaa347e3323e81f6","2026.02.14",".tif","1","750888","0,716103"
"Special-World","SW","2875587269","12","0d6593821735eed75eeea01feaa347e3323e81f6","2026.02.14",".txt","242","16532126","15,766264"
"Special-World","SW","2875587269","12","0d6593821735eed75eeea01feaa347e3323e81f6","2026.02.14",".yml","39","1770769","1,688737"
"Special-World","SW","2875587269","13","9ee299267667b7f65add26844e8520da320efdae","2026.02.18","._defunctmesh","1","2295203","2,188876"
"Special-World","SW","2875587269","13","9ee299267667b7f65add26844e8520da320efdae","2026.02.18",".anim","25","1986192","1,89418"
"Special-World","SW","2875587269","13","9ee299267667b7f65add26844e8520da320efdae","2026.02.18",".gitignore","1","32","3,1E-05"
"Special-World","SW","2875587269","13","9ee299267667b7f65add26844e8520da320efdae","2026.02.18",".gui","4","148892","0,141994"
"Special-World","SW","2875587269","13","9ee299267667b7f65add26844e8520da320efdae","2026.02.18",".info","4","6891711","6,572448"
"Special-World","SW","2875587269","13","9ee299267667b7f65add26844e8520da320efdae","2026.02.18",".mod","1","172","0,000164"
"Special-World","SW","2875587269","13","9ee299267667b7f65add26844e8520da320efdae","2026.02.18",".pdn","5","23321194","22,240824"
"Special-World","SW","2875587269","13","9ee299267667b7f65add26844e8520da320efdae","2026.02.18",".tif","1","750888","0,716103"
"Special-World","SW","2875587269","13","9ee299267667b7f65add26844e8520da320efdae","2026.02.18",".txt","242","16532148","15,766285"
"Special-World","SW","2875587269","13","9ee299267667b7f65add26844e8520da320efdae","2026.02.18",".yml","39","1771014","1,688971"
"Special-World","SW","2875587269","14","be266d10ef71a8ae6d1b26920fcb063039aa7d5c","2026.02.22","._defunctmesh","1","2295203","2,188876"
"Special-World","SW","2875587269","14","be266d10ef71a8ae6d1b26920fcb063039aa7d5c","2026.02.22",".anim","25","1986192","1,89418"
"Special-World","SW","2875587269","14","be266d10ef71a8ae6d1b26920fcb063039aa7d5c","2026.02.22",".gitignore","1","32","3,1E-05"
"Special-World","SW","2875587269","14","be266d10ef71a8ae6d1b26920fcb063039aa7d5c","2026.02.22",".gui","4","148892","0,141994"
"Special-World","SW","2875587269","14","be266d10ef71a8ae6d1b26920fcb063039aa7d5c","2026.02.22",".info","4","6891711","6,572448"
"Special-World","SW","2875587269","14","be266d10ef71a8ae6d1b26920fcb063039aa7d5c","2026.02.22",".mod","1","172","0,000164"
"Special-World","SW","2875587269","14","be266d10ef71a8ae6d1b26920fcb063039aa7d5c","2026.02.22",".pdn","5","23321194","22,240824"
"Special-World","SW","2875587269","14","be266d10ef71a8ae6d1b26920fcb063039aa7d5c","2026.02.22",".tif","1","750888","0,716103"
"Special-World","SW","2875587269","14","be266d10ef71a8ae6d1b26920fcb063039aa7d5c","2026.02.22",".txt","243","16538207","15,772063"
"Special-World","SW","2875587269","14","be266d10ef71a8ae6d1b26920fcb063039aa7d5c","2026.02.22",".yml","39","1771014","1,688971"
"Special-World","SW","2875587269","15","35b31d96b564aa28b6abc3079864e8cb73caa66d","2026.02.26","._defunctmesh","1","2295203","2,188876"
"Special-World","SW","2875587269","15","35b31d96b564aa28b6abc3079864e8cb73caa66d","2026.02.26",".anim","25","1986192","1,89418"
"Special-World","SW","2875587269","15","35b31d96b564aa28b6abc3079864e8cb73caa66d","2026.02.26",".gitignore","1","32","3,1E-05"
"Special-World","SW","2875587269","15","35b31d96b564aa28b6abc3079864e8cb73caa66d","2026.02.26",".gui","3","148966","0,142065"
"Special-World","SW","2875587269","15","35b31d96b564aa28b6abc3079864e8cb73caa66d","2026.02.26",".info","4","6891711","6,572448"
"Special-World","SW","2875587269","15","35b31d96b564aa28b6abc3079864e8cb73caa66d","2026.02.26",".mod","1","172","0,000164"
"Special-World","SW","2875587269","15","35b31d96b564aa28b6abc3079864e8cb73caa66d","2026.02.26",".pdn","5","23321194","22,240824"
"Special-World","SW","2875587269","15","35b31d96b564aa28b6abc3079864e8cb73caa66d","2026.02.26",".tif","1","750888","0,716103"
"Special-World","SW","2875587269","15","35b31d96b564aa28b6abc3079864e8cb73caa66d","2026.02.26",".txt","244","16820509","16,041287"
"Special-World","SW","2875587269","15","35b31d96b564aa28b6abc3079864e8cb73caa66d","2026.02.26",".yml","40","1769577","1,6876"
"Special-World","SW","2875587269","16","82f9a80b847cebb359e9b8797be9b85058fc99e7","2026.03.01","._defunctmesh","1","2295203","2,188876"
"Special-World","SW","2875587269","16","82f9a80b847cebb359e9b8797be9b85058fc99e7","2026.03.01",".anim","25","1986192","1,89418"
"Special-World","SW","2875587269","16","82f9a80b847cebb359e9b8797be9b85058fc99e7","2026.03.01",".gitignore","1","32","3,1E-05"
"Special-World","SW","2875587269","16","82f9a80b847cebb359e9b8797be9b85058fc99e7","2026.03.01",".gui","3","148966","0,142065"
"Special-World","SW","2875587269","16","82f9a80b847cebb359e9b8797be9b85058fc99e7","2026.03.01",".info","4","6890836","6,571613"
"Special-World","SW","2875587269","16","82f9a80b847cebb359e9b8797be9b85058fc99e7","2026.03.01",".mod","1","172","0,000164"
"Special-World","SW","2875587269","16","82f9a80b847cebb359e9b8797be9b85058fc99e7","2026.03.01",".pdn","5","23321194","22,240824"
"Special-World","SW","2875587269","16","82f9a80b847cebb359e9b8797be9b85058fc99e7","2026.03.01",".tif","1","750888","0,716103"
"Special-World","SW","2875587269","16","82f9a80b847cebb359e9b8797be9b85058fc99e7","2026.03.01",".txt","244","16826490","16,046991"
"Special-World","SW","2875587269","16","82f9a80b847cebb359e9b8797be9b85058fc99e7","2026.03.01",".yml","40","1772973","1,690839"
"Special-World","SW","2875587269","17","fb9749b56200ff16abb9fec81ddcb0fe266eb35b","2026.03.07","._defunctmesh","1","2295203","2,188876"
"Special-World","SW","2875587269","17","fb9749b56200ff16abb9fec81ddcb0fe266eb35b","2026.03.07",".anim","25","1986192","1,89418"
"Special-World","SW","2875587269","17","fb9749b56200ff16abb9fec81ddcb0fe266eb35b","2026.03.07",".gitignore","1","32","3,1E-05"
"Special-World","SW","2875587269","17","fb9749b56200ff16abb9fec81ddcb0fe266eb35b","2026.03.07",".gui","3","148966","0,142065"
"Special-World","SW","2875587269","17","fb9749b56200ff16abb9fec81ddcb0fe266eb35b","2026.03.07",".info","4","6890836","6,571613"
"Special-World","SW","2875587269","17","fb9749b56200ff16abb9fec81ddcb0fe266eb35b","2026.03.07",".mod","1","172","0,000164"
"Special-World","SW","2875587269","17","fb9749b56200ff16abb9fec81ddcb0fe266eb35b","2026.03.07",".pdn","5","23321194","22,240824"
"Special-World","SW","2875587269","17","fb9749b56200ff16abb9fec81ddcb0fe266eb35b","2026.03.07",".tif","1","750888","0,716103"
"Special-World","SW","2875587269","17","fb9749b56200ff16abb9fec81ddcb0fe266eb35b","2026.03.07",".txt","244","16816114","16,037096"
"Special-World","SW","2875587269","17","fb9749b56200ff16abb9fec81ddcb0fe266eb35b","2026.03.07",".yml","40","1775422","1,693174"
"Special-World","SW","2875587269","18","1a1b6fc88f3549885518ead116df2f6f0cd55b4b","2026.03.14","._defunctmesh","1","2295203","2,188876"
"Special-World","SW","2875587269","18","1a1b6fc88f3549885518ead116df2f6f0cd55b4b","2026.03.14",".anim","25","1986192","1,89418"
"Special-World","SW","2875587269","18","1a1b6fc88f3549885518ead116df2f6f0cd55b4b","2026.03.14",".gitignore","1","32","3,1E-05"
"Special-World","SW","2875587269","18","1a1b6fc88f3549885518ead116df2f6f0cd55b4b","2026.03.14",".gui","3","148966","0,142065"
"Special-World","SW","2875587269","18","1a1b6fc88f3549885518ead116df2f6f0cd55b4b","2026.03.14",".info","3","3638507","3,469951"
"Special-World","SW","2875587269","18","1a1b6fc88f3549885518ead116df2f6f0cd55b4b","2026.03.14",".mod","1","172","0,000164"
"Special-World","SW","2875587269","18","1a1b6fc88f3549885518ead116df2f6f0cd55b4b","2026.03.14",".pdn","5","23321194","22,240824"
"Special-World","SW","2875587269","18","1a1b6fc88f3549885518ead116df2f6f0cd55b4b","2026.03.14",".tif","1","750888","0,716103"
"Special-World","SW","2875587269","18","1a1b6fc88f3549885518ead116df2f6f0cd55b4b","2026.03.14",".txt","244","16816398","16,037367"
"Special-World","SW","2875587269","18","1a1b6fc88f3549885518ead116df2f6f0cd55b4b","2026.03.14",".yml","40","1775422","1,693174"
"Special-World","SW","2875587269","19","7a988841a4ba8a4aaf107e9a743a9127443de517","2026.03.15","._defunctmesh","1","2295203","2,188876"
"Special-World","SW","2875587269","19","7a988841a4ba8a4aaf107e9a743a9127443de517","2026.03.15",".anim","25","1986192","1,89418"
"Special-World","SW","2875587269","19","7a988841a4ba8a4aaf107e9a743a9127443de517","2026.03.15",".gitignore","1","32","3,1E-05"
"Special-World","SW","2875587269","19","7a988841a4ba8a4aaf107e9a743a9127443de517","2026.03.15",".gui","3","148966","0,142065"
"Special-World","SW","2875587269","19","7a988841a4ba8a4aaf107e9a743a9127443de517","2026.03.15",".info","3","3638507","3,469951"
"Special-World","SW","2875587269","19","7a988841a4ba8a4aaf107e9a743a9127443de517","2026.03.15",".mod","1","172","0,000164"
"Special-World","SW","2875587269","19","7a988841a4ba8a4aaf107e9a743a9127443de517","2026.03.15",".pdn","5","23321194","22,240824"
"Special-World","SW","2875587269","19","7a988841a4ba8a4aaf107e9a743a9127443de517","2026.03.15",".tif","1","750888","0,716103"
"Special-World","SW","2875587269","19","7a988841a4ba8a4aaf107e9a743a9127443de517","2026.03.15",".txt","244","16845696","16,065308"
"Special-World","SW","2875587269","19","7a988841a4ba8a4aaf107e9a743a9127443de517","2026.03.15",".yml","40","1775422","1,693174"
"Special-World","SW","2875587269","20","9f4303d3f29ed5b04b3589ffdd2c069f44f8e811","2026.03.21","._defunctmesh","1","2295203","2,188876"
"Special-World","SW","2875587269","20","9f4303d3f29ed5b04b3589ffdd2c069f44f8e811","2026.03.21",".anim","25","1986192","1,89418"
"Special-World","SW","2875587269","20","9f4303d3f29ed5b04b3589ffdd2c069f44f8e811","2026.03.21",".gitignore","1","32","3,1E-05"
"Special-World","SW","2875587269","20","9f4303d3f29ed5b04b3589ffdd2c069f44f8e811","2026.03.21",".gui","3","148966","0,142065"
"Special-World","SW","2875587269","20","9f4303d3f29ed5b04b3589ffdd2c069f44f8e811","2026.03.21",".info","3","3638507","3,469951"
"Special-World","SW","2875587269","20","9f4303d3f29ed5b04b3589ffdd2c069f44f8e811","2026.03.21",".mod","1","172","0,000164"
"Special-World","SW","2875587269","20","9f4303d3f29ed5b04b3589ffdd2c069f44f8e811","2026.03.21",".pdn","5","23321194","22,240824"
"Special-World","SW","2875587269","20","9f4303d3f29ed5b04b3589ffdd2c069f44f8e811","2026.03.21",".tif","1","750888","0,716103"
"Special-World","SW","2875587269","20","9f4303d3f29ed5b04b3589ffdd2c069f44f8e811","2026.03.21",".txt","245","16852994","16,072268"
"Special-World","SW","2875587269","20","9f4303d3f29ed5b04b3589ffdd2c069f44f8e811","2026.03.21",".yml","41","1781062","1,698553"
"Special-World","SW","2875587269","21","079d5a19aae0272124debd3075f1be8c94c2a127","2026.03.23","._defunctmesh","1","2295203","2,188876"
"Special-World","SW","2875587269","21","079d5a19aae0272124debd3075f1be8c94c2a127","2026.03.23",".anim","25","1986192","1,89418"
"Special-World","SW","2875587269","21","079d5a19aae0272124debd3075f1be8c94c2a127","2026.03.23",".gitignore","1","32","3,1E-05"
"Special-World","SW","2875587269","21","079d5a19aae0272124debd3075f1be8c94c2a127","2026.03.23",".gui","3","148966","0,142065"
"Special-World","SW","2875587269","21","079d5a19aae0272124debd3075f1be8c94c2a127","2026.03.23",".info","3","3638507","3,469951"
"Special-World","SW","2875587269","21","079d5a19aae0272124debd3075f1be8c94c2a127","2026.03.23",".mod","1","172","0,000164"
"Special-World","SW","2875587269","21","079d5a19aae0272124debd3075f1be8c94c2a127","2026.03.23",".pdn","5","23321194","22,240824"
"Special-World","SW","2875587269","21","079d5a19aae0272124debd3075f1be8c94c2a127","2026.03.23",".tif","1","750888","0,716103"
"Special-World","SW","2875587269","21","079d5a19aae0272124debd3075f1be8c94c2a127","2026.03.23",".txt","245","16857301","16,076375"
"Special-World","SW","2875587269","21","079d5a19aae0272124debd3075f1be8c94c2a127","2026.03.23",".yml","41","1781626","1,699091"
"Special-World","SW","2875587269","22","e73d268fb26b7d31a7d547d39ad95005358d85e9","2026.04.25","._defunctmesh","1","2295203","2,188876"
"Special-World","SW","2875587269","22","e73d268fb26b7d31a7d547d39ad95005358d85e9","2026.04.25",".anim","25","1986192","1,89418"
"Special-World","SW","2875587269","22","e73d268fb26b7d31a7d547d39ad95005358d85e9","2026.04.25",".gitignore","1","32","3,1E-05"
"Special-World","SW","2875587269","22","e73d268fb26b7d31a7d547d39ad95005358d85e9","2026.04.25",".gui","3","151546","0,144526"
"Special-World","SW","2875587269","22","e73d268fb26b7d31a7d547d39ad95005358d85e9","2026.04.25",".info","3","3636630","3,468161"
"Special-World","SW","2875587269","22","e73d268fb26b7d31a7d547d39ad95005358d85e9","2026.04.25",".mod","1","172","0,000164"
"Special-World","SW","2875587269","22","e73d268fb26b7d31a7d547d39ad95005358d85e9","2026.04.25",".pdn","5","23321194","22,240824"
"Special-World","SW","2875587269","22","e73d268fb26b7d31a7d547d39ad95005358d85e9","2026.04.25",".tif","1","750888","0,716103"
"Special-World","SW","2875587269","22","e73d268fb26b7d31a7d547d39ad95005358d85e9","2026.04.25",".txt","242","17410379","16,603831"
"Special-World","SW","2875587269","22","e73d268fb26b7d31a7d547d39ad95005358d85e9","2026.04.25",".yml","41","1782794","1,700205"
"Special-World","SW","2875587269","23","a8bfe78d253cb661b4d2b7d3bd462be98330f8a4","2026.04.27","._defunctmesh","1","2295203","2,188876"
"Special-World","SW","2875587269","23","a8bfe78d253cb661b4d2b7d3bd462be98330f8a4","2026.04.27",".anim","25","1986192","1,89418"
"Special-World","SW","2875587269","23","a8bfe78d253cb661b4d2b7d3bd462be98330f8a4","2026.04.27",".gitignore","1","32","3,1E-05"
"Special-World","SW","2875587269","23","a8bfe78d253cb661b4d2b7d3bd462be98330f8a4","2026.04.27",".gui","3","151387","0,144374"
"Special-World","SW","2875587269","23","a8bfe78d253cb661b4d2b7d3bd462be98330f8a4","2026.04.27",".info","3","3636630","3,468161"
"Special-World","SW","2875587269","23","a8bfe78d253cb661b4d2b7d3bd462be98330f8a4","2026.04.27",".mod","1","172","0,000164"
"Special-World","SW","2875587269","23","a8bfe78d253cb661b4d2b7d3bd462be98330f8a4","2026.04.27",".pdn","5","23321194","22,240824"
"Special-World","SW","2875587269","23","a8bfe78d253cb661b4d2b7d3bd462be98330f8a4","2026.04.27",".tif","1","750888","0,716103"
"Special-World","SW","2875587269","23","a8bfe78d253cb661b4d2b7d3bd462be98330f8a4","2026.04.27",".txt","242","17444920","16,636772"
"Special-World","SW","2875587269","23","a8bfe78d253cb661b4d2b7d3bd462be98330f8a4","2026.04.27",".yml","41","1782794","1,700205"
"Special-World","SW","2875587269","24","5e196a059c4a801d23e4200abc83d05b3838c29a","2026.04.29","._defunctmesh","1","2295203","2,188876"
"Special-World","SW","2875587269","24","5e196a059c4a801d23e4200abc83d05b3838c29a","2026.04.29",".anim","25","1986192","1,89418"
"Special-World","SW","2875587269","24","5e196a059c4a801d23e4200abc83d05b3838c29a","2026.04.29",".gitignore","1","32","3,1E-05"
"Special-World","SW","2875587269","24","5e196a059c4a801d23e4200abc83d05b3838c29a","2026.04.29",".gui","3","151387","0,144374"
"Special-World","SW","2875587269","24","5e196a059c4a801d23e4200abc83d05b3838c29a","2026.04.29",".info","3","3636630","3,468161"
"Special-World","SW","2875587269","24","5e196a059c4a801d23e4200abc83d05b3838c29a","2026.04.29",".mod","1","172","0,000164"
"Special-World","SW","2875587269","24","5e196a059c4a801d23e4200abc83d05b3838c29a","2026.04.29",".pdn","5","23321194","22,240824"
"Special-World","SW","2875587269","24","5e196a059c4a801d23e4200abc83d05b3838c29a","2026.04.29",".tif","1","750888","0,716103"
"Special-World","SW","2875587269","24","5e196a059c4a801d23e4200abc83d05b3838c29a","2026.04.29",".txt","241","17437802","16,629984"
"Special-World","SW","2875587269","24","5e196a059c4a801d23e4200abc83d05b3838c29a","2026.04.29",".yml","40","1779224","1,6968"
"Special-World","SW","2875587269","25","ed7d7be79ddaf725d79dff90abf05eba19e7c2e7","2026.04.30","._defunctmesh","1","2295203","2,188876"
"Special-World","SW","2875587269","25","ed7d7be79ddaf725d79dff90abf05eba19e7c2e7","2026.04.30",".anim","25","1986192","1,89418"
"Special-World","SW","2875587269","25","ed7d7be79ddaf725d79dff90abf05eba19e7c2e7","2026.04.30",".gitignore","1","32","3,1E-05"
"Special-World","SW","2875587269","25","ed7d7be79ddaf725d79dff90abf05eba19e7c2e7","2026.04.30",".gui","3","151387","0,144374"
"Special-World","SW","2875587269","25","ed7d7be79ddaf725d79dff90abf05eba19e7c2e7","2026.04.30",".info","3","3636630","3,468161"
"Special-World","SW","2875587269","25","ed7d7be79ddaf725d79dff90abf05eba19e7c2e7","2026.04.30",".mod","1","172","0,000164"
"Special-World","SW","2875587269","25","ed7d7be79ddaf725d79dff90abf05eba19e7c2e7","2026.04.30",".pdn","5","23321194","22,240824"
"Special-World","SW","2875587269","25","ed7d7be79ddaf725d79dff90abf05eba19e7c2e7","2026.04.30",".tif","1","750888","0,716103"
"Special-World","SW","2875587269","25","ed7d7be79ddaf725d79dff90abf05eba19e7c2e7","2026.04.30",".txt","240","15602724","14,879917"
"Special-World","SW","2875587269","25","ed7d7be79ddaf725d79dff90abf05eba19e7c2e7","2026.04.30",".yml","40","1779224","1,6968"
"Special-World","SW","2875587269","26","d78a822ab3d7e0eae87367e2a2230fd7ef0b7090","2026.05.03","._defunctmesh","1","2295203","2,188876"
"Special-World","SW","2875587269","26","d78a822ab3d7e0eae87367e2a2230fd7ef0b7090","2026.05.03",".anim","25","1986192","1,89418"
"Special-World","SW","2875587269","26","d78a822ab3d7e0eae87367e2a2230fd7ef0b7090","2026.05.03",".gitignore","1","32","3,1E-05"
"Special-World","SW","2875587269","26","d78a822ab3d7e0eae87367e2a2230fd7ef0b7090","2026.05.03",".gui","3","151387","0,144374"
"Special-World","SW","2875587269","26","d78a822ab3d7e0eae87367e2a2230fd7ef0b7090","2026.05.03",".info","2","389309","0,371274"
"Special-World","SW","2875587269","26","d78a822ab3d7e0eae87367e2a2230fd7ef0b7090","2026.05.03",".mod","1","172","0,000164"
"Special-World","SW","2875587269","26","d78a822ab3d7e0eae87367e2a2230fd7ef0b7090","2026.05.03",".pdn","5","23321194","22,240824"
"Special-World","SW","2875587269","26","d78a822ab3d7e0eae87367e2a2230fd7ef0b7090","2026.05.03",".tif","1","750888","0,716103"
"Special-World","SW","2875587269","26","d78a822ab3d7e0eae87367e2a2230fd7ef0b7090","2026.05.03",".txt","241","15756789","15,026845"
"Special-World","SW","2875587269","26","d78a822ab3d7e0eae87367e2a2230fd7ef0b7090","2026.05.03",".yml","40","1779763","1,697314"
"Special-World","SW","2875587269","27","1eeaf8d51248fc7c41d8340a9ce7353020550954","2026.05.08","._defunctmesh","1","2295203","2,188876"
"Special-World","SW","2875587269","27","1eeaf8d51248fc7c41d8340a9ce7353020550954","2026.05.08",".anim","25","1986192","1,89418"
"Special-World","SW","2875587269","27","1eeaf8d51248fc7c41d8340a9ce7353020550954","2026.05.08",".gitignore","1","32","3,1E-05"
"Special-World","SW","2875587269","27","1eeaf8d51248fc7c41d8340a9ce7353020550954","2026.05.08",".gui","3","151387","0,144374"
"Special-World","SW","2875587269","27","1eeaf8d51248fc7c41d8340a9ce7353020550954","2026.05.08",".info","2","389309","0,371274"
"Special-World","SW","2875587269","27","1eeaf8d51248fc7c41d8340a9ce7353020550954","2026.05.08",".mod","1","172","0,000164"
"Special-World","SW","2875587269","27","1eeaf8d51248fc7c41d8340a9ce7353020550954","2026.05.08",".pdn","5","23321194","22,240824"
"Special-World","SW","2875587269","27","1eeaf8d51248fc7c41d8340a9ce7353020550954","2026.05.08",".tif","1","750888","0,716103"
"Special-World","SW","2875587269","27","1eeaf8d51248fc7c41d8340a9ce7353020550954","2026.05.08",".txt","241","15755202","15,025331"
"Special-World","SW","2875587269","27","1eeaf8d51248fc7c41d8340a9ce7353020550954","2026.05.08",".yml","40","1779763","1,697314"
"Special-World","SW","2875587269","28","6555e536fff0289dbd66fe561c93f37bb7e51854","2026.05.16","._defunctmesh","1","2295203","2,188876"
"Special-World","SW","2875587269","28","6555e536fff0289dbd66fe561c93f37bb7e51854","2026.05.16",".anim","25","1986192","1,89418"
"Special-World","SW","2875587269","28","6555e536fff0289dbd66fe561c93f37bb7e51854","2026.05.16",".gitignore","1","32","3,1E-05"
"Special-World","SW","2875587269","28","6555e536fff0289dbd66fe561c93f37bb7e51854","2026.05.16",".gui","4","151971","0,144931"
"Special-World","SW","2875587269","28","6555e536fff0289dbd66fe561c93f37bb7e51854","2026.05.16",".info","2","389309","0,371274"
"Special-World","SW","2875587269","28","6555e536fff0289dbd66fe561c93f37bb7e51854","2026.05.16",".mod","1","172","0,000164"
"Special-World","SW","2875587269","28","6555e536fff0289dbd66fe561c93f37bb7e51854","2026.05.16",".pdn","5","23321194","22,240824"
"Special-World","SW","2875587269","28","6555e536fff0289dbd66fe561c93f37bb7e51854","2026.05.16",".tif","1","750888","0,716103"
"Special-World","SW","2875587269","28","6555e536fff0289dbd66fe561c93f37bb7e51854","2026.05.16",".txt","241","15758883","15,028842"
"Special-World","SW","2875587269","28","6555e536fff0289dbd66fe561c93f37bb7e51854","2026.05.16",".yml","40","1781010","1,698503"
"Special-World","SW","2875587269","29","1b3bfb322bb26b7bd3d940f2e3ab4b66e99c0dd9","2026.05.20","._defunctmesh","1","2295203","2,188876"
"Special-World","SW","2875587269","29","1b3bfb322bb26b7bd3d940f2e3ab4b66e99c0dd9","2026.05.20",".anim","25","1986192","1,89418"
"Special-World","SW","2875587269","29","1b3bfb322bb26b7bd3d940f2e3ab4b66e99c0dd9","2026.05.20",".gitignore","1","32","3,1E-05"
"Special-World","SW","2875587269","29","1b3bfb322bb26b7bd3d940f2e3ab4b66e99c0dd9","2026.05.20",".gui","4","151971","0,144931"
"Special-World","SW","2875587269","29","1b3bfb322bb26b7bd3d940f2e3ab4b66e99c0dd9","2026.05.20",".info","2","389309","0,371274"
"Special-World","SW","2875587269","29","1b3bfb322bb26b7bd3d940f2e3ab4b66e99c0dd9","2026.05.20",".mod","1","172","0,000164"
"Special-World","SW","2875587269","29","1b3bfb322bb26b7bd3d940f2e3ab4b66e99c0dd9","2026.05.20",".pdn","5","23321194","22,240824"
"Special-World","SW","2875587269","29","1b3bfb322bb26b7bd3d940f2e3ab4b66e99c0dd9","2026.05.20",".tif","1","750888","0,716103"
"Special-World","SW","2875587269","29","1b3bfb322bb26b7bd3d940f2e3ab4b66e99c0dd9","2026.05.20",".txt","241","15759477","15,029408"
"Special-World","SW","2875587269","29","1b3bfb322bb26b7bd3d940f2e3ab4b66e99c0dd9","2026.05.20",".yml","40","1781010","1,698503"
"Special-World","SW","2875587269","30","f0fcdf01de6da346c5542f250ad92797ae2dfae4","2026.05.29","._defunctmesh","1","2295203","2,188876"
"Special-World","SW","2875587269","30","f0fcdf01de6da346c5542f250ad92797ae2dfae4","2026.05.29",".anim","25","1986192","1,89418"
"Special-World","SW","2875587269","30","f0fcdf01de6da346c5542f250ad92797ae2dfae4","2026.05.29",".gitignore","1","32","3,1E-05"
"Special-World","SW","2875587269","30","f0fcdf01de6da346c5542f250ad92797ae2dfae4","2026.05.29",".gui","4","151971","0,144931"
"Special-World","SW","2875587269","30","f0fcdf01de6da346c5542f250ad92797ae2dfae4","2026.05.29",".info","2","389309","0,371274"
"Special-World","SW","2875587269","30","f0fcdf01de6da346c5542f250ad92797ae2dfae4","2026.05.29",".mod","1","172","0,000164"
"Special-World","SW","2875587269","30","f0fcdf01de6da346c5542f250ad92797ae2dfae4","2026.05.29",".pdn","5","23321194","22,240824"
"Special-World","SW","2875587269","30","f0fcdf01de6da346c5542f250ad92797ae2dfae4","2026.05.29",".tif","1","750888","0,716103"
"Special-World","SW","2875587269","30","f0fcdf01de6da346c5542f250ad92797ae2dfae4","2026.05.29",".txt","241","15760388","15,030277"
"Special-World","SW","2875587269","30","f0fcdf01de6da346c5542f250ad92797ae2dfae4","2026.05.29",".yml","40","1781010","1,698503"
"Special-World","SW","2875587269","31","f4aa884373df976e5da19fff5f1109bfc83b7451","2026.07.07","._defunctmesh","1","2295203","2,188876"
"Special-World","SW","2875587269","31","f4aa884373df976e5da19fff5f1109bfc83b7451","2026.07.07",".anim","25","1986192","1,89418"
"Special-World","SW","2875587269","31","f4aa884373df976e5da19fff5f1109bfc83b7451","2026.07.07",".gitignore","1","32","3,1E-05"
"Special-World","SW","2875587269","31","f4aa884373df976e5da19fff5f1109bfc83b7451","2026.07.07",".gui","4","151971","0,144931"
"Special-World","SW","2875587269","31","f4aa884373df976e5da19fff5f1109bfc83b7451","2026.07.07",".info","2","389309","0,371274"
"Special-World","SW","2875587269","31","f4aa884373df976e5da19fff5f1109bfc83b7451","2026.07.07",".mod","1","172","0,000164"
"Special-World","SW","2875587269","31","f4aa884373df976e5da19fff5f1109bfc83b7451","2026.07.07",".pdn","5","23321194","22,240824"
"Special-World","SW","2875587269","31","f4aa884373df976e5da19fff5f1109bfc83b7451","2026.07.07",".tif","1","750888","0,716103"
"Special-World","SW","2875587269","31","f4aa884373df976e5da19fff5f1109bfc83b7451","2026.07.07",".txt","236","15585702","14,863684"
"Special-World","SW","2875587269","31","f4aa884373df976e5da19fff5f1109bfc83b7451","2026.07.07",".yml","40","1788649","1,705789"
"Special-World","SW","2875587269","32","83032b87bb5b0f3ab378fb348fa4610f3ed71110","2026.07.09","._defunctmesh","1","2295203","2,188876"
"Special-World","SW","2875587269","32","83032b87bb5b0f3ab378fb348fa4610f3ed71110","2026.07.09",".anim","25","1986192","1,89418"
"Special-World","SW","2875587269","32","83032b87bb5b0f3ab378fb348fa4610f3ed71110","2026.07.09",".gitignore","1","32","3,1E-05"
"Special-World","SW","2875587269","32","83032b87bb5b0f3ab378fb348fa4610f3ed71110","2026.07.09",".gui","4","151971","0,144931"
"Special-World","SW","2875587269","32","83032b87bb5b0f3ab378fb348fa4610f3ed71110","2026.07.09",".info","2","389309","0,371274"
"Special-World","SW","2875587269","32","83032b87bb5b0f3ab378fb348fa4610f3ed71110","2026.07.09",".mod","1","172","0,000164"
"Special-World","SW","2875587269","32","83032b87bb5b0f3ab378fb348fa4610f3ed71110","2026.07.09",".pdn","5","23321194","22,240824"
"Special-World","SW","2875587269","32","83032b87bb5b0f3ab378fb348fa4610f3ed71110","2026.07.09",".tif","1","750888","0,716103"
"Special-World","SW","2875587269","32","83032b87bb5b0f3ab378fb348fa4610f3ed71110","2026.07.09",".txt","236","15585747","14,863727"
"Special-World","SW","2875587269","32","83032b87bb5b0f3ab378fb348fa4610f3ed71110","2026.07.09",".yml","40","1788649","1,705789"
"Special-World","SW","2875587269","33","a8ada073cbf32d42c4f9928040d8183309e83563","2026.07.10","._defunctmesh","1","2295203","2,188876"
"Special-World","SW","2875587269","33","a8ada073cbf32d42c4f9928040d8183309e83563","2026.07.10",".anim","25","1986192","1,89418"
"Special-World","SW","2875587269","33","a8ada073cbf32d42c4f9928040d8183309e83563","2026.07.10",".gitignore","1","32","3,1E-05"
"Special-World","SW","2875587269","33","a8ada073cbf32d42c4f9928040d8183309e83563","2026.07.10",".gui","4","151971","0,144931"
"Special-World","SW","2875587269","33","a8ada073cbf32d42c4f9928040d8183309e83563","2026.07.10",".info","2","389309","0,371274"
"Special-World","SW","2875587269","33","a8ada073cbf32d42c4f9928040d8183309e83563","2026.07.10",".mod","1","172","0,000164"
"Special-World","SW","2875587269","33","a8ada073cbf32d42c4f9928040d8183309e83563","2026.07.10",".pdn","5","23321194","22,240824"
"Special-World","SW","2875587269","33","a8ada073cbf32d42c4f9928040d8183309e83563","2026.07.10",".tif","1","750888","0,716103"
"Special-World","SW","2875587269","33","a8ada073cbf32d42c4f9928040d8183309e83563","2026.07.10",".txt","236","15590598","14,868353"
"Special-World","SW","2875587269","33","a8ada073cbf32d42c4f9928040d8183309e83563","2026.07.10",".yml","40","1789309","1,706418"
"Special-World","SW","2875587269","34","0c51d727a0c8d83f8ebdb48f8b73c43737e1dbca","2026.07.21","._defunctmesh","1","2295203","2,188876"
"Special-World","SW","2875587269","34","0c51d727a0c8d83f8ebdb48f8b73c43737e1dbca","2026.07.21",".anim","22","1965213","1,874173"
"Special-World","SW","2875587269","34","0c51d727a0c8d83f8ebdb48f8b73c43737e1dbca","2026.07.21",".gitignore","1","32","3,1E-05"
"Special-World","SW","2875587269","34","0c51d727a0c8d83f8ebdb48f8b73c43737e1dbca","2026.07.21",".gui","4","151971","0,144931"
"Special-World","SW","2875587269","34","0c51d727a0c8d83f8ebdb48f8b73c43737e1dbca","2026.07.21",".info","2","389309","0,371274"
"Special-World","SW","2875587269","34","0c51d727a0c8d83f8ebdb48f8b73c43737e1dbca","2026.07.21",".mod","1","172","0,000164"
"Special-World","SW","2875587269","34","0c51d727a0c8d83f8ebdb48f8b73c43737e1dbca","2026.07.21",".pdn","2","3082252","2,939465"
"Special-World","SW","2875587269","34","0c51d727a0c8d83f8ebdb48f8b73c43737e1dbca","2026.07.21",".tif","1","750888","0,716103"
"Special-World","SW","2875587269","34","0c51d727a0c8d83f8ebdb48f8b73c43737e1dbca","2026.07.21",".txt","239","18861160","17,987404"
"Special-World","SW","2875587269","34","0c51d727a0c8d83f8ebdb48f8b73c43737e1dbca","2026.07.21",".yml","39","1791790","1,708784"
"Special-World","SW","2875587269","35","f6452b9e2fdf635070305178f98828371a150190","2026.07.22","._defunctmesh","1","2295203","2,188876"
"Special-World","SW","2875587269","35","f6452b9e2fdf635070305178f98828371a150190","2026.07.22",".anim","25","1986192","1,89418"
"Special-World","SW","2875587269","35","f6452b9e2fdf635070305178f98828371a150190","2026.07.22",".ds_store","1","14340","0,013676"
"Special-World","SW","2875587269","35","f6452b9e2fdf635070305178f98828371a150190","2026.07.22",".gitignore","1","32","3,1E-05"
"Special-World","SW","2875587269","35","f6452b9e2fdf635070305178f98828371a150190","2026.07.22",".gui","4","151971","0,144931"
"Special-World","SW","2875587269","35","f6452b9e2fdf635070305178f98828371a150190","2026.07.22",".info","2","389309","0,371274"
"Special-World","SW","2875587269","35","f6452b9e2fdf635070305178f98828371a150190","2026.07.22",".mod","1","172","0,000164"
"Special-World","SW","2875587269","35","f6452b9e2fdf635070305178f98828371a150190","2026.07.22",".pdn","2","3082252","2,939465"
"Special-World","SW","2875587269","35","f6452b9e2fdf635070305178f98828371a150190","2026.07.22",".tif","1","750888","0,716103"
"Special-World","SW","2875587269","35","f6452b9e2fdf635070305178f98828371a150190","2026.07.22",".txt","241","18887035","18,01208"
"Special-World","SW","2875587269","35","f6452b9e2fdf635070305178f98828371a150190","2026.07.22",".yml","41","1842205","1,756864"
"Special-World","SW","2875587269","36","4bb54881d2e35563f8db910cd3682869b875f706","2026.07.29","._defunctmesh","1","2295203","2,188876"
"Special-World","SW","2875587269","36","4bb54881d2e35563f8db910cd3682869b875f706","2026.07.29",".anim","25","1986192","1,89418"
"Special-World","SW","2875587269","36","4bb54881d2e35563f8db910cd3682869b875f706","2026.07.29",".ds_store","1","14340","0,013676"
"Special-World","SW","2875587269","36","4bb54881d2e35563f8db910cd3682869b875f706","2026.07.29",".gitignore","1","32","3,1E-05"
"Special-World","SW","2875587269","36","4bb54881d2e35563f8db910cd3682869b875f706","2026.07.29",".gui","4","151971","0,144931"
"Special-World","SW","2875587269","36","4bb54881d2e35563f8db910cd3682869b875f706","2026.07.29",".info","2","389309","0,371274"
"Special-World","SW","2875587269","36","4bb54881d2e35563f8db910cd3682869b875f706","2026.07.29",".mod","1","172","0,000164"
"Special-World","SW","2875587269","36","4bb54881d2e35563f8db910cd3682869b875f706","2026.07.29",".pdn","2","3082252","2,939465"
"Special-World","SW","2875587269","36","4bb54881d2e35563f8db910cd3682869b875f706","2026.07.29",".tif","1","750888","0,716103"
"Special-World","SW","2875587269","36","4bb54881d2e35563f8db910cd3682869b875f706","2026.07.29",".txt","241","18889421","18,014356"
"Special-World","SW","2875587269","36","4bb54881d2e35563f8db910cd3682869b875f706","2026.07.29",".yml","41","1842973","1,757596"
"Special-World","SW","2875587269","37","62f33e63129a4196cf45d750c5c4f9316cd368fe","2026.08.01","._defunctmesh","1","2295203","2,188876"
"Special-World","SW","2875587269","37","62f33e63129a4196cf45d750c5c4f9316cd368fe","2026.08.01",".anim","25","1986192","1,89418"
"Special-World","SW","2875587269","37","62f33e63129a4196cf45d750c5c4f9316cd368fe","2026.08.01",".ds_store","1","14340","0,013676"
"Special-World","SW","2875587269","37","62f33e63129a4196cf45d750c5c4f9316cd368fe","2026.08.01",".gitignore","1","32","3,1E-05"
"Special-World","SW","2875587269","37","62f33e63129a4196cf45d750c5c4f9316cd368fe","2026.08.01",".gui","4","151971","0,144931"
"Special-World","SW","2875587269","37","62f33e63129a4196cf45d750c5c4f9316cd368fe","2026.08.01",".info","2","389309","0,371274"
"Special-World","SW","2875587269","37","62f33e63129a4196cf45d750c5c4f9316cd368fe","2026.08.01",".mod","1","172","0,000164"
"Special-World","SW","2875587269","37","62f33e63129a4196cf45d750c5c4f9316cd368fe","2026.08.01",".pdn","2","3082252","2,939465"
"Special-World","SW","2875587269","37","62f33e63129a4196cf45d750c5c4f9316cd368fe","2026.08.01",".tif","1","750888","0,716103"
"Special-World","SW","2875587269","37","62f33e63129a4196cf45d750c5c4f9316cd368fe","2026.08.01",".txt","241","18889885","18,014798"
"Special-World","SW","2875587269","37","62f33e63129a4196cf45d750c5c4f9316cd368fe","2026.08.01",".yml","41","1843037","1,757657"
"Turkic-World-Expanded","TWE","3668769244","1","63ca70e7ac2e69c86ce5139979859cbe2953594a","Initial commit",".gitattributes","1","66","6,3E-05"
"Turkic-World-Expanded","TWE","3668769244","2","dabc161295f1c6f19bbd92e5c46084975d202472","07.02.2026",".mod","1","157","0,00015"
"Turkic-World-Expanded","TWE","3668769244","2","dabc161295f1c6f19bbd92e5c46084975d202472","07.02.2026",".png","1","450051","0,429202"
"Turkic-World-Expanded","TWE","3668769244","2","dabc161295f1c6f19bbd92e5c46084975d202472","07.02.2026",".txt","35","712022","0,679037"
"Turkic-World-Expanded","TWE","3668769244","2","dabc161295f1c6f19bbd92e5c46084975d202472","07.02.2026",".yml","5","2094","0,001997"
"Western-Steppe-Expanded","WSE","3490396842","1","105989508e18293613d3a5b16527e0451a83b1d3","Initial commit",".gitattributes","1","66","6,3E-05"
"Western-Steppe-Expanded","WSE","3490396842","2","fcda0b4b0dae1bcf911e7b9b8e650b9aad3bb554","04.02.2026",".gitignore","1","32","3,1E-05"
"Western-Steppe-Expanded","WSE","3490396842","2","fcda0b4b0dae1bcf911e7b9b8e650b9aad3bb554","04.02.2026",".mod","1","159","0,000152"
"Western-Steppe-Expanded","WSE","3490396842","2","fcda0b4b0dae1bcf911e7b9b8e650b9aad3bb554","04.02.2026",".txt","133","1261125","1,202703"
"Western-Steppe-Expanded","WSE","3490396842","2","fcda0b4b0dae1bcf911e7b9b8e650b9aad3bb554","04.02.2026",".yml","24","28005","0,026708"
"Western-Steppe-Expanded","WSE","3490396842","3","813cdf117fb1a935cdb0f51184a4ed9a379cbacf","2026.04.04",".gitignore","1","32","3,1E-05"
"Western-Steppe-Expanded","WSE","3490396842","3","813cdf117fb1a935cdb0f51184a4ed9a379cbacf","2026.04.04",".mod","1","159","0,000152"
"Western-Steppe-Expanded","WSE","3490396842","3","813cdf117fb1a935cdb0f51184a4ed9a379cbacf","2026.04.04",".txt","133","895131","0,853663"
"Western-Steppe-Expanded","WSE","3490396842","3","813cdf117fb1a935cdb0f51184a4ed9a379cbacf","2026.04.04",".yml","25","27062","0,025808"
"Western-Steppe-Expanded","WSE","3490396842","4","063576a7299159e3eef1ba510e6e3bd7f938d7ab","2026.04.20",".gitignore","1","32","3,1E-05"
"Western-Steppe-Expanded","WSE","3490396842","4","063576a7299159e3eef1ba510e6e3bd7f938d7ab","2026.04.20",".mod","1","159","0,000152"
"Western-Steppe-Expanded","WSE","3490396842","4","063576a7299159e3eef1ba510e6e3bd7f938d7ab","2026.04.20",".txt","136","958938","0,914515"
"Western-Steppe-Expanded","WSE","3490396842","4","063576a7299159e3eef1ba510e6e3bd7f938d7ab","2026.04.20",".yml","25","27062","0,025808"
