"Repo","Abbreviation","WorkshopId","SkymodsRevisionKey","SkymodsNewestOrdinal","SkymodsIsCurrentRevision","SkymodsRawDisplayedTime","SkymodsNormalizedUtcTime","SkymodsDownloadUrl","Category","VerificationPriority","FirstPassRecommended","RelatedSteamEventCount","RelatedSteamEventKeys","RelatedGitCommitCount","RelatedGitCommitShas","Reason","ContentDownloaded","ContentVerified"
"Community-Flavor-Pack","CFP","2220098919","2220098919|3","3","False","12 Nov, 2025 at 20:36 UTC","2025-11-12 20:36","https://modsbase.com/61q8e7dy4df3/2220098919_Community_Flavor_Pack.zip.html","VERIFY_AMBIGUOUS_GIT","P0_AMBIGUOUS","True","1","2220098919|3","1","115aefd26240f208fe4a9ce7ab3c867ca1e6a8ea","steam-git-event-ambiguity","False","False"
"Culture-and-Faith-Granularity","CFG","3206891770","3206891770|2","2","False","14 Nov, 2025 at 19:43 UTC","2025-11-14 19:43","https://modsbase.com/27ckb5ypg3ls/3206891770__Kei__Culture_and_Faith_Granularity.zip.html","VERIFY_AMBIGUOUS_GIT","P0_AMBIGUOUS","True","1","3206891770|3","1","2e2602f56ee08890cc915690989b121c299ca8d0","steam-git-event-ambiguity","False","False"
"Culture-and-Faith-Granularity","CFG","3206891770","3206891770|11","11","False","9 Oct, 2024 at 18:28 UTC","2024-10-09 18:28","https://modsbase.com/1gafdql4u6rd/3206891770__Kei__Culture_and_Faith_Granularity_-_1.4.0___40_CK_1.13.___41_.zip.html","VERIFY_AMBIGUOUS_GIT","P0_AMBIGUOUS","True","1","3206891770|13","1","3b866d6489ab4552cf501aebce5f7836c90c45a5","steam-git-event-ambiguity","False","False"
"Culture-Expanded","CE","2829397295","2829397295|2","2","False","10 May at 05:30 UTC","2026-05-10 05:30","https://modsbase.com/fq40mr4kpv24/2829397295_Culture_Expanded.zip.html","VERIFY_AMBIGUOUS_GIT","P0_AMBIGUOUS","True","1","2829397295|2","1","0804f6a73ecb93a2bfc8b048ae2730c242388a92","steam-git-event-ambiguity","False","False"
"Culture-Expanded","CE","2829397295","2829397295|3","3","False","26 Apr at 18:08 UTC","2026-04-26 18:08","https://modsbase.com/uw211c5pdxon/2829397295_Culture_Expanded.zip.html","VERIFY_AMBIGUOUS_GIT","P0_AMBIGUOUS","True","1","2829397295|4","2","8a0cffb5c6f82b7addeb8e91e25799b95d3689ae|dd4267956356f7e84f8e6bd84bea17c8ec45ee20","archive-candidate-for-multiple-git-commits; archive-candidate-for-multiple-git-commits; git-candidate-not-unique-top","False","False"
"EPE-CFP","EPE-CFP","2996881191","2996881191|3","3","False","28 Apr at 12:48 UTC","2026-04-28 12:48","https://modsbase.com/rjwvsg632vic/2996881191_CFP___EPE_Compatibility_Patch.zip.html","VERIFY_AMBIGUOUS_GIT","P0_AMBIGUOUS","True","1","2996881191|3","2","dbebe469551c494e9481693a5ef74dcc847c77b7|ec21513d682e85426658aaf24cf68ccdd884adb9","archive-candidate-for-multiple-git-commits; archive-candidate-for-multiple-git-commits; git-candidate-not-unique-top","False","False"
"EPE-CFP","EPE-CFP","2996881191","2996881191|6","6","False","15 Dec, 2025 at 12:53 UTC","2025-12-15 12:53","https://modsbase.com/uuzk6p3u464b/2996881191_CFP___EPE_Compatibility_Patch.zip.html","VERIFY_AMBIGUOUS_GIT","P0_AMBIGUOUS","True","1","2996881191|7","1","25284d7351b6cdc292cdccb3ceed15ef5336622f","git-commit-has-multiple-archive-candidates","False","False"
"EPE-CFP","EPE-CFP","2996881191","2996881191|7","7","False","14 Dec, 2025 at 21:13 UTC","2025-12-14 21:13","https://modsbase.com/3e7d5b19qcjg/2996881191_CFP___EPE_Compatibility_Patch.zip.html","VERIFY_AMBIGUOUS_GIT","P0_AMBIGUOUS","True","1","2996881191|8","1","25284d7351b6cdc292cdccb3ceed15ef5336622f","git-commit-has-multiple-archive-candidates; steam-git-event-ambiguity","False","False"
"EPE-CFP","EPE-CFP","2996881191","2996881191|8","8","False","18 Nov, 2025 at 19:39 UTC","2025-11-18 19:39","https://modsbase.com/p20p4s4qq5uq/2996881191_CFP___EPE_Compatibility_Patch.zip.html","VERIFY_AMBIGUOUS_GIT","P0_AMBIGUOUS","True","1","2996881191|9","2","4ce6ce712925f0b928664bfbda395ca2b98fda0d|821c8f1f68c5aa8245e3653bff2d275e2a43fd3f","archive-candidate-for-multiple-git-commits; git-commit-has-multiple-archive-candidates; archive-candidate-for-multiple-git-commits; git-commit-has-multiple-archive-candidates; git-candidate-not-unique-top","False","False"
"EPE-CFP","EPE-CFP","2996881191","2996881191|9","9","False","12 Nov, 2025 at 13:52 UTC","2025-11-12 13:52","https://modsbase.com/rfsfv9wuf2ep/2996881191_CFP___EPE_Compatibility_Patch.zip.html","VERIFY_AMBIGUOUS_GIT","P0_AMBIGUOUS","True","1","2996881191|12","2","821c8f1f68c5aa8245e3653bff2d275e2a43fd3f|4ce6ce712925f0b928664bfbda395ca2b98fda0d","archive-candidate-for-multiple-git-commits; git-commit-has-multiple-archive-candidates; archive-candidate-for-multiple-git-commits; git-commit-has-multiple-archive-candidates; git-candidate-not-unique-top","False","False"
"Ethnicities-and-Portraits-Expanded","EPE","2507209632","2507209632|3","3","False","28 Apr at 04:05 UTC","2026-04-28 04:05","https://modsbase.com/1hm9i1lbdwhu/2507209632_Ethnicities___Portraits_Expanded.zip.html","VERIFY_AMBIGUOUS_GIT","P0_AMBIGUOUS","True","1","2507209632|3","3","d18bd456a64d6b756bc5c51a22a5f4b931dea401|89af2c6f05c3e771a5d540012639759e8bdbb804|acca03321fce1ea242cdacba66f3d2c97a622d06","archive-candidate-for-multiple-git-commits; steam-git-event-ambiguity; archive-candidate-for-multiple-git-commits; steam-git-event-ambiguity; git-candidate-not-unique-top","False","False"
"Ethnicities-and-Portraits-Expanded","EPE","2507209632","2507209632|4","4","False","19 Mar at 02:48 UTC","2026-03-19 02:48","https://modsbase.com/tg2th2hrvxch/2507209632_Ethnicities___Portraits_Expanded.zip.html","VERIFY_AMBIGUOUS_GIT","P0_AMBIGUOUS","True","1","2507209632|7","3","01623125ad685892e015bde075febb957368e178|0a56c30b2fc9fbf7feac6efb2dbf0c13a790c1eb|e22986746fdb4b6cca0724d22e5a4089c1ada711","archive-candidate-for-multiple-git-commits; steam-git-event-ambiguity; git-candidate-not-unique-top","False","False"
"Ethnicities-and-Portraits-Expanded","EPE","2507209632","2507209632|7","7","False","15 Dec, 2025 at 02:59 UTC","2025-12-15 02:59","https://modsbase.com/olcppu8hsmb9/2507209632_Ethnicities___Portraits_Expanded.zip.html","VERIFY_AMBIGUOUS_GIT","P0_AMBIGUOUS","True","1","2507209632|10","3","bea606d31f179e2f4e6552ab88b613bbe6bf4619|f80b05bd4c1d6488d1f1bdefa6839f9bdb003813|6da86181eb50d0403af87630acec947f1742ebdb","archive-candidate-for-multiple-git-commits; archive-candidate-for-multiple-git-commits; git-candidate-not-unique-top","False","False"
"Ethnicities-and-Portraits-Expanded","EPE","2507209632","2507209632|8","8","False","18 Nov, 2025 at 03:25 UTC","2025-11-18 03:25","https://modsbase.com/m7fo2c6yy6gu/2507209632_Ethnicities___Portraits_Expanded.zip.html","VERIFY_AMBIGUOUS_GIT","P0_AMBIGUOUS","True","1","2507209632|12","2","541b16c138e3574ce547b5a4a43ef3cfdf215854|b36c5a961967d25e197c816b18a6aaf7eaa0428c","archive-candidate-for-multiple-git-commits; steam-git-event-ambiguity; archive-candidate-for-multiple-git-commits; git-commit-has-multiple-archive-candidates; steam-git-event-ambiguity; git-candidate-not-unique-top","False","False"
"Ethnicities-and-Portraits-Expanded","EPE","2507209632","2507209632|9","9","False","10 Nov, 2025 at 22:47 UTC","2025-11-10 22:47","https://modsbase.com/aq5b2ud03roj/2507209632_Ethnicities___Portraits_Expanded.zip.html","VERIFY_AMBIGUOUS_GIT","P0_AMBIGUOUS","True","1","2507209632|15","1","b36c5a961967d25e197c816b18a6aaf7eaa0428c","git-commit-has-multiple-archive-candidates; steam-git-event-ambiguity","False","False"
"MBP-EPE-CFP","MBP-EPE-CFP","2543865921","2543865921|3","3","False","13 Mar at 04:46 UTC","2026-03-13 04:46","https://modsbase.com/8cvmt9250w77/2543865921_MB___EPE_CFP.zip.html","VERIFY_AMBIGUOUS_GIT","P0_AMBIGUOUS","True","1","2543865921|5","1","c86a00c074ec2900035bcd8cca81c850b38d6a3c","steam-git-event-ambiguity","False","False"
"MPE","MPE","3726274827","3726274827|2","2","False","10 Jul at 07:39 UTC","2026-07-10 07:39","https://modsbase.com/ozqvpzck2zeq/3726274827_MPE_for_AUH_-beta.zip.html","VERIFY_AMBIGUOUS_GIT","P0_AMBIGUOUS","True","1","3726274827|2","1","3273a06395ca26775180f80c19adcba89fbe4fe3","steam-git-event-ambiguity","False","False"
"MPE","MPE","3726274827","3726274827|4","4","False","21 May at 05:40 UTC","2026-05-21 05:40","https://modsbase.com/ktxf2lhbk3wd/3726274827_MPE_for_AUH_-beta.zip.html","VERIFY_AMBIGUOUS_GIT","P0_AMBIGUOUS","True","1","3726274827|5","3","2b645ef19806ff0fc1030944bba5f607da2e25d8|c88f6de5838518fb3721392953db7bf1e47afc59|bda26e2f7f05946fad97191229afe72c6d9a3f9e","archive-candidate-for-multiple-git-commits; git-commit-has-multiple-archive-candidates; archive-candidate-for-multiple-git-commits; git-commit-has-multiple-archive-candidates; git-candidate-not-unique-top","False","False"
"MPE","MPE","3726274827","3726274827|5","5","False","17 May at 09:34 UTC","2026-05-17 09:34","https://modsbase.com/fikx718bjfc3/3726274827_MPE_for_AUH_-beta.zip.html","VERIFY_AMBIGUOUS_GIT","P0_AMBIGUOUS","True","1","3726274827|7","3","c88f6de5838518fb3721392953db7bf1e47afc59|bda26e2f7f05946fad97191229afe72c6d9a3f9e|2b645ef19806ff0fc1030944bba5f607da2e25d8","archive-candidate-for-multiple-git-commits; git-commit-has-multiple-archive-candidates; steam-git-event-ambiguity; git-candidate-not-unique-top","False","False"
"RICE","RICE","2273832430","2273832430|1","1","True","26 Jul at 19:25 UTC","2026-07-26 19:25","https://modsbase.com/736skdu5927p/2273832430_Regional_Immersion_and_Cultural_Enrichment___40_RICE__41_.zip.html","VERIFY_AMBIGUOUS_GIT","P0_AMBIGUOUS","True","1","2273832430|2","1","9a3484844539b6a48bad484b98d189216412077d","git-commit-has-multiple-archive-candidates","False","False"
"RICE","RICE","2273832430","2273832430|2","2","False","10 Jul at 18:40 UTC","2026-07-10 18:40","https://modsbase.com/7lseipc8ntnr/2273832430_Regional_Immersion_and_Cultural_Enrichment___40_RICE__41_.zip.html","VERIFY_AMBIGUOUS_GIT","P0_AMBIGUOUS","True","1","2273832430|3","1","9a8ce64d80233a6e638a628b3db4bbcea64c3ebb","git-commit-has-multiple-archive-candidates","False","False"
"RICE","RICE","2273832430","2273832430|3","3","False","15 May at 20:16 UTC","2026-05-15 20:16","https://modsbase.com/7a326n6huexz/2273832430_Regional_Immersion_and_Cultural_Enrichment___40_RICE__41_.zip.html","VERIFY_AMBIGUOUS_GIT","P0_AMBIGUOUS","True","1","2273832430|4","1","4615a5c22b57137e721bbc088bf3847b0b524045","git-commit-has-multiple-archive-candidates","False","False"
"RICE","RICE","2273832430","2273832430|4","4","False","2 May at 22:53 UTC","2026-05-02 22:53","https://modsbase.com/znh2er7kc3na/2273832430_Regional_Immersion_and_Cultural_Enrichment___40_RICE__41_.zip.html","VERIFY_AMBIGUOUS_GIT","P0_AMBIGUOUS","True","1","2273832430|5","2","dd84e726f4a52dd2a25804a07605f7d0f8b147ad|d3f0ed7d2ba5c7fe349d23e4c90bd7bfdf25b5a4","archive-candidate-for-multiple-git-commits; git-commit-has-multiple-archive-candidates; archive-candidate-for-multiple-git-commits; git-commit-has-multiple-archive-candidates; git-candidate-not-unique-top","False","False"
"RICE","RICE","2273832430","2273832430|5","5","False","28 Mar at 17:29 UTC","2026-03-28 17:29","https://modsbase.com/8ik6kdbwiiv4/2273832430_Regional_Immersion_and_Cultural_Enrichment___40_RICE__41_.zip.html","VERIFY_AMBIGUOUS_GIT","P0_AMBIGUOUS","True","1","2273832430|7","1","857b1d0f4a5be85306d3c9bc9658f8da21a8b0d7","git-commit-has-multiple-archive-candidates","False","False"
"RICE","RICE","2273832430","2273832430|6","6","False","10 Feb at 06:48 UTC","2026-02-10 06:48","https://modsbase.com/5pri41cwutdm/2273832430_Regional_Immersion_and_Cultural_Enrichment___40_RICE__41_.zip.html","VERIFY_AMBIGUOUS_GIT","P0_AMBIGUOUS","True","1","2273832430|8","3","49e14a0204f299d58a4faa2d0ea74d21a1fbbcd5|e2f5f564b25bd86dd6517cc40bf7442475aed41c|9e37de2ebb79670977fa6a1f7ac4c334f2b6400f","archive-candidate-for-multiple-git-commits; git-commit-has-multiple-archive-candidates; archive-candidate-for-multiple-git-commits; git-commit-has-multiple-archive-candidates; git-candidate-not-unique-top","False","False"
"RICE","RICE","2273832430","2273832430|7","7","False","7 Feb at 21:01 UTC","2026-02-07 21:01","https://modsbase.com/t58kunxjf7hc/2273832430_Regional_Immersion_and_Cultural_Enrichment___40_RICE__41_.zip.html","VERIFY_AMBIGUOUS_GIT","P0_AMBIGUOUS","True","1","2273832430|9","3","49e14a0204f299d58a4faa2d0ea74d21a1fbbcd5|e2f5f564b25bd86dd6517cc40bf7442475aed41c|9e37de2ebb79670977fa6a1f7ac4c334f2b6400f","archive-candidate-for-multiple-git-commits; git-commit-has-multiple-archive-candidates; steam-git-event-ambiguity; archive-candidate-for-multiple-git-commits; git-commit-has-multiple-archive-candidates; steam-git-event-ambiguity; git-candidate-not-unique-top","False","False"
"RICE","RICE","2273832430","2273832430|8","8","False","2 Feb at 08:04 UTC","2026-02-02 08:04","https://modsbase.com/4jhv6hims2uw/2273832430_Regional_Immersion_and_Cultural_Enrichment___40_RICE__41_.zip.html","VERIFY_AMBIGUOUS_GIT","P0_AMBIGUOUS","True","1","2273832430|10","2","9e37de2ebb79670977fa6a1f7ac4c334f2b6400f|49e14a0204f299d58a4faa2d0ea74d21a1fbbcd5","archive-candidate-for-multiple-git-commits; git-commit-has-multiple-archive-candidates; archive-candidate-for-multiple-git-commits; git-commit-has-multiple-archive-candidates; git-candidate-not-unique-top","False","False"
"RICE","RICE","2273832430","2273832430|9","9","False","18 Dec, 2025 at 06:03 UTC","2025-12-18 06:03","https://modsbase.com/fkuaotc0iku5/2273832430_Regional_Immersion_and_Cultural_Enrichment___40_RICE__41_.zip.html","VERIFY_AMBIGUOUS_GIT","P0_AMBIGUOUS","True","1","2273832430|11","3","3fccb9af9d3a57422f919b096eee2e1f9aca1f88|dcb50b0af9410c380ba4da4ed5d25e9b1a0540d2|e3c5eb10aeee7604aec826fc62fcbc53d64284ec","archive-candidate-for-multiple-git-commits; git-commit-has-multiple-archive-candidates; archive-candidate-for-multiple-git-commits; git-commit-has-multiple-archive-candidates; git-candidate-not-unique-top","False","False"
"RICE","RICE","2273832430","2273832430|10","10","False","14 Dec, 2025 at 06:59 UTC","2025-12-14 06:59","https://modsbase.com/d9u67pxcjoiy/2273832430_Regional_Immersion_and_Cultural_Enrichment___40_RICE__41_.zip.html","VERIFY_AMBIGUOUS_GIT","P0_AMBIGUOUS","True","1","2273832430|12","3","dcb50b0af9410c380ba4da4ed5d25e9b1a0540d2|e3c5eb10aeee7604aec826fc62fcbc53d64284ec|3fccb9af9d3a57422f919b096eee2e1f9aca1f88","archive-candidate-for-multiple-git-commits; git-commit-has-multiple-archive-candidates; archive-candidate-for-multiple-git-commits; git-commit-has-multiple-archive-candidates; git-candidate-not-unique-top","False","False"
"RICE","RICE","2273832430","2273832430|11","11","False","10 Dec, 2025 at 05:39 UTC","2025-12-10 05:39","https://modsbase.com/cugktbuse80e/2273832430_Regional_Immersion_and_Cultural_Enrichment___40_RICE__41_.zip.html","VERIFY_AMBIGUOUS_GIT","P0_AMBIGUOUS","True","1","2273832430|13","4","e3c5eb10aeee7604aec826fc62fcbc53d64284ec|dcb50b0af9410c380ba4da4ed5d25e9b1a0540d2|928fd31902aae67f7ed963ea988f98ed8a9746b2|138913511f7cc9aefa55a8c70b4546ee8509d5f6","archive-candidate-for-multiple-git-commits; git-commit-has-multiple-archive-candidates; steam-git-event-ambiguity; archive-candidate-for-multiple-git-commits; git-commit-has-multiple-archive-candidates; steam-git-event-ambiguity; git-candidate-not-unique-top","False","False"
"RICE","RICE","2273832430","2273832430|29","29","False","6 Oct, 2024 at 10:11 UTC","2024-10-06 10:11","https://modsbase.com/zpoaedalnx3p/2273832430_Regional_Immersion_and_Cultural_Enrichment___40_RICE__41_.zip.html","VERIFY_AMBIGUOUS_GIT","P0_AMBIGUOUS","True","1","2273832430|36","15","1e4238bd030ef259bcae60147126f3cc9c950ceb|9a3484844539b6a48bad484b98d189216412077d|9a8ce64d80233a6e638a628b3db4bbcea64c3ebb|4615a5c22b57137e721bbc088bf3847b0b524045|dd84e726f4a52dd2a25804a07605f7d0f8b147ad|d3f0ed7d2ba5c7fe349d23e4c90bd7bfdf25b5a4|857b1d0f4a5be85306d3c9bc9658f8da21a8b0d7|e2f5f564b25bd86dd6517cc40bf7442475aed41c|49e14a0204f299d58a4faa2d0ea74d21a1fbbcd5|9e37de2ebb79670977fa6a1f7ac4c334f2b6400f|3fccb9af9d3a57422f919b096eee2e1f9aca1f88|dcb50b0af9410c380ba4da4ed5d25e9b1a0540d2|e3c5eb10aeee7604aec826fc62fcbc53d64284ec|928fd31902aae67f7ed963ea988f98ed8a9746b2|138913511f7cc9aefa55a8c70b4546ee8509d5f6","archive-candidate-for-multiple-git-commits; steam-git-event-ambiguity; git-candidate-not-unique-top; archive-candidate-for-multiple-git-commits; git-commit-has-multiple-archive-candidates; steam-git-event-ambiguity; git-candidate-not-unique-top","False","False"
"Special-World","SW","2875587269","2875587269|1","1","True","1 Aug at 15:11 UTC","2026-08-01 15:11","https://modsbase.com/rlcac140mlld/2875587269_A_Special_World_-_Special_Building_Compatch.zip.html","VERIFY_AMBIGUOUS_GIT","P0_AMBIGUOUS","True","1","2875587269|1","2","62f33e63129a4196cf45d750c5c4f9316cd368fe|4bb54881d2e35563f8db910cd3682869b875f706","current-head-evidence; archive-candidate-for-multiple-git-commits; archive-candidate-for-multiple-git-commits; git-candidate-not-unique-top","False","False"
"Special-World","SW","2875587269","2875587269|2","2","False","22 Jul at 01:16 UTC","2026-07-22 01:16","https://modsbase.com/egjv5xsuroc9/2875587269_A_Special_World_-_Special_Building_Compatch.zip.html","VERIFY_AMBIGUOUS_GIT","P0_AMBIGUOUS","True","1","2875587269|6","2","0c51d727a0c8d83f8ebdb48f8b73c43737e1dbca|f6452b9e2fdf635070305178f98828371a150190","archive-candidate-for-multiple-git-commits; steam-git-event-ambiguity; archive-candidate-for-multiple-git-commits; steam-git-event-ambiguity; git-candidate-not-unique-top","False","False"
"Special-World","SW","2875587269","2875587269|3","3","False","10 Jul at 19:12 UTC","2026-07-10 19:12","https://modsbase.com/io1o3wevn7v4/2875587269_A_Special_World_-_Special_Building_Compatch.zip.html","VERIFY_AMBIGUOUS_GIT","P0_AMBIGUOUS","True","1","2875587269|16","3","a8ada073cbf32d42c4f9928040d8183309e83563|83032b87bb5b0f3ab378fb348fa4610f3ed71110|f4aa884373df976e5da19fff5f1109bfc83b7451","archive-candidate-for-multiple-git-commits; archive-candidate-for-multiple-git-commits; git-candidate-not-unique-top","False","False"
"Special-World","SW","2875587269","2875587269|5","5","False","7 May at 22:20 UTC","2026-05-07 22:20","https://modsbase.com/j7dbgnz4dpx8/2875587269_A_Special_World_-_Special_Building_Compatch.zip.html","VERIFY_AMBIGUOUS_GIT","P0_AMBIGUOUS","True","1","2875587269|22","3","1eeaf8d51248fc7c41d8340a9ce7353020550954|d78a822ab3d7e0eae87367e2a2230fd7ef0b7090|ed7d7be79ddaf725d79dff90abf05eba19e7c2e7","archive-candidate-for-multiple-git-commits; git-commit-has-multiple-archive-candidates; archive-candidate-for-multiple-git-commits; git-commit-has-multiple-archive-candidates; git-candidate-not-unique-top","False","False"
"Special-World","SW","2875587269","2875587269|6","6","False","3 May at 02:37 UTC","2026-05-03 02:37","https://modsbase.com/l0puk4g8nj8v/2875587269_A_Special_World_-_Special_Building_Compatch.zip.html","VERIFY_AMBIGUOUS_GIT","P0_AMBIGUOUS","True","1","2875587269|23","6","d78a822ab3d7e0eae87367e2a2230fd7ef0b7090|ed7d7be79ddaf725d79dff90abf05eba19e7c2e7|5e196a059c4a801d23e4200abc83d05b3838c29a|1eeaf8d51248fc7c41d8340a9ce7353020550954|a8bfe78d253cb661b4d2b7d3bd462be98330f8a4|e73d268fb26b7d31a7d547d39ad95005358d85e9","archive-candidate-for-multiple-git-commits; git-commit-has-multiple-archive-candidates; archive-candidate-for-multiple-git-commits; git-commit-has-multiple-archive-candidates; git-candidate-not-unique-top; archive-candidate-for-multiple-git-commits; git-candidate-not-unique-top","False","False"
"Special-World","SW","2875587269","2875587269|7","7","False","22 Mar at 20:03 UTC","2026-03-22 20:03","https://modsbase.com/jvloum9zfyqw/2875587269_A_Special_World_-_Special_Building_Compatch.zip.html","VERIFY_AMBIGUOUS_GIT","P0_AMBIGUOUS","True","1","2875587269|30","3","9f4303d3f29ed5b04b3589ffdd2c069f44f8e811|079d5a19aae0272124debd3075f1be8c94c2a127|7a988841a4ba8a4aaf107e9a743a9127443de517","archive-candidate-for-multiple-git-commits; git-commit-has-multiple-archive-candidates; archive-candidate-for-multiple-git-commits; git-commit-has-multiple-archive-candidates; git-candidate-not-unique-top","False","False"
"Special-World","SW","2875587269","2875587269|8","8","False","20 Mar at 21:07 UTC","2026-03-20 21:07","https://modsbase.com/ybm2xn431zs0/2875587269_A_Special_World_-_Special_Building_Compatch.zip.html","VERIFY_AMBIGUOUS_GIT","P0_AMBIGUOUS","True","1","2875587269|31","4","9f4303d3f29ed5b04b3589ffdd2c069f44f8e811|079d5a19aae0272124debd3075f1be8c94c2a127|7a988841a4ba8a4aaf107e9a743a9127443de517|1a1b6fc88f3549885518ead116df2f6f0cd55b4b","archive-candidate-for-multiple-git-commits; git-commit-has-multiple-archive-candidates; steam-git-event-ambiguity; archive-candidate-for-multiple-git-commits; git-commit-has-multiple-archive-candidates; steam-git-event-ambiguity; git-candidate-not-unique-top","False","False"
"Special-World","SW","2875587269","2875587269|9","9","False","14 Mar at 23:20 UTC","2026-03-14 23:20","https://modsbase.com/absneyopuqs5/2875587269_A_Special_World_-_Special_Building_Compatch.zip.html","VERIFY_AMBIGUOUS_GIT","P0_AMBIGUOUS","True","1","2875587269|32","4","1a1b6fc88f3549885518ead116df2f6f0cd55b4b|7a988841a4ba8a4aaf107e9a743a9127443de517|fb9749b56200ff16abb9fec81ddcb0fe266eb35b|9f4303d3f29ed5b04b3589ffdd2c069f44f8e811","archive-candidate-for-multiple-git-commits; git-commit-has-multiple-archive-candidates; steam-git-event-ambiguity; archive-candidate-for-multiple-git-commits; git-commit-has-multiple-archive-candidates; steam-git-event-ambiguity; git-candidate-not-unique-top","False","False"
"Special-World","SW","2875587269","2875587269|10","10","False","1 Mar at 15:42 UTC","2026-03-01 15:42","https://modsbase.com/xvf8zapknreq/2875587269_A_Special_World_-_Special_Building_Compatch.zip.html","VERIFY_AMBIGUOUS_GIT","P0_AMBIGUOUS","True","1","2875587269|36","4","82f9a80b847cebb359e9b8797be9b85058fc99e7|35b31d96b564aa28b6abc3079864e8cb73caa66d|fb9749b56200ff16abb9fec81ddcb0fe266eb35b|be266d10ef71a8ae6d1b26920fcb063039aa7d5c","archive-candidate-for-multiple-git-commits; archive-candidate-for-multiple-git-commits; git-commit-has-multiple-archive-candidates; git-candidate-not-unique-top","False","False"
"Special-World","SW","2875587269","2875587269|11","11","False","22 Feb at 06:54 UTC","2026-02-22 06:54","https://modsbase.com/xjp1l0x5x93l/2875587269_A_Special_World_-_Special_Building_Compatch.zip.html","VERIFY_AMBIGUOUS_GIT","P0_AMBIGUOUS","True","1","2875587269|38","4","be266d10ef71a8ae6d1b26920fcb063039aa7d5c|9ee299267667b7f65add26844e8520da320efdae|35b31d96b564aa28b6abc3079864e8cb73caa66d|0d6593821735eed75eeea01feaa347e3323e81f6","archive-candidate-for-multiple-git-commits; git-commit-has-multiple-archive-candidates; archive-candidate-for-multiple-git-commits; git-candidate-not-unique-top; archive-candidate-for-multiple-git-commits; git-commit-has-multiple-archive-candidates; git-candidate-not-unique-top","False","False"
"Special-World","SW","2875587269","2875587269|12","12","False","3 Feb at 15:40 UTC","2026-02-03 15:40","https://modsbase.com/k8js6flm8l91/2875587269_A_Special_World_-_Special_Building_Compatch.zip.html","VERIFY_AMBIGUOUS_GIT","P0_AMBIGUOUS","True","1","2875587269|43","2","04978e0c73beff81e806fb0433ea3ad95cf3a589|fc1bca8d5e65a0a82dfb0ac58e4d4858ed83afac","archive-candidate-for-multiple-git-commits; git-commit-has-multiple-archive-candidates; steam-git-event-ambiguity; archive-candidate-for-multiple-git-commits; git-commit-has-multiple-archive-candidates; steam-git-event-ambiguity; git-candidate-not-unique-top","False","False"
"Special-World","SW","2875587269","2875587269|13","13","False","26 Jan at 22:10 UTC","2026-01-26 22:10","https://modsbase.com/eeihl211ic92/2875587269_A_Special_World_-_Special_Building_Compatch.zip.html","VERIFY_AMBIGUOUS_GIT","P0_AMBIGUOUS","True","1","2875587269|45","2","fc1bca8d5e65a0a82dfb0ac58e4d4858ed83afac|04978e0c73beff81e806fb0433ea3ad95cf3a589","archive-candidate-for-multiple-git-commits; git-commit-has-multiple-archive-candidates; archive-candidate-for-multiple-git-commits; git-commit-has-multiple-archive-candidates; git-candidate-not-unique-top","False","False"
"Special-World","SW","2875587269","2875587269|14","14","False","14 Jan at 23:41 UTC","2026-01-14 23:41","https://modsbase.com/yyhbn7p0b5vz/2875587269_A_Special_World_-_Special_Building_Compatch.zip.html","VERIFY_AMBIGUOUS_GIT","P0_AMBIGUOUS","True","1","2875587269|46","2","688be509388ead75fa299018dcdde17ba4c8f5f5|59197499171ff9f910d90d8b03407b7388b43847","archive-candidate-for-multiple-git-commits; git-commit-has-multiple-archive-candidates; archive-candidate-for-multiple-git-commits; git-commit-has-multiple-archive-candidates; git-candidate-not-unique-top","False","False"
"Special-World","SW","2875587269","2875587269|15","15","False","12 Jan at 04:30 UTC","2026-01-12 04:30","https://modsbase.com/ttmhphdlczph/2875587269_A_Special_World_-_Special_Building_Compatch.zip.html","VERIFY_AMBIGUOUS_GIT","P0_AMBIGUOUS","True","1","2875587269|47","2","59197499171ff9f910d90d8b03407b7388b43847|688be509388ead75fa299018dcdde17ba4c8f5f5","archive-candidate-for-multiple-git-commits; git-commit-has-multiple-archive-candidates; archive-candidate-for-multiple-git-commits; git-commit-has-multiple-archive-candidates; git-candidate-not-unique-top","False","False"
"Special-World","SW","2875587269","2875587269|16","16","False","31 Dec, 2025 at 22:43 UTC","2025-12-31 22:43","https://modsbase.com/yz8ontr6w1fj/2875587269_A_Special_World_-_Special_Building_Compatch.zip.html","VERIFY_AMBIGUOUS_GIT","P0_AMBIGUOUS","True","1","2875587269|48","3","825da8e0f5e4b60f964301e80c5665a8a8426fc2|281142eee5206dc821e274b9db26da1428e16fc0|bd48aaacb89f48226bbaf66fad12ba33907e5c46","archive-candidate-for-multiple-git-commits; steam-git-event-ambiguity; git-candidate-not-unique-top; archive-candidate-for-multiple-git-commits; git-commit-has-multiple-archive-candidates; steam-git-event-ambiguity; git-candidate-not-unique-top","False","False"
"Special-World","SW","2875587269","2875587269|17","17","False","24 Dec, 2025 at 00:05 UTC","2025-12-24 00:05","https://modsbase.com/q3kk89svgukt/2875587269_A_Special_World_-_Special_Building_Compatch.zip.html","VERIFY_AMBIGUOUS_GIT","P0_AMBIGUOUS","True","1","2875587269|50","2","bd48aaacb89f48226bbaf66fad12ba33907e5c46|281142eee5206dc821e274b9db26da1428e16fc0","archive-candidate-for-multiple-git-commits; git-commit-has-multiple-archive-candidates; steam-git-event-ambiguity; archive-candidate-for-multiple-git-commits; git-commit-has-multiple-archive-candidates; steam-git-event-ambiguity; git-candidate-not-unique-top","False","False"
"Special-World","SW","2875587269","2875587269|18","18","False","10 Dec, 2025 at 19:31 UTC","2025-12-10 19:31","https://modsbase.com/ur6ci7c34x16/2875587269_A_Special_World_-_Special_Building_Compatch.zip.html","VERIFY_AMBIGUOUS_GIT","P0_AMBIGUOUS","True","1","2875587269|51","1","a2f8e19bc24921e55b1459032bf255d0a02d4507","git-commit-has-multiple-archive-candidates","False","False"
"Special-World","SW","2875587269","2875587269|19","19","False","7 Dec, 2025 at 06:01 UTC","2025-12-07 06:01","https://modsbase.com/qb2f75hd4bd7/2875587269_A_Special_World_-_Special_Building_Compatch.zip.html","VERIFY_AMBIGUOUS_GIT","P0_AMBIGUOUS","True","1","2875587269|52","1","a2f8e19bc24921e55b1459032bf255d0a02d4507","git-commit-has-multiple-archive-candidates; steam-git-event-ambiguity","False","False"
"Special-World","SW","2875587269","2875587269|23","23","False","27 Oct, 2025 at 05:02 UTC","2025-10-27 05:02","https://modsbase.com/n95yvy2y05sz/2875587269_A_Special_World_-_Special_Building_Compatch.zip.html","VERIFY_AMBIGUOUS_GIT","P0_AMBIGUOUS","True","1","2875587269|58","1","5d059d311cc276f2a49f976a2d4254280ac39f2c","git-commit-has-multiple-archive-candidates; steam-git-event-ambiguity","False","False"
"Special-World","SW","2875587269","2875587269|24","24","False","23 Oct, 2025 at 01:58 UTC","2025-10-23 01:58","https://modsbase.com/a7kgtk43c1up/2875587269_A_Special_World_-_Special_Building_Compatch.zip.html","VERIFY_AMBIGUOUS_GIT","P0_AMBIGUOUS","True","1","2875587269|59","1","5d059d311cc276f2a49f976a2d4254280ac39f2c","git-commit-has-multiple-archive-candidates; steam-git-event-ambiguity","False","False"
"Special-World","SW","2875587269","2875587269|25","25","False","18 Sep, 2025 at 00:13 UTC","2025-09-18 00:13","https://modsbase.com/y64oflz3gv5l/2875587269_A_Special_World_-_Special_Building_Compatch.zip.html","VERIFY_AMBIGUOUS_GIT","P0_AMBIGUOUS","True","1","2875587269|60","1","8cff9607cb4a5bbf4772156f15f62b5564764df4","steam-git-event-ambiguity","False","False"
"Culture-Expanded","CE","2829397295","2829397295|4","4","False","19 Mar at 02:50 UTC","2026-03-19 02:50","https://modsbase.com/qwu0h753b2w2/2829397295_Culture_Expanded.zip.html","VERIFY_GIT","P1_VERIFY_GIT_CANDIDATE","False","1","2829397295|6","1","9cf590790a7e257689388e0a8d06335e3fdaf4f5","git-candidate-needs-content-verification","False","False"
"Culture-Expanded","CE","2829397295","2829397295|5","5","False","13 Feb at 02:55 UTC","2026-02-13 02:55","https://modsbase.com/cqwhfi002w8a/2829397295_Culture_Expanded.zip.html","VERIFY_GIT","P1_VERIFY_GIT_CANDIDATE","False","1","2829397295|7","1","5db0c9ce064448e50984a8c113d3dea1d5a17c45","git-candidate-needs-content-verification","False","False"
"EPE-CFP","EPE-CFP","2996881191","2996881191|4","4","False","20 Mar at 20:18 UTC","2026-03-20 20:18","https://modsbase.com/nuqyp7o0a64m/2996881191_CFP___EPE_Compatibility_Patch.zip.html","VERIFY_GIT","P1_VERIFY_GIT_CANDIDATE","False","1","2996881191|5","1","3f7bbef8e71f4cbc0483ada19c89d5bee9ec9906","git-candidate-needs-content-verification","False","False"
"Ethnicities-and-Portraits-Expanded","EPE","2507209632","2507209632|2","2","False","9 May at 20:40 UTC","2026-05-09 20:40","https://modsbase.com/i8d7c1yh35jb/2507209632_Ethnicities___Portraits_Expanded.zip.html","VERIFY_GIT","P1_VERIFY_GIT_CANDIDATE","False","1","2507209632|2","1","c4f0f4855d23fa3c3987825aaf47d921df27bcce","git-candidate-needs-content-verification","False","False"
"Ethnicities-and-Portraits-Expanded","EPE","2507209632","2507209632|5","5","False","4 Feb at 01:01 UTC","2026-02-04 01:01","https://modsbase.com/fqqqycmy0x1n/2507209632_Ethnicities___Portraits_Expanded.zip.html","VERIFY_GIT","P1_VERIFY_GIT_CANDIDATE","False","1","2507209632|8","1","fa84cac63da28d1638da6654995cbf9591d43878","git-candidate-needs-content-verification","False","False"
"Ethnicities-and-Portraits-Expanded","EPE","2507209632","2507209632|6","6","False","20 Jan at 05:51 UTC","2026-01-20 05:51","https://modsbase.com/vhwortwsfo4q/2507209632_Ethnicities___Portraits_Expanded.zip.html","VERIFY_GIT","P1_VERIFY_GIT_CANDIDATE","False","1","2507209632|9","1","1813c7f41d030378fccac0f1324bdfefb30cc76b","git-candidate-needs-content-verification","False","False"
"MBP-EPE-CFP","MBP-EPE-CFP","2543865921","2543865921|4","4","False","26 Feb at 23:29 UTC","2026-02-26 23:29","https://modsbase.com/8oanz0j72j81/2543865921_MB___EPE_CFP.zip.html","VERIFY_GIT","P1_VERIFY_GIT_CANDIDATE","False","1","2543865921|7","1","8465d11333287e282920c262db343a33fd7dd177","git-candidate-needs-content-verification","False","False"
"MPE","MPE","3726274827","3726274827|3","3","False","18 Jun at 11:31 UTC","2026-06-18 11:31","https://modsbase.com/46xvo373hdac/3726274827_MPE_for_AUH_-beta.zip.html","VERIFY_GIT","P1_VERIFY_GIT_CANDIDATE","False","1","3726274827|4","1","19b72a1ccc1c9b4b5aed39b07175cd07cf8c9fe5","git-candidate-needs-content-verification","False","False"
"Special-World","SW","2875587269","2875587269|4","4","False","29 May at 20:46 UTC","2026-05-29 20:46","https://modsbase.com/ikm30ux1mqsq/2875587269_A_Special_World_-_Special_Building_Compatch.zip.html","VERIFY_GIT","P1_VERIFY_GIT_CANDIDATE","False","1","2875587269|19","1","f0fcdf01de6da346c5542f250ad92797ae2dfae4","git-candidate-needs-content-verification","False","False"
"Western-Steppe-Expanded","WSE","3490396842","3490396842|2","2","False","4 Feb at 20:39 UTC","2026-02-04 20:39","https://modsbase.com/y87gxbd37old/3490396842_Western_Steppe_Expanded.zip.html","VERIFY_GIT","P1_VERIFY_GIT_CANDIDATE","False","1","3490396842|3","1","fcda0b4b0dae1bcf911e7b9b8e650b9aad3bb554","git-candidate-needs-content-verification","False","False"
"Community-Flavor-Pack","CFP","2220098919","2220098919|2","2","False","27 Jan at 21:24 UTC","2026-01-27 21:24","https://modsbase.com/t314z6qwhs5y/2220098919_Community_Flavor_Pack.zip.html","VERIFY_STRONG_GIT","P2_STRONG_GIT_CANDIDATE","False","1","2220098919|2","1","afa8f4eb4da627fe9d1c9ef60ff58ee3e6fed62d","strong-git-candidate","False","False"
"EPE-CFP","EPE-CFP","2996881191","2996881191|2","2","False","11 May at 11:49 UTC","2026-05-11 11:49","https://modsbase.com/62dagy93pu44/2996881191_CFP___EPE_Compatibility_Patch.zip.html","VERIFY_STRONG_GIT","P2_STRONG_GIT_CANDIDATE","False","1","2996881191|2","1","54cc9c5830ad485c79bacc5ec5c31416ba30ae1f","strong-git-candidate","False","False"
"EPE-CFP","EPE-CFP","2996881191","2996881191|5","5","False","5 Feb at 12:16 UTC","2026-02-05 12:16","https://modsbase.com/ryfggtogq2zr/2996881191_CFP___EPE_Compatibility_Patch.zip.html","VERIFY_STRONG_GIT","P2_STRONG_GIT_CANDIDATE","False","1","2996881191|6","1","9ff2bd53b1bec5e0cd1b8d0816f7d750fef566d3","strong-git-candidate","False","False"
"Culture-Expanded","CE","2829397295","2829397295|1","1","True","25 May at 15:54 UTC","2026-05-25 15:54","https://modsbase.com/r8tz6jvppldn/2829397295_Culture_Expanded.zip.html","CURRENT_HEAD_OPTIONAL","P3_CURRENT_HEAD_OPTIONAL","False","1","2829397295|1","1","07b7ca5ee4f0481ea9107d0299a90a396d2d78e8","current-head-evidence","False","False"
"EPE-CFP","EPE-CFP","2996881191","2996881191|1","1","True","7 Jun at 19:39 UTC","2026-06-07 19:39","https://modsbase.com/cvmyh1ediqzu/2996881191_CFP___EPE_Compatibility_Patch.zip.html","CURRENT_HEAD_OPTIONAL","P3_CURRENT_HEAD_OPTIONAL","False","1","2996881191|1","1","63d844200f7adf6fb57df1b37cb99d89d6ca8ced","current-head-evidence","False","False"
"Ethnicities-and-Portraits-Expanded","EPE","2507209632","2507209632|1","1","True","25 May at 15:54 UTC","2026-05-25 15:54","https://modsbase.com/ihs53sddddoj/2507209632_Ethnicities___Portraits_Expanded.zip.html","CURRENT_HEAD_OPTIONAL","P3_CURRENT_HEAD_OPTIONAL","False","1","2507209632|1","1","3bd4f6406b7068dddf48e28d2fc4b79b0329ebd1","current-head-evidence","False","False"
"MPE","MPE","3726274827","3726274827|1","1","True","8 Aug at 02:03 UTC","2026-08-08 02:03","https://modsbase.com/58c7zulkmjc4/3726274827_MPE_for_AUH_-beta.zip.html","CURRENT_HEAD_OPTIONAL","P3_CURRENT_HEAD_OPTIONAL","False","1","3726274827|1","1","d4aaebb1f911bb711138e8d12533cf022f2f1f75","current-head-evidence","False","False"
"Western-Steppe-Expanded","WSE","3490396842","3490396842|1","1","True","20 Apr at 15:37 UTC","2026-04-20 15:37","https://modsbase.com/iryh9g8jcfz2/3490396842_Western_Steppe_Expanded.zip.html","CURRENT_HEAD_OPTIONAL","P3_CURRENT_HEAD_OPTIONAL","False","1","3490396842|1","1","063576a7299159e3eef1ba510e6e3bd7f938d7ab","current-head-evidence","False","False"
"Community-Flavor-Pack","CFP","2220098919","2220098919|1","1","True","21 Apr at 18:34 UTC","2026-04-21 18:34","https://modsbase.com/4ul72nr980cp/2220098919_Community_Flavor_Pack.zip.html","RECOVERY_CANDIDATE","P4_RECOVERY_LATER","False","1","2220098919|1","0","","temporally-aligned-skymods-revision-without-git-candidate","False","False"
"Community-Flavor-Pack","CFP","2220098919","2220098919|4","4","False","11 Nov, 2025 at 16:03 UTC","2025-11-11 16:03","https://modsbase.com/csewo5p3q540/2220098919_Community_Flavor_Pack.zip.html","RECOVERY_CANDIDATE","P4_RECOVERY_LATER","False","1","2220098919|4","0","","temporally-aligned-skymods-revision-without-git-candidate","False","False"
"Community-Flavor-Pack","CFP","2220098919","2220098919|5","5","False","30 Oct, 2025 at 22:05 UTC","2025-10-30 22:05","https://modsbase.com/uxcp6czj07ys/2220098919_Community_Flavor_Pack.zip.html","RECOVERY_CANDIDATE","P4_RECOVERY_LATER","False","1","2220098919|5","0","","temporally-aligned-skymods-revision-without-git-candidate","False","False"
"Community-Flavor-Pack","CFP","2220098919","2220098919|6","6","False","28 Oct, 2025 at 17:28 UTC","2025-10-28 17:28","https://modsbase.com/x9mh0o8y7vc2/2220098919_Community_Flavor_Pack.zip.html","RECOVERY_CANDIDATE","P4_RECOVERY_LATER","False","1","2220098919|6","0","","temporally-aligned-skymods-revision-without-git-candidate","False","False"
"Community-Flavor-Pack","CFP","2220098919","2220098919|7","7","False","9 Sep, 2025 at 19:19 UTC","2025-09-09 19:19","https://modsbase.com/4kiim2oczi1a/2220098919_Community_Flavor_Pack.zip.html","RECOVERY_CANDIDATE","P4_RECOVERY_LATER","False","1","2220098919|8","0","","temporally-aligned-skymods-revision-without-git-candidate","False","False"
"Community-Flavor-Pack","CFP","2220098919","2220098919|8","8","False","21 Jul, 2025 at 14:51 UTC","2025-07-21 14:51","https://modsbase.com/gmag0sdmiaqw/2220098919_Community_Flavor_Pack.zip.html","RECOVERY_CANDIDATE","P4_RECOVERY_LATER","False","1","2220098919|9","0","","temporally-aligned-skymods-revision-without-git-candidate","False","False"
"Community-Flavor-Pack","CFP","2220098919","2220098919|9","9","False","28 Apr, 2025 at 13:15 UTC","2025-04-28 13:15","https://modsbase.com/buc5idx4zhup/2220098919_Community_Flavor_Pack.zip.html","RECOVERY_CANDIDATE","P4_RECOVERY_LATER","False","1","2220098919|10","0","","temporally-aligned-skymods-revision-without-git-candidate","False","False"
"Community-Flavor-Pack","CFP","2220098919","2220098919|10","10","False","12 Mar, 2025 at 16:13 UTC","2025-03-12 16:13","https://modsbase.com/1xpp5gy4vzlz/2220098919_Community_Flavor_Pack.zip.html","RECOVERY_CANDIDATE","P4_RECOVERY_LATER","False","1","2220098919|11","0","","temporally-aligned-skymods-revision-without-git-candidate","False","False"
"Community-Flavor-Pack","CFP","2220098919","2220098919|11","11","False","25 Feb, 2025 at 14:41 UTC","2025-02-25 14:41","https://modsbase.com/7eh5s31zx0th/2220098919_Community_Flavor_Pack.zip.html","RECOVERY_CANDIDATE","P4_RECOVERY_LATER","False","1","2220098919|12","0","","temporally-aligned-skymods-revision-without-git-candidate","False","False"
"Community-Flavor-Pack","CFP","2220098919","2220098919|12","12","False","27 Nov, 2024 at 17:21 UTC","2024-11-27 17:21","https://modsbase.com/9kitkgh0g0ze/2220098919_Community_Flavor_Pack.zip.html","RECOVERY_CANDIDATE","P4_RECOVERY_LATER","False","1","2220098919|13","0","","temporally-aligned-skymods-revision-without-git-candidate","False","False"
"Community-Flavor-Pack","CFP","2220098919","2220098919|13","13","False","4 Nov, 2024 at 17:32 UTC","2024-11-04 17:32","https://modsbase.com/802j3dhy0ujb/2220098919_Community_Flavor_Pack.zip.html","RECOVERY_CANDIDATE","P4_RECOVERY_LATER","False","1","2220098919|14","0","","temporally-aligned-skymods-revision-without-git-candidate","False","False"
"Community-Flavor-Pack","CFP","2220098919","2220098919|14","14","False","30 Sep, 2024 at 06:46 UTC","2024-09-30 06:46","https://modsbase.com/xtv1d1cdptuj/2220098919_Community_Flavor_Pack.zip.html","RECOVERY_CANDIDATE","P4_RECOVERY_LATER","False","1","2220098919|15","0","","temporally-aligned-skymods-revision-without-git-candidate","False","False"
"Community-Flavor-Pack","CFP","2220098919","2220098919|15","15","False","24 Sep, 2024 at 17:59 UTC","2024-09-24 17:59","https://modsbase.com/f56t68dvcw5j/2220098919_Community_Flavor_Pack.zip.html","RECOVERY_CANDIDATE","P4_RECOVERY_LATER","False","1","2220098919|17","0","","temporally-aligned-skymods-revision-without-git-candidate","False","False"
"Community-Flavor-Pack","CFP","2220098919","2220098919|16","16","False","4 Mar, 2024 at 19:54 UTC","2024-03-04 19:54","https://modsbase.com/leeduli5poai/2220098919_Community_Flavor_Pack.zip.html","RECOVERY_CANDIDATE","P4_RECOVERY_LATER","False","1","2220098919|18","0","","temporally-aligned-skymods-revision-without-git-candidate","False","False"
"Community-Flavor-Pack","CFP","2220098919","2220098919|17","17","False","6 Feb, 2024 at 17:33 UTC","2024-02-06 17:33","https://modsbase.com/jz8fuvaxma4n/2220098919_Community_Flavor_Pack.zip.html","RECOVERY_CANDIDATE","P4_RECOVERY_LATER","False","1","2220098919|19","0","","temporally-aligned-skymods-revision-without-git-candidate","False","False"
"Community-Flavor-Pack","CFP","2220098919","2220098919|18","18","False","23 Jan, 2024 at 14:51 UTC","2024-01-23 14:51","https://modsbase.com/thzwywrcosej/2220098919_Community_Flavor_Pack.zip.html","RECOVERY_CANDIDATE","P4_RECOVERY_LATER","False","1","2220098919|20","0","","temporally-aligned-skymods-revision-without-git-candidate","False","False"
"Community-Flavor-Pack","CFP","2220098919","2220098919|19","19","False","16 Nov, 2023 at 10:34 UTC","2023-11-16 10:34","https://modsbase.com/lqbqt21hff0s/2220098919_Community_Flavor_Pack.zip.html","RECOVERY_CANDIDATE","P4_RECOVERY_LATER","False","1","2220098919|21","0","","temporally-aligned-skymods-revision-without-git-candidate","False","False"
"Community-Flavor-Pack","CFP","2220098919","2220098919|20","20","False","9 Nov, 2023 at 18:03 UTC","2023-11-09 18:03","https://modsbase.com/h3lh5rnc950y/2220098919_Community_Flavor_Pack.zip.html","RECOVERY_CANDIDATE","P4_RECOVERY_LATER","False","1","2220098919|22","0","","temporally-aligned-skymods-revision-without-git-candidate","False","False"
"Community-Flavor-Pack","CFP","2220098919","2220098919|21","21","False","22 Aug, 2023 at 15:41 UTC","2023-08-22 15:41","https://modsbase.com/ji6ovfu48clk/2220098919_Community_Flavor_Pack.zip.html","RECOVERY_CANDIDATE","P4_RECOVERY_LATER","False","1","2220098919|23","0","","temporally-aligned-skymods-revision-without-git-candidate","False","False"
"Community-Flavor-Pack","CFP","2220098919","2220098919|22","22","False","15 Jun, 2023 at 12:50 UTC","2023-06-15 12:50","https://modsbase.com/1qvne2ux4v71/2220098919_Community_Flavor_Pack.zip.html","RECOVERY_CANDIDATE","P4_RECOVERY_LATER","False","1","2220098919|24","0","","temporally-aligned-skymods-revision-without-git-candidate","False","False"
"Community-Flavor-Pack","CFP","2220098919","2220098919|23","23","False","6 Jun, 2023 at 17:02 UTC","2023-06-06 17:02","https://modsbase.com/6u1nh5rq4nmz/2220098919_Community_Flavor_Pack.zip.html","RECOVERY_CANDIDATE","P4_RECOVERY_LATER","False","1","2220098919|25","0","","temporally-aligned-skymods-revision-without-git-candidate","False","False"
"Community-Flavor-Pack","CFP","2220098919","2220098919|24","24","False","30 May, 2023 at 16:43 UTC","2023-05-30 16:43","https://modsbase.com/j72flcz6ow20/2220098919_Community_Flavor_Pack.zip.html","RECOVERY_CANDIDATE","P4_RECOVERY_LATER","False","1","2220098919|26","0","","temporally-aligned-skymods-revision-without-git-candidate","False","False"
"Community-Flavor-Pack","CFP","2220098919","2220098919|25","25","False","16 May, 2023 at 19:31 UTC","2023-05-16 19:31","https://modsbase.com/aanrujy521h0/2220098919_Community_Flavor_Pack.zip.html","RECOVERY_CANDIDATE","P4_RECOVERY_LATER","False","1","2220098919|27","0","","temporally-aligned-skymods-revision-without-git-candidate","False","False"
"Community-Flavor-Pack","CFP","2220098919","2220098919|26","26","False","14 May, 2023 at 10:31 UTC","2023-05-14 10:31","https://modsbase.com/od1h0nanm7xk/2220098919_Community_Flavor_Pack.zip.html","RECOVERY_CANDIDATE","P4_RECOVERY_LATER","False","1","2220098919|28","0","","temporally-aligned-skymods-revision-without-git-candidate","False","False"
"Community-Flavor-Pack","CFP","2220098919","2220098919|27","27","False","11 May, 2023 at 18:47 UTC","2023-05-11 18:47","https://modsbase.com/j358tb33axk8/2220098919_Community_Flavor_Pack.zip.html","RECOVERY_CANDIDATE","P4_RECOVERY_LATER","False","1","2220098919|32","0","","temporally-aligned-skymods-revision-without-git-candidate","False","False"
"Community-Flavor-Pack","CFP","2220098919","2220098919|28","28","False","4 Apr, 2023 at 20:29 UTC","2023-04-04 20:29","https://modsbase.com/ll87k8m0ubzx/2220098919_Community_Flavor_Pack.zip.html","RECOVERY_CANDIDATE","P4_RECOVERY_LATER","False","1","2220098919|34","0","","temporally-aligned-skymods-revision-without-git-candidate","False","False"
"Community-Flavor-Pack","CFP","2220098919","2220098919|29","29","False","4 Mar, 2023 at 15:59 UTC","2023-03-04 15:59","https://modsbase.com/y2yrq544ck0h/2220098919_Community_Flavor_Pack.zip.html","RECOVERY_CANDIDATE","P4_RECOVERY_LATER","False","1","2220098919|35","0","","temporally-aligned-skymods-revision-without-git-candidate","False","False"
"Community-Flavor-Pack","CFP","2220098919","2220098919|30","30","False","1 Dec, 2022 at 19:47 UTC","2022-12-01 19:47","https://modsbase.com/7gxtw6nlvf1s/2220098919_Community_Flavor_Pack.zip.html","RECOVERY_CANDIDATE","P4_RECOVERY_LATER","False","1","2220098919|37","0","","temporally-aligned-skymods-revision-without-git-candidate","False","False"
"Community-Flavor-Pack","CFP","2220098919","2220098919|31","31","False","20 Nov, 2022 at 10:36 UTC","2022-11-20 10:36","https://modsbase.com/2wmfdy6u059k/2220098919_Community_Flavor_Pack.zip.html","RECOVERY_CANDIDATE","P4_RECOVERY_LATER","False","1","2220098919|38","0","","temporally-aligned-skymods-revision-without-git-candidate","False","False"
"Community-Flavor-Pack","CFP","2220098919","2220098919|32","32","False","1 Nov, 2022 at 14:22 UTC","2022-11-01 14:22","https://modsbase.com/w9brr2fxzeta/2220098919_Community_Flavor_Pack.zip.html","RECOVERY_CANDIDATE","P4_RECOVERY_LATER","False","1","2220098919|39","0","","temporally-aligned-skymods-revision-without-git-candidate","False","False"
"Community-Flavor-Pack","CFP","2220098919","2220098919|33","33","False","8 Sep, 2022 at 19:19 UTC","2022-09-08 19:19","https://modsbase.com/k587vxj3hhrj/2220098919_Community_Flavor_Pack.zip.html","RECOVERY_CANDIDATE","P4_RECOVERY_LATER","False","1","2220098919|40","0","","temporally-aligned-skymods-revision-without-git-candidate","False","False"
"Community-Flavor-Pack","CFP","2220098919","2220098919|34","34","False","3 Aug, 2022 at 08:23 UTC","2022-08-03 08:23","https://modsbase.com/37ysuz6k8pf0/2220098919_Community_Flavor_Pack.zip.html","RECOVERY_CANDIDATE","P4_RECOVERY_LATER","False","1","2220098919|41","0","","temporally-aligned-skymods-revision-without-git-candidate","False","False"
"Community-Flavor-Pack","CFP","2220098919","2220098919|35","35","False","21 Jun, 2022 at 14:04 UTC","2022-06-21 14:04","https://modsbase.com/ose44lp1y44b/2220098919_Community_Flavor_Pack.zip.html","RECOVERY_CANDIDATE","P4_RECOVERY_LATER","False","1","2220098919|42","0","","temporally-aligned-skymods-revision-without-git-candidate","False","False"
"Community-Flavor-Pack","CFP","2220098919","2220098919|36","36","False","7 Jun, 2022 at 10:11 UTC","2022-06-07 10:11","https://modsbase.com/7brdh0803bz0/2220098919_Community_Flavor_Pack.zip.html","RECOVERY_CANDIDATE","P4_RECOVERY_LATER","False","1","2220098919|43","0","","temporally-aligned-skymods-revision-without-git-candidate","False","False"
"Community-Flavor-Pack","CFP","2220098919","2220098919|37","37","False","1 Jun, 2022 at 17:21 UTC","2022-06-01 17:21","https://modsbase.com/6n3wpd3upger/2220098919_Community_Flavor_Pack.zip.html","RECOVERY_CANDIDATE","P4_RECOVERY_LATER","False","1","2220098919|45","0","","temporally-aligned-skymods-revision-without-git-candidate","False","False"
"Community-Flavor-Pack","CFP","2220098919","2220098919|38","38","False","31 May, 2022 at 16:32 UTC","2022-05-31 16:32","https://modsbase.com/lm5ecx0usaxq/2220098919_Community_Flavor_Pack.zip.html","RECOVERY_CANDIDATE","P4_RECOVERY_LATER","False","1","2220098919|47","0","","temporally-aligned-skymods-revision-without-git-candidate","False","False"
"Community-Flavor-Pack","CFP","2220098919","2220098919|39","39","False","16 May, 2022 at 13:07 UTC","2022-05-16 13:07","https://modsbase.com/qq73xoephwcs/2220098919_Community_Flavor_Pack.zip.html","RECOVERY_CANDIDATE","P4_RECOVERY_LATER","False","1","2220098919|48","0","","temporally-aligned-skymods-revision-without-git-candidate","False","False"
"Community-Flavor-Pack","CFP","2220098919","2220098919|40","40","False","28 Apr, 2022 at 10:52 UTC","2022-04-28 10:52","https://modsbase.com/4njj2pzbhocw/2220098919_Community_Flavor_Pack.zip.html","RECOVERY_CANDIDATE","P4_RECOVERY_LATER","False","1","2220098919|49","0","","temporally-aligned-skymods-revision-without-git-candidate","False","False"
"Community-Flavor-Pack","CFP","2220098919","2220098919|41","41","False","17 Apr, 2022 at 10:50 UTC","2022-04-17 10:50","https://modsbase.com/xpm4v6bd0xy5/2220098919_Community_Flavor_Pack.zip.html","RECOVERY_CANDIDATE","P4_RECOVERY_LATER","False","1","2220098919|50","0","","temporally-aligned-skymods-revision-without-git-candidate","False","False"
"Community-Flavor-Pack","CFP","2220098919","2220098919|42","42","False","10 Mar, 2022 at 17:53 UTC","2022-03-10 17:53","https://modsbase.com/w99551x686hy/2220098919_Community_Flavor_Pack.zip.html","RECOVERY_CANDIDATE","P4_RECOVERY_LATER","False","1","2220098919|51","0","","temporally-aligned-skymods-revision-without-git-candidate","False","False"
"Community-Flavor-Pack","CFP","2220098919","2220098919|43","43","False","7 Mar, 2022 at 16:14 UTC","2022-03-07 16:14","https://modsbase.com/bbw0fiwg5eci/2220098919_Community_Flavor_Pack.zip.html","RECOVERY_CANDIDATE","P4_RECOVERY_LATER","False","1","2220098919|52","0","","temporally-aligned-skymods-revision-without-git-candidate","False","False"
"Community-Flavor-Pack","CFP","2220098919","2220098919|44","44","False","22 Feb, 2022 at 17:42 UTC","2022-02-22 17:42","https://modsbase.com/c70rh0sil5cv/2220098919_Community_Flavor_Pack.zip.html","RECOVERY_CANDIDATE","P4_RECOVERY_LATER","False","1","2220098919|53","0","","temporally-aligned-skymods-revision-without-git-candidate","False","False"
"Community-Flavor-Pack","CFP","2220098919","2220098919|45","45","False","19 Feb, 2022 at 15:35 UTC","2022-02-19 15:35","https://modsbase.com/qa7hrswbryh2/2220098919_Community_Flavor_Pack.zip.html","RECOVERY_CANDIDATE","P4_RECOVERY_LATER","False","1","2220098919|54","0","","temporally-aligned-skymods-revision-without-git-candidate","False","False"
"Community-Flavor-Pack","CFP","2220098919","2220098919|46","46","False","13 Feb, 2022 at 09:16 UTC","2022-02-13 09:16","https://modsbase.com/ol6bncyd7ip1/2220098919_Community_Flavor_Pack.zip.html","RECOVERY_CANDIDATE","P4_RECOVERY_LATER","False","1","2220098919|55","0","","temporally-aligned-skymods-revision-without-git-candidate","False","False"
"Community-Flavor-Pack","CFP","2220098919","2220098919|47","47","False","10 Feb, 2022 at 10:57 UTC","2022-02-10 10:57","https://modsbase.com/03285vsm1ir7/2220098919_Community_Flavor_Pack.zip.html","RECOVERY_CANDIDATE","P4_RECOVERY_LATER","False","1","2220098919|56","0","","temporally-aligned-skymods-revision-without-git-candidate","False","False"
"Community-Flavor-Pack","CFP","2220098919","2220098919|48","48","False","25 Dec, 2021 at 22:32 UTC","2021-12-25 22:32","https://modsbase.com/5h2w227fkshr/2220098919_Community_Flavor_Pack.zip.html","RECOVERY_CANDIDATE","P4_RECOVERY_LATER","False","1","2220098919|58","0","","temporally-aligned-skymods-revision-without-git-candidate","False","False"
"Community-Flavor-Pack","CFP","2220098919","2220098919|49","49","False","11 Oct, 2021 at 11:51 UTC","2021-10-11 11:51","https://modsbase.com/r7qaa4o895ht/2220098919_Community_Flavor_Pack.zip.html","RECOVERY_CANDIDATE","P4_RECOVERY_LATER","False","1","2220098919|60","0","","temporally-aligned-skymods-revision-without-git-candidate","False","False"
"Community-Flavor-Pack","CFP","2220098919","2220098919|50","50","False","14 Aug, 2021 at 14:41 UTC","2021-08-14 14:41","https://modsbase.com/63qn0xrr3fpl/2220098919_Community_Flavor_Pack.zip.html","RECOVERY_CANDIDATE","P4_RECOVERY_LATER","False","1","2220098919|62","0","","temporally-aligned-skymods-revision-without-git-candidate","False","False"
"Community-Flavor-Pack","CFP","2220098919","2220098919|51","51","False","6 Aug, 2021 at 14:51 UTC","2021-08-06 14:51","https://modsbase.com/g6g7yrcdh6ed/2220098919_Community_Flavor_Pack.zip.html","RECOVERY_CANDIDATE","P4_RECOVERY_LATER","False","1","2220098919|64","0","","temporally-aligned-skymods-revision-without-git-candidate","False","False"
"Community-Flavor-Pack","CFP","2220098919","2220098919|52","52","False","6 Jul, 2021 at 18:30 UTC","2021-07-06 18:30","https://modsbase.com/n3l0inwtbjlw/2220098919_Community_Flavor_Pack.zip.html","RECOVERY_CANDIDATE","P4_RECOVERY_LATER","False","1","2220098919|65","0","","temporally-aligned-skymods-revision-without-git-candidate","False","False"
"Community-Flavor-Pack","CFP","2220098919","2220098919|53","53","False","30 Jun, 2021 at 17:18 UTC","2021-06-30 17:18","https://modsbase.com/ibcumi1usmrk/2220098919_Community_Flavor_Pack.zip.html","RECOVERY_CANDIDATE","P4_RECOVERY_LATER","False","1","2220098919|66","0","","temporally-aligned-skymods-revision-without-git-candidate","False","False"
"Community-Flavor-Pack","CFP","2220098919","2220098919|54","54","False","22 Jun, 2021 at 08:03 UTC","2021-06-22 08:03","https://modsbase.com/nf48fa1ucca2/2220098919_Community_Flavor_Pack.zip.html","RECOVERY_CANDIDATE","P4_RECOVERY_LATER","False","1","2220098919|67","0","","temporally-aligned-skymods-revision-without-git-candidate","False","False"
"Community-Flavor-Pack","CFP","2220098919","2220098919|55","55","False","8 Jun, 2021 at 13:25 UTC","2021-06-08 13:25","https://modsbase.com/1gh8fomtpmvh/2220098919_Community_Flavor_Pack.zip.html","RECOVERY_CANDIDATE","P4_RECOVERY_LATER","False","1","2220098919|70","0","","temporally-aligned-skymods-revision-without-git-candidate","False","False"
"Community-Flavor-Pack","CFP","2220098919","2220098919|56","56","False","28 Apr, 2021 at 17:17 UTC","2021-04-28 17:17","https://modsbase.com/3c7yv86ocl95/2220098919_Community_Flavor_Pack.zip.html","RECOVERY_CANDIDATE","P4_RECOVERY_LATER","False","1","2220098919|71","0","","temporally-aligned-skymods-revision-without-git-candidate","False","False"
"Community-Flavor-Pack","CFP","2220098919","2220098919|57","57","False","24 Apr, 2021 at 16:15 UTC","2021-04-24 16:15","https://modsbase.com/zdx2a4qn39p6/2220098919_Community_Flavor_Pack.zip.html","RECOVERY_CANDIDATE","P4_RECOVERY_LATER","False","1","2220098919|72","0","","temporally-aligned-skymods-revision-without-git-candidate","False","False"
"Community-Flavor-Pack","CFP","2220098919","2220098919|58","58","False","21 Apr, 2021 at 17:14 UTC","2021-04-21 17:14","https://modsbase.com/1lzl6k599mif/2220098919_Community_Flavor_Pack.zip.html","RECOVERY_CANDIDATE","P4_RECOVERY_LATER","False","1","2220098919|73","0","","temporally-aligned-skymods-revision-without-git-candidate","False","False"
"Community-Flavor-Pack","CFP","2220098919","2220098919|59","59","False","4 Apr, 2021 at 17:38 UTC","2021-04-04 17:38","https://modsbase.com/le3w0alqz838/2220098919_Community_Flavor_Pack.zip.html","RECOVERY_CANDIDATE","P4_RECOVERY_LATER","False","1","2220098919|75","0","","temporally-aligned-skymods-revision-without-git-candidate","False","False"
"Community-Flavor-Pack","CFP","2220098919","2220098919|60","60","False","28 Mar, 2021 at 22:43 UTC","2021-03-28 22:43","https://modsbase.com/v9zcqv1v8z38/2220098919_Community_Flavor_Pack.zip.html","RECOVERY_CANDIDATE","P4_RECOVERY_LATER","False","1","2220098919|76","0","","temporally-aligned-skymods-revision-without-git-candidate","False","False"
"Community-Flavor-Pack","CFP","2220098919","2220098919|61","61","False","23 Mar, 2021 at 12:18 UTC","2021-03-23 12:18","https://modsbase.com/f92te04lbea4/2220098919_Community_Flavor_Pack.zip.html","RECOVERY_CANDIDATE","P4_RECOVERY_LATER","False","1","2220098919|77","0","","temporally-aligned-skymods-revision-without-git-candidate","False","False"
"Community-Flavor-Pack","CFP","2220098919","2220098919|62","62","False","20 Mar, 2021 at 16:39 UTC","2021-03-20 16:39","https://modsbase.com/w97za2luw8f3/2220098919_Community_Flavor_Pack.zip.html","RECOVERY_CANDIDATE","P4_RECOVERY_LATER","False","1","2220098919|78","0","","temporally-aligned-skymods-revision-without-git-candidate","False","False"
"Community-Flavor-Pack","CFP","2220098919","2220098919|63","63","False","16 Mar, 2021 at 23:23 UTC","2021-03-16 23:23","https://modsbase.com/zqijhj5whmxs/2220098919_Community_Flavor_Pack.zip.html","RECOVERY_CANDIDATE","P4_RECOVERY_LATER","False","1","2220098919|79","0","","temporally-aligned-skymods-revision-without-git-candidate","False","False"
"Community-Flavor-Pack","CFP","2220098919","2220098919|64","64","False","27 Feb, 2021 at 18:04 UTC","2021-02-27 18:04","https://modsbase.com/bw7zwvvxrb09/2220098919_Community_Flavor_Pack.zip.html","RECOVERY_CANDIDATE","P4_RECOVERY_LATER","False","1","2220098919|81","0","","temporally-aligned-skymods-revision-without-git-candidate","False","False"
"Community-Flavor-Pack","CFP","2220098919","2220098919|65","65","False","23 Feb, 2021 at 13:16 UTC","2021-02-23 13:16","https://modsbase.com/hglk4ymk86hz/2220098919_Community_Flavor_Pack.zip.html","RECOVERY_CANDIDATE","P4_RECOVERY_LATER","False","1","2220098919|82","0","","temporally-aligned-skymods-revision-without-git-candidate","False","False"
"Community-Flavor-Pack","CFP","2220098919","2220098919|66","66","False","4 Feb, 2021 at 15:20 UTC","2021-02-04 15:20","https://modsbase.com/186bv1doc897/2220098919_Community_Flavor_Pack.zip.html","TEMPORAL_AMBIGUITY","P5_REVIEW_LATER","False","2","2220098919|83|2220098919|84","0","","dominant-time-match-is-not-bidirectionally-unique","False","False"
"Community-Flavor-Pack","CFP","2220098919","2220098919|67","67","False","30 Jan, 2021 at 14:07 UTC","2021-01-30 14:07","https://modsbase.com/bvioly1s845m/2220098919_Community_Flavor_Pack.zip.html","RECOVERY_CANDIDATE","P4_RECOVERY_LATER","False","1","2220098919|85","0","","temporally-aligned-skymods-revision-without-git-candidate","False","False"
"Community-Flavor-Pack","CFP","2220098919","2220098919|68","68","False","21 Jan, 2021 at 13:45 UTC","2021-01-21 13:45","https://modsbase.com/2eml0u4bwkas/2220098919_Community_Flavor_Pack.zip.html","RECOVERY_CANDIDATE","P4_RECOVERY_LATER","False","1","2220098919|87","0","","temporally-aligned-skymods-revision-without-git-candidate","False","False"
"Community-Flavor-Pack","CFP","2220098919","2220098919|69","69","False","15 Jan, 2021 at 17:07 UTC","2021-01-15 17:07","https://modsbase.com/m8iq2vv0re59/2220098919_Community_Flavor_Pack.zip.html","RECOVERY_CANDIDATE","P4_RECOVERY_LATER","False","1","2220098919|89","0","","temporally-aligned-skymods-revision-without-git-candidate","False","False"
"Community-Flavor-Pack","CFP","2220098919","2220098919|70","70","False","3 Jan, 2021 at 15:43 UTC","2021-01-03 15:43","https://modsbase.com/zgtf2cakt6vx/2220098919_Community_Flavor_Pack.zip.html","RECOVERY_CANDIDATE","P4_RECOVERY_LATER","False","1","2220098919|90","0","","temporally-aligned-skymods-revision-without-git-candidate","False","False"
"Community-Flavor-Pack","CFP","2220098919","2220098919|71","71","False","31 Dec, 2020 at 14:56 UTC","2020-12-31 14:56","https://modsbase.com/ox5ldmyjdp7f/2220098919_Community_Flavor_Pack.zip.html","RECOVERY_CANDIDATE","P4_RECOVERY_LATER","False","1","2220098919|91","0","","temporally-aligned-skymods-revision-without-git-candidate","False","False"
"Community-Flavor-Pack","CFP","2220098919","2220098919|72","72","False","18 Dec, 2020 at 09:55 UTC","2020-12-18 09:55","https://modsbase.com/py22f7g1auxf/2220098919_Community_Flavor_Pack.zip.html","RECOVERY_CANDIDATE","P4_RECOVERY_LATER","False","1","2220098919|92","0","","temporally-aligned-skymods-revision-without-git-candidate","False","False"
"Community-Flavor-Pack","CFP","2220098919","2220098919|73","73","False","7 Dec, 2020 at 16:56 UTC","2020-12-07 16:56","https://modsbase.com/pt893yhgsok5/2220098919_Community_Flavor_Pack.zip.html","RECOVERY_CANDIDATE","P4_RECOVERY_LATER","False","1","2220098919|95","0","","temporally-aligned-skymods-revision-without-git-candidate","False","False"
"Community-Flavor-Pack","CFP","2220098919","2220098919|74","74","False","25 Nov, 2020 at 18:43 UTC","2020-11-25 18:43","https://modsbase.com/c24qme3ido18/2220098919_Community_Flavor_Pack.zip.html","RECOVERY_CANDIDATE","P4_RECOVERY_LATER","False","1","2220098919|98","0","","temporally-aligned-skymods-revision-without-git-candidate","False","False"
"Community-Flavor-Pack","CFP","2220098919","2220098919|75","75","False","24 Nov, 2020 at 13:21 UTC","2020-11-24 13:21","https://modsbase.com/awuejcpdmao6/2220098919_Community_Flavor_Pack.zip.html","RECOVERY_CANDIDATE","P4_RECOVERY_LATER","False","1","2220098919|99","0","","temporally-aligned-skymods-revision-without-git-candidate","False","False"
"Community-Flavor-Pack","CFP","2220098919","2220098919|76","76","False","16 Nov, 2020 at 12:29 UTC","2020-11-16 12:29","https://modsbase.com/5giryhuxr5qm/2220098919_Community_Flavor_Pack.zip.html","RECOVERY_CANDIDATE","P4_RECOVERY_LATER","False","1","2220098919|101","0","","temporally-aligned-skymods-revision-without-git-candidate","False","False"
"Community-Flavor-Pack","CFP","2220098919","2220098919|77","77","False","12 Nov, 2020 at 14:56 UTC","2020-11-12 14:56","https://modsbase.com/f9gsma9gjhxx/2220098919_Community_Flavor_Pack.zip.html","RECOVERY_CANDIDATE","P4_RECOVERY_LATER","False","1","2220098919|102","0","","temporally-aligned-skymods-revision-without-git-candidate","False","False"
"Community-Flavor-Pack","CFP","2220098919","2220098919|78","78","False","29 Oct, 2020 at 19:11 UTC","2020-10-29 19:11","https://modsbase.com/69p95c46cpxq/2220098919_Community_Flavor_Pack.zip.html","RECOVERY_CANDIDATE","P4_RECOVERY_LATER","False","1","2220098919|105","0","","temporally-aligned-skymods-revision-without-git-candidate","False","False"
"Community-Flavor-Pack","CFP","2220098919","2220098919|79","79","False","17 Oct, 2020 at 13:01 UTC","2020-10-17 13:01","https://modsbase.com/u3mejei23zcy/2220098919_Community_Flavor_Pack.zip.html","RECOVERY_CANDIDATE","P4_RECOVERY_LATER","False","1","2220098919|107","0","","temporally-aligned-skymods-revision-without-git-candidate","False","False"
"Community-Flavor-Pack","CFP","2220098919","2220098919|80","80","False","14 Oct, 2020 at 14:30 UTC","2020-10-14 14:30","https://modsbase.com/s7i4kpehsso0/2220098919_Community_Flavor_Pack.zip.html","RECOVERY_CANDIDATE","P4_RECOVERY_LATER","False","1","2220098919|108","0","","temporally-aligned-skymods-revision-without-git-candidate","False","False"
"Community-Flavor-Pack","CFP","2220098919","2220098919|81","81","False","10 Oct, 2020 at 10:37 UTC","2020-10-10 10:37","https://modsbase.com/3rehmthpp0xt/2220098919_Community_Flavor_Pack.zip.html","RECOVERY_CANDIDATE","P4_RECOVERY_LATER","False","1","2220098919|109","0","","temporally-aligned-skymods-revision-without-git-candidate","False","False"
"Community-Flavor-Pack","CFP","2220098919","2220098919|82","82","False","4 Oct, 2020 at 14:03 UTC","2020-10-04 14:03","https://modsbase.com/src01may2fxs/2220098919_Community_Flavor_Pack.zip.html","RECOVERY_CANDIDATE","P4_RECOVERY_LATER","False","1","2220098919|112","0","","temporally-aligned-skymods-revision-without-git-candidate","False","False"
"Community-Flavor-Pack","CFP","2220098919","2220098919|83","83","False","1 Oct, 2020 at 23:15 UTC","2020-10-01 23:15","https://modsbase.com/ahn5w0p6jcuf/2220098919_Community_Flavor_Pack.zip.html","RECOVERY_CANDIDATE","P4_RECOVERY_LATER","False","1","2220098919|113","0","","temporally-aligned-skymods-revision-without-git-candidate","False","False"
"Community-Flavor-Pack","CFP","2220098919","2220098919|84","84","False","29 Sep, 2020 at 18:46 UTC","2020-09-29 18:46","https://modsbase.com/f8boi7e8aa3x/2220098919_Community_Flavor_Pack.zip.html","RECOVERY_CANDIDATE","P4_RECOVERY_LATER","False","1","2220098919|115","0","","temporally-aligned-skymods-revision-without-git-candidate","False","False"
"Community-Flavor-Pack","CFP","2220098919","2220098919|85","85","False","27 Sep, 2020 at 19:11 UTC","2020-09-27 19:11","https://modsbase.com/7c0rnp5xjjfl/2220098919_Community_Flavor_Pack.zip.html","RECOVERY_CANDIDATE","P4_RECOVERY_LATER","False","1","2220098919|117","0","","temporally-aligned-skymods-revision-without-git-candidate","False","False"
"Community-Flavor-Pack","CFP","2220098919","2220098919|86","86","False","21 Sep, 2020 at 20:09 UTC","2020-09-21 20:09","https://modsbase.com/w99oyihxar5c/2220098919_Community_Flavor_Pack.zip.html","RECOVERY_CANDIDATE","P4_RECOVERY_LATER","False","1","2220098919|118","0","","temporally-aligned-skymods-revision-without-git-candidate","False","False"
"Community-Flavor-Pack","CFP","2220098919","2220098919|87","87","False","17 Sep, 2020 at 09:44 UTC","2020-09-17 09:44","https://modsbase.com/qqiohodow9im/2220098919_Community_Flavor_Pack.zip.html","RECOVERY_CANDIDATE","P4_RECOVERY_LATER","False","1","2220098919|119","0","","temporally-aligned-skymods-revision-without-git-candidate","False","False"
"Community-Flavor-Pack","CFP","2220098919","2220098919|88","88","False","14 Sep, 2020 at 07:39 UTC","2020-09-14 07:39","https://modsbase.com/lhc7zhwggi58/2220098919_Community_Flavor_Pack.zip.html","RECOVERY_CANDIDATE","P4_RECOVERY_LATER","False","1","2220098919|120","0","","temporally-aligned-skymods-revision-without-git-candidate","False","False"
"Community-Flavor-Pack","CFP","2220098919","2220098919|89","89","False","13 Sep, 2020 at 15:26 UTC","2020-09-13 15:26","https://modsbase.com/xq77r5sqrcta/2220098919_Community_Flavor_Pack.zip.html","RECOVERY_CANDIDATE","P4_RECOVERY_LATER","False","1","2220098919|121","0","","temporally-aligned-skymods-revision-without-git-candidate","False","False"
"Community-Flavor-Pack","CFP","2220098919","2220098919|90","90","False","10 Sep, 2020 at 16:37 UTC","2020-09-10 16:37","https://modsbase.com/ora4mtxe9pmb/2220098919_Community_Flavor_Pack.zip.html","RECOVERY_CANDIDATE","P4_RECOVERY_LATER","False","1","2220098919|123","0","","temporally-aligned-skymods-revision-without-git-candidate","False","False"
"Community-Flavor-Pack","CFP","2220098919","2220098919|91","91","False","8 Sep, 2020 at 19:39 UTC","2020-09-08 19:39","https://modsbase.com/167bzaeiiz93/2220098919_Community_Flavor_Pack.zip.html","RECOVERY_CANDIDATE","P4_RECOVERY_LATER","False","1","2220098919|125","0","","temporally-aligned-skymods-revision-without-git-candidate","False","False"
"Community-Flavor-Pack","CFP","2220098919","2220098919|92","92","False","6 Sep, 2020 at 10:41 UTC","2020-09-06 10:41","https://modsbase.com/1wxb0bgfyzzk/2220098919_Community_Flavor_Pack.zip.html","RECOVERY_CANDIDATE","P4_RECOVERY_LATER","False","1","2220098919|127","0","","temporally-aligned-skymods-revision-without-git-candidate","False","False"
"Culture-and-Faith-Granularity","CFG","3206891770","3206891770|1","1","True","20 Apr at 22:37 UTC","2026-04-20 22:37","https://modsbase.com/1ulz7ynz723x/3206891770__Kei__Culture_and_Faith_Granularity.zip.html","RECOVERY_CANDIDATE","P4_RECOVERY_LATER","False","1","3206891770|1","0","","temporally-aligned-skymods-revision-without-git-candidate","False","False"
"Culture-and-Faith-Granularity","CFG","3206891770","3206891770|3","3","False","10 Sep, 2025 at 10:09 UTC","2025-09-10 10:09","https://modsbase.com/0rtsjyigzers/3206891770__Kei__Culture_and_Faith_Granularity.zip.html","RECOVERY_CANDIDATE","P4_RECOVERY_LATER","False","1","3206891770|4","0","","temporally-aligned-skymods-revision-without-git-candidate","False","False"
"Culture-and-Faith-Granularity","CFG","3206891770","3206891770|4","4","False","4 Aug, 2025 at 16:28 UTC","2025-08-04 16:28","https://modsbase.com/44o53gp4e14h/3206891770__Kei__Culture_and_Faith_Granularity_-_2.2.2___40_CK_1.16.___41_.zip.html","RECOVERY_CANDIDATE","P4_RECOVERY_LATER","False","1","3206891770|5","0","","temporally-aligned-skymods-revision-without-git-candidate","False","False"
"Culture-and-Faith-Granularity","CFG","3206891770","3206891770|5","5","False","16 May, 2025 at 00:57 UTC","2025-05-16 00:57","https://modsbase.com/mhitk23ev0l4/3206891770__Kei__Culture_and_Faith_Granularity_-_2.2.1___40_CK_1.16.___41_.zip.html","RECOVERY_CANDIDATE","P4_RECOVERY_LATER","False","1","3206891770|6","0","","temporally-aligned-skymods-revision-without-git-candidate","False","False"
"Culture-and-Faith-Granularity","CFG","3206891770","3206891770|6","6","False","8 May, 2025 at 21:19 UTC","2025-05-08 21:19","https://modsbase.com/t5wj1ni4obji/3206891770__Kei__Culture_and_Faith_Granularity_-_2.2.0___40_CK_1.16.___41_.zip.html","RECOVERY_CANDIDATE","P4_RECOVERY_LATER","False","1","3206891770|7","0","","temporally-aligned-skymods-revision-without-git-candidate","False","False"
"Culture-and-Faith-Granularity","CFG","3206891770","3206891770|7","7","False","22 Mar, 2025 at 10:13 UTC","2025-03-22 10:13","https://modsbase.com/n3gkmq6m75cy/3206891770__Kei__Culture_and_Faith_Granularity_-_2.1.1___40_CK_1.15.___41_.zip.html","RECOVERY_CANDIDATE","P4_RECOVERY_LATER","False","1","3206891770|8","0","","temporally-aligned-skymods-revision-without-git-candidate","False","False"
"Culture-and-Faith-Granularity","CFG","3206891770","3206891770|8","8","False","3 Dec, 2024 at 14:27 UTC","2024-12-03 14:27","https://modsbase.com/9xyl7l9427fi/3206891770__Kei__Culture_and_Faith_Granularity_-_2.1.0___40_CK_1.14.___41_.zip.html","RECOVERY_CANDIDATE","P4_RECOVERY_LATER","False","1","3206891770|9","0","","temporally-aligned-skymods-revision-without-git-candidate","False","False"
"Culture-and-Faith-Granularity","CFG","3206891770","3206891770|9","9","False","11 Nov, 2024 at 12:43 UTC","2024-11-11 12:43","https://modsbase.com/dku5jlryin6r/3206891770__Kei__Culture_and_Faith_Granularity_-_2.0.2___40_CK_1.14.___41_.zip.html","RECOVERY_CANDIDATE","P4_RECOVERY_LATER","False","1","3206891770|10","0","","temporally-aligned-skymods-revision-without-git-candidate","False","False"
"Culture-and-Faith-Granularity","CFG","3206891770","3206891770|10","10","False","6 Nov, 2024 at 00:18 UTC","2024-11-06 00:18","https://modsbase.com/52evtyt2ohyr/3206891770__Kei__Culture_and_Faith_Granularity_-_2.0.1___40_CK_1.14.___41_.zip.html","RECOVERY_CANDIDATE","P4_RECOVERY_LATER","False","1","3206891770|11","0","","temporally-aligned-skymods-revision-without-git-candidate","False","False"
"Culture-and-Faith-Granularity","CFG","3206891770","3206891770|12","12","False","2 Oct, 2024 at 10:10 UTC","2024-10-02 10:10","https://modsbase.com/7h0m7pfmsb31/3206891770__Kei__Culture_and_Faith_Granularity_-_1.3.1___40_CK_1.13.___41_.zip.html","RECOVERY_CANDIDATE","P4_RECOVERY_LATER","False","1","3206891770|14","0","","temporally-aligned-skymods-revision-without-git-candidate","False","False"
"Culture-and-Faith-Granularity","CFG","3206891770","3206891770|13","13","False","26 Sep, 2024 at 09:55 UTC","2024-09-26 09:55","https://modsbase.com/0io8kkj86y0l/3206891770__Kei__Culture_and_Faith_Granularity_-_1.3.0___40_CK_1.13.___41_.zip.html","RECOVERY_CANDIDATE","P4_RECOVERY_LATER","False","1","3206891770|15","0","","temporally-aligned-skymods-revision-without-git-candidate","False","False"
"Culture-and-Faith-Granularity","CFG","3206891770","3206891770|14","14","False","23 Sep, 2024 at 16:53 UTC","2024-09-23 16:53","https://modsbase.com/ocwtlenevwvq/3206891770__Kei__Culture_and_Faith_Granularity_-_1.2.4___40_CK_1.12.___41_.zip.html","RECOVERY_CANDIDATE","P4_RECOVERY_LATER","False","1","3206891770|16","0","","temporally-aligned-skymods-revision-without-git-candidate","False","False"
"Culture-and-Faith-Granularity","CFG","3206891770","3206891770|15","15","False","20 May, 2024 at 12:17 UTC","2024-05-20 12:17","https://modsbase.com/3dd2sjtxhlkg/3206891770__Kei__Culture_and_Faith_Granularity_-_1.2.4___40_CK_1.12.___41_.zip.html","RECOVERY_CANDIDATE","P4_RECOVERY_LATER","False","1","3206891770|17","0","","temporally-aligned-skymods-revision-without-git-candidate","False","False"
"Culture-and-Faith-Granularity","CFG","3206891770","3206891770|16","16","False","8 May, 2024 at 08:57 UTC","2024-05-08 08:57","https://modsbase.com/c9160d7wcvme/3206891770__Kei__Culture_and_Faith_Granularity_-_1.2.3___40_CK_1.12.___41_.zip.html","RECOVERY_CANDIDATE","P4_RECOVERY_LATER","False","1","3206891770|18","0","","temporally-aligned-skymods-revision-without-git-candidate","False","False"
"Culture-and-Faith-Granularity","CFG","3206891770","3206891770|17","17","False","11 Apr, 2024 at 19:56 UTC","2024-04-11 19:56","https://modsbase.com/4kc5e0357fgy/3206891770__Kei__Culture_and_Faith_Granularity_-_1.1.0___40_CK_1.12.___41_.zip.html","RECOVERY_CANDIDATE","P4_RECOVERY_LATER","False","1","3206891770|22","0","","temporally-aligned-skymods-revision-without-git-candidate","False","False"
"Culture-and-Faith-Granularity","CFG","3206891770","3206891770|18","18","False","4 Apr, 2024 at 14:45 UTC","2024-04-04 14:45","https://modsbase.com/vfpafml9hqvb/3206891770__Kei__Culture_and_Faith_Granularity_-_1.0.3___40_CK_1.12.___41_.zip.html","RECOVERY_CANDIDATE","P4_RECOVERY_LATER","False","1","3206891770|23","0","","temporally-aligned-skymods-revision-without-git-candidate","False","False"
"Culture-and-Faith-Granularity","CFG","3206891770","3206891770|19","19","False","30 Mar, 2024 at 20:58 UTC","2024-03-30 20:58","https://modsbase.com/5pu58fpwhuee/3206891770__Kei__Culture_and_Faith_Granularity_-_1.0.2___40_CK_1.12.___41_.zip.html","RECOVERY_CANDIDATE","P4_RECOVERY_LATER","False","1","3206891770|24","0","","temporally-aligned-skymods-revision-without-git-candidate","False","False"
"Culture-Expanded","CE","2829397295","2829397295|6","6","False","16 Dec, 2025 at 06:32 UTC","2025-12-16 06:32","https://modsbase.com/1sv861c3hlld/2829397295_Culture_Expanded.zip.html","RECOVERY_CANDIDATE","P4_RECOVERY_LATER","False","1","2829397295|8","0","","temporally-aligned-skymods-revision-without-git-candidate","False","False"
"Culture-Expanded","CE","2829397295","2829397295|7","7","False","9 Jun, 2025 at 05:41 UTC","2025-06-09 05:41","https://modsbase.com/uh0tnqn0ikr3/2829397295_Culture_Expanded.zip.html","RECOVERY_CANDIDATE","P4_RECOVERY_LATER","False","1","2829397295|10","0","","temporally-aligned-skymods-revision-without-git-candidate","False","False"
"Culture-Expanded","CE","2829397295","2829397295|8","8","False","5 Jun, 2025 at 03:09 UTC","2025-06-05 03:09","https://modsbase.com/pl9tbqa8d3y5/2829397295_Culture_Expanded.zip.html","RECOVERY_CANDIDATE","P4_RECOVERY_LATER","False","1","2829397295|11","0","","temporally-aligned-skymods-revision-without-git-candidate","False","False"
"Culture-Expanded","CE","2829397295","2829397295|9","9","False","1 Jun, 2025 at 22:59 UTC","2025-06-01 22:59","https://modsbase.com/64uxxkx0dehc/2829397295_Culture_Expanded.zip.html","RECOVERY_CANDIDATE","P4_RECOVERY_LATER","False","1","2829397295|12","0","","temporally-aligned-skymods-revision-without-git-candidate","False","False"
"Culture-Expanded","CE","2829397295","2829397295|10","10","False","24 May, 2025 at 00:32 UTC","2025-05-24 00:32","https://modsbase.com/0rujp3r9i41h/2829397295_Culture_Expanded.zip.html","RECOVERY_CANDIDATE","P4_RECOVERY_LATER","False","1","2829397295|13","0","","temporally-aligned-skymods-revision-without-git-candidate","False","False"
"Culture-Expanded","CE","2829397295","2829397295|11","11","False","18 May, 2025 at 18:55 UTC","2025-05-18 18:55","https://modsbase.com/44kigdi7byfb/2829397295_Culture_Expanded.zip.html","RECOVERY_CANDIDATE","P4_RECOVERY_LATER","False","1","2829397295|14","0","","temporally-aligned-skymods-revision-without-git-candidate","False","False"
"Culture-Expanded","CE","2829397295","2829397295|12","12","False","13 Apr, 2025 at 16:18 UTC","2025-04-13 16:18","https://modsbase.com/n3eg7ls75taf/2829397295_Culture_Expanded.zip.html","RECOVERY_CANDIDATE","P4_RECOVERY_LATER","False","1","2829397295|15","0","","temporally-aligned-skymods-revision-without-git-candidate","False","False"
"Culture-Expanded","CE","2829397295","2829397295|13","13","False","15 Mar, 2025 at 20:12 UTC","2025-03-15 20:12","https://modsbase.com/l8bq76r3yo5n/2829397295_Culture_Expanded.zip.html","RECOVERY_CANDIDATE","P4_RECOVERY_LATER","False","1","2829397295|16","0","","temporally-aligned-skymods-revision-without-git-candidate","False","False"
"Culture-Expanded","CE","2829397295","2829397295|14","14","False","27 Feb, 2025 at 02:39 UTC","2025-02-27 02:39","https://modsbase.com/6kzqlvculo45/2829397295_Culture_Expanded.zip.html","RECOVERY_CANDIDATE","P4_RECOVERY_LATER","False","1","2829397295|17","0","","temporally-aligned-skymods-revision-without-git-candidate","False","False"
"Culture-Expanded","CE","2829397295","2829397295|15","15","False","19 Feb, 2025 at 19:47 UTC","2025-02-19 19:47","https://modsbase.com/tbihz3jlgtc6/2829397295_Culture_Expanded.zip.html","RECOVERY_CANDIDATE","P4_RECOVERY_LATER","False","1","2829397295|18","0","","temporally-aligned-skymods-revision-without-git-candidate","False","False"
"Culture-Expanded","CE","2829397295","2829397295|16","16","False","16 Feb, 2025 at 05:54 UTC","2025-02-16 05:54","https://modsbase.com/joezaytv94py/2829397295_Culture_Expanded.zip.html","RECOVERY_CANDIDATE","P4_RECOVERY_LATER","False","1","2829397295|19","0","","temporally-aligned-skymods-revision-without-git-candidate","False","False"
"Culture-Expanded","CE","2829397295","2829397295|17","17","False","9 May, 2024 at 03:14 UTC","2024-05-09 03:14","https://modsbase.com/mqyribnqsg4j/2829397295_Culture_Expanded.zip.html","RECOVERY_CANDIDATE","P4_RECOVERY_LATER","False","1","2829397295|20","0","","temporally-aligned-skymods-revision-without-git-candidate","False","False"
"Culture-Expanded","CE","2829397295","2829397295|18","18","False","13 Apr, 2024 at 04:20 UTC","2024-04-13 04:20","https://modsbase.com/9jsi28p1oxim/2829397295_Culture_Expanded.zip.html","RECOVERY_CANDIDATE","P4_RECOVERY_LATER","False","1","2829397295|21","0","","temporally-aligned-skymods-revision-without-git-candidate","False","False"
"Culture-Expanded","CE","2829397295","2829397295|19","19","False","23 Mar, 2024 at 04:03 UTC","2024-03-23 04:03","https://modsbase.com/nqrov9zqtjr5/2829397295_Culture_Expanded.zip.html","RECOVERY_CANDIDATE","P4_RECOVERY_LATER","False","1","2829397295|22","0","","temporally-aligned-skymods-revision-without-git-candidate","False","False"
"Culture-Expanded","CE","2829397295","2829397295|20","20","False","11 Mar, 2024 at 03:00 UTC","2024-03-11 03:00","https://modsbase.com/vjp557ox5a2h/2829397295_Culture_Expanded.zip.html","RECOVERY_CANDIDATE","P4_RECOVERY_LATER","False","1","2829397295|23","0","","temporally-aligned-skymods-revision-without-git-candidate","False","False"
"Culture-Expanded","CE","2829397295","2829397295|21","21","False","19 Dec, 2023 at 21:57 UTC","2023-12-19 21:57","https://modsbase.com/k5r7wz23rvef/2829397295_Culture_Expanded.zip.html","RECOVERY_CANDIDATE","P4_RECOVERY_LATER","False","1","2829397295|25","0","","temporally-aligned-skymods-revision-without-git-candidate","False","False"
"Culture-Expanded","CE","2829397295","2829397295|22","22","False","3 Dec, 2023 at 01:54 UTC","2023-12-03 01:54","https://modsbase.com/r92qki0mets0/2829397295_Culture_Expanded_-_Peacock.zip.html","RECOVERY_CANDIDATE","P4_RECOVERY_LATER","False","1","2829397295|26","0","","temporally-aligned-skymods-revision-without-git-candidate","False","False"
"Culture-Expanded","CE","2829397295","2829397295|23","23","False","21 Nov, 2023 at 03:19 UTC","2023-11-21 03:19","https://modsbase.com/jx8lluad0yt2/2829397295_Culture_Expanded_-_Peacock.zip.html","RECOVERY_CANDIDATE","P4_RECOVERY_LATER","False","1","2829397295|27","0","","temporally-aligned-skymods-revision-without-git-candidate","False","False"
"Culture-Expanded","CE","2829397295","2829397295|24","24","False","19 Nov, 2023 at 19:08 UTC","2023-11-19 19:08","https://modsbase.com/y9b3ra73to2x/2829397295_Culture_Expanded_-_Peacock.zip.html","RECOVERY_CANDIDATE","P4_RECOVERY_LATER","False","1","2829397295|28","0","","temporally-aligned-skymods-revision-without-git-candidate","False","False"
"Culture-Expanded","CE","2829397295","2829397295|25","25","False","2 Oct, 2023 at 00:34 UTC","2023-10-02 00:34","https://modsbase.com/87oggjr8ckg3/2829397295_Culture_Expanded_-_Quill.zip.html","RECOVERY_CANDIDATE","P4_RECOVERY_LATER","False","1","2829397295|29","0","","temporally-aligned-skymods-revision-without-git-candidate","False","False"
"Culture-Expanded","CE","2829397295","2829397295|26","26","False","25 Sep, 2023 at 03:34 UTC","2023-09-25 03:34","https://modsbase.com/3rrogk15ywkf/2829397295_Culture_Expanded_-_Quill.zip.html","RECOVERY_CANDIDATE","P4_RECOVERY_LATER","False","1","2829397295|30","0","","temporally-aligned-skymods-revision-without-git-candidate","False","False"
"Culture-Expanded","CE","2829397295","2829397295|27","27","False","25 Jun, 2023 at 19:04 UTC","2023-06-25 19:04","https://modsbase.com/4kabgj7gpcud/2829397295_Culture_Expanded.zip.html","RECOVERY_CANDIDATE","P4_RECOVERY_LATER","False","1","2829397295|32","0","","temporally-aligned-skymods-revision-without-git-candidate","False","False"
"Culture-Expanded","CE","2829397295","2829397295|28","28","False","18 Jun, 2023 at 17:24 UTC","2023-06-18 17:24","https://modsbase.com/gy26diqtu6un/2829397295_Culture_Expanded_-_1.9.2_Lance.zip.html","RECOVERY_CANDIDATE","P4_RECOVERY_LATER","False","1","2829397295|33","0","","temporally-aligned-skymods-revision-without-git-candidate","False","False"
"Culture-Expanded","CE","2829397295","2829397295|29","29","False","7 Apr, 2023 at 17:22 UTC","2023-04-07 17:22","https://modsbase.com/4ufx3ylhox84/2829397295_Culture_Expanded.zip.html","RECOVERY_CANDIDATE","P4_RECOVERY_LATER","False","1","2829397295|34","0","","temporally-aligned-skymods-revision-without-git-candidate","False","False"
"Culture-Expanded","CE","2829397295","2829397295|30","30","False","22 Jan, 2023 at 02:26 UTC","2023-01-22 02:26","https://modsbase.com/d0d0c5bdjpus/2829397295_Culture_Expanded.zip.html","RECOVERY_CANDIDATE","P4_RECOVERY_LATER","False","1","2829397295|35","0","","temporally-aligned-skymods-revision-without-git-candidate","False","False"
"Culture-Expanded","CE","2829397295","2829397295|31","31","False","16 Dec, 2022 at 04:00 UTC","2022-12-16 04:00","https://modsbase.com/4swtj9gmc9x1/2829397295_Culture_Expanded.zip.html","RECOVERY_CANDIDATE","P4_RECOVERY_LATER","False","1","2829397295|36","0","","temporally-aligned-skymods-revision-without-git-candidate","False","False"
"Culture-Expanded","CE","2829397295","2829397295|32","32","False","3 Dec, 2022 at 01:38 UTC","2022-12-03 01:38","https://modsbase.com/qgp1ijuk8ye7/2829397295_Culture_Expanded.zip.html","RECOVERY_CANDIDATE","P4_RECOVERY_LATER","False","1","2829397295|37","0","","temporally-aligned-skymods-revision-without-git-candidate","False","False"
"Culture-Expanded","CE","2829397295","2829397295|33","33","False","1 Oct, 2022 at 04:44 UTC","2022-10-01 04:44","https://modsbase.com/z50lcsfnaoc0/2829397295_Culture_Expanded.zip.html","TEMPORAL_AMBIGUITY","P5_REVIEW_LATER","False","1","2829397295|38","0","","dominant-time-match-is-not-bidirectionally-unique","False","False"
"Culture-Expanded","CE","2829397295","2829397295|34","34","False","1 Oct, 2022 at 03:44 UTC","2022-10-01 03:44","https://modsbase.com/3z82elitlvh1/2829397295_Culture_Expanded.zip.html","TEMPORAL_AMBIGUITY","P5_REVIEW_LATER","False","1","2829397295|38","0","","dominant-time-match-is-not-bidirectionally-unique","False","False"
"Culture-Expanded","CE","2829397295","2829397295|35","35","False","16 Sep, 2022 at 00:01 UTC","2022-09-16 00:01","https://modsbase.com/daqe5ndsww46/2829397295_Culture_Expanded.zip.html","RECOVERY_CANDIDATE","P4_RECOVERY_LATER","False","1","2829397295|39","0","","temporally-aligned-skymods-revision-without-git-candidate","False","False"
"Culture-Expanded","CE","2829397295","2829397295|36","36","False","11 Sep, 2022 at 17:08 UTC","2022-09-11 17:08","https://modsbase.com/d5bmcitz9hyp/2829397295_Culture_Expanded.zip.html","RECOVERY_CANDIDATE","P4_RECOVERY_LATER","False","1","2829397295|40","0","","temporally-aligned-skymods-revision-without-git-candidate","False","False"
"Culture-Expanded","CE","2829397295","2829397295|37","37","False","9 Sep, 2022 at 04:56 UTC","2022-09-09 04:56","https://modsbase.com/77ct7qbo90y8/2829397295_Culture_Expanded.zip.html","RECOVERY_CANDIDATE","P4_RECOVERY_LATER","False","1","2829397295|41","0","","temporally-aligned-skymods-revision-without-git-candidate","False","False"
"Culture-Expanded","CE","2829397295","2829397295|38","38","False","21 Jul, 2022 at 07:31 UTC","2022-07-21 07:31","https://modsbase.com/4s35plan6d6t/2829397295_Culture_Expanded.zip.html","RECOVERY_CANDIDATE","P4_RECOVERY_LATER","False","1","2829397295|42","0","","temporally-aligned-skymods-revision-without-git-candidate","False","False"
"Culture-Expanded","CE","2829397295","2829397295|39","39","False","12 Jul, 2022 at 07:26 UTC","2022-07-12 07:26","https://modsbase.com/lwm7puow0x9e/2829397295_Culture_Expanded.zip.html","RECOVERY_CANDIDATE","P4_RECOVERY_LATER","False","1","2829397295|43","0","","temporally-aligned-skymods-revision-without-git-candidate","False","False"
"Culture-Expanded","CE","2829397295","2829397295|40","40","False","9 Jul, 2022 at 02:16 UTC","2022-07-09 02:16","https://modsbase.com/xwtnimonvjls/2829397295_Culture_Expanded.zip.html","RECOVERY_CANDIDATE","P4_RECOVERY_LATER","False","1","2829397295|45","0","","temporally-aligned-skymods-revision-without-git-candidate","False","False"
"Culture-Expanded","CE","2829397295","2829397295|41","41","False","7 Jul, 2022 at 02:18 UTC","2022-07-07 02:18","https://modsbase.com/da4xj5c6wwfv/2829397295_Culture_Expanded.zip.html","RECOVERY_CANDIDATE","P4_RECOVERY_LATER","False","1","2829397295|46","0","","temporally-aligned-skymods-revision-without-git-candidate","False","False"
"Culture-Expanded","CE","2829397295","2829397295|42","42","False","6 Jul, 2022 at 07:36 UTC","2022-07-06 07:36","https://modsbase.com/x9tofekqvgxx/2829397295_Culture_Expanded.zip.html","RECOVERY_CANDIDATE","P4_RECOVERY_LATER","False","1","2829397295|47","0","","temporally-aligned-skymods-revision-without-git-candidate","False","False"
"Culture-Expanded","CE","2829397295","2829397295|43","43","False","4 Jul, 2022 at 01:27 UTC","2022-07-04 01:27","https://modsbase.com/jaf3ziuu92wm/2829397295_Culture_Expanded.zip.html","RECOVERY_CANDIDATE","P4_RECOVERY_LATER","False","1","2829397295|49","0","","temporally-aligned-skymods-revision-without-git-candidate","False","False"
"Demand-Tribute","DT","3473488611","3473488611|1","1","True","29 Oct, 2025 at 10:52 UTC","2025-10-29 10:52","https://modsbase.com/xx0pwh63y8kp/3473488611_Demand_Tribute.zip.html","RECOVERY_CANDIDATE","P4_RECOVERY_LATER","False","1","3473488611|1","0","","temporally-aligned-skymods-revision-without-git-candidate","False","False"
"Demand-Tribute","DT","3473488611","3473488611|2","2","False","9 Sep, 2025 at 16:58 UTC","2025-09-09 16:58","https://modsbase.com/2ucd19meq6mc/3473488611_Demand_Tribute.zip.html","RECOVERY_CANDIDATE","P4_RECOVERY_LATER","False","1","3473488611|2","0","","temporally-aligned-skymods-revision-without-git-candidate","False","False"
"Demand-Tribute","DT","3473488611","3473488611|3","3","False","17 May, 2025 at 19:43 UTC","2025-05-17 19:43","https://modsbase.com/0ai8uejs45kr/3473488611_Demand_Tribute.zip.html","RECOVERY_CANDIDATE","P4_RECOVERY_LATER","False","1","3473488611|3","0","","temporally-aligned-skymods-revision-without-git-candidate","False","False"
"Demand-Tribute","DT","3473488611","3473488611|4","4","False","11 May, 2025 at 16:41 UTC","2025-05-11 16:41","https://modsbase.com/ainurwxigaxx/3473488611_Demand_Tribute.zip.html","RECOVERY_CANDIDATE","P4_RECOVERY_LATER","False","1","3473488611|4","0","","temporally-aligned-skymods-revision-without-git-candidate","False","False"
"Demand-Tribute","DT","3473488611","3473488611|5","5","False","7 May, 2025 at 16:56 UTC","2025-05-07 16:56","https://modsbase.com/d9217jmam7dr/3473488611_Demand_Tribute.zip.html","RECOVERY_CANDIDATE","P4_RECOVERY_LATER","False","1","3473488611|5","0","","temporally-aligned-skymods-revision-without-git-candidate","False","False"
"Demand-Tribute","DT","3473488611","3473488611|6","6","False","2 May, 2025 at 19:31 UTC","2025-05-02 19:31","https://modsbase.com/8vzk7m43tduy/3473488611_Demand_Tribute.zip.html","RECOVERY_CANDIDATE","P4_RECOVERY_LATER","False","1","3473488611|8","0","","temporally-aligned-skymods-revision-without-git-candidate","False","False"
"EPE-CFP","EPE-CFP","2996881191","2996881191|10","10","False","25 May, 2025 at 10:09 UTC","2025-05-25 10:09","https://modsbase.com/vfrbhqkaeypy/2996881191_CFP___EPE_Compatibility_Patch.zip.html","TEMPORAL_AMBIGUITY","P5_REVIEW_LATER","False","1","2996881191|13","0","","dominant-time-match-is-not-bidirectionally-unique","False","False"
"EPE-CFP","EPE-CFP","2996881191","2996881191|11","11","False","25 May, 2025 at 09:09 UTC","2025-05-25 09:09","https://modsbase.com/0rfe8lbhztfq/2996881191_CFP___EPE_Compatibility_Patch.zip.html","TEMPORAL_AMBIGUITY","P5_REVIEW_LATER","False","1","2996881191|13","0","","dominant-time-match-is-not-bidirectionally-unique","False","False"
"EPE-CFP","EPE-CFP","2996881191","2996881191|12","12","False","24 May, 2025 at 18:19 UTC","2025-05-24 18:19","https://modsbase.com/uefvjq1oirn3/2996881191_CFP___EPE_Compatibility_Patch.zip.html","RECOVERY_CANDIDATE","P4_RECOVERY_LATER","False","1","2996881191|14","0","","temporally-aligned-skymods-revision-without-git-candidate","False","False"
"EPE-CFP","EPE-CFP","2996881191","2996881191|13","13","False","16 May, 2025 at 18:12 UTC","2025-05-16 18:12","https://modsbase.com/i9v0flug304y/2996881191_CFP___EPE_Compatibility_Patch.zip.html","RECOVERY_CANDIDATE","P4_RECOVERY_LATER","False","1","2996881191|15","0","","temporally-aligned-skymods-revision-without-git-candidate","False","False"
"EPE-CFP","EPE-CFP","2996881191","2996881191|14","14","False","4 Apr, 2025 at 19:59 UTC","2025-04-04 19:59","https://modsbase.com/1ei2hxjh7n7z/2996881191_CFP___EPE_Compatibility_Patch.zip.html","RECOVERY_CANDIDATE","P4_RECOVERY_LATER","False","1","2996881191|17","0","","temporally-aligned-skymods-revision-without-git-candidate","False","False"
"EPE-CFP","EPE-CFP","2996881191","2996881191|15","15","False","27 Mar, 2025 at 08:39 UTC","2025-03-27 08:39","https://modsbase.com/zq5c3ym1937f/2996881191_CFP___EPE_Compatibility_Patch.zip.html","RECOVERY_CANDIDATE","P4_RECOVERY_LATER","False","1","2996881191|18","0","","temporally-aligned-skymods-revision-without-git-candidate","False","False"
"EPE-CFP","EPE-CFP","2996881191","2996881191|16","16","False","27 Feb, 2025 at 21:30 UTC","2025-02-27 21:30","https://modsbase.com/hqxw27fn1daf/2996881191_CFP___EPE_Compatibility_Patch.zip.html","RECOVERY_CANDIDATE","P4_RECOVERY_LATER","False","1","2996881191|19","0","","temporally-aligned-skymods-revision-without-git-candidate","False","False"
"EPE-CFP","EPE-CFP","2996881191","2996881191|17","17","False","11 Jan, 2025 at 09:20 UTC","2025-01-11 09:20","https://modsbase.com/0sobj3fi5ghb/2996881191_CFP___EPE_Compatibility_Patch.zip.html","RECOVERY_CANDIDATE","P4_RECOVERY_LATER","False","1","2996881191|21","0","","temporally-aligned-skymods-revision-without-git-candidate","False","False"
"EPE-CFP","EPE-CFP","2996881191","2996881191|18","18","False","3 Dec, 2024 at 20:00 UTC","2024-12-03 20:00","https://modsbase.com/l4tub9ym4af6/2996881191_CFP___EPE_Compatibility_Patch.zip.html","RECOVERY_CANDIDATE","P4_RECOVERY_LATER","False","1","2996881191|23","0","","temporally-aligned-skymods-revision-without-git-candidate","False","False"
"EPE-CFP","EPE-CFP","2996881191","2996881191|19","19","False","2 May, 2024 at 09:30 UTC","2024-05-02 09:30","https://modsbase.com/1w8371idakcq/2996881191_CFP___EPE_Compatibility_Patch.zip.html","RECOVERY_CANDIDATE","P4_RECOVERY_LATER","False","1","2996881191|24","0","","temporally-aligned-skymods-revision-without-git-candidate","False","False"
"EPE-CFP","EPE-CFP","2996881191","2996881191|20","20","False","13 Apr, 2024 at 15:36 UTC","2024-04-13 15:36","https://modsbase.com/oug2c56znm0p/2996881191_CFP___EPE_Compatibility_Patch.zip.html","RECOVERY_CANDIDATE","P4_RECOVERY_LATER","False","1","2996881191|25","0","","temporally-aligned-skymods-revision-without-git-candidate","False","False"
"EPE-CFP","EPE-CFP","2996881191","2996881191|21","21","False","10 Mar, 2024 at 21:21 UTC","2024-03-10 21:21","https://modsbase.com/hv3tk1dxsx01/2996881191_CFP___EPE_Compatibility_Patch.zip.html","RECOVERY_CANDIDATE","P4_RECOVERY_LATER","False","1","2996881191|26","0","","temporally-aligned-skymods-revision-without-git-candidate","False","False"
"EPE-CFP","EPE-CFP","2996881191","2996881191|22","22","False","6 Feb, 2024 at 18:36 UTC","2024-02-06 18:36","https://modsbase.com/5muwrkv4toe5/2996881191_CFP___EPE_Compatibility_Patch.zip.html","RECOVERY_CANDIDATE","P4_RECOVERY_LATER","False","1","2996881191|27","0","","temporally-aligned-skymods-revision-without-git-candidate","False","False"
"EPE-CFP","EPE-CFP","2996881191","2996881191|23","23","False","25 Jan, 2024 at 21:02 UTC","2024-01-25 21:02","https://modsbase.com/ribu6wz3277v/2996881191_CFP___EPE_Compatibility_Patch.zip.html","RECOVERY_CANDIDATE","P4_RECOVERY_LATER","False","1","2996881191|28","0","","temporally-aligned-skymods-revision-without-git-candidate","False","False"
"EPE-CFP","EPE-CFP","2996881191","2996881191|24","24","False","4 Dec, 2023 at 10:03 UTC","2023-12-04 10:03","https://modsbase.com/5v9m06esw9cz/2996881191_CFP___EPE_Compatibility_Patch.zip.html","RECOVERY_CANDIDATE","P4_RECOVERY_LATER","False","1","2996881191|31","0","","temporally-aligned-skymods-revision-without-git-candidate","False","False"
"EPE-CFP","EPE-CFP","2996881191","2996881191|25","25","False","19 Nov, 2023 at 19:19 UTC","2023-11-19 19:19","https://modsbase.com/sdqq6hlmpvmf/2996881191_CFP___EPE_Compatibility_Patch.zip.html","RECOVERY_CANDIDATE","P4_RECOVERY_LATER","False","1","2996881191|32","0","","temporally-aligned-skymods-revision-without-git-candidate","False","False"
"EPE-CFP","EPE-CFP","2996881191","2996881191|26","26","False","18 Oct, 2023 at 08:16 UTC","2023-10-18 08:16","https://modsbase.com/tnf33rz9gxjk/2996881191_CFP___EPE_Compatibility_Patch.zip.html","RECOVERY_CANDIDATE","P4_RECOVERY_LATER","False","1","2996881191|33","0","","temporally-aligned-skymods-revision-without-git-candidate","False","False"
"EPE-CFP","EPE-CFP","2996881191","2996881191|27","27","False","4 Oct, 2023 at 20:30 UTC","2023-10-04 20:30","https://modsbase.com/j3euqjz7cxr8/2996881191_CFP___EPE_Compatibility_Patch.zip.html","RECOVERY_CANDIDATE","P4_RECOVERY_LATER","False","1","2996881191|34","0","","temporally-aligned-skymods-revision-without-git-candidate","False","False"
"EPE-CFP","EPE-CFP","2996881191","2996881191|28","28","False","3 Oct, 2023 at 11:01 UTC","2023-10-03 11:01","https://modsbase.com/498e124xccy5/2996881191_CFP___EPE_Compatibility_Patch.zip.html","RECOVERY_CANDIDATE","P4_RECOVERY_LATER","False","1","2996881191|35","0","","temporally-aligned-skymods-revision-without-git-candidate","False","False"
"EPE-CFP","EPE-CFP","2996881191","2996881191|29","29","False","30 Sep, 2023 at 08:11 UTC","2023-09-30 08:11","https://modsbase.com/nlni1mdqc9j6/2996881191_CFP___EPE_Compatibility_Patch.zip.html","RECOVERY_CANDIDATE","P4_RECOVERY_LATER","False","1","2996881191|37","0","","temporally-aligned-skymods-revision-without-git-candidate","False","False"
"EPE-CFP","EPE-CFP","2996881191","2996881191|30","30","False","25 Sep, 2023 at 20:52 UTC","2023-09-25 20:52","https://modsbase.com/vyxpbe8w89ca/2996881191_CFP___EPE_Compatibility_Patch.zip.html","RECOVERY_CANDIDATE","P4_RECOVERY_LATER","False","1","2996881191|38","0","","temporally-aligned-skymods-revision-without-git-candidate","False","False"
"EPE-CFP","EPE-CFP","2996881191","2996881191|31","31","False","24 Sep, 2023 at 14:02 UTC","2023-09-24 14:02","https://modsbase.com/fn7n873ibkpj/2996881191_CFP___EPE_Compatibility_Patch.zip.html","RECOVERY_CANDIDATE","P4_RECOVERY_LATER","False","1","2996881191|39","0","","temporally-aligned-skymods-revision-without-git-candidate","False","False"
"EPE-CFP","EPE-CFP","2996881191","2996881191|32","32","False","8 Jul, 2023 at 15:59 UTC","2023-07-08 15:59","https://modsbase.com/d2v19689oha7/2996881191_CFP___EPE_Compatibility_Patch.zip.html","RECOVERY_CANDIDATE","P4_RECOVERY_LATER","False","1","2996881191|40","0","","temporally-aligned-skymods-revision-without-git-candidate","False","False"
"EPE-CFP","EPE-CFP","2996881191","2996881191|33","33","False","5 Jul, 2023 at 17:12 UTC","2023-07-05 17:12","https://modsbase.com/kedm29c9ho3e/2996881191_Unofficial_CFP___EPE_Compatch.zip.html","RECOVERY_CANDIDATE","P4_RECOVERY_LATER","False","1","2996881191|42","0","","temporally-aligned-skymods-revision-without-git-candidate","False","False"
"EPE-CFP","EPE-CFP","2996881191","2996881191|34","34","False","1 Jul, 2023 at 10:03 UTC","2023-07-01 10:03","https://modsbase.com/dtj35m492jjg/2996881191_Unofficial_CFP___EPE_Compatch.zip.html","RECOVERY_CANDIDATE","P4_RECOVERY_LATER","False","1","2996881191|43","0","","temporally-aligned-skymods-revision-without-git-candidate","False","False"
"Ethnicities-and-Portraits-Expanded","EPE","2507209632","2507209632|10","10","False","9 Jun, 2025 at 06:41 UTC","2025-06-09 06:41","https://modsbase.com/c3x7wfqrdtl3/2507209632_Ethnicities___Portraits_Expanded.zip.html","TEMPORAL_AMBIGUITY","P5_REVIEW_LATER","False","1","2507209632|17","0","","dominant-time-match-is-not-bidirectionally-unique","False","False"
"Ethnicities-and-Portraits-Expanded","EPE","2507209632","2507209632|11","11","False","9 Jun, 2025 at 05:41 UTC","2025-06-09 05:41","https://modsbase.com/e8uth9x53el2/2507209632_Ethnicities___Portraits_Expanded.zip.html","TEMPORAL_AMBIGUITY","P5_REVIEW_LATER","False","1","2507209632|17","0","","dominant-time-match-is-not-bidirectionally-unique","False","False"
"Ethnicities-and-Portraits-Expanded","EPE","2507209632","2507209632|12","12","False","5 Jun, 2025 at 03:08 UTC","2025-06-05 03:08","https://modsbase.com/idjaf70vvaz1/2507209632_Ethnicities___Portraits_Expanded.zip.html","RECOVERY_CANDIDATE","P4_RECOVERY_LATER","False","1","2507209632|18","0","","temporally-aligned-skymods-revision-without-git-candidate","False","False"
"Ethnicities-and-Portraits-Expanded","EPE","2507209632","2507209632|13","13","False","1 Jun, 2025 at 22:58 UTC","2025-06-01 22:58","https://modsbase.com/fmoekyc6pght/2507209632_Ethnicities___Portraits_Expanded.zip.html","RECOVERY_CANDIDATE","P4_RECOVERY_LATER","False","1","2507209632|19","0","","temporally-aligned-skymods-revision-without-git-candidate","False","False"
"Ethnicities-and-Portraits-Expanded","EPE","2507209632","2507209632|14","14","False","24 May, 2025 at 00:32 UTC","2025-05-24 00:32","https://modsbase.com/zmevgrbx5l2t/2507209632_Ethnicities___Portraits_Expanded.zip.html","RECOVERY_CANDIDATE","P4_RECOVERY_LATER","False","1","2507209632|20","0","","temporally-aligned-skymods-revision-without-git-candidate","False","False"
"Ethnicities-and-Portraits-Expanded","EPE","2507209632","2507209632|15","15","False","14 May, 2025 at 04:03 UTC","2025-05-14 04:03","https://modsbase.com/yugzbvrae8or/2507209632_Ethnicities___Portraits_Expanded.zip.html","RECOVERY_CANDIDATE","P4_RECOVERY_LATER","False","1","2507209632|21","0","","temporally-aligned-skymods-revision-without-git-candidate","False","False"
"Ethnicities-and-Portraits-Expanded","EPE","2507209632","2507209632|16","16","False","13 Apr, 2025 at 16:19 UTC","2025-04-13 16:19","https://modsbase.com/hf71dqscjygj/2507209632_Ethnicities___Portraits_Expanded.zip.html","RECOVERY_CANDIDATE","P4_RECOVERY_LATER","False","1","2507209632|23","0","","temporally-aligned-skymods-revision-without-git-candidate","False","False"
"Ethnicities-and-Portraits-Expanded","EPE","2507209632","2507209632|17","17","False","15 Mar, 2025 at 20:11 UTC","2025-03-15 20:11","https://modsbase.com/2bsm5dopxcq3/2507209632_Ethnicities___Portraits_Expanded.zip.html","RECOVERY_CANDIDATE","P4_RECOVERY_LATER","False","1","2507209632|24","0","","temporally-aligned-skymods-revision-without-git-candidate","False","False"
"Ethnicities-and-Portraits-Expanded","EPE","2507209632","2507209632|18","18","False","27 Feb, 2025 at 02:38 UTC","2025-02-27 02:38","https://modsbase.com/tx216khztml7/2507209632_Ethnicities___Portraits_Expanded.zip.html","RECOVERY_CANDIDATE","P4_RECOVERY_LATER","False","1","2507209632|25","0","","temporally-aligned-skymods-revision-without-git-candidate","False","False"
"Ethnicities-and-Portraits-Expanded","EPE","2507209632","2507209632|19","19","False","19 Feb, 2025 at 21:32 UTC","2025-02-19 21:32","https://modsbase.com/gsv7viq9ggv6/2507209632_Ethnicities___Portraits_Expanded.zip.html","RECOVERY_CANDIDATE","P4_RECOVERY_LATER","False","1","2507209632|26","0","","temporally-aligned-skymods-revision-without-git-candidate","False","False"
"Ethnicities-and-Portraits-Expanded","EPE","2507209632","2507209632|20","20","False","16 Feb, 2025 at 05:53 UTC","2025-02-16 05:53","https://modsbase.com/0ze6o0hvqmqe/2507209632_Ethnicities___Portraits_Expanded.zip.html","RECOVERY_CANDIDATE","P4_RECOVERY_LATER","False","1","2507209632|27","0","","temporally-aligned-skymods-revision-without-git-candidate","False","False"
"Ethnicities-and-Portraits-Expanded","EPE","2507209632","2507209632|21","21","False","6 Jan, 2025 at 04:27 UTC","2025-01-06 04:27","https://modsbase.com/y0ailbyv86fy/2507209632_Ethnicities___Portraits_Expanded.zip.html","RECOVERY_CANDIDATE","P4_RECOVERY_LATER","False","1","2507209632|28","0","","temporally-aligned-skymods-revision-without-git-candidate","False","False"
"Ethnicities-and-Portraits-Expanded","EPE","2507209632","2507209632|22","22","False","1 Dec, 2024 at 19:47 UTC","2024-12-01 19:47","https://modsbase.com/mibnxg25hwvz/2507209632_Ethnicities___Portraits_Expanded.zip.html","RECOVERY_CANDIDATE","P4_RECOVERY_LATER","False","1","2507209632|29","0","","temporally-aligned-skymods-revision-without-git-candidate","False","False"
"Ethnicities-and-Portraits-Expanded","EPE","2507209632","2507209632|23","23","False","9 May, 2024 at 03:13 UTC","2024-05-09 03:13","https://modsbase.com/u5ojqicl9atr/2507209632_Ethnicities___Portraits_Expanded.zip.html","RECOVERY_CANDIDATE","P4_RECOVERY_LATER","False","1","2507209632|30","0","","temporally-aligned-skymods-revision-without-git-candidate","False","False"
"Ethnicities-and-Portraits-Expanded","EPE","2507209632","2507209632|24","24","False","13 Apr, 2024 at 04:20 UTC","2024-04-13 04:20","https://modsbase.com/5cbva21ao50n/2507209632_Ethnicities___Portraits_Expanded.zip.html","RECOVERY_CANDIDATE","P4_RECOVERY_LATER","False","1","2507209632|31","0","","temporally-aligned-skymods-revision-without-git-candidate","False","False"
"Ethnicities-and-Portraits-Expanded","EPE","2507209632","2507209632|25","25","False","23 Mar, 2024 at 03:03 UTC","2024-03-23 03:03","https://modsbase.com/3ypb7x0o4qgp/2507209632_Ethnicities___Portraits_Expanded.zip.html","RECOVERY_CANDIDATE","P4_RECOVERY_LATER","False","1","2507209632|32","0","","temporally-aligned-skymods-revision-without-git-candidate","False","False"
"Ethnicities-and-Portraits-Expanded","EPE","2507209632","2507209632|26","26","False","10 Mar, 2024 at 05:14 UTC","2024-03-10 05:14","https://modsbase.com/5zk8yiw2obom/2507209632_Ethnicities___Portraits_Expanded.zip.html","RECOVERY_CANDIDATE","P4_RECOVERY_LATER","False","1","2507209632|33","0","","temporally-aligned-skymods-revision-without-git-candidate","False","False"
"Ethnicities-and-Portraits-Expanded","EPE","2507209632","2507209632|27","27","False","19 Dec, 2023 at 21:56 UTC","2023-12-19 21:56","https://modsbase.com/5ou8t4m1b549/2507209632_Ethnicities___Portraits_Expanded.zip.html","RECOVERY_CANDIDATE","P4_RECOVERY_LATER","False","1","2507209632|34","0","","temporally-aligned-skymods-revision-without-git-candidate","False","False"
"Ethnicities-and-Portraits-Expanded","EPE","2507209632","2507209632|28","28","False","3 Dec, 2023 at 01:53 UTC","2023-12-03 01:53","https://modsbase.com/kn3o0q85sboi/2507209632_Ethnicities___Portraits_Expanded_-_Peacock.zip.html","RECOVERY_CANDIDATE","P4_RECOVERY_LATER","False","1","2507209632|35","0","","temporally-aligned-skymods-revision-without-git-candidate","False","False"
"Ethnicities-and-Portraits-Expanded","EPE","2507209632","2507209632|29","29","False","23 Nov, 2023 at 03:18 UTC","2023-11-23 03:18","https://modsbase.com/0o6cevzsww13/2507209632_Ethnicities___Portraits_Expanded_-_Peacock.zip.html","RECOVERY_CANDIDATE","P4_RECOVERY_LATER","False","1","2507209632|36","0","","temporally-aligned-skymods-revision-without-git-candidate","False","False"
"Ethnicities-and-Portraits-Expanded","EPE","2507209632","2507209632|30","30","False","21 Nov, 2023 at 03:18 UTC","2023-11-21 03:18","https://modsbase.com/1bounegaadmc/2507209632_Ethnicities___Portraits_Expanded_-_Peacock.zip.html","RECOVERY_CANDIDATE","P4_RECOVERY_LATER","False","1","2507209632|37","0","","temporally-aligned-skymods-revision-without-git-candidate","False","False"
"Ethnicities-and-Portraits-Expanded","EPE","2507209632","2507209632|31","31","False","19 Nov, 2023 at 19:09 UTC","2023-11-19 19:09","https://modsbase.com/6q2ooysgxc3p/2507209632_Ethnicities___Portraits_Expanded_-_Peacock.zip.html","RECOVERY_CANDIDATE","P4_RECOVERY_LATER","False","1","2507209632|38","0","","temporally-aligned-skymods-revision-without-git-candidate","False","False"
"Ethnicities-and-Portraits-Expanded","EPE","2507209632","2507209632|32","32","False","2 Oct, 2023 at 01:33 UTC","2023-10-02 01:33","https://modsbase.com/1rhhywuh8km3/2507209632_Ethnicities___Portraits_Expanded_-_Quill.zip.html","TEMPORAL_AMBIGUITY","P5_REVIEW_LATER","False","1","2507209632|39","0","","dominant-time-match-is-not-bidirectionally-unique","False","False"
"Ethnicities-and-Portraits-Expanded","EPE","2507209632","2507209632|33","33","False","2 Oct, 2023 at 00:33 UTC","2023-10-02 00:33","https://modsbase.com/qhi3ib4knq1k/2507209632_Ethnicities___Portraits_Expanded_-_Quill.zip.html","TEMPORAL_AMBIGUITY","P5_REVIEW_LATER","False","1","2507209632|39","0","","dominant-time-match-is-not-bidirectionally-unique","False","False"
"Ethnicities-and-Portraits-Expanded","EPE","2507209632","2507209632|34","34","False","25 Sep, 2023 at 03:33 UTC","2023-09-25 03:33","https://modsbase.com/17reojstas56/2507209632_Ethnicities___Portraits_Expanded_-_Quill.zip.html","RECOVERY_CANDIDATE","P4_RECOVERY_LATER","False","1","2507209632|40","0","","temporally-aligned-skymods-revision-without-git-candidate","False","False"
"Ethnicities-and-Portraits-Expanded","EPE","2507209632","2507209632|35","35","False","25 Jun, 2023 at 19:03 UTC","2023-06-25 19:03","https://modsbase.com/a8x53tno4uww/2507209632_Ethnicities___Portraits_Expanded.zip.html","RECOVERY_CANDIDATE","P4_RECOVERY_LATER","False","1","2507209632|42","0","","temporally-aligned-skymods-revision-without-git-candidate","False","False"
"Ethnicities-and-Portraits-Expanded","EPE","2507209632","2507209632|36","36","False","18 Jun, 2023 at 17:22 UTC","2023-06-18 17:22","https://modsbase.com/o4prj2pjfnzy/2507209632_Ethnicities___Portraits_Expanded_-_1.9.2_Lance.zip.html","RECOVERY_CANDIDATE","P4_RECOVERY_LATER","False","1","2507209632|43","0","","temporally-aligned-skymods-revision-without-git-candidate","False","False"
"Ethnicities-and-Portraits-Expanded","EPE","2507209632","2507209632|37","37","False","10 Apr, 2023 at 04:56 UTC","2023-04-10 04:56","https://modsbase.com/b4d4nxa260xj/2507209632_Ethnicities___Portraits_Expanded.zip.html","RECOVERY_CANDIDATE","P4_RECOVERY_LATER","False","1","2507209632|44","0","","temporally-aligned-skymods-revision-without-git-candidate","False","False"
"Ethnicities-and-Portraits-Expanded","EPE","2507209632","2507209632|38","38","False","22 Jan, 2023 at 02:24 UTC","2023-01-22 02:24","https://modsbase.com/g3p6j9zjy444/2507209632_Ethnicities___Portraits_Expanded.zip.html","RECOVERY_CANDIDATE","P4_RECOVERY_LATER","False","1","2507209632|45","0","","temporally-aligned-skymods-revision-without-git-candidate","False","False"
"Ethnicities-and-Portraits-Expanded","EPE","2507209632","2507209632|39","39","False","16 Dec, 2022 at 03:59 UTC","2022-12-16 03:59","https://modsbase.com/3wj9c84gj3lx/2507209632_Ethnicities___Portraits_Expanded.zip.html","RECOVERY_CANDIDATE","P4_RECOVERY_LATER","False","1","2507209632|46","0","","temporally-aligned-skymods-revision-without-git-candidate","False","False"
"Ethnicities-and-Portraits-Expanded","EPE","2507209632","2507209632|40","40","False","9 Dec, 2022 at 02:06 UTC","2022-12-09 02:06","https://modsbase.com/b7nbuu936v7u/2507209632_Ethnicities___Portraits_Expanded.zip.html","RECOVERY_CANDIDATE","P4_RECOVERY_LATER","False","1","2507209632|47","0","","temporally-aligned-skymods-revision-without-git-candidate","False","False"
"Ethnicities-and-Portraits-Expanded","EPE","2507209632","2507209632|41","41","False","3 Dec, 2022 at 01:34 UTC","2022-12-03 01:34","https://modsbase.com/bbgi6wq7bbu3/2507209632_Ethnicities___Portraits_Expanded.zip.html","RECOVERY_CANDIDATE","P4_RECOVERY_LATER","False","1","2507209632|48","0","","temporally-aligned-skymods-revision-without-git-candidate","False","False"
"Ethnicities-and-Portraits-Expanded","EPE","2507209632","2507209632|42","42","False","30 Sep, 2022 at 00:40 UTC","2022-09-30 00:40","https://modsbase.com/wwudru9bg4t1/2507209632_Ethnicities___Portraits_Expanded.zip.html","TEMPORAL_AMBIGUITY","P5_REVIEW_LATER","False","1","2507209632|49","0","","dominant-time-match-is-not-bidirectionally-unique","False","False"
"Ethnicities-and-Portraits-Expanded","EPE","2507209632","2507209632|43","43","False","29 Sep, 2022 at 23:40 UTC","2022-09-29 23:40","https://modsbase.com/ir46eu0vnnmh/2507209632_Ethnicities___Portraits_Expanded.zip.html","TEMPORAL_AMBIGUITY","P5_REVIEW_LATER","False","1","2507209632|49","0","","dominant-time-match-is-not-bidirectionally-unique","False","False"
"Ethnicities-and-Portraits-Expanded","EPE","2507209632","2507209632|44","44","False","18 Sep, 2022 at 21:41 UTC","2022-09-18 21:41","https://modsbase.com/p7cqmw9ugpn5/2507209632_Ethnicities___Portraits_Expanded.zip.html","RECOVERY_CANDIDATE","P4_RECOVERY_LATER","False","1","2507209632|50","0","","temporally-aligned-skymods-revision-without-git-candidate","False","False"
"Ethnicities-and-Portraits-Expanded","EPE","2507209632","2507209632|45","45","False","12 Sep, 2022 at 01:11 UTC","2022-09-12 01:11","https://modsbase.com/3n1o0g7ogibg/2507209632_Ethnicities___Portraits_Expanded.zip.html","RECOVERY_CANDIDATE","P4_RECOVERY_LATER","False","1","2507209632|52","0","","temporally-aligned-skymods-revision-without-git-candidate","False","False"
"Ethnicities-and-Portraits-Expanded","EPE","2507209632","2507209632|46","46","False","9 Sep, 2022 at 04:55 UTC","2022-09-09 04:55","https://modsbase.com/5fvk8fa268ax/2507209632_Ethnicities___Portraits_Expanded.zip.html","RECOVERY_CANDIDATE","P4_RECOVERY_LATER","False","1","2507209632|53","0","","temporally-aligned-skymods-revision-without-git-candidate","False","False"
"Ethnicities-and-Portraits-Expanded","EPE","2507209632","2507209632|47","47","False","29 Jun, 2022 at 19:42 UTC","2022-06-29 19:42","https://modsbase.com/49jxy3mixban/2507209632_Ethnicities___Portraits_Expanded.zip.html","RECOVERY_CANDIDATE","P4_RECOVERY_LATER","False","1","2507209632|54","0","","temporally-aligned-skymods-revision-without-git-candidate","False","False"
"Ethnicities-and-Portraits-Expanded","EPE","2507209632","2507209632|48","48","False","27 Jun, 2022 at 03:39 UTC","2022-06-27 03:39","https://modsbase.com/yv3mza3nuio4/2507209632_Ethnicities___Portraits_Expanded.zip.html","RECOVERY_CANDIDATE","P4_RECOVERY_LATER","False","1","2507209632|55","0","","temporally-aligned-skymods-revision-without-git-candidate","False","False"
"Ethnicities-and-Portraits-Expanded","EPE","2507209632","2507209632|49","49","False","13 Jun, 2022 at 02:03 UTC","2022-06-13 02:03","https://modsbase.com/4gww28tfm860/2507209632_Ethnicities___Portraits_Expanded.zip.html","RECOVERY_CANDIDATE","P4_RECOVERY_LATER","False","1","2507209632|57","0","","temporally-aligned-skymods-revision-without-git-candidate","False","False"
"Ethnicities-and-Portraits-Expanded","EPE","2507209632","2507209632|50","50","False","6 Jun, 2022 at 04:08 UTC","2022-06-06 04:08","https://modsbase.com/jw14vtqon4oq/2507209632_Ethnicities___Portraits_Expanded.zip.html","RECOVERY_CANDIDATE","P4_RECOVERY_LATER","False","1","2507209632|59","0","","temporally-aligned-skymods-revision-without-git-candidate","False","False"
"Ethnicities-and-Portraits-Expanded","EPE","2507209632","2507209632|51","51","False","23 Mar, 2022 at 19:27 UTC","2022-03-23 19:27","https://modsbase.com/4ab32gnadew5/2507209632_Ethnicities___Portraits_Expanded.zip.html","RECOVERY_CANDIDATE","P4_RECOVERY_LATER","False","1","2507209632|62","0","","temporally-aligned-skymods-revision-without-git-candidate","False","False"
"Ethnicities-and-Portraits-Expanded","EPE","2507209632","2507209632|52","52","False","14 Mar, 2022 at 16:19 UTC","2022-03-14 16:19","https://modsbase.com/mt510tlre1rq/2507209632_Ethnicities___Portraits_Expanded.zip.html","RECOVERY_CANDIDATE","P4_RECOVERY_LATER","False","1","2507209632|64","0","","temporally-aligned-skymods-revision-without-git-candidate","False","False"
"Ethnicities-and-Portraits-Expanded","EPE","2507209632","2507209632|53","53","False","11 Mar, 2022 at 07:22 UTC","2022-03-11 07:22","https://modsbase.com/ropybqjgvr5f/2507209632_Ethnicities___Portraits_Expanded.zip.html","RECOVERY_CANDIDATE","P4_RECOVERY_LATER","False","1","2507209632|65","0","","temporally-aligned-skymods-revision-without-git-candidate","False","False"
"Ethnicities-and-Portraits-Expanded","EPE","2507209632","2507209632|54","54","False","5 Mar, 2022 at 09:33 UTC","2022-03-05 09:33","https://modsbase.com/qfzqbz9foseq/2507209632_Ethnicities___Portraits_Expanded.zip.html","RECOVERY_CANDIDATE","P4_RECOVERY_LATER","False","1","2507209632|67","0","","temporally-aligned-skymods-revision-without-git-candidate","False","False"
"Ethnicities-and-Portraits-Expanded","EPE","2507209632","2507209632|55","55","False","19 Feb, 2022 at 04:58 UTC","2022-02-19 04:58","https://modsbase.com/kb2dep7fy5wo/2507209632_Ethnicities___Portraits_Expanded.zip.html","RECOVERY_CANDIDATE","P4_RECOVERY_LATER","False","1","2507209632|68","0","","temporally-aligned-skymods-revision-without-git-candidate","False","False"
"Ethnicities-and-Portraits-Expanded","EPE","2507209632","2507209632|56","56","False","15 Feb, 2022 at 04:24 UTC","2022-02-15 04:24","https://modsbase.com/11dsdv0qkgtx/2507209632_Ethnicities___Portraits_Expanded.zip.html","RECOVERY_CANDIDATE","P4_RECOVERY_LATER","False","1","2507209632|69","0","","temporally-aligned-skymods-revision-without-git-candidate","False","False"
"Ethnicities-and-Portraits-Expanded","EPE","2507209632","2507209632|57","57","False","11 Feb, 2022 at 05:39 UTC","2022-02-11 05:39","https://modsbase.com/knnrl7qc4l63/2507209632_Ethnicities___Portraits_Expanded.zip.html","RECOVERY_CANDIDATE","P4_RECOVERY_LATER","False","1","2507209632|70","0","","temporally-aligned-skymods-revision-without-git-candidate","False","False"
"Ethnicities-and-Portraits-Expanded","EPE","2507209632","2507209632|58","58","False","9 Feb, 2022 at 00:54 UTC","2022-02-09 00:54","https://modsbase.com/oqp3w1mb0pqc/2507209632_Ethnicities___Portraits_Expanded.zip.html","RECOVERY_CANDIDATE","P4_RECOVERY_LATER","False","1","2507209632|71","0","","temporally-aligned-skymods-revision-without-git-candidate","False","False"
"Ethnicities-and-Portraits-Expanded","EPE","2507209632","2507209632|59","59","False","10 Jan, 2022 at 06:01 UTC","2022-01-10 06:01","https://modsbase.com/acwpy459i0wk/2507209632_Ethnicities___Portraits_Expanded.zip.html","RECOVERY_CANDIDATE","P4_RECOVERY_LATER","False","1","2507209632|72","0","","temporally-aligned-skymods-revision-without-git-candidate","False","False"
"Ethnicities-and-Portraits-Expanded","EPE","2507209632","2507209632|60","60","False","28 Oct, 2021 at 04:14 UTC","2021-10-28 04:14","https://modsbase.com/qeh1hk4sopdu/2507209632_Ethnicities___Portraits_Expanded.zip.html","RECOVERY_CANDIDATE","P4_RECOVERY_LATER","False","1","2507209632|73","0","","temporally-aligned-skymods-revision-without-git-candidate","False","False"
"Ethnicities-and-Portraits-Expanded","EPE","2507209632","2507209632|61","61","False","10 Oct, 2021 at 06:34 UTC","2021-10-10 06:34","https://modsbase.com/qack27ro1mzq/2507209632_Ethnicities___Portraits_Expanded.zip.html","RECOVERY_CANDIDATE","P4_RECOVERY_LATER","False","1","2507209632|75","0","","temporally-aligned-skymods-revision-without-git-candidate","False","False"
"Ethnicities-and-Portraits-Expanded","EPE","2507209632","2507209632|62","62","False","11 Sep, 2021 at 16:27 UTC","2021-09-11 16:27","https://modsbase.com/13z6s4kti934/2507209632_Ethnicities___Portraits_Expanded.zip.html","RECOVERY_CANDIDATE","P4_RECOVERY_LATER","False","1","2507209632|76","0","","temporally-aligned-skymods-revision-without-git-candidate","False","False"
"Ethnicities-and-Portraits-Expanded","EPE","2507209632","2507209632|63","63","False","30 Aug, 2021 at 04:13 UTC","2021-08-30 04:13","https://modsbase.com/plsg19nv9eg8/2507209632_Ethnicities___Portraits_Expanded.zip.html","RECOVERY_CANDIDATE","P4_RECOVERY_LATER","False","1","2507209632|78","0","","temporally-aligned-skymods-revision-without-git-candidate","False","False"
"Ethnicities-and-Portraits-Expanded","EPE","2507209632","2507209632|64","64","False","9 Jul, 2021 at 17:07 UTC","2021-07-09 17:07","https://modsbase.com/v9ggmwfrtqke/2507209632_Ethnicities___Portraits_Expanded.zip.html","RECOVERY_CANDIDATE","P4_RECOVERY_LATER","False","1","2507209632|79","0","","temporally-aligned-skymods-revision-without-git-candidate","False","False"
"Ethnicities-and-Portraits-Expanded","EPE","2507209632","2507209632|65","65","False","29 Jun, 2021 at 15:48 UTC","2021-06-29 15:48","https://modsbase.com/gv4756s9tvrm/2507209632_Ethnicities___Portraits_Expanded.zip.html","RECOVERY_CANDIDATE","P4_RECOVERY_LATER","False","1","2507209632|80","0","","temporally-aligned-skymods-revision-without-git-candidate","False","False"
"Ethnicities-and-Portraits-Expanded","EPE","2507209632","2507209632|66","66","False","23 Jun, 2021 at 04:48 UTC","2021-06-23 04:48","https://modsbase.com/cic1bepymbd6/2507209632_Ethnicities___Portraits_Expanded.zip.html","RECOVERY_CANDIDATE","P4_RECOVERY_LATER","False","1","2507209632|81","0","","temporally-aligned-skymods-revision-without-git-candidate","False","False"
"Ethnicities-and-Portraits-Expanded","EPE","2507209632","2507209632|67","67","False","7 Jun, 2021 at 09:03 UTC","2021-06-07 09:03","https://modsbase.com/cf7lugs3o1x1/2507209632_Ethnicities_and_Portraits_Expanded.zip.html","RECOVERY_CANDIDATE","P4_RECOVERY_LATER","False","1","2507209632|85","0","","temporally-aligned-skymods-revision-without-git-candidate","False","False"
"Ethnicities-and-Portraits-Expanded","EPE","2507209632","2507209632|68","68","False","4 Jun, 2021 at 15:32 UTC","2021-06-04 15:32","https://modsbase.com/222mn0tpjxes/2507209632_Ethnicities_and_Portraits_Expanded.zip.html","RECOVERY_CANDIDATE","P4_RECOVERY_LATER","False","1","2507209632|86","0","","temporally-aligned-skymods-revision-without-git-candidate","False","False"
"MBP-EPE-CFP","MBP-EPE-CFP","2543865921","2543865921|1","1","True","1 May at 18:37 UTC","2026-05-01 18:37","https://modsbase.com/nszpm9904rg5/2543865921_MB___EPE_CFP.zip.html","RECOVERY_CANDIDATE","P4_RECOVERY_LATER","False","1","2543865921|2","0","","temporally-aligned-skymods-revision-without-git-candidate","False","False"
"MBP-EPE-CFP","MBP-EPE-CFP","2543865921","2543865921|2","2","False","30 Mar at 21:20 UTC","2026-03-30 21:20","https://modsbase.com/oq41m5buhi4s/2543865921_MB___EPE_CFP.zip.html","RECOVERY_CANDIDATE","P4_RECOVERY_LATER","False","1","2543865921|4","0","","temporally-aligned-skymods-revision-without-git-candidate","False","False"
"MBP-EPE-CFP","MBP-EPE-CFP","2543865921","2543865921|5","5","False","12 Dec, 2025 at 15:03 UTC","2025-12-12 15:03","https://modsbase.com/wafccncwf04f/2543865921_MB___EPE_CFP.zip.html","RECOVERY_CANDIDATE","P4_RECOVERY_LATER","False","1","2543865921|10","0","","temporally-aligned-skymods-revision-without-git-candidate","False","False"
"MBP-EPE-CFP","MBP-EPE-CFP","2543865921","2543865921|6","6","False","8 Dec, 2025 at 21:15 UTC","2025-12-08 21:15","https://modsbase.com/iqde36jbnep8/2543865921_MB___EPE_CFP.zip.html","RECOVERY_CANDIDATE","P4_RECOVERY_LATER","False","1","2543865921|11","0","","temporally-aligned-skymods-revision-without-git-candidate","False","False"
"MBP-EPE-CFP","MBP-EPE-CFP","2543865921","2543865921|7","7","False","7 Dec, 2025 at 23:08 UTC","2025-12-07 23:08","https://modsbase.com/6y5yu1z9zghn/2543865921_MB___EPE_CFP.zip.html","RECOVERY_CANDIDATE","P4_RECOVERY_LATER","False","1","2543865921|12","0","","temporally-aligned-skymods-revision-without-git-candidate","False","False"
"MBP-EPE-CFP","MBP-EPE-CFP","2543865921","2543865921|8","8","False","18 Sep, 2025 at 02:30 UTC","2025-09-18 02:30","https://modsbase.com/cyd1xa334ctl/2543865921_MB___EPE_CFP.zip.html","RECOVERY_CANDIDATE","P4_RECOVERY_LATER","False","1","2543865921|14","0","","temporally-aligned-skymods-revision-without-git-candidate","False","False"
"MBP-EPE-CFP","MBP-EPE-CFP","2543865921","2543865921|9","9","False","7 Jul, 2025 at 00:54 UTC","2025-07-07 00:54","https://modsbase.com/xv732dxs38ck/2543865921_MB___EPE_CFP.zip.html","RECOVERY_CANDIDATE","P4_RECOVERY_LATER","False","1","2543865921|17","0","","temporally-aligned-skymods-revision-without-git-candidate","False","False"
"MBP-EPE-CFP","MBP-EPE-CFP","2543865921","2543865921|10","10","False","11 Jun, 2025 at 22:42 UTC","2025-06-11 22:42","https://modsbase.com/4y2k98fjl5cb/2543865921_MB___EPE_CFP.zip.html","RECOVERY_CANDIDATE","P4_RECOVERY_LATER","False","1","2543865921|18","0","","temporally-aligned-skymods-revision-without-git-candidate","False","False"
"MBP-EPE-CFP","MBP-EPE-CFP","2543865921","2543865921|11","11","False","2 Jun, 2025 at 02:24 UTC","2025-06-02 02:24","https://modsbase.com/rnc4g7pb4vqy/2543865921_MB___EPE_CFP.zip.html","RECOVERY_CANDIDATE","P4_RECOVERY_LATER","False","1","2543865921|21","0","","temporally-aligned-skymods-revision-without-git-candidate","False","False"
"MBP-EPE-CFP","MBP-EPE-CFP","2543865921","2543865921|12","12","False","25 May, 2025 at 16:16 UTC","2025-05-25 16:16","https://modsbase.com/zqz8eg9skx7o/2543865921_MB___EPE_CFP.zip.html","RECOVERY_CANDIDATE","P4_RECOVERY_LATER","False","1","2543865921|22","0","","temporally-aligned-skymods-revision-without-git-candidate","False","False"
"MBP-EPE-CFP","MBP-EPE-CFP","2543865921","2543865921|13","13","False","5 Apr, 2025 at 22:20 UTC","2025-04-05 22:20","https://modsbase.com/0lwyebidaxw7/2543865921_MB___EPE_CFP.zip.html","RECOVERY_CANDIDATE","P4_RECOVERY_LATER","False","1","2543865921|25","0","","temporally-aligned-skymods-revision-without-git-candidate","False","False"
"MBP-EPE-CFP","MBP-EPE-CFP","2543865921","2543865921|14","14","False","30 Mar, 2025 at 05:46 UTC","2025-03-30 05:46","https://modsbase.com/6xumo972otvy/2543865921_MB___EPE_CFP.zip.html","RECOVERY_CANDIDATE","P4_RECOVERY_LATER","False","1","2543865921|26","0","","temporally-aligned-skymods-revision-without-git-candidate","False","False"
"MBP-EPE-CFP","MBP-EPE-CFP","2543865921","2543865921|15","15","False","9 Mar, 2025 at 23:11 UTC","2025-03-09 23:11","https://modsbase.com/kiw8kvd917yo/2543865921_MB___EPE_CFP.zip.html","RECOVERY_CANDIDATE","P4_RECOVERY_LATER","False","1","2543865921|30","0","","temporally-aligned-skymods-revision-without-git-candidate","False","False"
"MBP-EPE-CFP","MBP-EPE-CFP","2543865921","2543865921|16","16","False","3 Mar, 2025 at 05:31 UTC","2025-03-03 05:31","https://modsbase.com/8iriv3hdc8be/2543865921_MB___EPE_CFP.zip.html","RECOVERY_CANDIDATE","P4_RECOVERY_LATER","False","1","2543865921|32","0","","temporally-aligned-skymods-revision-without-git-candidate","False","False"
"MBP-EPE-CFP","MBP-EPE-CFP","2543865921","2543865921|17","17","False","28 Feb, 2025 at 04:39 UTC","2025-02-28 04:39","https://modsbase.com/3hduokrakau5/2543865921_MB___EPE_CFP.zip.html","RECOVERY_CANDIDATE","P4_RECOVERY_LATER","False","1","2543865921|33","0","","temporally-aligned-skymods-revision-without-git-candidate","False","False"
"MBP-EPE-CFP","MBP-EPE-CFP","2543865921","2543865921|18","18","False","17 Feb, 2025 at 07:09 UTC","2025-02-17 07:09","https://modsbase.com/l273t0at3puw/2543865921_MB___EPE_CFP.zip.html","RECOVERY_CANDIDATE","P4_RECOVERY_LATER","False","1","2543865921|35","0","","temporally-aligned-skymods-revision-without-git-candidate","False","False"
"MBP-EPE-CFP","MBP-EPE-CFP","2543865921","2543865921|19","19","False","21 Jan, 2025 at 14:02 UTC","2025-01-21 14:02","https://modsbase.com/rxd5s6x3c4tp/2543865921_MB___EPE_CFP.zip.html","RECOVERY_CANDIDATE","P4_RECOVERY_LATER","False","1","2543865921|36","0","","temporally-aligned-skymods-revision-without-git-candidate","False","False"
"MBP-EPE-CFP","MBP-EPE-CFP","2543865921","2543865921|20","20","False","15 Jan, 2025 at 22:06 UTC","2025-01-15 22:06","https://modsbase.com/ewjq6c3uq6o3/2543865921_MB___EPE_CFP.zip.html","RECOVERY_CANDIDATE","P4_RECOVERY_LATER","False","1","2543865921|37","0","","temporally-aligned-skymods-revision-without-git-candidate","False","False"
"MBP-EPE-CFP","MBP-EPE-CFP","2543865921","2543865921|21","21","False","6 Jan, 2025 at 00:48 UTC","2025-01-06 00:48","https://modsbase.com/dsndtsv27nsg/2543865921_MB___EPE_CFP.zip.html","RECOVERY_CANDIDATE","P4_RECOVERY_LATER","False","1","2543865921|40","0","","temporally-aligned-skymods-revision-without-git-candidate","False","False"
"MBP-EPE-CFP","MBP-EPE-CFP","2543865921","2543865921|22","22","False","2 Jan, 2025 at 03:55 UTC","2025-01-02 03:55","https://modsbase.com/ymdemnfumiaq/2543865921_MB___EPE_CFP.zip.html","RECOVERY_CANDIDATE","P4_RECOVERY_LATER","False","1","2543865921|41","0","","temporally-aligned-skymods-revision-without-git-candidate","False","False"
"MBP-EPE-CFP","MBP-EPE-CFP","2543865921","2543865921|23","23","False","28 Dec, 2024 at 05:59 UTC","2024-12-28 05:59","https://modsbase.com/mgftb70mvw2c/2543865921_MB___EPE_CFP.zip.html","RECOVERY_CANDIDATE","P4_RECOVERY_LATER","False","1","2543865921|44","0","","temporally-aligned-skymods-revision-without-git-candidate","False","False"
"MBP-EPE-CFP","MBP-EPE-CFP","2543865921","2543865921|24","24","False","19 Dec, 2024 at 00:04 UTC","2024-12-19 00:04","https://modsbase.com/o49nplszu7ne/2543865921_MB___EPE_CFP.zip.html","RECOVERY_CANDIDATE","P4_RECOVERY_LATER","False","1","2543865921|50","0","","temporally-aligned-skymods-revision-without-git-candidate","False","False"
"MBP-EPE-CFP","MBP-EPE-CFP","2543865921","2543865921|25","25","False","9 Dec, 2024 at 23:16 UTC","2024-12-09 23:16","https://modsbase.com/lgkvidjn4ruf/2543865921_MB___EPE_CFP.zip.html","RECOVERY_CANDIDATE","P4_RECOVERY_LATER","False","1","2543865921|51","0","","temporally-aligned-skymods-revision-without-git-candidate","False","False"
"MBP-EPE-CFP","MBP-EPE-CFP","2543865921","2543865921|26","26","False","13 Sep, 2024 at 13:43 UTC","2024-09-13 13:43","https://modsbase.com/hjlca7tnsomn/2543865921_MB___EPE_CFP.zip.html","RECOVERY_CANDIDATE","P4_RECOVERY_LATER","False","1","2543865921|54","0","","temporally-aligned-skymods-revision-without-git-candidate","False","False"
"MBP-EPE-CFP","MBP-EPE-CFP","2543865921","2543865921|27","27","False","30 Jul, 2024 at 15:49 UTC","2024-07-30 15:49","https://modsbase.com/xvt4b60y1f8n/2543865921_MB___EPE_CFP.zip.html","RECOVERY_CANDIDATE","P4_RECOVERY_LATER","False","1","2543865921|55","0","","temporally-aligned-skymods-revision-without-git-candidate","False","False"
"MBP-EPE-CFP","MBP-EPE-CFP","2543865921","2543865921|28","28","False","21 Jun, 2024 at 01:07 UTC","2024-06-21 01:07","https://modsbase.com/4uakuaduew6c/2543865921_MB___EPE_CFP.zip.html","RECOVERY_CANDIDATE","P4_RECOVERY_LATER","False","1","2543865921|56","0","","temporally-aligned-skymods-revision-without-git-candidate","False","False"
"MBP-EPE-CFP","MBP-EPE-CFP","2543865921","2543865921|29","29","False","13 Jun, 2024 at 00:25 UTC","2024-06-13 00:25","https://modsbase.com/2csizirledt5/2543865921_MB___EPE_CFP.zip.html","RECOVERY_CANDIDATE","P4_RECOVERY_LATER","False","1","2543865921|58","0","","temporally-aligned-skymods-revision-without-git-candidate","False","False"
"MBP-EPE-CFP","MBP-EPE-CFP","2543865921","2543865921|30","30","False","25 May, 2024 at 06:48 UTC","2024-05-25 06:48","https://modsbase.com/aosrpscyegki/2543865921_MB___EPE_CFP.zip.html","RECOVERY_CANDIDATE","P4_RECOVERY_LATER","False","1","2543865921|59","0","","temporally-aligned-skymods-revision-without-git-candidate","False","False"
"MBP-EPE-CFP","MBP-EPE-CFP","2543865921","2543865921|31","31","False","15 May, 2024 at 05:06 UTC","2024-05-15 05:06","https://modsbase.com/o1k2e8bdbypi/2543865921_MB___EPE_CFP.zip.html","RECOVERY_CANDIDATE","P4_RECOVERY_LATER","False","1","2543865921|60","0","","temporally-aligned-skymods-revision-without-git-candidate","False","False"
"MBP-EPE-CFP","MBP-EPE-CFP","2543865921","2543865921|32","32","False","9 May, 2024 at 02:17 UTC","2024-05-09 02:17","https://modsbase.com/419j9l3zoqdm/2543865921_MB___EPE_CFP.zip.html","RECOVERY_CANDIDATE","P4_RECOVERY_LATER","False","1","2543865921|62","0","","temporally-aligned-skymods-revision-without-git-candidate","False","False"
"MBP-EPE-CFP","MBP-EPE-CFP","2543865921","2543865921|33","33","False","4 May, 2024 at 03:14 UTC","2024-05-04 03:14","https://modsbase.com/6r77utge35p2/2543865921_MB___EPE_CFP.zip.html","RECOVERY_CANDIDATE","P4_RECOVERY_LATER","False","1","2543865921|63","0","","temporally-aligned-skymods-revision-without-git-candidate","False","False"
"MBP-EPE-CFP","MBP-EPE-CFP","2543865921","2543865921|34","34","False","18 Apr, 2024 at 19:24 UTC","2024-04-18 19:24","https://modsbase.com/gd28c4cnao1o/2543865921_MB___EPE_CFP.zip.html","RECOVERY_CANDIDATE","P4_RECOVERY_LATER","False","1","2543865921|65","0","","temporally-aligned-skymods-revision-without-git-candidate","False","False"
"MBP-EPE-CFP","MBP-EPE-CFP","2543865921","2543865921|35","35","False","10 Apr, 2024 at 02:40 UTC","2024-04-10 02:40","https://modsbase.com/tt05374z4hzh/2543865921_MB___EPE_CFP.zip.html","RECOVERY_CANDIDATE","P4_RECOVERY_LATER","False","1","2543865921|66","0","","temporally-aligned-skymods-revision-without-git-candidate","False","False"
"MBP-EPE-CFP","MBP-EPE-CFP","2543865921","2543865921|36","36","False","1 Apr, 2024 at 21:17 UTC","2024-04-01 21:17","https://modsbase.com/57vjoijzd4lb/2543865921_MB___EPE_CFP.zip.html","RECOVERY_CANDIDATE","P4_RECOVERY_LATER","False","1","2543865921|67","0","","temporally-aligned-skymods-revision-without-git-candidate","False","False"
"MBP-EPE-CFP","MBP-EPE-CFP","2543865921","2543865921|37","37","False","31 Mar, 2024 at 02:15 UTC","2024-03-31 02:15","https://modsbase.com/j53v57h4gdpg/2543865921_MB___EPE_CFP.zip.html","RECOVERY_CANDIDATE","P4_RECOVERY_LATER","False","1","2543865921|68","0","","temporally-aligned-skymods-revision-without-git-candidate","False","False"
"MBP-EPE-CFP","MBP-EPE-CFP","2543865921","2543865921|38","38","False","22 Mar, 2024 at 09:46 UTC","2024-03-22 09:46","https://modsbase.com/of34svc4judp/2543865921_MB___EPE_CFP.zip.html","RECOVERY_CANDIDATE","P4_RECOVERY_LATER","False","1","2543865921|70","0","","temporally-aligned-skymods-revision-without-git-candidate","False","False"
"MBP-EPE-CFP","MBP-EPE-CFP","2543865921","2543865921|39","39","False","16 Mar, 2024 at 19:26 UTC","2024-03-16 19:26","https://modsbase.com/973tmtt9wi2q/2543865921_MB___EPE_CFP.zip.html","RECOVERY_CANDIDATE","P4_RECOVERY_LATER","False","1","2543865921|72","0","","temporally-aligned-skymods-revision-without-git-candidate","False","False"
"MBP-EPE-CFP","MBP-EPE-CFP","2543865921","2543865921|40","40","False","12 Mar, 2024 at 01:37 UTC","2024-03-12 01:37","https://modsbase.com/b876plj6e2fd/2543865921_MB___EPE_CFP.zip.html","RECOVERY_CANDIDATE","P4_RECOVERY_LATER","False","1","2543865921|73","0","","temporally-aligned-skymods-revision-without-git-candidate","False","False"
"MBP-EPE-CFP","MBP-EPE-CFP","2543865921","2543865921|41","41","False","21 Feb, 2024 at 09:16 UTC","2024-02-21 09:16","https://modsbase.com/kolg8efl0mzg/2543865921_MB___EPE_CFP.zip.html","RECOVERY_CANDIDATE","P4_RECOVERY_LATER","False","1","2543865921|79","0","","temporally-aligned-skymods-revision-without-git-candidate","False","False"
"MBP-EPE-CFP","MBP-EPE-CFP","2543865921","2543865921|42","42","False","10 Feb, 2024 at 20:03 UTC","2024-02-10 20:03","https://modsbase.com/z4l07gndhvxs/2543865921_MB___EPE_CFP.zip.html","RECOVERY_CANDIDATE","P4_RECOVERY_LATER","False","1","2543865921|80","0","","temporally-aligned-skymods-revision-without-git-candidate","False","False"
"MBP-EPE-CFP","MBP-EPE-CFP","2543865921","2543865921|43","43","False","15 Jan, 2024 at 22:04 UTC","2024-01-15 22:04","https://modsbase.com/s15i697gr1qb/2543865921_MB___EPE_CFP.zip.html","RECOVERY_CANDIDATE","P4_RECOVERY_LATER","False","1","2543865921|87","0","","temporally-aligned-skymods-revision-without-git-candidate","False","False"
"MBP-EPE-CFP","MBP-EPE-CFP","2543865921","2543865921|44","44","False","11 Dec, 2023 at 07:28 UTC","2023-12-11 07:28","https://modsbase.com/z1fthw06fs65/2543865921_MB___EPE_CFP.zip.html","RECOVERY_CANDIDATE","P4_RECOVERY_LATER","False","1","2543865921|92","0","","temporally-aligned-skymods-revision-without-git-candidate","False","False"
"MBP-EPE-CFP","MBP-EPE-CFP","2543865921","2543865921|45","45","False","5 Dec, 2023 at 07:37 UTC","2023-12-05 07:37","https://modsbase.com/6e5z7vt01m1s/2543865921_MB___EPE_CFP.zip.html","RECOVERY_CANDIDATE","P4_RECOVERY_LATER","False","1","2543865921|95","0","","temporally-aligned-skymods-revision-without-git-candidate","False","False"
"MBP-EPE-CFP","MBP-EPE-CFP","2543865921","2543865921|46","46","False","26 Nov, 2023 at 01:41 UTC","2023-11-26 01:41","https://modsbase.com/ctrhc1mlwa24/2543865921_MB___EPE_CFP.zip.html","RECOVERY_CANDIDATE","P4_RECOVERY_LATER","False","1","2543865921|99","0","","temporally-aligned-skymods-revision-without-git-candidate","False","False"
"MBP-EPE-CFP","MBP-EPE-CFP","2543865921","2543865921|47","47","False","21 Nov, 2023 at 23:17 UTC","2023-11-21 23:17","https://modsbase.com/uwsrgpxcc7qp/2543865921_MB___EPE_CFP.zip.html","RECOVERY_CANDIDATE","P4_RECOVERY_LATER","False","1","2543865921|101","0","","temporally-aligned-skymods-revision-without-git-candidate","False","False"
"MBP-EPE-CFP","MBP-EPE-CFP","2543865921","2543865921|48","48","False","23 Oct, 2023 at 19:40 UTC","2023-10-23 19:40","https://modsbase.com/jl9343caqzin/2543865921_MB___EPE_CFP.zip.html","RECOVERY_CANDIDATE","P4_RECOVERY_LATER","False","1","2543865921|105","0","","temporally-aligned-skymods-revision-without-git-candidate","False","False"
"MBP-EPE-CFP","MBP-EPE-CFP","2543865921","2543865921|49","49","False","16 Oct, 2023 at 03:08 UTC","2023-10-16 03:08","https://modsbase.com/eqlb8zwgm0s9/2543865921_MB___EPE_CFP.zip.html","RECOVERY_CANDIDATE","P4_RECOVERY_LATER","False","1","2543865921|106","0","","temporally-aligned-skymods-revision-without-git-candidate","False","False"
"MBP-EPE-CFP","MBP-EPE-CFP","2543865921","2543865921|50","50","False","5 Oct, 2023 at 01:41 UTC","2023-10-05 01:41","https://modsbase.com/gnitsdzj9cga/2543865921_MB___EPE_CFP.zip.html","RECOVERY_CANDIDATE","P4_RECOVERY_LATER","False","1","2543865921|107","0","","temporally-aligned-skymods-revision-without-git-candidate","False","False"
"MBP-EPE-CFP","MBP-EPE-CFP","2543865921","2543865921|51","51","False","29 Sep, 2023 at 05:14 UTC","2023-09-29 05:14","https://modsbase.com/fedcoiyb7jti/2543865921_MB___EPE_CFP_Compatch.zip.html","RECOVERY_CANDIDATE","P4_RECOVERY_LATER","False","1","2543865921|113","0","","temporally-aligned-skymods-revision-without-git-candidate","False","False"
"MBP-EPE-CFP","MBP-EPE-CFP","2543865921","2543865921|52","52","False","22 Aug, 2023 at 21:23 UTC","2023-08-22 21:23","https://modsbase.com/279jodo8s9yp/2543865921_MB___EPE_CFP_Compatch.zip.html","RECOVERY_CANDIDATE","P4_RECOVERY_LATER","False","1","2543865921|115","0","","temporally-aligned-skymods-revision-without-git-candidate","False","False"
"MBP-EPE-CFP","MBP-EPE-CFP","2543865921","2543865921|53","53","False","7 Aug, 2023 at 17:38 UTC","2023-08-07 17:38","https://modsbase.com/owsupvro0i7h/2543865921_MB___EPE_CFP_Compatch.zip.html","RECOVERY_CANDIDATE","P4_RECOVERY_LATER","False","1","2543865921|116","0","","temporally-aligned-skymods-revision-without-git-candidate","False","False"
"MBP-EPE-CFP","MBP-EPE-CFP","2543865921","2543865921|54","54","False","6 Aug, 2023 at 02:24 UTC","2023-08-06 02:24","https://modsbase.com/3v74j1ci1jly/2543865921_MB___EPE_CFP_Compatch.zip.html","RECOVERY_CANDIDATE","P4_RECOVERY_LATER","False","1","2543865921|117","0","","temporally-aligned-skymods-revision-without-git-candidate","False","False"
"MBP-EPE-CFP","MBP-EPE-CFP","2543865921","2543865921|55","55","False","2 Aug, 2023 at 22:07 UTC","2023-08-02 22:07","https://modsbase.com/pn4qkgfxwl9j/2543865921_MB___EPE_CFP_Compatch.zip.html","RECOVERY_CANDIDATE","P4_RECOVERY_LATER","False","1","2543865921|118","0","","temporally-aligned-skymods-revision-without-git-candidate","False","False"
"MBP-EPE-CFP","MBP-EPE-CFP","2543865921","2543865921|56","56","False","29 Jul, 2023 at 17:07 UTC","2023-07-29 17:07","https://modsbase.com/cq20c26r0c9e/2543865921_MB___EPE_CFP_Compatch.zip.html","RECOVERY_CANDIDATE","P4_RECOVERY_LATER","False","1","2543865921|119","0","","temporally-aligned-skymods-revision-without-git-candidate","False","False"
"MBP-EPE-CFP","MBP-EPE-CFP","2543865921","2543865921|57","57","False","24 Jul, 2023 at 18:25 UTC","2023-07-24 18:25","https://modsbase.com/j2ucdubkhts1/2543865921_MB___EPE_CFP_Compatch.zip.html","RECOVERY_CANDIDATE","P4_RECOVERY_LATER","False","1","2543865921|120","0","","temporally-aligned-skymods-revision-without-git-candidate","False","False"
"MBP-EPE-CFP","MBP-EPE-CFP","2543865921","2543865921|58","58","False","21 Jul, 2023 at 04:36 UTC","2023-07-21 04:36","https://modsbase.com/lkyg5l5rszqw/2543865921_MB___EPE_CFP_Compatch.zip.html","RECOVERY_CANDIDATE","P4_RECOVERY_LATER","False","1","2543865921|125","0","","temporally-aligned-skymods-revision-without-git-candidate","False","False"
"MBP-EPE-CFP","MBP-EPE-CFP","2543865921","2543865921|59","59","False","18 Apr, 2023 at 00:13 UTC","2023-04-18 00:13","https://modsbase.com/55ze8jslt93w/2543865921_EPE_CFP_MB_Compatch.zip.html","RECOVERY_CANDIDATE","P4_RECOVERY_LATER","False","1","2543865921|127","0","","temporally-aligned-skymods-revision-without-git-candidate","False","False"
"MBP-EPE-CFP","MBP-EPE-CFP","2543865921","2543865921|60","60","False","16 Mar, 2023 at 00:51 UTC","2023-03-16 00:51","https://modsbase.com/ushy4x54wtwl/2543865921_EPE_CFP_MB_Compatch.zip.html","RECOVERY_CANDIDATE","P4_RECOVERY_LATER","False","1","2543865921|128","0","","temporally-aligned-skymods-revision-without-git-candidate","False","False"
"MBP-EPE-CFP","MBP-EPE-CFP","2543865921","2543865921|61","61","False","13 Mar, 2023 at 02:15 UTC","2023-03-13 02:15","https://modsbase.com/wyg3awtjqcft/2543865921_EPE_CFP_MB_Compatch.zip.html","RECOVERY_CANDIDATE","P4_RECOVERY_LATER","False","1","2543865921|131","0","","temporally-aligned-skymods-revision-without-git-candidate","False","False"
"MBP-EPE-CFP","MBP-EPE-CFP","2543865921","2543865921|62","62","False","6 Mar, 2023 at 04:36 UTC","2023-03-06 04:36","https://modsbase.com/m6gpfd3nwq1c/2543865921_EPE_CFP_MB_Compatch.zip.html","RECOVERY_CANDIDATE","P4_RECOVERY_LATER","False","1","2543865921|132","0","","temporally-aligned-skymods-revision-without-git-candidate","False","False"
"MBP-EPE-CFP","MBP-EPE-CFP","2543865921","2543865921|63","63","False","5 Feb, 2023 at 04:06 UTC","2023-02-05 04:06","https://modsbase.com/o7guoabxo2f5/2543865921_EPE_CFP_MB_Compatch.zip.html","RECOVERY_CANDIDATE","P4_RECOVERY_LATER","False","1","2543865921|133","0","","temporally-aligned-skymods-revision-without-git-candidate","False","False"
"MBP-EPE-CFP","MBP-EPE-CFP","2543865921","2543865921|64","64","False","22 Jan, 2023 at 03:37 UTC","2023-01-22 03:37","https://modsbase.com/nu3ajuaxerqj/2543865921_EPE_CFP_MB_Compatch.zip.html","RECOVERY_CANDIDATE","P4_RECOVERY_LATER","False","1","2543865921|134","0","","temporally-aligned-skymods-revision-without-git-candidate","False","False"
"MBP-EPE-CFP","MBP-EPE-CFP","2543865921","2543865921|65","65","False","14 Jan, 2023 at 07:32 UTC","2023-01-14 07:32","https://modsbase.com/0dglero2zq8n/2543865921_EPE_CFP_MB_Compatch.zip.html","RECOVERY_CANDIDATE","P4_RECOVERY_LATER","False","1","2543865921|135","0","","temporally-aligned-skymods-revision-without-git-candidate","False","False"
"MBP-EPE-CFP","MBP-EPE-CFP","2543865921","2543865921|66","66","False","13 Dec, 2022 at 20:48 UTC","2022-12-13 20:48","https://modsbase.com/htr5vacj9a1d/2543865921_EPE_CFP_MB_Compatch.zip.html","RECOVERY_CANDIDATE","P4_RECOVERY_LATER","False","1","2543865921|136","0","","temporally-aligned-skymods-revision-without-git-candidate","False","False"
"MBP-EPE-CFP","MBP-EPE-CFP","2543865921","2543865921|67","67","False","3 Dec, 2022 at 20:38 UTC","2022-12-03 20:38","https://modsbase.com/78kdgg0fldp2/2543865921_EPE_CFP_MB_Compatch.zip.html","RECOVERY_CANDIDATE","P4_RECOVERY_LATER","False","1","2543865921|137","0","","temporally-aligned-skymods-revision-without-git-candidate","False","False"
"MBP-EPE-CFP","MBP-EPE-CFP","2543865921","2543865921|68","68","False","29 Sep, 2022 at 16:55 UTC","2022-09-29 16:55","https://modsbase.com/qa841e6ww60u/2543865921_EPE_CFP_MB_Compatch.zip.html","RECOVERY_CANDIDATE","P4_RECOVERY_LATER","False","1","2543865921|139","0","","temporally-aligned-skymods-revision-without-git-candidate","False","False"
"MBP-EPE-CFP","MBP-EPE-CFP","2543865921","2543865921|69","69","False","22 Sep, 2022 at 22:33 UTC","2022-09-22 22:33","https://modsbase.com/lp9ob3447vef/2543865921_EPE_CFP_MB_Compatch.zip.html","RECOVERY_CANDIDATE","P4_RECOVERY_LATER","False","1","2543865921|140","0","","temporally-aligned-skymods-revision-without-git-candidate","False","False"
"MBP-EPE-CFP","MBP-EPE-CFP","2543865921","2543865921|70","70","False","18 Sep, 2022 at 09:13 UTC","2022-09-18 09:13","https://modsbase.com/copvyj1r6fty/2543865921_EPE_CFP_MB_Compatch.zip.html","RECOVERY_CANDIDATE","P4_RECOVERY_LATER","False","1","2543865921|141","0","","temporally-aligned-skymods-revision-without-git-candidate","False","False"
"MBP-EPE-CFP","MBP-EPE-CFP","2543865921","2543865921|71","71","False","16 Sep, 2022 at 01:21 UTC","2022-09-16 01:21","https://modsbase.com/e5dt28zrsh50/2543865921_EPE_CFP_MB_Compatch.zip.html","RECOVERY_CANDIDATE","P4_RECOVERY_LATER","False","1","2543865921|142","0","","temporally-aligned-skymods-revision-without-git-candidate","False","False"
"MBP-EPE-CFP","MBP-EPE-CFP","2543865921","2543865921|72","72","False","12 Sep, 2022 at 01:22 UTC","2022-09-12 01:22","https://modsbase.com/av59bmnggllq/2543865921_EPE_CFP_MB_Compatch.zip.html","RECOVERY_CANDIDATE","P4_RECOVERY_LATER","False","1","2543865921|143","0","","temporally-aligned-skymods-revision-without-git-candidate","False","False"
"MBP-EPE-CFP","MBP-EPE-CFP","2543865921","2543865921|73","73","False","9 Sep, 2022 at 09:23 UTC","2022-09-09 09:23","https://modsbase.com/1io6vtwrm648/2543865921_EPE_CFP_MB_Compatch.zip.html","RECOVERY_CANDIDATE","P4_RECOVERY_LATER","False","1","2543865921|147","0","","temporally-aligned-skymods-revision-without-git-candidate","False","False"
"MBP-EPE-CFP","MBP-EPE-CFP","2543865921","2543865921|74","74","False","29 Jul, 2022 at 02:08 UTC","2022-07-29 02:08","https://modsbase.com/f558jqrsb0te/2543865921_EPE_CFP_MB_Compatch.zip.html","RECOVERY_CANDIDATE","P4_RECOVERY_LATER","False","1","2543865921|148","0","","temporally-aligned-skymods-revision-without-git-candidate","False","False"
"MBP-EPE-CFP","MBP-EPE-CFP","2543865921","2543865921|75","75","False","12 Jul, 2022 at 19:43 UTC","2022-07-12 19:43","https://modsbase.com/vhnx19pe5wsj/2543865921_EPE_CFP_MB_Compatch.zip.html","RECOVERY_CANDIDATE","P4_RECOVERY_LATER","False","1","2543865921|149","0","","temporally-aligned-skymods-revision-without-git-candidate","False","False"
"MBP-EPE-CFP","MBP-EPE-CFP","2543865921","2543865921|76","76","False","7 Jul, 2022 at 19:27 UTC","2022-07-07 19:27","https://modsbase.com/6qlixcorj5al/2543865921_EPE_CFP_MB_Compatch.zip.html","RECOVERY_CANDIDATE","P4_RECOVERY_LATER","False","1","2543865921|150","0","","temporally-aligned-skymods-revision-without-git-candidate","False","False"
"MBP-EPE-CFP","MBP-EPE-CFP","2543865921","2543865921|77","77","False","29 Jun, 2022 at 19:54 UTC","2022-06-29 19:54","https://modsbase.com/4c37kmf3uanv/2543865921_EPE_CFP_MB_Compatch.zip.html","RECOVERY_CANDIDATE","P4_RECOVERY_LATER","False","1","2543865921|151","0","","temporally-aligned-skymods-revision-without-git-candidate","False","False"
"MBP-EPE-CFP","MBP-EPE-CFP","2543865921","2543865921|78","78","False","27 Jun, 2022 at 04:06 UTC","2022-06-27 04:06","https://modsbase.com/1wkjxzu0wdyz/2543865921_EPE_CFP_MB_Compatch.zip.html","RECOVERY_CANDIDATE","P4_RECOVERY_LATER","False","1","2543865921|153","0","","temporally-aligned-skymods-revision-without-git-candidate","False","False"
"MBP-EPE-CFP","MBP-EPE-CFP","2543865921","2543865921|79","79","False","6 Jun, 2022 at 07:41 UTC","2022-06-06 07:41","https://modsbase.com/bwaw2xx0lqwa/2543865921_EPE_CFP_MB_Compatch.zip.html","RECOVERY_CANDIDATE","P4_RECOVERY_LATER","False","1","2543865921|158","0","","temporally-aligned-skymods-revision-without-git-candidate","False","False"
"MBP-EPE-CFP","MBP-EPE-CFP","2543865921","2543865921|80","80","False","22 Mar, 2022 at 21:37 UTC","2022-03-22 21:37","https://modsbase.com/8izjgpxgt9gv/2543865921_EPE_CFP_MB_Compatch.zip.html","RECOVERY_CANDIDATE","P4_RECOVERY_LATER","False","1","2543865921|162","0","","temporally-aligned-skymods-revision-without-git-candidate","False","False"
"MBP-EPE-CFP","MBP-EPE-CFP","2543865921","2543865921|81","81","False","2 Dec, 2021 at 00:39 UTC","2021-12-02 00:39","https://modsbase.com/k2nnnoyujyjk/2543865921_EPE_CFP_MB_Compatch.zip.html","RECOVERY_CANDIDATE","P4_RECOVERY_LATER","False","1","2543865921|176","0","","temporally-aligned-skymods-revision-without-git-candidate","False","False"
"MedievalImmersion","MI","3268020725","3268020725|1","1","True","21 Dec, 2025 at 21:27 UTC","2025-12-21 21:27","https://modsbase.com/08iss3c64d3k/3268020725_MedievalImmersion.zip.html","RECOVERY_CANDIDATE","P4_RECOVERY_LATER","False","1","3268020725|4","0","","temporally-aligned-skymods-revision-without-git-candidate","False","False"
"MedievalImmersion","MI","3268020725","3268020725|2","2","False","28 Nov, 2025 at 01:52 UTC","2025-11-28 01:52","https://modsbase.com/8xvb4ymd7o7h/3268020725_MedievalImmersion.zip.html","RECOVERY_CANDIDATE","P4_RECOVERY_LATER","False","1","3268020725|11","0","","temporally-aligned-skymods-revision-without-git-candidate","False","False"
"MedievalImmersion","MI","3268020725","3268020725|3","3","False","13 Aug, 2025 at 16:38 UTC","2025-08-13 16:38","https://modsbase.com/7mrbzdpui1gf/3268020725_MedievalImmersion.zip.html","RECOVERY_CANDIDATE","P4_RECOVERY_LATER","False","1","3268020725|20","0","","temporally-aligned-skymods-revision-without-git-candidate","False","False"
"MedievalImmersion","MI","3268020725","3268020725|4","4","False","27 May, 2025 at 23:23 UTC","2025-05-27 23:23","https://modsbase.com/jcvqczjsdsnt/3268020725_MedievalImmersion.zip.html","RECOVERY_CANDIDATE","P4_RECOVERY_LATER","False","1","3268020725|21","0","","temporally-aligned-skymods-revision-without-git-candidate","False","False"
"MedievalImmersion","MI","3268020725","3268020725|5","5","False","8 Apr, 2025 at 20:50 UTC","2025-04-08 20:50","https://modsbase.com/gogyft6vyl93/3268020725_MedievalImmersion.zip.html","RECOVERY_CANDIDATE","P4_RECOVERY_LATER","False","1","3268020725|22","0","","temporally-aligned-skymods-revision-without-git-candidate","False","False"
"RICE","RICE","2273832430","2273832430|12","12","False","4 Oct, 2025 at 05:34 UTC","2025-10-04 05:34","https://modsbase.com/6lg4g75fydf9/2273832430_Regional_Immersion_and_Cultural_Enrichment___40_RICE__41_.zip.html","RECOVERY_CANDIDATE","P4_RECOVERY_LATER","False","1","2273832430|15","0","","temporally-aligned-skymods-revision-without-git-candidate","False","False"
"RICE","RICE","2273832430","2273832430|13","13","False","30 Sep, 2025 at 07:24 UTC","2025-09-30 07:24","https://modsbase.com/81xh1gpwvo51/2273832430_Regional_Immersion_and_Cultural_Enrichment___40_RICE__41_.zip.html","RECOVERY_CANDIDATE","P4_RECOVERY_LATER","False","1","2273832430|16","0","","temporally-aligned-skymods-revision-without-git-candidate","False","False"
"RICE","RICE","2273832430","2273832430|14","14","False","4 Jul, 2025 at 01:30 UTC","2025-07-04 01:30","https://modsbase.com/ql55vebqc2v3/2273832430_Regional_Immersion_and_Cultural_Enrichment___40_RICE__41_.zip.html","RECOVERY_CANDIDATE","P4_RECOVERY_LATER","False","1","2273832430|17","0","","temporally-aligned-skymods-revision-without-git-candidate","False","False"
"RICE","RICE","2273832430","2273832430|15","15","False","25 Jun, 2025 at 03:52 UTC","2025-06-25 03:52","https://modsbase.com/d3kab72jh77l/2273832430_Regional_Immersion_and_Cultural_Enrichment___40_RICE__41_.zip.html","RECOVERY_CANDIDATE","P4_RECOVERY_LATER","False","1","2273832430|19","0","","temporally-aligned-skymods-revision-without-git-candidate","False","False"
"RICE","RICE","2273832430","2273832430|16","16","False","18 Jun, 2025 at 04:01 UTC","2025-06-18 04:01","https://modsbase.com/qtygsbmbe9gb/2273832430_Regional_Immersion_and_Cultural_Enrichment___40_RICE__41_.zip.html","RECOVERY_CANDIDATE","P4_RECOVERY_LATER","False","1","2273832430|20","0","","temporally-aligned-skymods-revision-without-git-candidate","False","False"
"RICE","RICE","2273832430","2273832430|17","17","False","31 May, 2025 at 20:33 UTC","2025-05-31 20:33","https://modsbase.com/k77m5gc8olg2/2273832430_Regional_Immersion_and_Cultural_Enrichment___40_RICE__41_.zip.html","RECOVERY_CANDIDATE","P4_RECOVERY_LATER","False","1","2273832430|21","0","","temporally-aligned-skymods-revision-without-git-candidate","False","False"
"RICE","RICE","2273832430","2273832430|18","18","False","21 May, 2025 at 04:10 UTC","2025-05-21 04:10","https://modsbase.com/1ylglgzxbeke/2273832430_Regional_Immersion_and_Cultural_Enrichment___40_RICE__41_.zip.html","RECOVERY_CANDIDATE","P4_RECOVERY_LATER","False","1","2273832430|22","0","","temporally-aligned-skymods-revision-without-git-candidate","False","False"
"RICE","RICE","2273832430","2273832430|19","19","False","29 Mar, 2025 at 03:44 UTC","2025-03-29 03:44","https://modsbase.com/t8ys7z6pv1l4/2273832430_Regional_Immersion_and_Cultural_Enrichment___40_RICE__41_.zip.html","RECOVERY_CANDIDATE","P4_RECOVERY_LATER","False","1","2273832430|24","0","","temporally-aligned-skymods-revision-without-git-candidate","False","False"
"RICE","RICE","2273832430","2273832430|20","20","False","8 Mar, 2025 at 06:13 UTC","2025-03-08 06:13","https://modsbase.com/i35ucl6yovmo/2273832430_Regional_Immersion_and_Cultural_Enrichment___40_RICE__41_.zip.html","RECOVERY_CANDIDATE","P4_RECOVERY_LATER","False","1","2273832430|25","0","","temporally-aligned-skymods-revision-without-git-candidate","False","False"
"RICE","RICE","2273832430","2273832430|21","21","False","4 Mar, 2025 at 08:10 UTC","2025-03-04 08:10","https://modsbase.com/om41guv9pc2b/2273832430_Regional_Immersion_and_Cultural_Enrichment___40_RICE__41_.zip.html","RECOVERY_CANDIDATE","P4_RECOVERY_LATER","False","1","2273832430|26","0","","temporally-aligned-skymods-revision-without-git-candidate","False","False"
"RICE","RICE","2273832430","2273832430|22","22","False","16 Feb, 2025 at 08:44 UTC","2025-02-16 08:44","https://modsbase.com/mgciquud4ak8/2273832430_Regional_Immersion_and_Cultural_Enrichment___40_RICE__41_.zip.html","RECOVERY_CANDIDATE","P4_RECOVERY_LATER","False","1","2273832430|27","0","","temporally-aligned-skymods-revision-without-git-candidate","False","False"
"RICE","RICE","2273832430","2273832430|23","23","False","11 Feb, 2025 at 06:52 UTC","2025-02-11 06:52","https://modsbase.com/1w65ertjjreu/2273832430_Regional_Immersion_and_Cultural_Enrichment___40_RICE__41_.zip.html","RECOVERY_CANDIDATE","P4_RECOVERY_LATER","False","1","2273832430|28","0","","temporally-aligned-skymods-revision-without-git-candidate","False","False"
"RICE","RICE","2273832430","2273832430|24","24","False","6 Feb, 2025 at 07:22 UTC","2025-02-06 07:22","https://modsbase.com/w0w4iqnglfb3/2273832430_Regional_Immersion_and_Cultural_Enrichment___40_RICE__41_.zip.html","RECOVERY_CANDIDATE","P4_RECOVERY_LATER","False","1","2273832430|29","0","","temporally-aligned-skymods-revision-without-git-candidate","False","False"
"RICE","RICE","2273832430","2273832430|25","25","False","2 Dec, 2024 at 08:10 UTC","2024-12-02 08:10","https://modsbase.com/o8kf024cb1hs/2273832430_Regional_Immersion_and_Cultural_Enrichment___40_RICE__41_.zip.html","RECOVERY_CANDIDATE","P4_RECOVERY_LATER","False","1","2273832430|30","0","","temporally-aligned-skymods-revision-without-git-candidate","False","False"
"RICE","RICE","2273832430","2273832430|26","26","False","21 Nov, 2024 at 20:00 UTC","2024-11-21 20:00","https://modsbase.com/7xljitcs1ull/2273832430_Regional_Immersion_and_Cultural_Enrichment___40_RICE__41_.zip.html","RECOVERY_CANDIDATE","P4_RECOVERY_LATER","False","1","2273832430|31","0","","temporally-aligned-skymods-revision-without-git-candidate","False","False"
"RICE","RICE","2273832430","2273832430|27","27","False","30 Oct, 2024 at 04:49 UTC","2024-10-30 04:49","https://modsbase.com/adbn4d1m4fkc/2273832430_Regional_Immersion_and_Cultural_Enrichment___40_RICE__41_.zip.html","RECOVERY_CANDIDATE","P4_RECOVERY_LATER","False","1","2273832430|34","0","","temporally-aligned-skymods-revision-without-git-candidate","False","False"
"RICE","RICE","2273832430","2273832430|28","28","False","13 Oct, 2024 at 05:35 UTC","2024-10-13 05:35","https://modsbase.com/26szp5zfr41i/2273832430_Regional_Immersion_and_Cultural_Enrichment___40_RICE__41_.zip.html","RECOVERY_CANDIDATE","P4_RECOVERY_LATER","False","1","2273832430|35","0","","temporally-aligned-skymods-revision-without-git-candidate","False","False"
"RICE","RICE","2273832430","2273832430|30","30","False","9 Sep, 2024 at 05:44 UTC","2024-09-09 05:44","https://modsbase.com/45g06tm0njhn/2273832430_Regional_Immersion_and_Cultural_Enrichment___40_RICE__41_.zip.html","RECOVERY_CANDIDATE","P4_RECOVERY_LATER","False","1","2273832430|38","0","","temporally-aligned-skymods-revision-without-git-candidate","False","False"
"RICE","RICE","2273832430","2273832430|31","31","False","1 Sep, 2024 at 06:14 UTC","2024-09-01 06:14","https://modsbase.com/fu5wlvdu8zb1/2273832430_Regional_Immersion_and_Cultural_Enrichment___40_RICE__41_.zip.html","RECOVERY_CANDIDATE","P4_RECOVERY_LATER","False","1","2273832430|39","0","","temporally-aligned-skymods-revision-without-git-candidate","False","False"
"RICE","RICE","2273832430","2273832430|32","32","False","28 Aug, 2024 at 07:35 UTC","2024-08-28 07:35","https://modsbase.com/kyhlbr8amq1o/2273832430_Regional_Immersion_and_Cultural_Enrichment___40_RICE__41_.zip.html","RECOVERY_CANDIDATE","P4_RECOVERY_LATER","False","1","2273832430|41","0","","temporally-aligned-skymods-revision-without-git-candidate","False","False"
"RICE","RICE","2273832430","2273832430|33","33","False","30 Mar, 2024 at 18:05 UTC","2024-03-30 18:05","https://modsbase.com/f71roohg1xvg/2273832430_Regional_Immersion_and_Cultural_Enrichment___40_RICE__41_.zip.html","RECOVERY_CANDIDATE","P4_RECOVERY_LATER","False","1","2273832430|42","0","","temporally-aligned-skymods-revision-without-git-candidate","False","False"
"RICE","RICE","2273832430","2273832430|34","34","False","17 Mar, 2024 at 05:21 UTC","2024-03-17 05:21","https://modsbase.com/b1bn7fn6vvzm/2273832430_Regional_Immersion_and_Cultural_Enrichment___40_RICE__41_.zip.html","RECOVERY_CANDIDATE","P4_RECOVERY_LATER","False","1","2273832430|43","0","","temporally-aligned-skymods-revision-without-git-candidate","False","False"
"RICE","RICE","2273832430","2273832430|35","35","False","10 Mar, 2024 at 19:32 UTC","2024-03-10 19:32","https://modsbase.com/x31zu0ak2fqj/2273832430_Regional_Immersion_and_Cultural_Enrichment___40_RICE__41_.zip.html","RECOVERY_CANDIDATE","P4_RECOVERY_LATER","False","1","2273832430|44","0","","temporally-aligned-skymods-revision-without-git-candidate","False","False"
"RICE","RICE","2273832430","2273832430|36","36","False","7 Mar, 2024 at 08:58 UTC","2024-03-07 08:58","https://modsbase.com/gbbyg22raobi/2273832430_Regional_Immersion_and_Cultural_Enrichment___40_RICE__41_.zip.html","RECOVERY_CANDIDATE","P4_RECOVERY_LATER","False","1","2273832430|45","0","","temporally-aligned-skymods-revision-without-git-candidate","False","False"
"RICE","RICE","2273832430","2273832430|37","37","False","24 Feb, 2024 at 10:17 UTC","2024-02-24 10:17","https://modsbase.com/l3ny3z47hcn2/2273832430_Regional_Immersion_and_Cultural_Enrichment___40_RICE__41_.zip.html","RECOVERY_CANDIDATE","P4_RECOVERY_LATER","False","1","2273832430|46","0","","temporally-aligned-skymods-revision-without-git-candidate","False","False"
"RICE","RICE","2273832430","2273832430|38","38","False","9 Feb, 2024 at 07:39 UTC","2024-02-09 07:39","https://modsbase.com/h03kk308ei4b/2273832430_Regional_Immersion_and_Cultural_Enrichment___40_RICE__41_.zip.html","RECOVERY_CANDIDATE","P4_RECOVERY_LATER","False","1","2273832430|47","0","","temporally-aligned-skymods-revision-without-git-candidate","False","False"
"RICE","RICE","2273832430","2273832430|39","39","False","12 Dec, 2023 at 08:34 UTC","2023-12-12 08:34","https://modsbase.com/mxa9otcxkgr8/2273832430_Regional_Immersion_and_Cultural_Enrichment___40_RICE__41_.zip.html","RECOVERY_CANDIDATE","P4_RECOVERY_LATER","False","1","2273832430|48","0","","temporally-aligned-skymods-revision-without-git-candidate","False","False"
"RICE","RICE","2273832430","2273832430|40","40","False","20 Nov, 2023 at 09:15 UTC","2023-11-20 09:15","https://modsbase.com/0gxy386kkhg2/2273832430_Regional_Immersion_and_Cultural_Enrichment___40_RICE__41_.zip.html","RECOVERY_CANDIDATE","P4_RECOVERY_LATER","False","1","2273832430|49","0","","temporally-aligned-skymods-revision-without-git-candidate","False","False"
"RICE","RICE","2273832430","2273832430|41","41","False","12 Nov, 2023 at 05:36 UTC","2023-11-12 05:36","https://modsbase.com/2gi2dq2y1911/2273832430_Regional_Immersion_and_Cultural_Enrichment___40_RICE__41_.zip.html","RECOVERY_CANDIDATE","P4_RECOVERY_LATER","False","1","2273832430|50","0","","temporally-aligned-skymods-revision-without-git-candidate","False","False"
"RICE","RICE","2273832430","2273832430|42","42","False","23 Oct, 2023 at 09:12 UTC","2023-10-23 09:12","https://modsbase.com/wej62y3p0nz4/2273832430_Regional_Immersion_and_Cultural_Enrichment___40_RICE__41_.zip.html","TEMPORAL_AMBIGUITY","P5_REVIEW_LATER","False","1","2273832430|51","0","","dominant-time-match-is-not-bidirectionally-unique","False","False"
"RICE","RICE","2273832430","2273832430|43","43","False","23 Oct, 2023 at 08:12 UTC","2023-10-23 08:12","https://modsbase.com/mk7kt1s062fn/2273832430_Regional_Immersion_and_Cultural_Enrichment___40_RICE__41_.zip.html","TEMPORAL_AMBIGUITY","P5_REVIEW_LATER","False","1","2273832430|51","0","","dominant-time-match-is-not-bidirectionally-unique","False","False"
"RICE","RICE","2273832430","2273832430|44","44","False","24 Sep, 2023 at 07:49 UTC","2023-09-24 07:49","https://modsbase.com/50p9i9vi2iqo/2273832430_Regional_Immersion_and_Cultural_Enrichment___40_RICE__41_.zip.html","RECOVERY_CANDIDATE","P4_RECOVERY_LATER","False","1","2273832430|52","0","","temporally-aligned-skymods-revision-without-git-candidate","False","False"
"RICE","RICE","2273832430","2273832430|45","45","False","1 Sep, 2023 at 01:55 UTC","2023-09-01 01:55","https://modsbase.com/aeq4u7jokm72/2273832430_Regional_Immersion_and_Cultural_Enrichment___40_RICE__41_.zip.html","RECOVERY_CANDIDATE","P4_RECOVERY_LATER","False","1","2273832430|53","0","","temporally-aligned-skymods-revision-without-git-candidate","False","False"
"RICE","RICE","2273832430","2273832430|46","46","False","29 Aug, 2023 at 06:02 UTC","2023-08-29 06:02","https://modsbase.com/wq0n09hlb6zo/2273832430_Regional_Immersion_and_Cultural_Enrichment___40_RICE__41_.zip.html","RECOVERY_CANDIDATE","P4_RECOVERY_LATER","False","1","2273832430|54","0","","temporally-aligned-skymods-revision-without-git-candidate","False","False"
"RICE","RICE","2273832430","2273832430|47","47","False","29 Jun, 2023 at 06:17 UTC","2023-06-29 06:17","https://modsbase.com/ov86c0it849n/2273832430_Regional_Immersion_and_Cultural_Enrichment___40_RICE__41_.zip.html","RECOVERY_CANDIDATE","P4_RECOVERY_LATER","False","1","2273832430|55","0","","temporally-aligned-skymods-revision-without-git-candidate","False","False"
"RICE","RICE","2273832430","2273832430|48","48","False","21 Jun, 2023 at 06:07 UTC","2023-06-21 06:07","https://modsbase.com/5726v7qfx1k1/2273832430_Regional_Immersion_and_Cultural_Enrichment___40_RICE__41_.zip.html","RECOVERY_CANDIDATE","P4_RECOVERY_LATER","False","1","2273832430|56","0","","temporally-aligned-skymods-revision-without-git-candidate","False","False"
"RICE","RICE","2273832430","2273832430|49","49","False","13 Jun, 2023 at 01:23 UTC","2023-06-13 01:23","https://modsbase.com/p1yfhziojb79/2273832430_Regional_Immersion_and_Cultural_Enrichment___40_RICE__41_.zip.html","RECOVERY_CANDIDATE","P4_RECOVERY_LATER","False","1","2273832430|57","0","","temporally-aligned-skymods-revision-without-git-candidate","False","False"
"RICE","RICE","2273832430","2273832430|50","50","False","19 Apr, 2023 at 06:00 UTC","2023-04-19 06:00","https://modsbase.com/u4mvse6z6d02/2273832430_Regional_Immersion_and_Cultural_Enrichment___40_RICE__41_.zip.html","RECOVERY_CANDIDATE","P4_RECOVERY_LATER","False","1","2273832430|58","0","","temporally-aligned-skymods-revision-without-git-candidate","False","False"
"RICE","RICE","2273832430","2273832430|51","51","False","12 Apr, 2023 at 06:12 UTC","2023-04-12 06:12","https://modsbase.com/kztbaemmb15n/2273832430_Regional_Immersion_and_Cultural_Enrichment___40_RICE__41_.zip.html","RECOVERY_CANDIDATE","P4_RECOVERY_LATER","False","1","2273832430|59","0","","temporally-aligned-skymods-revision-without-git-candidate","False","False"
"RICE","RICE","2273832430","2273832430|52","52","False","6 Apr, 2023 at 05:23 UTC","2023-04-06 05:23","https://modsbase.com/qexhnncywyol/2273832430_Regional_Immersion_and_Cultural_Enrichment___40_RICE__41_.zip.html","RECOVERY_CANDIDATE","P4_RECOVERY_LATER","False","1","2273832430|60","0","","temporally-aligned-skymods-revision-without-git-candidate","False","False"
"RICE","RICE","2273832430","2273832430|53","53","False","4 Apr, 2023 at 06:09 UTC","2023-04-04 06:09","https://modsbase.com/mzrelx55p2mp/2273832430_Regional_Immersion_and_Cultural_Enrichment___40_RICE__41_.zip.html","RECOVERY_CANDIDATE","P4_RECOVERY_LATER","False","1","2273832430|61","0","","temporally-aligned-skymods-revision-without-git-candidate","False","False"
"RICE","RICE","2273832430","2273832430|54","54","False","21 Jan, 2023 at 05:51 UTC","2023-01-21 05:51","https://modsbase.com/wud67zymohf2/2273832430_Regional_Immersion_and_Cultural_Enrichment___40_RICE__41_.zip.html","RECOVERY_CANDIDATE","P4_RECOVERY_LATER","False","1","2273832430|62","0","","temporally-aligned-skymods-revision-without-git-candidate","False","False"
"RICE","RICE","2273832430","2273832430|55","55","False","16 Jan, 2023 at 06:03 UTC","2023-01-16 06:03","https://modsbase.com/3qxe2msfldsl/2273832430_Regional_Immersion_and_Cultural_Enrichment___40_RICE__41_.zip.html","RECOVERY_CANDIDATE","P4_RECOVERY_LATER","False","1","2273832430|63","0","","temporally-aligned-skymods-revision-without-git-candidate","False","False"
"RICE","RICE","2273832430","2273832430|56","56","False","19 Dec, 2022 at 10:53 UTC","2022-12-19 10:53","https://modsbase.com/gvi3wulh10s5/2273832430_Regional_Immersion_and_Cultural_Enrichment___40_RICE__41_.zip.html","RECOVERY_CANDIDATE","P4_RECOVERY_LATER","False","1","2273832430|65","0","","temporally-aligned-skymods-revision-without-git-candidate","False","False"
"RICE","RICE","2273832430","2273832430|57","57","False","7 Dec, 2022 at 08:32 UTC","2022-12-07 08:32","https://modsbase.com/e6ez7ynl4cs6/2273832430_Regional_Immersion_and_Cultural_Enrichment___40_RICE__41_.zip.html","RECOVERY_CANDIDATE","P4_RECOVERY_LATER","False","1","2273832430|66","0","","temporally-aligned-skymods-revision-without-git-candidate","False","False"
"RICE","RICE","2273832430","2273832430|58","58","False","1 Nov, 2022 at 05:55 UTC","2022-11-01 05:55","https://modsbase.com/l1mufkvf9qyd/2273832430_Regional_Immersion_and_Cultural_Enrichment___40_RICE__41_.zip.html","RECOVERY_CANDIDATE","P4_RECOVERY_LATER","False","1","2273832430|68","0","","temporally-aligned-skymods-revision-without-git-candidate","False","False"
"RICE","RICE","2273832430","2273832430|59","59","False","31 Oct, 2022 at 09:32 UTC","2022-10-31 09:32","https://modsbase.com/fcpcnwcj4o5j/2273832430_Regional_Immersion_and_Cultural_Enrichment___40_RICE__41_.zip.html","RECOVERY_CANDIDATE","P4_RECOVERY_LATER","False","1","2273832430|69","0","","temporally-aligned-skymods-revision-without-git-candidate","False","False"
"RICE","RICE","2273832430","2273832430|60","60","False","4 Oct, 2022 at 02:01 UTC","2022-10-04 02:01","https://modsbase.com/hodig88c6ntr/2273832430_Regional_Immersion_and_Cultural_Enrichment___40_RICE__41_.zip.html","RECOVERY_CANDIDATE","P4_RECOVERY_LATER","False","1","2273832430|71","0","","temporally-aligned-skymods-revision-without-git-candidate","False","False"
"RICE","RICE","2273832430","2273832430|61","61","False","9 Sep, 2022 at 01:34 UTC","2022-09-09 01:34","https://modsbase.com/zrco1ohvrzsu/2273832430_Regional_Immersion_and_Cultural_Enrichment___40_RICE__41_.zip.html","RECOVERY_CANDIDATE","P4_RECOVERY_LATER","False","1","2273832430|72","0","","temporally-aligned-skymods-revision-without-git-candidate","False","False"
"RICE","RICE","2273832430","2273832430|62","62","False","23 Aug, 2022 at 04:55 UTC","2022-08-23 04:55","https://modsbase.com/py14xqqa3xgy/2273832430_Regional_Immersion_and_Cultural_Enrichment___40_RICE__41_.zip.html","RECOVERY_CANDIDATE","P4_RECOVERY_LATER","False","1","2273832430|73","0","","temporally-aligned-skymods-revision-without-git-candidate","False","False"
"RICE","RICE","2273832430","2273832430|63","63","False","18 Aug, 2022 at 08:46 UTC","2022-08-18 08:46","https://modsbase.com/r9xfs5d5h0y3/2273832430_Regional_Immersion_and_Cultural_Enrichment___40_RICE__41_.zip.html","RECOVERY_CANDIDATE","P4_RECOVERY_LATER","False","1","2273832430|74","0","","temporally-aligned-skymods-revision-without-git-candidate","False","False"
"RICE","RICE","2273832430","2273832430|64","64","False","17 Aug, 2022 at 07:41 UTC","2022-08-17 07:41","https://modsbase.com/ufpksmt6n5tq/2273832430_Regional_Immersion_and_Cultural_Enrichment___40_RICE__41_.zip.html","RECOVERY_CANDIDATE","P4_RECOVERY_LATER","False","1","2273832430|76","0","","temporally-aligned-skymods-revision-without-git-candidate","False","False"
"RICE","RICE","2273832430","2273832430|65","65","False","6 Jul, 2022 at 04:52 UTC","2022-07-06 04:52","https://modsbase.com/vap0sortmq49/2273832430_Regional_Immersion_and_Cultural_Enrichment___40_RICE__41_.zip.html","RECOVERY_CANDIDATE","P4_RECOVERY_LATER","False","1","2273832430|77","0","","temporally-aligned-skymods-revision-without-git-candidate","False","False"
"RICE","RICE","2273832430","2273832430|66","66","False","1 Jul, 2022 at 05:52 UTC","2022-07-01 05:52","https://modsbase.com/crgk9tvvlg2b/2273832430_Regional_Immersion_and_Cultural_Enrichment___40_RICE__41_.zip.html","RECOVERY_CANDIDATE","P4_RECOVERY_LATER","False","1","2273832430|78","0","","temporally-aligned-skymods-revision-without-git-candidate","False","False"
"RICE","RICE","2273832430","2273832430|67","67","False","22 Jun, 2022 at 04:49 UTC","2022-06-22 04:49","https://modsbase.com/5w5vqeyf3a48/2273832430_Regional_Immersion_and_Cultural_Enrichment___40_RICE__41_.zip.html","RECOVERY_CANDIDATE","P4_RECOVERY_LATER","False","1","2273832430|79","0","","temporally-aligned-skymods-revision-without-git-candidate","False","False"
"RICE","RICE","2273832430","2273832430|68","68","False","12 Jun, 2022 at 05:33 UTC","2022-06-12 05:33","https://modsbase.com/pjns23w2yoz0/2273832430_Regional_Immersion_and_Cultural_Enrichment___40_RICE__41_.zip.html","RECOVERY_CANDIDATE","P4_RECOVERY_LATER","False","1","2273832430|81","0","","temporally-aligned-skymods-revision-without-git-candidate","False","False"
"RICE","RICE","2273832430","2273832430|69","69","False","5 Jun, 2022 at 04:40 UTC","2022-06-05 04:40","https://modsbase.com/ck8bdv1fdu0z/2273832430_Regional_Immersion_and_Cultural_Enrichment___40_RICE__41_.zip.html","RECOVERY_CANDIDATE","P4_RECOVERY_LATER","False","1","2273832430|82","0","","temporally-aligned-skymods-revision-without-git-candidate","False","False"
"RICE","RICE","2273832430","2273832430|70","70","False","26 May, 2022 at 05:38 UTC","2022-05-26 05:38","https://modsbase.com/0bvyli0xbeaw/2273832430_Regional_Immersion_and_Cultural_Enrichment___40_RICE__41_.zip.html","RECOVERY_CANDIDATE","P4_RECOVERY_LATER","False","1","2273832430|85","0","","temporally-aligned-skymods-revision-without-git-candidate","False","False"
"RICE","RICE","2273832430","2273832430|71","71","False","17 May, 2022 at 09:03 UTC","2022-05-17 09:03","https://modsbase.com/v7ig6q1c2m72/2273832430_Regional_Immersion_and_Cultural_Enrichment___40_RICE__41_.zip.html","RECOVERY_CANDIDATE","P4_RECOVERY_LATER","False","1","2273832430|86","0","","temporally-aligned-skymods-revision-without-git-candidate","False","False"
"RICE","RICE","2273832430","2273832430|72","72","False","28 Mar, 2022 at 01:40 UTC","2022-03-28 01:40","https://modsbase.com/c2kkcp01sf1t/2273832430_Regional_Immersion_and_Cultural_Enrichment___40_RICE__41_.zip.html","RECOVERY_CANDIDATE","P4_RECOVERY_LATER","False","1","2273832430|87","0","","temporally-aligned-skymods-revision-without-git-candidate","False","False"
"RICE","RICE","2273832430","2273832430|73","73","False","11 Mar, 2022 at 03:04 UTC","2022-03-11 03:04","https://modsbase.com/qd3gq74z1zlu/2273832430_Regional_Immersion_and_Cultural_Enrichment___40_RICE__41_.zip.html","RECOVERY_CANDIDATE","P4_RECOVERY_LATER","False","1","2273832430|89","0","","temporally-aligned-skymods-revision-without-git-candidate","False","False"
"RICE","RICE","2273832430","2273832430|74","74","False","25 Feb, 2022 at 02:53 UTC","2022-02-25 02:53","https://modsbase.com/9cv186psmlw4/2273832430_Regional_Immersion_and_Cultural_Enrichment___40_RICE__41_.zip.html","RECOVERY_CANDIDATE","P4_RECOVERY_LATER","False","1","2273832430|90","0","","temporally-aligned-skymods-revision-without-git-candidate","False","False"
"RICE","RICE","2273832430","2273832430|75","75","False","8 Feb, 2022 at 17:33 UTC","2022-02-08 17:33","https://modsbase.com/p0rwuj80bcw7/2273832430_Regional_Immersion_and_Cultural_Enrichment___40_RICE__41_.zip.html","RECOVERY_CANDIDATE","P4_RECOVERY_LATER","False","1","2273832430|94","0","","temporally-aligned-skymods-revision-without-git-candidate","False","False"
"RICE","RICE","2273832430","2273832430|76","76","False","10 Jan, 2022 at 08:45 UTC","2022-01-10 08:45","https://modsbase.com/gpkiy12fk0fd/2273832430_Regional_Immersion_and_Cultural_Enrichment___40_RICE__41_.zip.html","RECOVERY_CANDIDATE","P4_RECOVERY_LATER","False","1","2273832430|96","0","","temporally-aligned-skymods-revision-without-git-candidate","False","False"
"RICE","RICE","2273832430","2273832430|77","77","False","20 Sep, 2021 at 07:47 UTC","2021-09-20 07:47","https://modsbase.com/4mo4yjkj2tzt/2273832430_Regional_Immersion_and_Cultural_Enrichment___40_RICE__41_.zip.html","RECOVERY_CANDIDATE","P4_RECOVERY_LATER","False","1","2273832430|101","0","","temporally-aligned-skymods-revision-without-git-candidate","False","False"
"RICE","RICE","2273832430","2273832430|78","78","False","5 Aug, 2021 at 08:14 UTC","2021-08-05 08:14","https://modsbase.com/wccfpb65cguu/2273832430_Regional_Immersion_and_Cultural_Enrichment___40_RICE__41_.zip.html","RECOVERY_CANDIDATE","P4_RECOVERY_LATER","False","1","2273832430|105","0","","temporally-aligned-skymods-revision-without-git-candidate","False","False"
"RICE","RICE","2273832430","2273832430|79","79","False","21 Jul, 2021 at 04:35 UTC","2021-07-21 04:35","https://modsbase.com/3mxgqceoedvt/2273832430_Regional_Immersion_and_Cultural_Enrichment___40_RICE__41_.zip.html","RECOVERY_CANDIDATE","P4_RECOVERY_LATER","False","1","2273832430|106","0","","temporally-aligned-skymods-revision-without-git-candidate","False","False"
"RICE","RICE","2273832430","2273832430|80","80","False","18 Jun, 2021 at 04:50 UTC","2021-06-18 04:50","https://modsbase.com/6x4uygg5xmdu/2273832430_Regional_Immersion_and_Cultural_Enrichment___40_RICE__41_.zip.html","RECOVERY_CANDIDATE","P4_RECOVERY_LATER","False","1","2273832430|107","0","","temporally-aligned-skymods-revision-without-git-candidate","False","False"
"RICE","RICE","2273832430","2273832430|81","81","False","13 Apr, 2021 at 01:22 UTC","2021-04-13 01:22","https://modsbase.com/qcp7hz3fhytc/2273832430_Regional_Immersion_and_Cultural_Enrichment___40_RICE__41_.zip.html","RECOVERY_CANDIDATE","P4_RECOVERY_LATER","False","1","2273832430|113","0","","temporally-aligned-skymods-revision-without-git-candidate","False","False"
"RICE","RICE","2273832430","2273832430|82","82","False","22 Mar, 2021 at 00:36 UTC","2021-03-22 00:36","https://modsbase.com/sgb4rtikq1vs/2273832430_Regional_Immersion_and_Cultural_Enrichment___40_RICE__41_.zip.html","RECOVERY_CANDIDATE","P4_RECOVERY_LATER","False","1","2273832430|115","0","","temporally-aligned-skymods-revision-without-git-candidate","False","False"
"RICE","RICE","2273832430","2273832430|83","83","False","17 Mar, 2021 at 06:02 UTC","2021-03-17 06:02","https://modsbase.com/48clzwi7so54/2273832430_Regional_Immersion_and_Cultural_Enrichment___40_RICE__41_.zip.html","RECOVERY_CANDIDATE","P4_RECOVERY_LATER","False","1","2273832430|116","0","","temporally-aligned-skymods-revision-without-git-candidate","False","False"
"RICE","RICE","2273832430","2273832430|84","84","False","29 Dec, 2020 at 05:51 UTC","2020-12-29 05:51","https://modsbase.com/6unn0oy3vf4o/2273832430_Regional_Immersion_and_Cultural_Enrichment___40_RICE__41_.zip.html","RECOVERY_CANDIDATE","P4_RECOVERY_LATER","False","1","2273832430|117","0","","temporally-aligned-skymods-revision-without-git-candidate","False","False"
"RICE","RICE","2273832430","2273832430|85","85","False","25 Nov, 2020 at 07:01 UTC","2020-11-25 07:01","https://modsbase.com/yeda6mh9ilkd/2273832430_Regional_Immersion_and_Cultural_Enrichment___40_RICE__41_.zip.html","RECOVERY_CANDIDATE","P4_RECOVERY_LATER","False","1","2273832430|118","0","","temporally-aligned-skymods-revision-without-git-candidate","False","False"
"RICE","RICE","2273832430","2273832430|86","86","False","1 Nov, 2020 at 05:21 UTC","2020-11-01 05:21","https://modsbase.com/fdr076ks7jdr/2273832430_Regional_Immersion_and_Cultural_Enrichment___40_RICE__41_.zip.html","RECOVERY_CANDIDATE","P4_RECOVERY_LATER","False","1","2273832430|120","0","","temporally-aligned-skymods-revision-without-git-candidate","False","False"
"Special-World","SW","2875587269","2875587269|20","20","False","30 Nov, 2025 at 06:45 UTC","2025-11-30 06:45","https://modsbase.com/odr6w3wn4swc/2875587269_A_Special_World_-_Special_Building_Compatch.zip.html","RECOVERY_CANDIDATE","P4_RECOVERY_LATER","False","1","2875587269|53","0","","temporally-aligned-skymods-revision-without-git-candidate","False","False"
"Special-World","SW","2875587269","2875587269|21","21","False","26 Nov, 2025 at 22:41 UTC","2025-11-26 22:41","https://modsbase.com/apk7pkqft4yw/2875587269_A_Special_World_-_Special_Building_Compatch.zip.html","RECOVERY_CANDIDATE","P4_RECOVERY_LATER","False","1","2875587269|55","0","","temporally-aligned-skymods-revision-without-git-candidate","False","False"
"Special-World","SW","2875587269","2875587269|22","22","False","15 Nov, 2025 at 04:12 UTC","2025-11-15 04:12","https://modsbase.com/7x7w53cdv9e1/2875587269_A_Special_World_-_Special_Building_Compatch.zip.html","RECOVERY_CANDIDATE","P4_RECOVERY_LATER","False","1","2875587269|56","0","","temporally-aligned-skymods-revision-without-git-candidate","False","False"
"Special-World","SW","2875587269","2875587269|26","26","False","1 Sep, 2025 at 07:17 UTC","2025-09-01 07:17","https://modsbase.com/4h5f1c7x91qi/2875587269_A_Special_World_-_Special_Building_Compatch.zip.html","RECOVERY_CANDIDATE","P4_RECOVERY_LATER","False","1","2875587269|61","0","","temporally-aligned-skymods-revision-without-git-candidate","False","False"
"Special-World","SW","2875587269","2875587269|27","27","False","22 Aug, 2025 at 23:08 UTC","2025-08-22 23:08","https://modsbase.com/d4chegddqaqi/2875587269_A_Special_World_-_Special_Building_Compatch.zip.html","RECOVERY_CANDIDATE","P4_RECOVERY_LATER","False","1","2875587269|62","0","","temporally-aligned-skymods-revision-without-git-candidate","False","False"
"Special-World","SW","2875587269","2875587269|28","28","False","6 Aug, 2025 at 05:09 UTC","2025-08-06 05:09","https://modsbase.com/0djiqe63ljhb/2875587269_A_Special_World_-_Special_Building_Compatch.zip.html","RECOVERY_CANDIDATE","P4_RECOVERY_LATER","False","1","2875587269|67","0","","temporally-aligned-skymods-revision-without-git-candidate","False","False"
"Special-World","SW","2875587269","2875587269|29","29","False","22 Jul, 2025 at 04:41 UTC","2025-07-22 04:41","https://modsbase.com/8uyx13lix8km/2875587269_A_Special_World_-_Special_Building_Compatch.zip.html","RECOVERY_CANDIDATE","P4_RECOVERY_LATER","False","1","2875587269|70","0","","temporally-aligned-skymods-revision-without-git-candidate","False","False"
"Special-World","SW","2875587269","2875587269|30","30","False","14 Jul, 2025 at 03:50 UTC","2025-07-14 03:50","https://modsbase.com/4lpucirtl0mm/2875587269_A_Special_World_-_Special_Building_Compatch.zip.html","RECOVERY_CANDIDATE","P4_RECOVERY_LATER","False","1","2875587269|71","0","","temporally-aligned-skymods-revision-without-git-candidate","False","False"
"Special-World","SW","2875587269","2875587269|31","31","False","26 Jun, 2025 at 05:28 UTC","2025-06-26 05:28","https://modsbase.com/fmwb0l33ic5h/2875587269_A_Special_World_-_Special_Building_Compatch.zip.html","RECOVERY_CANDIDATE","P4_RECOVERY_LATER","False","1","2875587269|76","0","","temporally-aligned-skymods-revision-without-git-candidate","False","False"
"Special-World","SW","2875587269","2875587269|32","32","False","17 Jun, 2025 at 06:34 UTC","2025-06-17 06:34","https://modsbase.com/jlx0stwyh52v/2875587269_A_Special_World_-_Special_Building_Compatch.zip.html","RECOVERY_CANDIDATE","P4_RECOVERY_LATER","False","1","2875587269|81","0","","temporally-aligned-skymods-revision-without-git-candidate","False","False"
"Special-World","SW","2875587269","2875587269|33","33","False","13 Jun, 2025 at 21:52 UTC","2025-06-13 21:52","https://modsbase.com/2lyh7kagsz96/2875587269_A_Special_World_-_Special_Building_Compatch.zip.html","RECOVERY_CANDIDATE","P4_RECOVERY_LATER","False","1","2875587269|82","0","","temporally-aligned-skymods-revision-without-git-candidate","False","False"
"Special-World","SW","2875587269","2875587269|34","34","False","12 Jun, 2025 at 23:28 UTC","2025-06-12 23:28","https://modsbase.com/fl87844kmmdg/2875587269_A_Special_World_-_Special_Building_Compatch.zip.html","RECOVERY_CANDIDATE","P4_RECOVERY_LATER","False","1","2875587269|83","0","","temporally-aligned-skymods-revision-without-git-candidate","False","False"
"Special-World","SW","2875587269","2875587269|35","35","False","7 Jun, 2025 at 06:58 UTC","2025-06-07 06:58","https://modsbase.com/rts4uqw0rmkw/2875587269_A_Special_World_-_Special_Building_Compatch.zip.html","RECOVERY_CANDIDATE","P4_RECOVERY_LATER","False","1","2875587269|90","0","","temporally-aligned-skymods-revision-without-git-candidate","False","False"
"Special-World","SW","2875587269","2875587269|36","36","False","4 Jun, 2025 at 19:31 UTC","2025-06-04 19:31","https://modsbase.com/21ic33d78mgk/2875587269_A_Special_World_-_Special_Building_Compatch.zip.html","RECOVERY_CANDIDATE","P4_RECOVERY_LATER","False","1","2875587269|93","0","","temporally-aligned-skymods-revision-without-git-candidate","False","False"
"Special-World","SW","2875587269","2875587269|37","37","False","3 Jun, 2025 at 16:10 UTC","2025-06-03 16:10","https://modsbase.com/5veg0qqa0tl3/2875587269_A_Special_World_-_Special_Building_Compatch.zip.html","RECOVERY_CANDIDATE","P4_RECOVERY_LATER","False","1","2875587269|97","0","","temporally-aligned-skymods-revision-without-git-candidate","False","False"
"Special-World","SW","2875587269","2875587269|38","38","False","31 May, 2025 at 00:59 UTC","2025-05-31 00:59","https://modsbase.com/rzi64lloz38m/2875587269_A_Special_World_-_Special_Building_Compatch.zip.html","RECOVERY_CANDIDATE","P4_RECOVERY_LATER","False","1","2875587269|100","0","","temporally-aligned-skymods-revision-without-git-candidate","False","False"
"Special-World","SW","2875587269","2875587269|39","39","False","30 May, 2025 at 04:58 UTC","2025-05-30 04:58","https://modsbase.com/sfyy0qtjn3fb/2875587269_A_Special_World_-_Special_Building_Compatch.zip.html","RECOVERY_CANDIDATE","P4_RECOVERY_LATER","False","1","2875587269|103","0","","temporally-aligned-skymods-revision-without-git-candidate","False","False"
"Special-World","SW","2875587269","2875587269|40","40","False","28 May, 2025 at 02:09 UTC","2025-05-28 02:09","https://modsbase.com/5c61qexn29ke/2875587269_A_Special_World_-_Special_Building_Compatch.zip.html","RECOVERY_CANDIDATE","P4_RECOVERY_LATER","False","1","2875587269|111","0","","temporally-aligned-skymods-revision-without-git-candidate","False","False"
"Special-World","SW","2875587269","2875587269|41","41","False","20 May, 2025 at 22:56 UTC","2025-05-20 22:56","https://modsbase.com/zz09oil047nn/2875587269_A_Special_World_-_Special_Building_Compatch.zip.html","RECOVERY_CANDIDATE","P4_RECOVERY_LATER","False","1","2875587269|113","0","","temporally-aligned-skymods-revision-without-git-candidate","False","False"
"Special-World","SW","2875587269","2875587269|42","42","False","16 May, 2025 at 05:04 UTC","2025-05-16 05:04","https://modsbase.com/ha9l2ltk04mp/2875587269_A_Special_World_-_Special_Building_Compatch.zip.html","RECOVERY_CANDIDATE","P4_RECOVERY_LATER","False","1","2875587269|114","0","","temporally-aligned-skymods-revision-without-git-candidate","False","False"
"Special-World","SW","2875587269","2875587269|43","43","False","12 May, 2025 at 16:53 UTC","2025-05-12 16:53","https://modsbase.com/1b975t3m9y7f/2875587269_A_Special_World_-_Special_Building_Compatch.zip.html","RECOVERY_CANDIDATE","P4_RECOVERY_LATER","False","1","2875587269|115","0","","temporally-aligned-skymods-revision-without-git-candidate","False","False"
"Special-World","SW","2875587269","2875587269|44","44","False","2 May, 2025 at 22:45 UTC","2025-05-02 22:45","https://modsbase.com/7k86wm6oo20y/2875587269_A_Special_World_-_Special_Building_Compatch.zip.html","RECOVERY_CANDIDATE","P4_RECOVERY_LATER","False","1","2875587269|116","0","","temporally-aligned-skymods-revision-without-git-candidate","False","False"
"Special-World","SW","2875587269","2875587269|45","45","False","12 Apr, 2025 at 16:31 UTC","2025-04-12 16:31","https://modsbase.com/7wvi04zgxqkc/2875587269_A_Special_World_-_Special_Building_Compatch.zip.html","RECOVERY_CANDIDATE","P4_RECOVERY_LATER","False","1","2875587269|117","0","","temporally-aligned-skymods-revision-without-git-candidate","False","False"
"Special-World","SW","2875587269","2875587269|46","46","False","6 Apr, 2025 at 18:39 UTC","2025-04-06 18:39","https://modsbase.com/qrt1narqrls3/2875587269_A_Special_World_-_Special_Building_Compatch.zip.html","RECOVERY_CANDIDATE","P4_RECOVERY_LATER","False","1","2875587269|118","0","","temporally-aligned-skymods-revision-without-git-candidate","False","False"
"Special-World","SW","2875587269","2875587269|47","47","False","2 Apr, 2025 at 23:22 UTC","2025-04-02 23:22","https://modsbase.com/q0zpx6xkj6a1/2875587269_A_Special_World_-_Special_Building_Compatch.zip.html","RECOVERY_CANDIDATE","P4_RECOVERY_LATER","False","1","2875587269|121","0","","temporally-aligned-skymods-revision-without-git-candidate","False","False"
"Special-World","SW","2875587269","2875587269|48","48","False","31 Mar, 2025 at 18:43 UTC","2025-03-31 18:43","https://modsbase.com/cctqunooy2oy/2875587269_A_Special_World_-_Special_Building_Compatch.zip.html","RECOVERY_CANDIDATE","P4_RECOVERY_LATER","False","1","2875587269|124","0","","temporally-aligned-skymods-revision-without-git-candidate","False","False"
"Special-World","SW","2875587269","2875587269|49","49","False","30 Mar, 2025 at 21:15 UTC","2025-03-30 21:15","https://modsbase.com/pcwtzlfg2td6/2875587269_A_Special_World_-_Special_Building_Compatch.zip.html","RECOVERY_CANDIDATE","P4_RECOVERY_LATER","False","1","2875587269|125","0","","temporally-aligned-skymods-revision-without-git-candidate","False","False"
"Special-World","SW","2875587269","2875587269|50","50","False","26 Mar, 2025 at 20:52 UTC","2025-03-26 20:52","https://modsbase.com/h1arfhmhd03c/2875587269_A_Special_World_-_Special_Building_Compatch.zip.html","RECOVERY_CANDIDATE","P4_RECOVERY_LATER","False","1","2875587269|129","0","","temporally-aligned-skymods-revision-without-git-candidate","False","False"
"Special-World","SW","2875587269","2875587269|51","51","False","24 Mar, 2025 at 06:52 UTC","2025-03-24 06:52","https://modsbase.com/h0dkt2088kcr/2875587269_A_Special_World_-_Special_Building_Compatch.zip.html","RECOVERY_CANDIDATE","P4_RECOVERY_LATER","False","1","2875587269|134","0","","temporally-aligned-skymods-revision-without-git-candidate","False","False"
"Special-World","SW","2875587269","2875587269|52","52","False","19 Mar, 2025 at 17:13 UTC","2025-03-19 17:13","https://modsbase.com/82yxsyz6oz35/2875587269_A_Special_World_-_Special_Building_Compatch.zip.html","RECOVERY_CANDIDATE","P4_RECOVERY_LATER","False","1","2875587269|136","0","","temporally-aligned-skymods-revision-without-git-candidate","False","False"
"Special-World","SW","2875587269","2875587269|53","53","False","19 Mar, 2025 at 01:33 UTC","2025-03-19 01:33","https://modsbase.com/s8mkivrbb9bl/2875587269_A_Special_World_-_Special_Building_Compatch.zip.html","RECOVERY_CANDIDATE","P4_RECOVERY_LATER","False","1","2875587269|137","0","","temporally-aligned-skymods-revision-without-git-candidate","False","False"
"Special-World","SW","2875587269","2875587269|54","54","False","12 Mar, 2025 at 06:12 UTC","2025-03-12 06:12","https://modsbase.com/0veboy1orb9i/2875587269_A_Special_World_-_Special_Building_Compatch.zip.html","RECOVERY_CANDIDATE","P4_RECOVERY_LATER","False","1","2875587269|140","0","","temporally-aligned-skymods-revision-without-git-candidate","False","False"
"Special-World","SW","2875587269","2875587269|55","55","False","5 Mar, 2025 at 05:51 UTC","2025-03-05 05:51","https://modsbase.com/ue37d5lw3ynw/2875587269_A_Special_World_-_Special_Building_Compatch.zip.html","RECOVERY_CANDIDATE","P4_RECOVERY_LATER","False","1","2875587269|142","0","","temporally-aligned-skymods-revision-without-git-candidate","False","False"
"Special-World","SW","2875587269","2875587269|56","56","False","2 Mar, 2025 at 22:59 UTC","2025-03-02 22:59","https://modsbase.com/abfqixh80d7h/2875587269_A_Special_World_-_Special_Building_Compatch.zip.html","RECOVERY_CANDIDATE","P4_RECOVERY_LATER","False","1","2875587269|145","0","","temporally-aligned-skymods-revision-without-git-candidate","False","False"
"Special-World","SW","2875587269","2875587269|57","57","False","19 Feb, 2025 at 06:55 UTC","2025-02-19 06:55","https://modsbase.com/0tx4hmbavuzc/2875587269_A_Special_World_-_Special_Building_Compatch.zip.html","RECOVERY_CANDIDATE","P4_RECOVERY_LATER","False","1","2875587269|149","0","","temporally-aligned-skymods-revision-without-git-candidate","False","False"
"Special-World","SW","2875587269","2875587269|58","58","False","13 Feb, 2025 at 21:55 UTC","2025-02-13 21:55","https://modsbase.com/p577edg0zm0w/2875587269_A_Special_World_-_Special_Building_Compatch.zip.html","RECOVERY_CANDIDATE","P4_RECOVERY_LATER","False","1","2875587269|153","0","","temporally-aligned-skymods-revision-without-git-candidate","False","False"
"Special-World","SW","2875587269","2875587269|59","59","False","7 Feb, 2025 at 00:07 UTC","2025-02-07 00:07","https://modsbase.com/fvbahwpo6gec/2875587269_A_Special_World_-_Special_Building_Compatch.zip.html","RECOVERY_CANDIDATE","P4_RECOVERY_LATER","False","1","2875587269|160","0","","temporally-aligned-skymods-revision-without-git-candidate","False","False"
"Special-World","SW","2875587269","2875587269|60","60","False","2 Feb, 2025 at 01:17 UTC","2025-02-02 01:17","https://modsbase.com/ft3r9qk0frqs/2875587269_A_Special_World_-_Special_Building_Compatch.zip.html","RECOVERY_CANDIDATE","P4_RECOVERY_LATER","False","1","2875587269|173","0","","temporally-aligned-skymods-revision-without-git-candidate","False","False"
"Special-World","SW","2875587269","2875587269|61","61","False","28 Jan, 2025 at 17:33 UTC","2025-01-28 17:33","https://modsbase.com/gss0f9g62g4z/2875587269_A_Special_World_-_Special_Building_Compatch.zip.html","RECOVERY_CANDIDATE","P4_RECOVERY_LATER","False","1","2875587269|178","0","","temporally-aligned-skymods-revision-without-git-candidate","False","False"
"Special-World","SW","2875587269","2875587269|62","62","False","24 Jan, 2025 at 23:29 UTC","2025-01-24 23:29","https://modsbase.com/4x4n447mbtj0/2875587269_A_Special_World_-_Special_Building_Compatch.zip.html","RECOVERY_CANDIDATE","P4_RECOVERY_LATER","False","1","2875587269|184","0","","temporally-aligned-skymods-revision-without-git-candidate","False","False"
"Special-World","SW","2875587269","2875587269|63","63","False","24 Jan, 2025 at 01:44 UTC","2025-01-24 01:44","https://modsbase.com/77hywwmec0eq/2875587269_A_Special_World_-_Special_Building_Compatch.zip.html","RECOVERY_CANDIDATE","P4_RECOVERY_LATER","False","1","2875587269|186","0","","temporally-aligned-skymods-revision-without-git-candidate","False","False"
"Special-World","SW","2875587269","2875587269|64","64","False","20 Jan, 2025 at 07:01 UTC","2025-01-20 07:01","https://modsbase.com/5n4o5guhh9ts/2875587269_A_Special_World_-_Special_Building_Compatch.zip.html","RECOVERY_CANDIDATE","P4_RECOVERY_LATER","False","1","2875587269|192","0","","temporally-aligned-skymods-revision-without-git-candidate","False","False"
"Special-World","SW","2875587269","2875587269|65","65","False","16 Jan, 2025 at 19:14 UTC","2025-01-16 19:14","https://modsbase.com/jehpuul4dl5h/2875587269_A_Special_World_-_Special_Building_Compatch.zip.html","RECOVERY_CANDIDATE","P4_RECOVERY_LATER","False","1","2875587269|197","0","","temporally-aligned-skymods-revision-without-git-candidate","False","False"
"Special-World","SW","2875587269","2875587269|66","66","False","14 Jan, 2025 at 17:18 UTC","2025-01-14 17:18","https://modsbase.com/n0ll6nobdkl3/2875587269_A_Special_World_-_Special_Building_Compatch.zip.html","RECOVERY_CANDIDATE","P4_RECOVERY_LATER","False","1","2875587269|199","0","","temporally-aligned-skymods-revision-without-git-candidate","False","False"
"Special-World","SW","2875587269","2875587269|67","67","False","7 Jan, 2025 at 20:03 UTC","2025-01-07 20:03","https://modsbase.com/de37mu10jg4w/2875587269_A_Special_World_-_Special_Building_Compatch.zip.html","RECOVERY_CANDIDATE","P4_RECOVERY_LATER","False","1","2875587269|207","0","","temporally-aligned-skymods-revision-without-git-candidate","False","False"
"Special-World","SW","2875587269","2875587269|68","68","False","31 Dec, 2024 at 18:45 UTC","2024-12-31 18:45","https://modsbase.com/u49l5v8mvefs/2875587269_A_Special_World_-_Special_Building_Compatch.zip.html","RECOVERY_CANDIDATE","P4_RECOVERY_LATER","False","1","2875587269|210","0","","temporally-aligned-skymods-revision-without-git-candidate","False","False"
"Special-World","SW","2875587269","2875587269|69","69","False","30 Dec, 2024 at 06:27 UTC","2024-12-30 06:27","https://modsbase.com/smjz6pscif6i/2875587269_A_Special_World_-_Special_Building_Compatch___40____MHG___41_.zip.html","RECOVERY_CANDIDATE","P4_RECOVERY_LATER","False","1","2875587269|212","0","","temporally-aligned-skymods-revision-without-git-candidate","False","False"
"Special-World","SW","2875587269","2875587269|70","70","False","22 Dec, 2024 at 22:30 UTC","2024-12-22 22:30","https://modsbase.com/m1rflmpaf81u/2875587269_A_Special_World_-_Special_Building_Compatch.zip.html","RECOVERY_CANDIDATE","P4_RECOVERY_LATER","False","1","2875587269|222","0","","temporally-aligned-skymods-revision-without-git-candidate","False","False"
"Special-World","SW","2875587269","2875587269|71","71","False","19 Dec, 2024 at 17:04 UTC","2024-12-19 17:04","https://modsbase.com/cnz4rsdz6tcx/2875587269_A_Special_World_-_Special_Building_Compatch.zip.html","RECOVERY_CANDIDATE","P4_RECOVERY_LATER","False","1","2875587269|226","0","","temporally-aligned-skymods-revision-without-git-candidate","False","False"
"Special-World","SW","2875587269","2875587269|72","72","False","17 Dec, 2024 at 19:03 UTC","2024-12-17 19:03","https://modsbase.com/v5n9i3mjxsb2/2875587269_A_Special_World_-_Special_Building_Compatch.zip.html","RECOVERY_CANDIDATE","P4_RECOVERY_LATER","False","1","2875587269|228","0","","temporally-aligned-skymods-revision-without-git-candidate","False","False"
"Special-World","SW","2875587269","2875587269|73","73","False","9 Dec, 2024 at 18:10 UTC","2024-12-09 18:10","https://modsbase.com/wyn7i8lxxdap/2875587269_A_Special_World_-_Special_Building_Compatch.zip.html","RECOVERY_CANDIDATE","P4_RECOVERY_LATER","False","1","2875587269|229","0","","temporally-aligned-skymods-revision-without-git-candidate","False","False"
"Special-World","SW","2875587269","2875587269|74","74","False","9 Dec, 2024 at 07:05 UTC","2024-12-09 07:05","https://modsbase.com/cndyepnud3ob/2875587269_A_Special_World_-_Special_Building_Compatch.zip.html","RECOVERY_CANDIDATE","P4_RECOVERY_LATER","False","1","2875587269|230","0","","temporally-aligned-skymods-revision-without-git-candidate","False","False"
"Special-World","SW","2875587269","2875587269|75","75","False","26 Nov, 2024 at 19:58 UTC","2024-11-26 19:58","https://modsbase.com/6i09zu2d199y/2875587269_A_Special_World_-_Special_Building_Compatch.zip.html","RECOVERY_CANDIDATE","P4_RECOVERY_LATER","False","1","2875587269|235","0","","temporally-aligned-skymods-revision-without-git-candidate","False","False"
"Special-World","SW","2875587269","2875587269|76","76","False","24 Nov, 2024 at 21:25 UTC","2024-11-24 21:25","https://modsbase.com/vxhcf5rp7fet/2875587269_A_Special_World_-_Special_Building_Compatch.zip.html","RECOVERY_CANDIDATE","P4_RECOVERY_LATER","False","1","2875587269|237","0","","temporally-aligned-skymods-revision-without-git-candidate","False","False"
"Special-World","SW","2875587269","2875587269|77","77","False","11 Nov, 2024 at 16:10 UTC","2024-11-11 16:10","https://modsbase.com/v6rr6hfeqg3e/2875587269_A_Special_World_-_Special_Building_Compatch.zip.html","RECOVERY_CANDIDATE","P4_RECOVERY_LATER","False","1","2875587269|238","0","","temporally-aligned-skymods-revision-without-git-candidate","False","False"
"Special-World","SW","2875587269","2875587269|78","78","False","5 Nov, 2024 at 07:49 UTC","2024-11-05 07:49","https://modsbase.com/84j2ma96lyl5/2875587269_A_Special_World_-_Special_Building_Compatch.zip.html","RECOVERY_CANDIDATE","P4_RECOVERY_LATER","False","1","2875587269|240","0","","temporally-aligned-skymods-revision-without-git-candidate","False","False"
"Special-World","SW","2875587269","2875587269|79","79","False","31 Oct, 2024 at 19:39 UTC","2024-10-31 19:39","https://modsbase.com/khh61cii15uz/2875587269_A_Special_World_-_Special_Building_Compatch.zip.html","RECOVERY_CANDIDATE","P4_RECOVERY_LATER","False","1","2875587269|241","0","","temporally-aligned-skymods-revision-without-git-candidate","False","False"
"Special-World","SW","2875587269","2875587269|80","80","False","22 Oct, 2024 at 16:14 UTC","2024-10-22 16:14","https://modsbase.com/acwdw2idcqyb/2875587269_A_Special_World_-_Special_Building_Compatch.zip.html","RECOVERY_CANDIDATE","P4_RECOVERY_LATER","False","1","2875587269|244","0","","temporally-aligned-skymods-revision-without-git-candidate","False","False"
"Special-World","SW","2875587269","2875587269|81","81","False","10 Oct, 2024 at 06:55 UTC","2024-10-10 06:55","https://modsbase.com/rjr25wknel5f/2875587269_A_Special_World_-_Special_Building_Compatch.zip.html","RECOVERY_CANDIDATE","P4_RECOVERY_LATER","False","1","2875587269|253","0","","temporally-aligned-skymods-revision-without-git-candidate","False","False"
"Special-World","SW","2875587269","2875587269|82","82","False","9 Oct, 2024 at 00:46 UTC","2024-10-09 00:46","https://modsbase.com/cp3r069t1iro/2875587269_A_Special_World_-_Special_Building_Compatch.zip.html","RECOVERY_CANDIDATE","P4_RECOVERY_LATER","False","1","2875587269|255","0","","temporally-aligned-skymods-revision-without-git-candidate","False","False"
"Special-World","SW","2875587269","2875587269|83","83","False","4 Oct, 2024 at 22:19 UTC","2024-10-04 22:19","https://modsbase.com/7hp73bbspprv/2875587269_A_Special_World_-_Special_Building_Compatch.zip.html","RECOVERY_CANDIDATE","P4_RECOVERY_LATER","False","1","2875587269|258","0","","temporally-aligned-skymods-revision-without-git-candidate","False","False"
"Special-World","SW","2875587269","2875587269|84","84","False","17 Sep, 2024 at 16:14 UTC","2024-09-17 16:14","https://modsbase.com/j9i6ji6pp974/2875587269_A_Special_World_-_Special_Building_Compatch.zip.html","RECOVERY_CANDIDATE","P4_RECOVERY_LATER","False","1","2875587269|260","0","","temporally-aligned-skymods-revision-without-git-candidate","False","False"
"Special-World","SW","2875587269","2875587269|85","85","False","21 Aug, 2024 at 15:18 UTC","2024-08-21 15:18","https://modsbase.com/c0yexkmzk8sm/2875587269_A_Special_World_-_Special_Building_Compatch.zip.html","RECOVERY_CANDIDATE","P4_RECOVERY_LATER","False","1","2875587269|263","0","","temporally-aligned-skymods-revision-without-git-candidate","False","False"
"Special-World","SW","2875587269","2875587269|86","86","False","30 Jul, 2024 at 16:49 UTC","2024-07-30 16:49","https://modsbase.com/uad8qtl916j0/2875587269_A_Special_World_-_Special_Building_Compatch.zip.html","RECOVERY_CANDIDATE","P4_RECOVERY_LATER","False","1","2875587269|268","0","","temporally-aligned-skymods-revision-without-git-candidate","False","False"
"Special-World","SW","2875587269","2875587269|87","87","False","28 Jul, 2024 at 22:15 UTC","2024-07-28 22:15","https://modsbase.com/bvw167ux6v43/2875587269_A_Special_World_-_Special_Building_Compatch.zip.html","RECOVERY_CANDIDATE","P4_RECOVERY_LATER","False","1","2875587269|270","0","","temporally-aligned-skymods-revision-without-git-candidate","False","False"
"Special-World","SW","2875587269","2875587269|88","88","False","20 Jun, 2024 at 19:01 UTC","2024-06-20 19:01","https://modsbase.com/79q19anosorb/2875587269_A_Special_World_-_Special_Building_Compatch.zip.html","RECOVERY_CANDIDATE","P4_RECOVERY_LATER","False","1","2875587269|283","0","","temporally-aligned-skymods-revision-without-git-candidate","False","False"
"Special-World","SW","2875587269","2875587269|89","89","False","17 Jun, 2024 at 06:17 UTC","2024-06-17 06:17","https://modsbase.com/tww784h2p76x/2875587269_A_Special_World_-_Special_Building_Compatch.zip.html","RECOVERY_CANDIDATE","P4_RECOVERY_LATER","False","1","2875587269|285","0","","temporally-aligned-skymods-revision-without-git-candidate","False","False"
"Special-World","SW","2875587269","2875587269|90","90","False","5 Jun, 2024 at 22:30 UTC","2024-06-05 22:30","https://modsbase.com/5st9l8iknru5/2875587269_A_Special_World_-_Special_Building_Compatch.zip.html","RECOVERY_CANDIDATE","P4_RECOVERY_LATER","False","1","2875587269|290","0","","temporally-aligned-skymods-revision-without-git-candidate","False","False"
"Special-World","SW","2875587269","2875587269|91","91","False","3 Jun, 2024 at 19:39 UTC","2024-06-03 19:39","https://modsbase.com/fjuvrhgrbd5n/2875587269_A_Special_World_-_Special_Building_Compatch.zip.html","RECOVERY_CANDIDATE","P4_RECOVERY_LATER","False","1","2875587269|292","0","","temporally-aligned-skymods-revision-without-git-candidate","False","False"
"Special-World","SW","2875587269","2875587269|92","92","False","21 May, 2024 at 19:07 UTC","2024-05-21 19:07","https://modsbase.com/a81i1gminxvp/2875587269_A_Special_World_-_Special_Building_Compatch.zip.html","RECOVERY_CANDIDATE","P4_RECOVERY_LATER","False","1","2875587269|293","0","","temporally-aligned-skymods-revision-without-git-candidate","False","False"
"Special-World","SW","2875587269","2875587269|93","93","False","15 May, 2024 at 19:11 UTC","2024-05-15 19:11","https://modsbase.com/ya5xmj5ho5ru/2875587269_A_Special_World_-_Special_Building_Compatch.zip.html","RECOVERY_CANDIDATE","P4_RECOVERY_LATER","False","1","2875587269|294","0","","temporally-aligned-skymods-revision-without-git-candidate","False","False"
"Special-World","SW","2875587269","2875587269|94","94","False","8 May, 2024 at 16:32 UTC","2024-05-08 16:32","https://modsbase.com/2jtkt18bi060/2875587269_A_Special_World_-_Special_Building_Compatch.zip.html","RECOVERY_CANDIDATE","P4_RECOVERY_LATER","False","1","2875587269|295","0","","temporally-aligned-skymods-revision-without-git-candidate","False","False"
"Special-World","SW","2875587269","2875587269|95","95","False","2 May, 2024 at 21:35 UTC","2024-05-02 21:35","https://modsbase.com/25iwd91atdfr/2875587269_A_Special_World_-_Special_Building_Compatch.zip.html","RECOVERY_CANDIDATE","P4_RECOVERY_LATER","False","1","2875587269|296","0","","temporally-aligned-skymods-revision-without-git-candidate","False","False"
"Special-World","SW","2875587269","2875587269|96","96","False","23 Apr, 2024 at 16:43 UTC","2024-04-23 16:43","https://modsbase.com/s50ciif30nc5/2875587269_A_Special_World_-_Special_Building_Compatch.zip.html","RECOVERY_CANDIDATE","P4_RECOVERY_LATER","False","1","2875587269|298","0","","temporally-aligned-skymods-revision-without-git-candidate","False","False"
"Special-World","SW","2875587269","2875587269|97","97","False","18 Apr, 2024 at 18:10 UTC","2024-04-18 18:10","https://modsbase.com/wtu384aiqcoa/2875587269_A_Special_World_-_Special_Building_Compatch.zip.html","RECOVERY_CANDIDATE","P4_RECOVERY_LATER","False","1","2875587269|300","0","","temporally-aligned-skymods-revision-without-git-candidate","False","False"
"Special-World","SW","2875587269","2875587269|98","98","False","17 Apr, 2024 at 14:40 UTC","2024-04-17 14:40","https://modsbase.com/9h202cnyqmed/2875587269_A_Special_World_-_Special_Building_Compatch.zip.html","RECOVERY_CANDIDATE","P4_RECOVERY_LATER","False","1","2875587269|302","0","","temporally-aligned-skymods-revision-without-git-candidate","False","False"
"Special-World","SW","2875587269","2875587269|99","99","False","11 Apr, 2024 at 07:30 UTC","2024-04-11 07:30","https://modsbase.com/6pn2mlkm3qhj/2875587269_A_Special_World___40_MA__UBP___MB__COW3__MA-MSB__RICE_and_More_Compatch__41_.zip.html","RECOVERY_CANDIDATE","P4_RECOVERY_LATER","False","1","2875587269|305","0","","temporally-aligned-skymods-revision-without-git-candidate","False","False"
"Special-World","SW","2875587269","2875587269|100","100","False","9 Apr, 2024 at 17:37 UTC","2024-04-09 17:37","https://modsbase.com/uwv2fwyhibz3/2875587269_A_Special_World___40_MA__UBP___MB__COW3__MA-MSB__RICE_and_More_Compatch__41_.zip.html","RECOVERY_CANDIDATE","P4_RECOVERY_LATER","False","1","2875587269|306","0","","temporally-aligned-skymods-revision-without-git-candidate","False","False"
"Special-World","SW","2875587269","2875587269|101","101","False","4 Apr, 2024 at 18:54 UTC","2024-04-04 18:54","https://modsbase.com/6kklkeso6c9e/2875587269_A_Special_World___40_MA__UBP___MB__COW3__MA-MSB__RICE_and_More_Compatch__41_.zip.html","RECOVERY_CANDIDATE","P4_RECOVERY_LATER","False","1","2875587269|307","0","","temporally-aligned-skymods-revision-without-git-candidate","False","False"
"Special-World","SW","2875587269","2875587269|102","102","False","29 Mar, 2024 at 15:08 UTC","2024-03-29 15:08","https://modsbase.com/61v2qoh9ie4d/2875587269_A_Special_World___40_MA__UBP___MB__COW3__MA-MSB__RICE_and_More_Compatch__41_.zip.html","RECOVERY_CANDIDATE","P4_RECOVERY_LATER","False","1","2875587269|311","0","","temporally-aligned-skymods-revision-without-git-candidate","False","False"
"Special-World","SW","2875587269","2875587269|103","103","False","19 Mar, 2024 at 17:33 UTC","2024-03-19 17:33","https://modsbase.com/16fh6aa9dm7d/2875587269_A_Special_World___40_MA__UBP___MB__COW3__MA-MSB__RICE_and_More_Compatch__41_.zip.html","RECOVERY_CANDIDATE","P4_RECOVERY_LATER","False","1","2875587269|317","0","","temporally-aligned-skymods-revision-without-git-candidate","False","False"
"Special-World","SW","2875587269","2875587269|104","104","False","16 Mar, 2024 at 17:48 UTC","2024-03-16 17:48","https://modsbase.com/gs80vzyq5jmn/2875587269_A_Special_World___40_MA__UBP___MB__COW3__MA-MSB__RICE_and_More_Compatch__41_.zip.html","RECOVERY_CANDIDATE","P4_RECOVERY_LATER","False","1","2875587269|319","0","","temporally-aligned-skymods-revision-without-git-candidate","False","False"
"Special-World","SW","2875587269","2875587269|105","105","False","7 Mar, 2024 at 18:27 UTC","2024-03-07 18:27","https://modsbase.com/giq3qf0tp0oe/2875587269_A_Special_World___40_MA__UBP___MB__COW3__MA-MSB__RICE_and_More_Compatch__41_.zip.html","RECOVERY_CANDIDATE","P4_RECOVERY_LATER","False","1","2875587269|323","0","","temporally-aligned-skymods-revision-without-git-candidate","False","False"
"Special-World","SW","2875587269","2875587269|106","106","False","10 Feb, 2024 at 18:13 UTC","2024-02-10 18:13","https://modsbase.com/0fbgu2qbxqxn/2875587269_A_Special_World___40_MA__UBP___MB__COW3__MA-MSB__RICE_and_More_Compatch__41_.zip.html","RECOVERY_CANDIDATE","P4_RECOVERY_LATER","False","1","2875587269|324","0","","temporally-aligned-skymods-revision-without-git-candidate","False","False"
"Special-World","SW","2875587269","2875587269|107","107","False","21 Dec, 2023 at 06:18 UTC","2023-12-21 06:18","https://modsbase.com/dbfplaoq2uoz/2875587269_A_Special_World___40_MA__UBP___MB__COW3__MA-MSB__RICE_and_More_Compatch__41_.zip.html","RECOVERY_CANDIDATE","P4_RECOVERY_LATER","False","1","2875587269|337","0","","temporally-aligned-skymods-revision-without-git-candidate","False","False"
"Special-World","SW","2875587269","2875587269|108","108","False","19 Dec, 2023 at 17:48 UTC","2023-12-19 17:48","https://modsbase.com/xuvheimdmfaf/2875587269_A_Special_World___40_MA__UBP___MB__COW3__MA-MSB__RICE_and_More_Compatch__41_.zip.html","RECOVERY_CANDIDATE","P4_RECOVERY_LATER","False","1","2875587269|338","0","","temporally-aligned-skymods-revision-without-git-candidate","False","False"
"Special-World","SW","2875587269","2875587269|109","109","False","16 Dec, 2023 at 18:27 UTC","2023-12-16 18:27","https://modsbase.com/77kh8x6lynhe/2875587269_A_Special_World___40_MA__UBP___MB__COW3__MA-MSB__RICE_and_More_Compatch__41_.zip.html","RECOVERY_CANDIDATE","P4_RECOVERY_LATER","False","1","2875587269|339","0","","temporally-aligned-skymods-revision-without-git-candidate","False","False"
"Special-World","SW","2875587269","2875587269|110","110","False","6 Dec, 2023 at 23:12 UTC","2023-12-06 23:12","https://modsbase.com/ofa1wbkok1jy/2875587269_A_Special_World___40_MA__UBP___MB__COW3__MA-MSB__RICE_and_More_Compatch__41_.zip.html","RECOVERY_CANDIDATE","P4_RECOVERY_LATER","False","1","2875587269|343","0","","temporally-aligned-skymods-revision-without-git-candidate","False","False"
"Special-World","SW","2875587269","2875587269|111","111","False","28 Nov, 2023 at 01:43 UTC","2023-11-28 01:43","https://modsbase.com/mom4ch85pu0n/2875587269_A_Special_World___40_MA__UBP___MB__COW3__MA-MSB__RICE_and_More_Compatch__41_.zip.html","RECOVERY_CANDIDATE","P4_RECOVERY_LATER","False","1","2875587269|346","0","","temporally-aligned-skymods-revision-without-git-candidate","False","False"
"Special-World","SW","2875587269","2875587269|112","112","False","22 Nov, 2023 at 03:55 UTC","2023-11-22 03:55","https://modsbase.com/zl6knv5z6qp2/2875587269_A_Special_World___40_MA__UBP___MB__COW3__MA-MSB__RICE_and_More_Compatch__41_.zip.html","RECOVERY_CANDIDATE","P4_RECOVERY_LATER","False","1","2875587269|347","0","","temporally-aligned-skymods-revision-without-git-candidate","False","False"
"Special-World","SW","2875587269","2875587269|113","113","False","18 Nov, 2023 at 08:35 UTC","2023-11-18 08:35","https://modsbase.com/uo7757qk0dli/2875587269_A_Special_World___40_MA__UBP___MB__COW3__MA-MSB__RICE_and_More_Compatch__41_.zip.html","RECOVERY_CANDIDATE","P4_RECOVERY_LATER","False","1","2875587269|349","0","","temporally-aligned-skymods-revision-without-git-candidate","False","False"
"Special-World","SW","2875587269","2875587269|114","114","False","9 Oct, 2023 at 22:22 UTC","2023-10-09 22:22","https://modsbase.com/pul69bxgbm6i/2875587269_A_Special_World___40_MA__UBP___MB__COW3__MA-MSB__RICE_and_More_Compatch__41_.zip.html","RECOVERY_CANDIDATE","P4_RECOVERY_LATER","False","1","2875587269|352","0","","temporally-aligned-skymods-revision-without-git-candidate","False","False"
"Special-World","SW","2875587269","2875587269|115","115","False","6 Oct, 2023 at 17:04 UTC","2023-10-06 17:04","https://modsbase.com/0jvwyrsv6zih/2875587269_A_Special_World___40_MA__UBP___MB__COW3__MA-MSB__RICE_and_More_Compatch__41_.zip.html","RECOVERY_CANDIDATE","P4_RECOVERY_LATER","False","1","2875587269|355","0","","temporally-aligned-skymods-revision-without-git-candidate","False","False"
"Special-World","SW","2875587269","2875587269|116","116","False","3 Oct, 2023 at 15:32 UTC","2023-10-03 15:32","https://modsbase.com/lb1mlt2p6aem/2875587269_A_Special_World___40_MA__UBP___MB__COW3__MA-MSB__RICE_and_More_Compatch__41_.zip.html","RECOVERY_CANDIDATE","P4_RECOVERY_LATER","False","1","2875587269|358","0","","temporally-aligned-skymods-revision-without-git-candidate","False","False"
"Special-World","SW","2875587269","2875587269|117","117","False","28 Sep, 2023 at 22:23 UTC","2023-09-28 22:23","https://modsbase.com/9n7f97sdrxq2/2875587269_A_Special_World___40_MA__UBP___MB__COW3__MA-MSB__RICE_and_More_Compatch__41_.zip.html","RECOVERY_CANDIDATE","P4_RECOVERY_LATER","False","1","2875587269|359","0","","temporally-aligned-skymods-revision-without-git-candidate","False","False"
"Special-World","SW","2875587269","2875587269|118","118","False","6 Aug, 2023 at 22:10 UTC","2023-08-06 22:10","https://modsbase.com/i3af0s2hg5y1/2875587269_A_Special_World___40_MA__UBP___MB__COW3__MA-MSB__RICE_and_More_Compatch__41_.zip.html","RECOVERY_CANDIDATE","P4_RECOVERY_LATER","False","1","2875587269|368","0","","temporally-aligned-skymods-revision-without-git-candidate","False","False"
"Special-World","SW","2875587269","2875587269|119","119","False","31 Jul, 2023 at 21:09 UTC","2023-07-31 21:09","https://modsbase.com/95qb2eddfa25/2875587269_A_Special_World___40_MA__UBP___MB__COW3__MA-MSB__RICE_and_More_Compatch__41_.zip.html","RECOVERY_CANDIDATE","P4_RECOVERY_LATER","False","1","2875587269|371","0","","temporally-aligned-skymods-revision-without-git-candidate","False","False"
"Special-World","SW","2875587269","2875587269|120","120","False","27 Jul, 2023 at 17:21 UTC","2023-07-27 17:21","https://modsbase.com/lye0dzvthfpi/2875587269_A_Special_World___40_MA__UBP___MB__COW3__MA-MSB__RICE_and_More_Compatch__41_.zip.html","RECOVERY_CANDIDATE","P4_RECOVERY_LATER","False","1","2875587269|372","0","","temporally-aligned-skymods-revision-without-git-candidate","False","False"
"Special-World","SW","2875587269","2875587269|121","121","False","3 Jul, 2023 at 02:24 UTC","2023-07-03 02:24","https://modsbase.com/ltedci12ibo1/2875587269_A_Special_World___40_MA__UBP___MB__COW3__MA-MSB__RICE_and_More_Compatch__41_.zip.html","RECOVERY_CANDIDATE","P4_RECOVERY_LATER","False","1","2875587269|374","0","","temporally-aligned-skymods-revision-without-git-candidate","False","False"
"Special-World","SW","2875587269","2875587269|122","122","False","29 Jun, 2023 at 15:57 UTC","2023-06-29 15:57","https://modsbase.com/yv1wgdypt4j5/2875587269_A_Special_World___40_MA__UBP___MB__COW3__MA-MSB__RICE_and_More_Compatch__41_.zip.html","RECOVERY_CANDIDATE","P4_RECOVERY_LATER","False","1","2875587269|375","0","","temporally-aligned-skymods-revision-without-git-candidate","False","False"
"Special-World","SW","2875587269","2875587269|123","123","False","23 Jun, 2023 at 00:38 UTC","2023-06-23 00:38","https://modsbase.com/q5t39e9pj8o3/2875587269_A_Special_World___40_MA__UBP___MB__COW3__MA-MSB__RICE_and_More_Compatch__41_.zip.html","RECOVERY_CANDIDATE","P4_RECOVERY_LATER","False","1","2875587269|379","0","","temporally-aligned-skymods-revision-without-git-candidate","False","False"
"Special-World","SW","2875587269","2875587269|124","124","False","20 Jun, 2023 at 21:24 UTC","2023-06-20 21:24","https://modsbase.com/wil5to90o2pb/2875587269_A_Special_World___40_MA__UBP___MB__COW3__MA-MSB__RICE_and_More_Compatch__41_.zip.html","RECOVERY_CANDIDATE","P4_RECOVERY_LATER","False","1","2875587269|383","0","","temporally-aligned-skymods-revision-without-git-candidate","False","False"
"Special-World","SW","2875587269","2875587269|125","125","False","16 Jun, 2023 at 16:40 UTC","2023-06-16 16:40","https://modsbase.com/wv0stcgru12w/2875587269_A_Special_World___40_MA__UBP___MB__COW3__MA-MSB__RICE_and_More_Compatch__41_.zip.html","RECOVERY_CANDIDATE","P4_RECOVERY_LATER","False","1","2875587269|387","0","","temporally-aligned-skymods-revision-without-git-candidate","False","False"
"Special-World","SW","2875587269","2875587269|126","126","False","13 Jun, 2023 at 15:07 UTC","2023-06-13 15:07","https://modsbase.com/82rwm37wh6t0/2875587269_A_Special_World___40_MA__UBP___MB__COW3__MA-MSB__RICE_and_More_Compatch__41_.zip.html","RECOVERY_CANDIDATE","P4_RECOVERY_LATER","False","1","2875587269|389","0","","temporally-aligned-skymods-revision-without-git-candidate","False","False"
"Special-World","SW","2875587269","2875587269|127","127","False","11 Jun, 2023 at 17:34 UTC","2023-06-11 17:34","https://modsbase.com/vgk2a1r4w61h/2875587269_A_Special_World___40_MA__UBP___MB__COW3__MA-MSB__RICE_and_More_Compatch__41_.zip.html","RECOVERY_CANDIDATE","P4_RECOVERY_LATER","False","1","2875587269|391","0","","temporally-aligned-skymods-revision-without-git-candidate","False","False"
"Special-World","SW","2875587269","2875587269|128","128","False","5 Jun, 2023 at 19:00 UTC","2023-06-05 19:00","https://modsbase.com/wsmnx6bpnn9k/2875587269_A_Special_World___40_MA__UBP___MB__COW3__MA-MSB__RICE_and_More_Compatch__41_.zip.html","RECOVERY_CANDIDATE","P4_RECOVERY_LATER","False","1","2875587269|397","0","","temporally-aligned-skymods-revision-without-git-candidate","False","False"
"Special-World","SW","2875587269","2875587269|129","129","False","22 May, 2023 at 20:05 UTC","2023-05-22 20:05","https://modsbase.com/pmq0w1wgaalw/2875587269_A_Special_World___40_MA__UBP___MB__COW3__MA-MSB__RICE_and_More_Compatch__41_.zip.html","RECOVERY_CANDIDATE","P4_RECOVERY_LATER","False","1","2875587269|399","0","","temporally-aligned-skymods-revision-without-git-candidate","False","False"
"Special-World","SW","2875587269","2875587269|130","130","False","25 Apr, 2023 at 15:28 UTC","2023-04-25 15:28","https://modsbase.com/tqixgp9760uo/2875587269_A_Special_World___40_MA__UBP___MB__COW3__MA-MSB__RICE_and_More_Compatch__41_.zip.html","RECOVERY_CANDIDATE","P4_RECOVERY_LATER","False","1","2875587269|410","0","","temporally-aligned-skymods-revision-without-git-candidate","False","False"
"Special-World","SW","2875587269","2875587269|131","131","False","4 Apr, 2023 at 17:07 UTC","2023-04-04 17:07","https://modsbase.com/i8182g9upxbk/2875587269_A_Special_World___40_MA__UBP___MB__COW3__MA-MSB__RICE_and_More_Compatch__41_.zip.html","RECOVERY_CANDIDATE","P4_RECOVERY_LATER","False","1","2875587269|413","0","","temporally-aligned-skymods-revision-without-git-candidate","False","False"
"Special-World","SW","2875587269","2875587269|132","132","False","9 Mar, 2023 at 21:53 UTC","2023-03-09 21:53","https://modsbase.com/84d9qmp3nbiw/2875587269_A_Special_World___40_MA__UBP___MB__COW3__MA-MSB__RICE_and_More_Compatch__41_.zip.html","RECOVERY_CANDIDATE","P4_RECOVERY_LATER","False","1","2875587269|415","0","","temporally-aligned-skymods-revision-without-git-candidate","False","False"
"Special-World","SW","2875587269","2875587269|133","133","False","5 Mar, 2023 at 19:12 UTC","2023-03-05 19:12","https://modsbase.com/q3o0rng5nkf7/2875587269_A_Special_World___40_MA__UBP___MB__COW3__MA-MSB__RICE_and_More_Compatch__41_.zip.html","RECOVERY_CANDIDATE","P4_RECOVERY_LATER","False","1","2875587269|417","0","","temporally-aligned-skymods-revision-without-git-candidate","False","False"
"Special-World","SW","2875587269","2875587269|134","134","False","28 Feb, 2023 at 03:27 UTC","2023-02-28 03:27","https://modsbase.com/qynnluf1h1z3/2875587269_A_Special_World___40_MA__UBP___MB__COW3__MA-MSB__RICE_and_More_Compatch__41_.zip.html","RECOVERY_CANDIDATE","P4_RECOVERY_LATER","False","1","2875587269|421","0","","temporally-aligned-skymods-revision-without-git-candidate","False","False"
"Special-World","SW","2875587269","2875587269|135","135","False","17 Feb, 2023 at 19:28 UTC","2023-02-17 19:28","https://modsbase.com/ueqxuhstex9y/2875587269_A_Special_World___40_MA__UBP___MB__COW3__MA-MSB__RICE_and_More_Compatch__41_.zip.html","RECOVERY_CANDIDATE","P4_RECOVERY_LATER","False","1","2875587269|423","0","","temporally-aligned-skymods-revision-without-git-candidate","False","False"
"Special-World","SW","2875587269","2875587269|136","136","False","6 Feb, 2023 at 23:02 UTC","2023-02-06 23:02","https://modsbase.com/aeudplocy4d1/2875587269_A_Special_World___40_MA__UBP___MB__COW3__MA-MSB__RICE_and_More_Compatch__41_.zip.html","RECOVERY_CANDIDATE","P4_RECOVERY_LATER","False","1","2875587269|424","0","","temporally-aligned-skymods-revision-without-git-candidate","False","False"
"Special-World","SW","2875587269","2875587269|137","137","False","5 Feb, 2023 at 18:35 UTC","2023-02-05 18:35","https://modsbase.com/vsn28kn0g1pf/2875587269_A_Special_World___40_MA__UBP___MB__COW3__MA-MSB__RICE_and_More_Compatch__41_.zip.html","RECOVERY_CANDIDATE","P4_RECOVERY_LATER","False","1","2875587269|426","0","","temporally-aligned-skymods-revision-without-git-candidate","False","False"
"Special-World","SW","2875587269","2875587269|138","138","False","1 Feb, 2023 at 18:32 UTC","2023-02-01 18:32","https://modsbase.com/sgd6d3zyejys/2875587269_A_Special_World___40_MA__UBP___MB__COW3__MA-MSB__RICE_and_More_Compatch__41_.zip.html","RECOVERY_CANDIDATE","P4_RECOVERY_LATER","False","1","2875587269|432","0","","temporally-aligned-skymods-revision-without-git-candidate","False","False"
"Special-World","SW","2875587269","2875587269|139","139","False","1 Feb, 2023 at 00:23 UTC","2023-02-01 00:23","https://modsbase.com/mah4w59d9l1b/2875587269_Medieval_Arts__Unique_Buldings___40_Tweaked__41___More_Bookmarks___RICE_and_more_Merged.zip.html","RECOVERY_CANDIDATE","P4_RECOVERY_LATER","False","1","2875587269|436","0","","temporally-aligned-skymods-revision-without-git-candidate","False","False"
"Special-World","SW","2875587269","2875587269|140","140","False","26 Jan, 2023 at 00:12 UTC","2023-01-26 00:12","https://modsbase.com/lp9q1jq2quzu/2875587269_Medieval_Arts__Unique_Buldings___40_Tweaked__41___More_Bookmarks___RICE_and_more_Merged.zip.html","RECOVERY_CANDIDATE","P4_RECOVERY_LATER","False","1","2875587269|444","0","","temporally-aligned-skymods-revision-without-git-candidate","False","False"
"Special-World","SW","2875587269","2875587269|141","141","False","24 Jan, 2023 at 23:39 UTC","2023-01-24 23:39","https://modsbase.com/s3x2dyon2jwx/2875587269_Medieval_Arts__Unique_Buldings___40_Tweaked__41___More_Bookmarks___RICE_and_more_Merged.zip.html","RECOVERY_CANDIDATE","P4_RECOVERY_LATER","False","1","2875587269|445","0","","temporally-aligned-skymods-revision-without-git-candidate","False","False"
"Special-World","SW","2875587269","2875587269|142","142","False","23 Jan, 2023 at 07:46 UTC","2023-01-23 07:46","https://modsbase.com/ek7i612wh8na/2875587269_Medieval_Arts__Unique_Buldings___40_Tweaked__41___More_Bookmarks___RICE_and_more_Merged.zip.html","RECOVERY_CANDIDATE","P4_RECOVERY_LATER","False","1","2875587269|446","0","","temporally-aligned-skymods-revision-without-git-candidate","False","False"
"Special-World","SW","2875587269","2875587269|143","143","False","17 Jan, 2023 at 22:10 UTC","2023-01-17 22:10","https://modsbase.com/8jt7ai9fqhar/2875587269_Medieval_Arts__Unique_Buldings___40_Tweaked__41___More_Bookmarks___RICE_and_more_Merged.zip.html","RECOVERY_CANDIDATE","P4_RECOVERY_LATER","False","1","2875587269|451","0","","temporally-aligned-skymods-revision-without-git-candidate","False","False"
"Special-World","SW","2875587269","2875587269|144","144","False","15 Jan, 2023 at 22:17 UTC","2023-01-15 22:17","https://modsbase.com/0310w9r73lz0/2875587269_Medieval_Arts__Unique_Buldings___40_Tweaked__41___More_Bookmarks___RICE_and_more_Merged.zip.html","RECOVERY_CANDIDATE","P4_RECOVERY_LATER","False","1","2875587269|453","0","","temporally-aligned-skymods-revision-without-git-candidate","False","False"
"Special-World","SW","2875587269","2875587269|145","145","False","9 Jan, 2023 at 15:51 UTC","2023-01-09 15:51","https://modsbase.com/eczoc8hcoa9v/2875587269_Medieval_Arts__Unique_Buldings___40_Tweaked__41___More_Bookmarks___RICE_and_more_Merged.zip.html","RECOVERY_CANDIDATE","P4_RECOVERY_LATER","False","1","2875587269|454","0","","temporally-aligned-skymods-revision-without-git-candidate","False","False"
"Special-World","SW","2875587269","2875587269|146","146","False","2 Jan, 2023 at 18:14 UTC","2023-01-02 18:14","https://modsbase.com/i9a63ezh2upd/2875587269_Medieval_Arts__Unique_Buldings___40_Tweaked__41___More_Bookmarks___RICE_and_more_Merged.zip.html","RECOVERY_CANDIDATE","P4_RECOVERY_LATER","False","1","2875587269|456","0","","temporally-aligned-skymods-revision-without-git-candidate","False","False"
"Special-World","SW","2875587269","2875587269|147","147","False","24 Dec, 2022 at 03:01 UTC","2022-12-24 03:01","https://modsbase.com/ldh03n60e73g/2875587269_Medieval_Arts__Unique_Buldings___40_Tweaked__41___More_Bookmarks___RICE_and_more_Merged.zip.html","RECOVERY_CANDIDATE","P4_RECOVERY_LATER","False","1","2875587269|458","0","","temporally-aligned-skymods-revision-without-git-candidate","False","False"
"Special-World","SW","2875587269","2875587269|148","148","False","6 Dec, 2022 at 18:16 UTC","2022-12-06 18:16","https://modsbase.com/ns8tk0xardf5/2875587269_Medieval_Arts__Unique_Buldings___40_Tweaked__41___More_Bookmarks___RICE_and_more_Merged.zip.html","RECOVERY_CANDIDATE","P4_RECOVERY_LATER","False","1","2875587269|459","0","","temporally-aligned-skymods-revision-without-git-candidate","False","False"
"Special-World","SW","2875587269","2875587269|149","149","False","1 Dec, 2022 at 01:16 UTC","2022-12-01 01:16","https://modsbase.com/cik0si0whr0t/2875587269_Medieval_Arts__Unique_Buldings___40_Tweaked__41___More_Bookmarks___RICE_and_more_Merged.zip.html","RECOVERY_CANDIDATE","P4_RECOVERY_LATER","False","1","2875587269|460","0","","temporally-aligned-skymods-revision-without-git-candidate","False","False"
"Special-World","SW","2875587269","2875587269|150","150","False","28 Nov, 2022 at 17:30 UTC","2022-11-28 17:30","https://modsbase.com/zyg1xdol5kod/2875587269_Medieval_Arts___Unique_Buldings_____RICE___Merge___Tweak.zip.html","RECOVERY_CANDIDATE","P4_RECOVERY_LATER","False","1","2875587269|463","0","","temporally-aligned-skymods-revision-without-git-candidate","False","False"
"Special-World","SW","2875587269","2875587269|151","151","False","18 Oct, 2022 at 00:39 UTC","2022-10-18 00:39","https://modsbase.com/rc3v5ac70c0o/2875587269_Medieval_Arts___Unique_Buldings___-_Merge___Tweak.zip.html","RECOVERY_CANDIDATE","P4_RECOVERY_LATER","False","1","2875587269|465","0","","temporally-aligned-skymods-revision-without-git-candidate","False","False"
"Turkic-World-Expanded","TWE","3668769244","3668769244|1","1","True","1 May at 20:48 UTC","2026-05-01 20:48","https://modsbase.com/4fd28fedw2eo/3668769244_Turkic_World_Expanded.zip.html","RECOVERY_CANDIDATE","P4_RECOVERY_LATER","False","1","3668769244|1","0","","temporally-aligned-skymods-revision-without-git-candidate","False","False"
"Turkic-World-Expanded","TWE","3668769244","3668769244|2","2","False","7 Mar at 19:16 UTC","2026-03-07 19:16","https://modsbase.com/ovqru76fiz8w/3668769244_Turkic_World_Expanded.zip.html","RECOVERY_CANDIDATE","P4_RECOVERY_LATER","False","1","3668769244|2","0","","temporally-aligned-skymods-revision-without-git-candidate","False","False"
"Western-Steppe-Expanded","WSE","3490396842","3490396842|3","3","False","17 Dec, 2025 at 11:04 UTC","2025-12-17 11:04","https://modsbase.com/sixx0q27g0qn/3490396842_Western_Steppe_Expanded.zip.html","RECOVERY_CANDIDATE","P4_RECOVERY_LATER","False","1","3490396842|7","0","","temporally-aligned-skymods-revision-without-git-candidate","False","False"
"Western-Steppe-Expanded","WSE","3490396842","3490396842|4","4","False","1 Dec, 2025 at 19:48 UTC","2025-12-01 19:48","https://modsbase.com/eqyt1p6kemuc/3490396842_Western_Steppe_Expanded.zip.html","RECOVERY_CANDIDATE","P4_RECOVERY_LATER","False","1","3490396842|8","0","","temporally-aligned-skymods-revision-without-git-candidate","False","False"
"Western-Steppe-Expanded","WSE","3490396842","3490396842|5","5","False","18 Nov, 2025 at 15:25 UTC","2025-11-18 15:25","https://modsbase.com/2enkyrhgxhto/3490396842_Western_Steppe_Expanded.zip.html","RECOVERY_CANDIDATE","P4_RECOVERY_LATER","False","1","3490396842|10","0","","temporally-aligned-skymods-revision-without-git-candidate","False","False"
"Western-Steppe-Expanded","WSE","3490396842","3490396842|6","6","False","31 Oct, 2025 at 21:18 UTC","2025-10-31 21:18","https://modsbase.com/urorc681o7fg/3490396842_Western_Steppe_Expanded.zip.html","RECOVERY_CANDIDATE","P4_RECOVERY_LATER","False","1","3490396842|12","0","","temporally-aligned-skymods-revision-without-git-candidate","False","False"
"Western-Steppe-Expanded","WSE","3490396842","3490396842|7","7","False","28 Oct, 2025 at 19:57 UTC","2025-10-28 19:57","https://modsbase.com/e4jj87ocpiqu/3490396842_Western_Steppe_Expanded.zip.html","RECOVERY_CANDIDATE","P4_RECOVERY_LATER","False","1","3490396842|13","0","","temporally-aligned-skymods-revision-without-git-candidate","False","False"
"Western-Steppe-Expanded","WSE","3490396842","3490396842|8","8","False","30 Sep, 2025 at 18:36 UTC","2025-09-30 18:36","https://modsbase.com/92tbtrhp0akr/3490396842_Western_Steppe_Expanded.zip.html","RECOVERY_CANDIDATE","P4_RECOVERY_LATER","False","1","3490396842|14","0","","temporally-aligned-skymods-revision-without-git-candidate","False","False"
"Western-Steppe-Expanded","WSE","3490396842","3490396842|9","9","False","14 Sep, 2025 at 20:38 UTC","2025-09-14 20:38","https://modsbase.com/i0i8uclx0uh4/3490396842_Western_Steppe_Expanded.zip.html","RECOVERY_CANDIDATE","P4_RECOVERY_LATER","False","1","3490396842|15","0","","temporally-aligned-skymods-revision-without-git-candidate","False","False"
"Western-Steppe-Expanded","WSE","3490396842","3490396842|10","10","False","9 Sep, 2025 at 17:10 UTC","2025-09-09 17:10","https://modsbase.com/5ttnw94x2om8/3490396842_Western_Steppe_Expanded.zip.html","RECOVERY_CANDIDATE","P4_RECOVERY_LATER","False","1","3490396842|16","0","","temporally-aligned-skymods-revision-without-git-candidate","False","False"
"Western-Steppe-Expanded","WSE","3490396842","3490396842|11","11","False","27 Jul, 2025 at 09:01 UTC","2025-07-27 09:01","https://modsbase.com/hk6spr5fn5o7/3490396842_Western_Steppe_Expanded.zip.html","RECOVERY_CANDIDATE","P4_RECOVERY_LATER","False","1","3490396842|17","0","","temporally-aligned-skymods-revision-without-git-candidate","False","False"
"Western-Steppe-Expanded","WSE","3490396842","3490396842|12","12","False","7 Jun, 2025 at 20:50 UTC","2025-06-07 20:50","https://modsbase.com/6a8gn6awr9ng/3490396842_Western_Steppe_Expanded.zip.html","RECOVERY_CANDIDATE","P4_RECOVERY_LATER","False","1","3490396842|20","0","","temporally-aligned-skymods-revision-without-git-candidate","False","False"
"Western-Steppe-Expanded","WSE","3490396842","3490396842|13","13","False","5 Jun, 2025 at 20:52 UTC","2025-06-05 20:52","https://modsbase.com/z7robi53h6y7/3490396842_Western_Steppe_Expanded.zip.html","RECOVERY_CANDIDATE","P4_RECOVERY_LATER","False","1","3490396842|21","0","","temporally-aligned-skymods-revision-without-git-candidate","False","False"
