"EventKey","Repo","Abbreviation","WorkshopId","SteamNewestOrdinal","SteamRawDisplayedTime","SteamNormalizedFetchedTime","SteamVersionText","SkymodsRevisionKey","SkymodsNewestOrdinal","SkymodsIsCurrentRevision","SkymodsRawDisplayedTime","SkymodsNormalizedUtcTime","SkymodsDownloadUrl","CalendarDayDelta","ObservedOffsetHours","RoundedWholeHourOffset","SameMinute","WholeHourOffset","OffsetClusterEligible","IsDominantOffsetMatch","TemporalPairStatus"
"2220098919|1","Community-Flavor-Pack","CFP","2220098919","1","21 Apr @ 11:34am","2026-04-21 11:34","Version 3.3.6","2220098919|1","1","True","21 Apr at 18:34 UTC","2026-04-21 18:34","https://modsbase.com/4ul72nr980cp/2220098919_Community_Flavor_Pack.zip.html","0","7","7","True","True","True","True","BIDIRECTIONAL_UNIQUE"
"2220098919|2","Community-Flavor-Pack","CFP","2220098919","2","27 Jan @ 1:24pm","2026-01-27 13:24","Version 3.3.5","2220098919|2","2","False","27 Jan at 21:24 UTC","2026-01-27 21:24","https://modsbase.com/t314z6qwhs5y/2220098919_Community_Flavor_Pack.zip.html","0","8","8","True","True","True","True","BIDIRECTIONAL_UNIQUE"
"2220098919|3","Community-Flavor-Pack","CFP","2220098919","3","12 Nov, 2025 @ 12:36pm","2025-11-12 12:36","Version 3.3.4","2220098919|3","3","False","12 Nov, 2025 at 20:36 UTC","2025-11-12 20:36","https://modsbase.com/61q8e7dy4df3/2220098919_Community_Flavor_Pack.zip.html","0","8","8","True","True","True","True","BIDIRECTIONAL_UNIQUE"
"2220098919|3","Community-Flavor-Pack","CFP","2220098919","3","12 Nov, 2025 @ 12:36pm","2025-11-12 12:36","Version 3.3.4","2220098919|4","4","False","11 Nov, 2025 at 16:03 UTC","2025-11-11 16:03","https://modsbase.com/csewo5p3q540/2220098919_Community_Flavor_Pack.zip.html","-1","-20,55","","False","False","False","False","WEAK_TIME_CANDIDATE"
"2220098919|4","Community-Flavor-Pack","CFP","2220098919","4","11 Nov, 2025 @ 8:03am","2025-11-11 08:03","Version 3.3.3","2220098919|3","3","False","12 Nov, 2025 at 20:36 UTC","2025-11-12 20:36","https://modsbase.com/61q8e7dy4df3/2220098919_Community_Flavor_Pack.zip.html","1","36,55","","False","False","False","False","WEAK_TIME_CANDIDATE"
"2220098919|4","Community-Flavor-Pack","CFP","2220098919","4","11 Nov, 2025 @ 8:03am","2025-11-11 08:03","Version 3.3.3","2220098919|4","4","False","11 Nov, 2025 at 16:03 UTC","2025-11-11 16:03","https://modsbase.com/csewo5p3q540/2220098919_Community_Flavor_Pack.zip.html","0","8","8","True","True","True","True","BIDIRECTIONAL_UNIQUE"
"2220098919|5","Community-Flavor-Pack","CFP","2220098919","5","30 Oct, 2025 @ 3:05pm","2025-10-30 15:05","Version 3.3.2","2220098919|5","5","False","30 Oct, 2025 at 22:05 UTC","2025-10-30 22:05","https://modsbase.com/uxcp6czj07ys/2220098919_Community_Flavor_Pack.zip.html","0","7","7","True","True","True","True","BIDIRECTIONAL_UNIQUE"
"2220098919|5","Community-Flavor-Pack","CFP","2220098919","5","30 Oct, 2025 @ 3:05pm","2025-10-30 15:05","Version 3.3.2","2220098919|6","6","False","28 Oct, 2025 at 17:28 UTC","2025-10-28 17:28","https://modsbase.com/x9mh0o8y7vc2/2220098919_Community_Flavor_Pack.zip.html","-2","-45,62","","False","False","False","False","WEAK_TIME_CANDIDATE"
"2220098919|6","Community-Flavor-Pack","CFP","2220098919","6","28 Oct, 2025 @ 10:28am","2025-10-28 10:28","Version 3.3.1","2220098919|5","5","False","30 Oct, 2025 at 22:05 UTC","2025-10-30 22:05","https://modsbase.com/uxcp6czj07ys/2220098919_Community_Flavor_Pack.zip.html","2","59,62","","False","False","False","False","WEAK_TIME_CANDIDATE"
"2220098919|6","Community-Flavor-Pack","CFP","2220098919","6","28 Oct, 2025 @ 10:28am","2025-10-28 10:28","Version 3.3.1","2220098919|6","6","False","28 Oct, 2025 at 17:28 UTC","2025-10-28 17:28","https://modsbase.com/x9mh0o8y7vc2/2220098919_Community_Flavor_Pack.zip.html","0","7","7","True","True","True","True","BIDIRECTIONAL_UNIQUE"
"2220098919|7","Community-Flavor-Pack","CFP","2220098919","7","28 Oct, 2025 @ 10:18am","2025-10-28 10:18","Version 3.3.0 « All Under Heaven » compatibility","2220098919|5","5","False","30 Oct, 2025 at 22:05 UTC","2025-10-30 22:05","https://modsbase.com/uxcp6czj07ys/2220098919_Community_Flavor_Pack.zip.html","2","59,78","","False","False","False","False","WEAK_TIME_CANDIDATE"
"2220098919|7","Community-Flavor-Pack","CFP","2220098919","7","28 Oct, 2025 @ 10:18am","2025-10-28 10:18","Version 3.3.0 « All Under Heaven » compatibility","2220098919|6","6","False","28 Oct, 2025 at 17:28 UTC","2025-10-28 17:28","https://modsbase.com/x9mh0o8y7vc2/2220098919_Community_Flavor_Pack.zip.html","0","7,17","","False","False","False","False","WEAK_TIME_CANDIDATE"
"2220098919|8","Community-Flavor-Pack","CFP","2220098919","8","9 Sep, 2025 @ 12:19pm","2025-09-09 12:19","Version 3.2.24","2220098919|7","7","False","9 Sep, 2025 at 19:19 UTC","2025-09-09 19:19","https://modsbase.com/4kiim2oczi1a/2220098919_Community_Flavor_Pack.zip.html","0","7","7","True","True","True","True","BIDIRECTIONAL_UNIQUE"
"2220098919|9","Community-Flavor-Pack","CFP","2220098919","9","21 Jul, 2025 @ 7:51am","2025-07-21 07:51","Version 3.2.23","2220098919|8","8","False","21 Jul, 2025 at 14:51 UTC","2025-07-21 14:51","https://modsbase.com/gmag0sdmiaqw/2220098919_Community_Flavor_Pack.zip.html","0","7","7","True","True","True","True","BIDIRECTIONAL_UNIQUE"
"2220098919|10","Community-Flavor-Pack","CFP","2220098919","10","28 Apr, 2025 @ 6:15am","2025-04-28 06:15","Version 3.2.22","2220098919|9","9","False","28 Apr, 2025 at 13:15 UTC","2025-04-28 13:15","https://modsbase.com/buc5idx4zhup/2220098919_Community_Flavor_Pack.zip.html","0","7","7","True","True","True","True","BIDIRECTIONAL_UNIQUE"
"2220098919|11","Community-Flavor-Pack","CFP","2220098919","11","12 Mar, 2025 @ 10:13am","2025-03-12 10:13","Version 3.2.21","2220098919|10","10","False","12 Mar, 2025 at 16:13 UTC","2025-03-12 16:13","https://modsbase.com/1xpp5gy4vzlz/2220098919_Community_Flavor_Pack.zip.html","0","6","6","True","True","True","True","BIDIRECTIONAL_UNIQUE"
"2220098919|12","Community-Flavor-Pack","CFP","2220098919","12","25 Feb, 2025 @ 6:41am","2025-02-25 06:41","Version 3.2.20","2220098919|11","11","False","25 Feb, 2025 at 14:41 UTC","2025-02-25 14:41","https://modsbase.com/7eh5s31zx0th/2220098919_Community_Flavor_Pack.zip.html","0","8","8","True","True","True","True","BIDIRECTIONAL_UNIQUE"
"2220098919|13","Community-Flavor-Pack","CFP","2220098919","13","27 Nov, 2024 @ 9:21am","2024-11-27 09:21","Version 3.2.19","2220098919|12","12","False","27 Nov, 2024 at 17:21 UTC","2024-11-27 17:21","https://modsbase.com/9kitkgh0g0ze/2220098919_Community_Flavor_Pack.zip.html","0","8","8","True","True","True","True","BIDIRECTIONAL_UNIQUE"
"2220098919|14","Community-Flavor-Pack","CFP","2220098919","14","4 Nov, 2024 @ 9:32am","2024-11-04 09:32","Version 3.2.18","2220098919|13","13","False","4 Nov, 2024 at 17:32 UTC","2024-11-04 17:32","https://modsbase.com/802j3dhy0ujb/2220098919_Community_Flavor_Pack.zip.html","0","8","8","True","True","True","True","BIDIRECTIONAL_UNIQUE"
"2220098919|15","Community-Flavor-Pack","CFP","2220098919","15","29 Sep, 2024 @ 11:46pm","2024-09-29 23:46","Version 3.2.17","2220098919|14","14","False","30 Sep, 2024 at 06:46 UTC","2024-09-30 06:46","https://modsbase.com/xtv1d1cdptuj/2220098919_Community_Flavor_Pack.zip.html","1","7","7","True","True","True","True","BIDIRECTIONAL_UNIQUE"
"2220098919|16","Community-Flavor-Pack","CFP","2220098919","16","29 Sep, 2024 @ 8:17am","2024-09-29 08:17","Version 3.2.16","2220098919|14","14","False","30 Sep, 2024 at 06:46 UTC","2024-09-30 06:46","https://modsbase.com/xtv1d1cdptuj/2220098919_Community_Flavor_Pack.zip.html","1","22,48","","False","False","False","False","WEAK_TIME_CANDIDATE"
"2220098919|17","Community-Flavor-Pack","CFP","2220098919","17","24 Sep, 2024 @ 10:59am","2024-09-24 10:59","Version 3.2.15 « Roads to Power »","2220098919|15","15","False","24 Sep, 2024 at 17:59 UTC","2024-09-24 17:59","https://modsbase.com/f56t68dvcw5j/2220098919_Community_Flavor_Pack.zip.html","0","7","7","True","True","True","True","BIDIRECTIONAL_UNIQUE"
"2220098919|18","Community-Flavor-Pack","CFP","2220098919","18","4 Mar, 2024 @ 11:54am","2024-03-04 11:54","Version 3.2.14","2220098919|16","16","False","4 Mar, 2024 at 19:54 UTC","2024-03-04 19:54","https://modsbase.com/leeduli5poai/2220098919_Community_Flavor_Pack.zip.html","0","8","8","True","True","True","True","BIDIRECTIONAL_UNIQUE"
"2220098919|19","Community-Flavor-Pack","CFP","2220098919","19","6 Feb, 2024 @ 9:33am","2024-02-06 09:33","Version 3.2.13","2220098919|17","17","False","6 Feb, 2024 at 17:33 UTC","2024-02-06 17:33","https://modsbase.com/jz8fuvaxma4n/2220098919_Community_Flavor_Pack.zip.html","0","8","8","True","True","True","True","BIDIRECTIONAL_UNIQUE"
"2220098919|20","Community-Flavor-Pack","CFP","2220098919","20","23 Jan, 2024 @ 6:51am","2024-01-23 06:51","Version 3.2.12 - Compatibility with North African Attire Content Creator Pack.","2220098919|18","18","False","23 Jan, 2024 at 14:51 UTC","2024-01-23 14:51","https://modsbase.com/thzwywrcosej/2220098919_Community_Flavor_Pack.zip.html","0","8","8","True","True","True","True","BIDIRECTIONAL_UNIQUE"
"2220098919|21","Community-Flavor-Pack","CFP","2220098919","21","16 Nov, 2023 @ 2:34am","2023-11-16 02:34","Version 3.2.11","2220098919|19","19","False","16 Nov, 2023 at 10:34 UTC","2023-11-16 10:34","https://modsbase.com/lqbqt21hff0s/2220098919_Community_Flavor_Pack.zip.html","0","8","8","True","True","True","True","BIDIRECTIONAL_UNIQUE"
"2220098919|22","Community-Flavor-Pack","CFP","2220098919","22","9 Nov, 2023 @ 10:03am","2023-11-09 10:03","Version 3.2.10","2220098919|20","20","False","9 Nov, 2023 at 18:03 UTC","2023-11-09 18:03","https://modsbase.com/h3lh5rnc950y/2220098919_Community_Flavor_Pack.zip.html","0","8","8","True","True","True","True","BIDIRECTIONAL_UNIQUE"
"2220098919|23","Community-Flavor-Pack","CFP","2220098919","23","22 Aug, 2023 @ 8:41am","2023-08-22 08:41","Version 3.2.9","2220098919|21","21","False","22 Aug, 2023 at 15:41 UTC","2023-08-22 15:41","https://modsbase.com/ji6ovfu48clk/2220098919_Community_Flavor_Pack.zip.html","0","7","7","True","True","True","True","BIDIRECTIONAL_UNIQUE"
"2220098919|24","Community-Flavor-Pack","CFP","2220098919","24","15 Jun, 2023 @ 5:50am","2023-06-15 05:50","Version 3.2.8","2220098919|22","22","False","15 Jun, 2023 at 12:50 UTC","2023-06-15 12:50","https://modsbase.com/1qvne2ux4v71/2220098919_Community_Flavor_Pack.zip.html","0","7","7","True","True","True","True","BIDIRECTIONAL_UNIQUE"
"2220098919|25","Community-Flavor-Pack","CFP","2220098919","25","6 Jun, 2023 @ 10:02am","2023-06-06 10:02","Version 3.2.7","2220098919|23","23","False","6 Jun, 2023 at 17:02 UTC","2023-06-06 17:02","https://modsbase.com/6u1nh5rq4nmz/2220098919_Community_Flavor_Pack.zip.html","0","7","7","True","True","True","True","BIDIRECTIONAL_UNIQUE"
"2220098919|26","Community-Flavor-Pack","CFP","2220098919","26","30 May, 2023 @ 9:43am","2023-05-30 09:43","Version 3.2.6","2220098919|24","24","False","30 May, 2023 at 16:43 UTC","2023-05-30 16:43","https://modsbase.com/j72flcz6ow20/2220098919_Community_Flavor_Pack.zip.html","0","7","7","True","True","True","True","BIDIRECTIONAL_UNIQUE"
"2220098919|27","Community-Flavor-Pack","CFP","2220098919","27","16 May, 2023 @ 12:31pm","2023-05-16 12:31","Version 3.2.5","2220098919|25","25","False","16 May, 2023 at 19:31 UTC","2023-05-16 19:31","https://modsbase.com/aanrujy521h0/2220098919_Community_Flavor_Pack.zip.html","0","7","7","True","True","True","True","BIDIRECTIONAL_UNIQUE"
"2220098919|27","Community-Flavor-Pack","CFP","2220098919","27","16 May, 2023 @ 12:31pm","2023-05-16 12:31","Version 3.2.5","2220098919|26","26","False","14 May, 2023 at 10:31 UTC","2023-05-14 10:31","https://modsbase.com/od1h0nanm7xk/2220098919_Community_Flavor_Pack.zip.html","-2","-50","-50","True","True","False","False","WEAK_TIME_CANDIDATE"
"2220098919|28","Community-Flavor-Pack","CFP","2220098919","28","14 May, 2023 @ 3:31am","2023-05-14 03:31","Version 3.2.4","2220098919|25","25","False","16 May, 2023 at 19:31 UTC","2023-05-16 19:31","https://modsbase.com/aanrujy521h0/2220098919_Community_Flavor_Pack.zip.html","2","64","64","True","True","False","False","WEAK_TIME_CANDIDATE"
"2220098919|28","Community-Flavor-Pack","CFP","2220098919","28","14 May, 2023 @ 3:31am","2023-05-14 03:31","Version 3.2.4","2220098919|26","26","False","14 May, 2023 at 10:31 UTC","2023-05-14 10:31","https://modsbase.com/od1h0nanm7xk/2220098919_Community_Flavor_Pack.zip.html","0","7","7","True","True","True","True","BIDIRECTIONAL_UNIQUE"
"2220098919|29","Community-Flavor-Pack","CFP","2220098919","29","13 May, 2023 @ 6:11am","2023-05-13 06:11","Version 3.2.3","2220098919|26","26","False","14 May, 2023 at 10:31 UTC","2023-05-14 10:31","https://modsbase.com/od1h0nanm7xk/2220098919_Community_Flavor_Pack.zip.html","1","28,33","","False","False","False","False","WEAK_TIME_CANDIDATE"
"2220098919|29","Community-Flavor-Pack","CFP","2220098919","29","13 May, 2023 @ 6:11am","2023-05-13 06:11","Version 3.2.3","2220098919|27","27","False","11 May, 2023 at 18:47 UTC","2023-05-11 18:47","https://modsbase.com/j358tb33axk8/2220098919_Community_Flavor_Pack.zip.html","-2","-35,4","","False","False","False","False","WEAK_TIME_CANDIDATE"
"2220098919|30","Community-Flavor-Pack","CFP","2220098919","30","12 May, 2023 @ 5:52am","2023-05-12 05:52","","2220098919|26","26","False","14 May, 2023 at 10:31 UTC","2023-05-14 10:31","https://modsbase.com/od1h0nanm7xk/2220098919_Community_Flavor_Pack.zip.html","2","52,65","","False","False","False","False","WEAK_TIME_CANDIDATE"
"2220098919|30","Community-Flavor-Pack","CFP","2220098919","30","12 May, 2023 @ 5:52am","2023-05-12 05:52","","2220098919|27","27","False","11 May, 2023 at 18:47 UTC","2023-05-11 18:47","https://modsbase.com/j358tb33axk8/2220098919_Community_Flavor_Pack.zip.html","-1","-11,08","","False","False","False","False","WEAK_TIME_CANDIDATE"
"2220098919|31","Community-Flavor-Pack","CFP","2220098919","31","12 May, 2023 @ 5:20am","2023-05-12 05:20","Version 3.2.2","2220098919|26","26","False","14 May, 2023 at 10:31 UTC","2023-05-14 10:31","https://modsbase.com/od1h0nanm7xk/2220098919_Community_Flavor_Pack.zip.html","2","53,18","","False","False","False","False","WEAK_TIME_CANDIDATE"
"2220098919|31","Community-Flavor-Pack","CFP","2220098919","31","12 May, 2023 @ 5:20am","2023-05-12 05:20","Version 3.2.2","2220098919|27","27","False","11 May, 2023 at 18:47 UTC","2023-05-11 18:47","https://modsbase.com/j358tb33axk8/2220098919_Community_Flavor_Pack.zip.html","-1","-10,55","","False","False","False","False","WEAK_TIME_CANDIDATE"
"2220098919|32","Community-Flavor-Pack","CFP","2220098919","32","11 May, 2023 @ 11:47am","2023-05-11 11:47","Version 3.2.1","2220098919|27","27","False","11 May, 2023 at 18:47 UTC","2023-05-11 18:47","https://modsbase.com/j358tb33axk8/2220098919_Community_Flavor_Pack.zip.html","0","7","7","True","True","True","True","BIDIRECTIONAL_UNIQUE"
"2220098919|33","Community-Flavor-Pack","CFP","2220098919","33","11 May, 2023 @ 10:34am","2023-05-11 10:34","Version 3.2.0","2220098919|27","27","False","11 May, 2023 at 18:47 UTC","2023-05-11 18:47","https://modsbase.com/j358tb33axk8/2220098919_Community_Flavor_Pack.zip.html","0","8,22","","False","False","False","False","WEAK_TIME_CANDIDATE"
"2220098919|34","Community-Flavor-Pack","CFP","2220098919","34","4 Apr, 2023 @ 1:29pm","2023-04-04 13:29","Version 3.1.11","2220098919|28","28","False","4 Apr, 2023 at 20:29 UTC","2023-04-04 20:29","https://modsbase.com/ll87k8m0ubzx/2220098919_Community_Flavor_Pack.zip.html","0","7","7","True","True","True","True","BIDIRECTIONAL_UNIQUE"
"2220098919|35","Community-Flavor-Pack","CFP","2220098919","35","4 Mar, 2023 @ 7:59am","2023-03-04 07:59","Version 3.1.10","2220098919|29","29","False","4 Mar, 2023 at 15:59 UTC","2023-03-04 15:59","https://modsbase.com/y2yrq544ck0h/2220098919_Community_Flavor_Pack.zip.html","0","8","8","True","True","True","True","BIDIRECTIONAL_UNIQUE"
"2220098919|36","Community-Flavor-Pack","CFP","2220098919","36","3 Mar, 2023 @ 12:47am","2023-03-03 00:47","Version 3.1.9","2220098919|29","29","False","4 Mar, 2023 at 15:59 UTC","2023-03-04 15:59","https://modsbase.com/y2yrq544ck0h/2220098919_Community_Flavor_Pack.zip.html","1","39,2","","False","False","False","False","WEAK_TIME_CANDIDATE"
"2220098919|37","Community-Flavor-Pack","CFP","2220098919","37","1 Dec, 2022 @ 11:47am","2022-12-01 11:47","Version 3.1.8","2220098919|30","30","False","1 Dec, 2022 at 19:47 UTC","2022-12-01 19:47","https://modsbase.com/7gxtw6nlvf1s/2220098919_Community_Flavor_Pack.zip.html","0","8","8","True","True","True","True","BIDIRECTIONAL_UNIQUE"
"2220098919|38","Community-Flavor-Pack","CFP","2220098919","38","20 Nov, 2022 @ 2:36am","2022-11-20 02:36","Version 3.1.7","2220098919|31","31","False","20 Nov, 2022 at 10:36 UTC","2022-11-20 10:36","https://modsbase.com/2wmfdy6u059k/2220098919_Community_Flavor_Pack.zip.html","0","8","8","True","True","True","True","BIDIRECTIONAL_UNIQUE"
"2220098919|39","Community-Flavor-Pack","CFP","2220098919","39","1 Nov, 2022 @ 7:22am","2022-11-01 07:22","Version 3.1.6","2220098919|32","32","False","1 Nov, 2022 at 14:22 UTC","2022-11-01 14:22","https://modsbase.com/w9brr2fxzeta/2220098919_Community_Flavor_Pack.zip.html","0","7","7","True","True","True","True","BIDIRECTIONAL_UNIQUE"
"2220098919|40","Community-Flavor-Pack","CFP","2220098919","40","8 Sep, 2022 @ 12:19pm","2022-09-08 12:19","Version 3.1.5","2220098919|33","33","False","8 Sep, 2022 at 19:19 UTC","2022-09-08 19:19","https://modsbase.com/k587vxj3hhrj/2220098919_Community_Flavor_Pack.zip.html","0","7","7","True","True","True","True","BIDIRECTIONAL_UNIQUE"
"2220098919|41","Community-Flavor-Pack","CFP","2220098919","41","3 Aug, 2022 @ 1:23am","2022-08-03 01:23","Version 3.1.4","2220098919|34","34","False","3 Aug, 2022 at 08:23 UTC","2022-08-03 08:23","https://modsbase.com/37ysuz6k8pf0/2220098919_Community_Flavor_Pack.zip.html","0","7","7","True","True","True","True","BIDIRECTIONAL_UNIQUE"
"2220098919|42","Community-Flavor-Pack","CFP","2220098919","42","21 Jun, 2022 @ 7:04am","2022-06-21 07:04","Version 3.1.3","2220098919|35","35","False","21 Jun, 2022 at 14:04 UTC","2022-06-21 14:04","https://modsbase.com/ose44lp1y44b/2220098919_Community_Flavor_Pack.zip.html","0","7","7","True","True","True","True","BIDIRECTIONAL_UNIQUE"
"2220098919|43","Community-Flavor-Pack","CFP","2220098919","43","7 Jun, 2022 @ 3:11am","2022-06-07 03:11","Version 3.1.2","2220098919|36","36","False","7 Jun, 2022 at 10:11 UTC","2022-06-07 10:11","https://modsbase.com/7brdh0803bz0/2220098919_Community_Flavor_Pack.zip.html","0","7","7","True","True","True","True","BIDIRECTIONAL_UNIQUE"
"2220098919|44","Community-Flavor-Pack","CFP","2220098919","44","7 Jun, 2022 @ 1:49am","2022-06-07 01:49","Version 3.1.2","2220098919|36","36","False","7 Jun, 2022 at 10:11 UTC","2022-06-07 10:11","https://modsbase.com/7brdh0803bz0/2220098919_Community_Flavor_Pack.zip.html","0","8,37","","False","False","False","False","WEAK_TIME_CANDIDATE"
"2220098919|45","Community-Flavor-Pack","CFP","2220098919","45","1 Jun, 2022 @ 10:21am","2022-06-01 10:21","Version 3.1.1","2220098919|37","37","False","1 Jun, 2022 at 17:21 UTC","2022-06-01 17:21","https://modsbase.com/6n3wpd3upger/2220098919_Community_Flavor_Pack.zip.html","0","7","7","True","True","True","True","BIDIRECTIONAL_UNIQUE"
"2220098919|45","Community-Flavor-Pack","CFP","2220098919","45","1 Jun, 2022 @ 10:21am","2022-06-01 10:21","Version 3.1.1","2220098919|38","38","False","31 May, 2022 at 16:32 UTC","2022-05-31 16:32","https://modsbase.com/lm5ecx0usaxq/2220098919_Community_Flavor_Pack.zip.html","-1","-17,82","","False","False","False","False","WEAK_TIME_CANDIDATE"
"2220098919|46","Community-Flavor-Pack","CFP","2220098919","46","1 Jun, 2022 @ 10:09am","2022-06-01 10:09","Version 3.1.1","2220098919|37","37","False","1 Jun, 2022 at 17:21 UTC","2022-06-01 17:21","https://modsbase.com/6n3wpd3upger/2220098919_Community_Flavor_Pack.zip.html","0","7,2","","False","False","False","False","WEAK_TIME_CANDIDATE"
"2220098919|46","Community-Flavor-Pack","CFP","2220098919","46","1 Jun, 2022 @ 10:09am","2022-06-01 10:09","Version 3.1.1","2220098919|38","38","False","31 May, 2022 at 16:32 UTC","2022-05-31 16:32","https://modsbase.com/lm5ecx0usaxq/2220098919_Community_Flavor_Pack.zip.html","-1","-17,62","","False","False","False","False","WEAK_TIME_CANDIDATE"
"2220098919|47","Community-Flavor-Pack","CFP","2220098919","47","31 May, 2022 @ 9:32am","2022-05-31 09:32","Version 3.1.0","2220098919|37","37","False","1 Jun, 2022 at 17:21 UTC","2022-06-01 17:21","https://modsbase.com/6n3wpd3upger/2220098919_Community_Flavor_Pack.zip.html","1","31,82","","False","False","False","False","WEAK_TIME_CANDIDATE"
"2220098919|47","Community-Flavor-Pack","CFP","2220098919","47","31 May, 2022 @ 9:32am","2022-05-31 09:32","Version 3.1.0","2220098919|38","38","False","31 May, 2022 at 16:32 UTC","2022-05-31 16:32","https://modsbase.com/lm5ecx0usaxq/2220098919_Community_Flavor_Pack.zip.html","0","7","7","True","True","True","True","BIDIRECTIONAL_UNIQUE"
"2220098919|48","Community-Flavor-Pack","CFP","2220098919","48","16 May, 2022 @ 6:07am","2022-05-16 06:07","Version 3.0.9","2220098919|39","39","False","16 May, 2022 at 13:07 UTC","2022-05-16 13:07","https://modsbase.com/qq73xoephwcs/2220098919_Community_Flavor_Pack.zip.html","0","7","7","True","True","True","True","BIDIRECTIONAL_UNIQUE"
"2220098919|49","Community-Flavor-Pack","CFP","2220098919","49","28 Apr, 2022 @ 3:52am","2022-04-28 03:52","Version 3.0.8","2220098919|40","40","False","28 Apr, 2022 at 10:52 UTC","2022-04-28 10:52","https://modsbase.com/4njj2pzbhocw/2220098919_Community_Flavor_Pack.zip.html","0","7","7","True","True","True","True","BIDIRECTIONAL_UNIQUE"
"2220098919|50","Community-Flavor-Pack","CFP","2220098919","50","17 Apr, 2022 @ 3:50am","2022-04-17 03:50","Version 3.0.7","2220098919|41","41","False","17 Apr, 2022 at 10:50 UTC","2022-04-17 10:50","https://modsbase.com/xpm4v6bd0xy5/2220098919_Community_Flavor_Pack.zip.html","0","7","7","True","True","True","True","BIDIRECTIONAL_UNIQUE"
"2220098919|51","Community-Flavor-Pack","CFP","2220098919","51","10 Mar, 2022 @ 9:53am","2022-03-10 09:53","Version 3.0.6","2220098919|42","42","False","10 Mar, 2022 at 17:53 UTC","2022-03-10 17:53","https://modsbase.com/w99551x686hy/2220098919_Community_Flavor_Pack.zip.html","0","8","8","True","True","True","True","BIDIRECTIONAL_UNIQUE"
"2220098919|52","Community-Flavor-Pack","CFP","2220098919","52","7 Mar, 2022 @ 8:14am","2022-03-07 08:14","Version 3.0.5","2220098919|43","43","False","7 Mar, 2022 at 16:14 UTC","2022-03-07 16:14","https://modsbase.com/bbw0fiwg5eci/2220098919_Community_Flavor_Pack.zip.html","0","8","8","True","True","True","True","BIDIRECTIONAL_UNIQUE"
"2220098919|53","Community-Flavor-Pack","CFP","2220098919","53","22 Feb, 2022 @ 9:42am","2022-02-22 09:42","Version 3.0.4","2220098919|44","44","False","22 Feb, 2022 at 17:42 UTC","2022-02-22 17:42","https://modsbase.com/c70rh0sil5cv/2220098919_Community_Flavor_Pack.zip.html","0","8","8","True","True","True","True","BIDIRECTIONAL_UNIQUE"
"2220098919|54","Community-Flavor-Pack","CFP","2220098919","54","19 Feb, 2022 @ 7:35am","2022-02-19 07:35","Version 3.0.3","2220098919|45","45","False","19 Feb, 2022 at 15:35 UTC","2022-02-19 15:35","https://modsbase.com/qa7hrswbryh2/2220098919_Community_Flavor_Pack.zip.html","0","8","8","True","True","True","True","BIDIRECTIONAL_UNIQUE"
"2220098919|55","Community-Flavor-Pack","CFP","2220098919","55","13 Feb, 2022 @ 1:16am","2022-02-13 01:16","Version 3.0.2","2220098919|46","46","False","13 Feb, 2022 at 09:16 UTC","2022-02-13 09:16","https://modsbase.com/ol6bncyd7ip1/2220098919_Community_Flavor_Pack.zip.html","0","8","8","True","True","True","True","BIDIRECTIONAL_UNIQUE"
"2220098919|56","Community-Flavor-Pack","CFP","2220098919","56","10 Feb, 2022 @ 2:57am","2022-02-10 02:57","Version 3.0.1","2220098919|47","47","False","10 Feb, 2022 at 10:57 UTC","2022-02-10 10:57","https://modsbase.com/03285vsm1ir7/2220098919_Community_Flavor_Pack.zip.html","0","8","8","True","True","True","True","BIDIRECTIONAL_UNIQUE"
"2220098919|57","Community-Flavor-Pack","CFP","2220098919","57","8 Feb, 2022 @ 9:21am","2022-02-08 09:21","","2220098919|47","47","False","10 Feb, 2022 at 10:57 UTC","2022-02-10 10:57","https://modsbase.com/03285vsm1ir7/2220098919_Community_Flavor_Pack.zip.html","2","49,6","","False","False","False","False","WEAK_TIME_CANDIDATE"
"2220098919|58","Community-Flavor-Pack","CFP","2220098919","58","25 Dec, 2021 @ 2:32pm","2021-12-25 14:32","Version 2.11.1","2220098919|48","48","False","25 Dec, 2021 at 22:32 UTC","2021-12-25 22:32","https://modsbase.com/5h2w227fkshr/2220098919_Community_Flavor_Pack.zip.html","0","8","8","True","True","True","True","BIDIRECTIONAL_UNIQUE"
"2220098919|60","Community-Flavor-Pack","CFP","2220098919","60","11 Oct, 2021 @ 4:51am","2021-10-11 04:51","Version 2.10.0","2220098919|49","49","False","11 Oct, 2021 at 11:51 UTC","2021-10-11 11:51","https://modsbase.com/r7qaa4o895ht/2220098919_Community_Flavor_Pack.zip.html","0","7","7","True","True","True","True","BIDIRECTIONAL_UNIQUE"
"2220098919|62","Community-Flavor-Pack","CFP","2220098919","62","14 Aug, 2021 @ 7:41am","2021-08-14 07:41","Version 2.92","2220098919|50","50","False","14 Aug, 2021 at 14:41 UTC","2021-08-14 14:41","https://modsbase.com/63qn0xrr3fpl/2220098919_Community_Flavor_Pack.zip.html","0","7","7","True","True","True","True","BIDIRECTIONAL_UNIQUE"
"2220098919|63","Community-Flavor-Pack","CFP","2220098919","63","13 Aug, 2021 @ 4:14am","2021-08-13 04:14","Version 2.91","2220098919|50","50","False","14 Aug, 2021 at 14:41 UTC","2021-08-14 14:41","https://modsbase.com/63qn0xrr3fpl/2220098919_Community_Flavor_Pack.zip.html","1","34,45","","False","False","False","False","WEAK_TIME_CANDIDATE"
"2220098919|64","Community-Flavor-Pack","CFP","2220098919","64","6 Aug, 2021 @ 7:51am","2021-08-06 07:51","Version 2.9","2220098919|51","51","False","6 Aug, 2021 at 14:51 UTC","2021-08-06 14:51","https://modsbase.com/g6g7yrcdh6ed/2220098919_Community_Flavor_Pack.zip.html","0","7","7","True","True","True","True","BIDIRECTIONAL_UNIQUE"
"2220098919|65","Community-Flavor-Pack","CFP","2220098919","65","6 Jul, 2021 @ 11:30am","2021-07-06 11:30","Version 2.85","2220098919|52","52","False","6 Jul, 2021 at 18:30 UTC","2021-07-06 18:30","https://modsbase.com/n3l0inwtbjlw/2220098919_Community_Flavor_Pack.zip.html","0","7","7","True","True","True","True","BIDIRECTIONAL_UNIQUE"
"2220098919|66","Community-Flavor-Pack","CFP","2220098919","66","30 Jun, 2021 @ 10:18am","2021-06-30 10:18","Version 2.84","2220098919|53","53","False","30 Jun, 2021 at 17:18 UTC","2021-06-30 17:18","https://modsbase.com/ibcumi1usmrk/2220098919_Community_Flavor_Pack.zip.html","0","7","7","True","True","True","True","BIDIRECTIONAL_UNIQUE"
"2220098919|67","Community-Flavor-Pack","CFP","2220098919","67","22 Jun, 2021 @ 1:03am","2021-06-22 01:03","Version 2.83","2220098919|54","54","False","22 Jun, 2021 at 08:03 UTC","2021-06-22 08:03","https://modsbase.com/nf48fa1ucca2/2220098919_Community_Flavor_Pack.zip.html","0","7","7","True","True","True","True","BIDIRECTIONAL_UNIQUE"
"2220098919|70","Community-Flavor-Pack","CFP","2220098919","70","8 Jun, 2021 @ 6:25am","2021-06-08 06:25","Version 2.8","2220098919|55","55","False","8 Jun, 2021 at 13:25 UTC","2021-06-08 13:25","https://modsbase.com/1gh8fomtpmvh/2220098919_Community_Flavor_Pack.zip.html","0","7","7","True","True","True","True","BIDIRECTIONAL_UNIQUE"
"2220098919|71","Community-Flavor-Pack","CFP","2220098919","71","28 Apr, 2021 @ 10:17am","2021-04-28 10:17","Version 2.72","2220098919|56","56","False","28 Apr, 2021 at 17:17 UTC","2021-04-28 17:17","https://modsbase.com/3c7yv86ocl95/2220098919_Community_Flavor_Pack.zip.html","0","7","7","True","True","True","True","BIDIRECTIONAL_UNIQUE"
"2220098919|72","Community-Flavor-Pack","CFP","2220098919","72","24 Apr, 2021 @ 9:15am","2021-04-24 09:15","Version 2.71","2220098919|57","57","False","24 Apr, 2021 at 16:15 UTC","2021-04-24 16:15","https://modsbase.com/zdx2a4qn39p6/2220098919_Community_Flavor_Pack.zip.html","0","7","7","True","True","True","True","BIDIRECTIONAL_UNIQUE"
"2220098919|73","Community-Flavor-Pack","CFP","2220098919","73","21 Apr, 2021 @ 10:14am","2021-04-21 10:14","Version 2.7","2220098919|58","58","False","21 Apr, 2021 at 17:14 UTC","2021-04-21 17:14","https://modsbase.com/1lzl6k599mif/2220098919_Community_Flavor_Pack.zip.html","0","7","7","True","True","True","True","BIDIRECTIONAL_UNIQUE"
"2220098919|75","Community-Flavor-Pack","CFP","2220098919","75","4 Apr, 2021 @ 10:38am","2021-04-04 10:38","Version 2.63","2220098919|59","59","False","4 Apr, 2021 at 17:38 UTC","2021-04-04 17:38","https://modsbase.com/le3w0alqz838/2220098919_Community_Flavor_Pack.zip.html","0","7","7","True","True","True","True","BIDIRECTIONAL_UNIQUE"
"2220098919|76","Community-Flavor-Pack","CFP","2220098919","76","28 Mar, 2021 @ 3:43pm","2021-03-28 15:43","Version 2.62","2220098919|60","60","False","28 Mar, 2021 at 22:43 UTC","2021-03-28 22:43","https://modsbase.com/v9zcqv1v8z38/2220098919_Community_Flavor_Pack.zip.html","0","7","7","True","True","True","True","BIDIRECTIONAL_UNIQUE"
"2220098919|77","Community-Flavor-Pack","CFP","2220098919","77","23 Mar, 2021 @ 5:18am","2021-03-23 05:18","Version 2.61","2220098919|61","61","False","23 Mar, 2021 at 12:18 UTC","2021-03-23 12:18","https://modsbase.com/f92te04lbea4/2220098919_Community_Flavor_Pack.zip.html","0","7","7","True","True","True","True","BIDIRECTIONAL_UNIQUE"
"2220098919|78","Community-Flavor-Pack","CFP","2220098919","78","20 Mar, 2021 @ 9:39am","2021-03-20 09:39","Version 2.6","2220098919|62","62","False","20 Mar, 2021 at 16:39 UTC","2021-03-20 16:39","https://modsbase.com/w97za2luw8f3/2220098919_Community_Flavor_Pack.zip.html","0","7","7","True","True","True","True","BIDIRECTIONAL_UNIQUE"
"2220098919|79","Community-Flavor-Pack","CFP","2220098919","79","16 Mar, 2021 @ 4:23pm","2021-03-16 16:23","Version 2.56","2220098919|63","63","False","16 Mar, 2021 at 23:23 UTC","2021-03-16 23:23","https://modsbase.com/zqijhj5whmxs/2220098919_Community_Flavor_Pack.zip.html","0","7","7","True","True","True","True","BIDIRECTIONAL_UNIQUE"
"2220098919|80","Community-Flavor-Pack","CFP","2220098919","80","16 Mar, 2021 @ 10:36am","2021-03-16 10:36","Version 2.55","2220098919|63","63","False","16 Mar, 2021 at 23:23 UTC","2021-03-16 23:23","https://modsbase.com/zqijhj5whmxs/2220098919_Community_Flavor_Pack.zip.html","0","12,78","","False","False","False","False","WEAK_TIME_CANDIDATE"
"2220098919|81","Community-Flavor-Pack","CFP","2220098919","81","27 Feb, 2021 @ 10:04am","2021-02-27 10:04","Version 2.54","2220098919|64","64","False","27 Feb, 2021 at 18:04 UTC","2021-02-27 18:04","https://modsbase.com/bw7zwvvxrb09/2220098919_Community_Flavor_Pack.zip.html","0","8","8","True","True","True","True","BIDIRECTIONAL_UNIQUE"
"2220098919|82","Community-Flavor-Pack","CFP","2220098919","82","23 Feb, 2021 @ 5:16am","2021-02-23 05:16","Version 2.53","2220098919|65","65","False","23 Feb, 2021 at 13:16 UTC","2021-02-23 13:16","https://modsbase.com/hglk4ymk86hz/2220098919_Community_Flavor_Pack.zip.html","0","8","8","True","True","True","True","BIDIRECTIONAL_UNIQUE"
"2220098919|83","Community-Flavor-Pack","CFP","2220098919","83","4 Feb, 2021 @ 7:20am","2021-02-04 07:20","Version 2.52","2220098919|66","66","False","4 Feb, 2021 at 15:20 UTC","2021-02-04 15:20","https://modsbase.com/186bv1doc897/2220098919_Community_Flavor_Pack.zip.html","0","8","8","True","True","True","True","REVISION_AMBIGUOUS"
"2220098919|84","Community-Flavor-Pack","CFP","2220098919","84","4 Feb, 2021 @ 7:20am","2021-02-04 07:20","","2220098919|66","66","False","4 Feb, 2021 at 15:20 UTC","2021-02-04 15:20","https://modsbase.com/186bv1doc897/2220098919_Community_Flavor_Pack.zip.html","0","8","8","True","True","True","True","REVISION_AMBIGUOUS"
"2220098919|85","Community-Flavor-Pack","CFP","2220098919","85","30 Jan, 2021 @ 6:07am","2021-01-30 06:07","Version 2.51","2220098919|67","67","False","30 Jan, 2021 at 14:07 UTC","2021-01-30 14:07","https://modsbase.com/bvioly1s845m/2220098919_Community_Flavor_Pack.zip.html","0","8","8","True","True","True","True","BIDIRECTIONAL_UNIQUE"
"2220098919|87","Community-Flavor-Pack","CFP","2220098919","87","21 Jan, 2021 @ 5:45am","2021-01-21 05:45","Version 2.42","2220098919|68","68","False","21 Jan, 2021 at 13:45 UTC","2021-01-21 13:45","https://modsbase.com/2eml0u4bwkas/2220098919_Community_Flavor_Pack.zip.html","0","8","8","True","True","True","True","BIDIRECTIONAL_UNIQUE"
"2220098919|88","Community-Flavor-Pack","CFP","2220098919","88","19 Jan, 2021 @ 11:35am","2021-01-19 11:35","Version 2.41","2220098919|68","68","False","21 Jan, 2021 at 13:45 UTC","2021-01-21 13:45","https://modsbase.com/2eml0u4bwkas/2220098919_Community_Flavor_Pack.zip.html","2","50,17","","False","False","False","False","WEAK_TIME_CANDIDATE"
"2220098919|89","Community-Flavor-Pack","CFP","2220098919","89","15 Jan, 2021 @ 9:07am","2021-01-15 09:07","Version 2.4","2220098919|69","69","False","15 Jan, 2021 at 17:07 UTC","2021-01-15 17:07","https://modsbase.com/m8iq2vv0re59/2220098919_Community_Flavor_Pack.zip.html","0","8","8","True","True","True","True","BIDIRECTIONAL_UNIQUE"
"2220098919|90","Community-Flavor-Pack","CFP","2220098919","90","3 Jan, 2021 @ 7:43am","2021-01-03 07:43","Version 2.31","2220098919|70","70","False","3 Jan, 2021 at 15:43 UTC","2021-01-03 15:43","https://modsbase.com/zgtf2cakt6vx/2220098919_Community_Flavor_Pack.zip.html","0","8","8","True","True","True","True","BIDIRECTIONAL_UNIQUE"
"2220098919|91","Community-Flavor-Pack","CFP","2220098919","91","31 Dec, 2020 @ 6:56am","2020-12-31 06:56","Version 2.3","2220098919|71","71","False","31 Dec, 2020 at 14:56 UTC","2020-12-31 14:56","https://modsbase.com/ox5ldmyjdp7f/2220098919_Community_Flavor_Pack.zip.html","0","8","8","True","True","True","True","BIDIRECTIONAL_UNIQUE"
"2220098919|92","Community-Flavor-Pack","CFP","2220098919","92","18 Dec, 2020 @ 1:55am","2020-12-18 01:55","Version 2.22","2220098919|72","72","False","18 Dec, 2020 at 09:55 UTC","2020-12-18 09:55","https://modsbase.com/py22f7g1auxf/2220098919_Community_Flavor_Pack.zip.html","0","8","8","True","True","True","True","BIDIRECTIONAL_UNIQUE"
"2220098919|93","Community-Flavor-Pack","CFP","2220098919","93","17 Dec, 2020 @ 11:44am","2020-12-17 11:44","Version 2.21","2220098919|72","72","False","18 Dec, 2020 at 09:55 UTC","2020-12-18 09:55","https://modsbase.com/py22f7g1auxf/2220098919_Community_Flavor_Pack.zip.html","1","22,18","","False","False","False","False","WEAK_TIME_CANDIDATE"
"2220098919|94","Community-Flavor-Pack","CFP","2220098919","94","17 Dec, 2020 @ 3:42am","2020-12-17 03:42","Version 2.2","2220098919|72","72","False","18 Dec, 2020 at 09:55 UTC","2020-12-18 09:55","https://modsbase.com/py22f7g1auxf/2220098919_Community_Flavor_Pack.zip.html","1","30,22","","False","False","False","False","WEAK_TIME_CANDIDATE"
"2220098919|95","Community-Flavor-Pack","CFP","2220098919","95","7 Dec, 2020 @ 8:56am","2020-12-07 08:56","Version 2.12","2220098919|73","73","False","7 Dec, 2020 at 16:56 UTC","2020-12-07 16:56","https://modsbase.com/pt893yhgsok5/2220098919_Community_Flavor_Pack.zip.html","0","8","8","True","True","True","True","BIDIRECTIONAL_UNIQUE"
"2220098919|98","Community-Flavor-Pack","CFP","2220098919","98","25 Nov, 2020 @ 10:43am","2020-11-25 10:43","Version 2.1","2220098919|74","74","False","25 Nov, 2020 at 18:43 UTC","2020-11-25 18:43","https://modsbase.com/c24qme3ido18/2220098919_Community_Flavor_Pack.zip.html","0","8","8","True","True","True","True","BIDIRECTIONAL_UNIQUE"
"2220098919|98","Community-Flavor-Pack","CFP","2220098919","98","25 Nov, 2020 @ 10:43am","2020-11-25 10:43","Version 2.1","2220098919|75","75","False","24 Nov, 2020 at 13:21 UTC","2020-11-24 13:21","https://modsbase.com/awuejcpdmao6/2220098919_Community_Flavor_Pack.zip.html","-1","-21,37","","False","False","False","False","WEAK_TIME_CANDIDATE"
"2220098919|99","Community-Flavor-Pack","CFP","2220098919","99","24 Nov, 2020 @ 5:21am","2020-11-24 05:21","Version 2.03","2220098919|74","74","False","25 Nov, 2020 at 18:43 UTC","2020-11-25 18:43","https://modsbase.com/c24qme3ido18/2220098919_Community_Flavor_Pack.zip.html","1","37,37","","False","False","False","False","WEAK_TIME_CANDIDATE"
"2220098919|99","Community-Flavor-Pack","CFP","2220098919","99","24 Nov, 2020 @ 5:21am","2020-11-24 05:21","Version 2.03","2220098919|75","75","False","24 Nov, 2020 at 13:21 UTC","2020-11-24 13:21","https://modsbase.com/awuejcpdmao6/2220098919_Community_Flavor_Pack.zip.html","0","8","8","True","True","True","True","BIDIRECTIONAL_UNIQUE"
"2220098919|100","Community-Flavor-Pack","CFP","2220098919","100","23 Nov, 2020 @ 4:16pm","2020-11-23 16:16","Version 2.02","2220098919|74","74","False","25 Nov, 2020 at 18:43 UTC","2020-11-25 18:43","https://modsbase.com/c24qme3ido18/2220098919_Community_Flavor_Pack.zip.html","2","50,45","","False","False","False","False","WEAK_TIME_CANDIDATE"
"2220098919|100","Community-Flavor-Pack","CFP","2220098919","100","23 Nov, 2020 @ 4:16pm","2020-11-23 16:16","Version 2.02","2220098919|75","75","False","24 Nov, 2020 at 13:21 UTC","2020-11-24 13:21","https://modsbase.com/awuejcpdmao6/2220098919_Community_Flavor_Pack.zip.html","1","21,08","","False","False","False","False","WEAK_TIME_CANDIDATE"
"2220098919|101","Community-Flavor-Pack","CFP","2220098919","101","16 Nov, 2020 @ 4:29am","2020-11-16 04:29","Version 2.01","2220098919|76","76","False","16 Nov, 2020 at 12:29 UTC","2020-11-16 12:29","https://modsbase.com/5giryhuxr5qm/2220098919_Community_Flavor_Pack.zip.html","0","8","8","True","True","True","True","BIDIRECTIONAL_UNIQUE"
"2220098919|102","Community-Flavor-Pack","CFP","2220098919","102","12 Nov, 2020 @ 6:56am","2020-11-12 06:56","Version 2.0","2220098919|77","77","False","12 Nov, 2020 at 14:56 UTC","2020-11-12 14:56","https://modsbase.com/f9gsma9gjhxx/2220098919_Community_Flavor_Pack.zip.html","0","8","8","True","True","True","True","BIDIRECTIONAL_UNIQUE"
"2220098919|104","Community-Flavor-Pack","CFP","2220098919","104","29 Oct, 2020 @ 2:28pm","2020-10-29 14:28","Version 1.92","2220098919|78","78","False","29 Oct, 2020 at 19:11 UTC","2020-10-29 19:11","https://modsbase.com/69p95c46cpxq/2220098919_Community_Flavor_Pack.zip.html","0","4,72","","False","False","False","False","WEAK_TIME_CANDIDATE"
"2220098919|105","Community-Flavor-Pack","CFP","2220098919","105","29 Oct, 2020 @ 12:11pm","2020-10-29 12:11","Version 1.91","2220098919|78","78","False","29 Oct, 2020 at 19:11 UTC","2020-10-29 19:11","https://modsbase.com/69p95c46cpxq/2220098919_Community_Flavor_Pack.zip.html","0","7","7","True","True","True","True","BIDIRECTIONAL_UNIQUE"
"2220098919|107","Community-Flavor-Pack","CFP","2220098919","107","17 Oct, 2020 @ 6:01am","2020-10-17 06:01","Version 1.81","2220098919|79","79","False","17 Oct, 2020 at 13:01 UTC","2020-10-17 13:01","https://modsbase.com/u3mejei23zcy/2220098919_Community_Flavor_Pack.zip.html","0","7","7","True","True","True","True","BIDIRECTIONAL_UNIQUE"
"2220098919|108","Community-Flavor-Pack","CFP","2220098919","108","14 Oct, 2020 @ 7:30am","2020-10-14 07:30","Version 1.8","2220098919|80","80","False","14 Oct, 2020 at 14:30 UTC","2020-10-14 14:30","https://modsbase.com/s7i4kpehsso0/2220098919_Community_Flavor_Pack.zip.html","0","7","7","True","True","True","True","BIDIRECTIONAL_UNIQUE"
"2220098919|109","Community-Flavor-Pack","CFP","2220098919","109","10 Oct, 2020 @ 3:37am","2020-10-10 03:37","Version 1.72","2220098919|81","81","False","10 Oct, 2020 at 10:37 UTC","2020-10-10 10:37","https://modsbase.com/3rehmthpp0xt/2220098919_Community_Flavor_Pack.zip.html","0","7","7","True","True","True","True","BIDIRECTIONAL_UNIQUE"
"2220098919|110","Community-Flavor-Pack","CFP","2220098919","110","8 Oct, 2020 @ 1:37pm","2020-10-08 13:37","Version 1.71","2220098919|81","81","False","10 Oct, 2020 at 10:37 UTC","2020-10-10 10:37","https://modsbase.com/3rehmthpp0xt/2220098919_Community_Flavor_Pack.zip.html","2","45","45","True","True","False","False","WEAK_TIME_CANDIDATE"
"2220098919|111","Community-Flavor-Pack","CFP","2220098919","111","8 Oct, 2020 @ 1:37pm","2020-10-08 13:37","","2220098919|81","81","False","10 Oct, 2020 at 10:37 UTC","2020-10-10 10:37","https://modsbase.com/3rehmthpp0xt/2220098919_Community_Flavor_Pack.zip.html","2","45","45","True","True","False","False","WEAK_TIME_CANDIDATE"
"2220098919|112","Community-Flavor-Pack","CFP","2220098919","112","4 Oct, 2020 @ 7:03am","2020-10-04 07:03","Version 1.7","2220098919|82","82","False","4 Oct, 2020 at 14:03 UTC","2020-10-04 14:03","https://modsbase.com/src01may2fxs/2220098919_Community_Flavor_Pack.zip.html","0","7","7","True","True","True","True","BIDIRECTIONAL_UNIQUE"
"2220098919|113","Community-Flavor-Pack","CFP","2220098919","113","1 Oct, 2020 @ 4:15pm","2020-10-01 16:15","","2220098919|83","83","False","1 Oct, 2020 at 23:15 UTC","2020-10-01 23:15","https://modsbase.com/ahn5w0p6jcuf/2220098919_Community_Flavor_Pack.zip.html","0","7","7","True","True","True","True","BIDIRECTIONAL_UNIQUE"
"2220098919|113","Community-Flavor-Pack","CFP","2220098919","113","1 Oct, 2020 @ 4:15pm","2020-10-01 16:15","","2220098919|84","84","False","29 Sep, 2020 at 18:46 UTC","2020-09-29 18:46","https://modsbase.com/f8boi7e8aa3x/2220098919_Community_Flavor_Pack.zip.html","-2","-45,48","","False","False","False","False","WEAK_TIME_CANDIDATE"
"2220098919|114","Community-Flavor-Pack","CFP","2220098919","114","1 Oct, 2020 @ 4:07pm","2020-10-01 16:07","1.1.2 compatibility in the launcher.","2220098919|83","83","False","1 Oct, 2020 at 23:15 UTC","2020-10-01 23:15","https://modsbase.com/ahn5w0p6jcuf/2220098919_Community_Flavor_Pack.zip.html","0","7,13","","False","False","False","False","WEAK_TIME_CANDIDATE"
"2220098919|114","Community-Flavor-Pack","CFP","2220098919","114","1 Oct, 2020 @ 4:07pm","2020-10-01 16:07","1.1.2 compatibility in the launcher.","2220098919|84","84","False","29 Sep, 2020 at 18:46 UTC","2020-09-29 18:46","https://modsbase.com/f8boi7e8aa3x/2220098919_Community_Flavor_Pack.zip.html","-2","-45,35","","False","False","False","False","WEAK_TIME_CANDIDATE"
"2220098919|115","Community-Flavor-Pack","CFP","2220098919","115","29 Sep, 2020 @ 11:46am","2020-09-29 11:46","Version 1.62","2220098919|83","83","False","1 Oct, 2020 at 23:15 UTC","2020-10-01 23:15","https://modsbase.com/ahn5w0p6jcuf/2220098919_Community_Flavor_Pack.zip.html","2","59,48","","False","False","False","False","WEAK_TIME_CANDIDATE"
"2220098919|115","Community-Flavor-Pack","CFP","2220098919","115","29 Sep, 2020 @ 11:46am","2020-09-29 11:46","Version 1.62","2220098919|84","84","False","29 Sep, 2020 at 18:46 UTC","2020-09-29 18:46","https://modsbase.com/f8boi7e8aa3x/2220098919_Community_Flavor_Pack.zip.html","0","7","7","True","True","True","True","BIDIRECTIONAL_UNIQUE"
"2220098919|115","Community-Flavor-Pack","CFP","2220098919","115","29 Sep, 2020 @ 11:46am","2020-09-29 11:46","Version 1.62","2220098919|85","85","False","27 Sep, 2020 at 19:11 UTC","2020-09-27 19:11","https://modsbase.com/7c0rnp5xjjfl/2220098919_Community_Flavor_Pack.zip.html","-2","-40,58","","False","False","False","False","WEAK_TIME_CANDIDATE"
"2220098919|116","Community-Flavor-Pack","CFP","2220098919","116","29 Sep, 2020 @ 9:26am","2020-09-29 09:26","Version 1.61","2220098919|83","83","False","1 Oct, 2020 at 23:15 UTC","2020-10-01 23:15","https://modsbase.com/ahn5w0p6jcuf/2220098919_Community_Flavor_Pack.zip.html","2","61,82","","False","False","False","False","WEAK_TIME_CANDIDATE"
"2220098919|116","Community-Flavor-Pack","CFP","2220098919","116","29 Sep, 2020 @ 9:26am","2020-09-29 09:26","Version 1.61","2220098919|84","84","False","29 Sep, 2020 at 18:46 UTC","2020-09-29 18:46","https://modsbase.com/f8boi7e8aa3x/2220098919_Community_Flavor_Pack.zip.html","0","9,33","","False","False","False","False","WEAK_TIME_CANDIDATE"
"2220098919|116","Community-Flavor-Pack","CFP","2220098919","116","29 Sep, 2020 @ 9:26am","2020-09-29 09:26","Version 1.61","2220098919|85","85","False","27 Sep, 2020 at 19:11 UTC","2020-09-27 19:11","https://modsbase.com/7c0rnp5xjjfl/2220098919_Community_Flavor_Pack.zip.html","-2","-38,25","","False","False","False","False","WEAK_TIME_CANDIDATE"
"2220098919|117","Community-Flavor-Pack","CFP","2220098919","117","27 Sep, 2020 @ 12:11pm","2020-09-27 12:11","Version 1.6","2220098919|84","84","False","29 Sep, 2020 at 18:46 UTC","2020-09-29 18:46","https://modsbase.com/f8boi7e8aa3x/2220098919_Community_Flavor_Pack.zip.html","2","54,58","","False","False","False","False","WEAK_TIME_CANDIDATE"
"2220098919|117","Community-Flavor-Pack","CFP","2220098919","117","27 Sep, 2020 @ 12:11pm","2020-09-27 12:11","Version 1.6","2220098919|85","85","False","27 Sep, 2020 at 19:11 UTC","2020-09-27 19:11","https://modsbase.com/7c0rnp5xjjfl/2220098919_Community_Flavor_Pack.zip.html","0","7","7","True","True","True","True","BIDIRECTIONAL_UNIQUE"
"2220098919|118","Community-Flavor-Pack","CFP","2220098919","118","21 Sep, 2020 @ 1:09pm","2020-09-21 13:09","Version 1.5","2220098919|86","86","False","21 Sep, 2020 at 20:09 UTC","2020-09-21 20:09","https://modsbase.com/w99oyihxar5c/2220098919_Community_Flavor_Pack.zip.html","0","7","7","True","True","True","True","BIDIRECTIONAL_UNIQUE"
"2220098919|119","Community-Flavor-Pack","CFP","2220098919","119","17 Sep, 2020 @ 2:44am","2020-09-17 02:44","Version 1.4","2220098919|87","87","False","17 Sep, 2020 at 09:44 UTC","2020-09-17 09:44","https://modsbase.com/qqiohodow9im/2220098919_Community_Flavor_Pack.zip.html","0","7","7","True","True","True","True","BIDIRECTIONAL_UNIQUE"
"2220098919|120","Community-Flavor-Pack","CFP","2220098919","120","14 Sep, 2020 @ 12:39am","2020-09-14 00:39","","2220098919|88","88","False","14 Sep, 2020 at 07:39 UTC","2020-09-14 07:39","https://modsbase.com/lhc7zhwggi58/2220098919_Community_Flavor_Pack.zip.html","0","7","7","True","True","True","True","BIDIRECTIONAL_UNIQUE"
"2220098919|120","Community-Flavor-Pack","CFP","2220098919","120","14 Sep, 2020 @ 12:39am","2020-09-14 00:39","","2220098919|89","89","False","13 Sep, 2020 at 15:26 UTC","2020-09-13 15:26","https://modsbase.com/xq77r5sqrcta/2220098919_Community_Flavor_Pack.zip.html","-1","-9,22","","False","False","False","False","WEAK_TIME_CANDIDATE"
"2220098919|121","Community-Flavor-Pack","CFP","2220098919","121","13 Sep, 2020 @ 8:26am","2020-09-13 08:26","Version 1.3","2220098919|88","88","False","14 Sep, 2020 at 07:39 UTC","2020-09-14 07:39","https://modsbase.com/lhc7zhwggi58/2220098919_Community_Flavor_Pack.zip.html","1","23,22","","False","False","False","False","WEAK_TIME_CANDIDATE"
"2220098919|121","Community-Flavor-Pack","CFP","2220098919","121","13 Sep, 2020 @ 8:26am","2020-09-13 08:26","Version 1.3","2220098919|89","89","False","13 Sep, 2020 at 15:26 UTC","2020-09-13 15:26","https://modsbase.com/xq77r5sqrcta/2220098919_Community_Flavor_Pack.zip.html","0","7","7","True","True","True","True","BIDIRECTIONAL_UNIQUE"
"2220098919|122","Community-Flavor-Pack","CFP","2220098919","122","11 Sep, 2020 @ 8:47am","2020-09-11 08:47","","2220098919|89","89","False","13 Sep, 2020 at 15:26 UTC","2020-09-13 15:26","https://modsbase.com/xq77r5sqrcta/2220098919_Community_Flavor_Pack.zip.html","2","54,65","","False","False","False","False","WEAK_TIME_CANDIDATE"
"2220098919|122","Community-Flavor-Pack","CFP","2220098919","122","11 Sep, 2020 @ 8:47am","2020-09-11 08:47","","2220098919|90","90","False","10 Sep, 2020 at 16:37 UTC","2020-09-10 16:37","https://modsbase.com/ora4mtxe9pmb/2220098919_Community_Flavor_Pack.zip.html","-1","-16,17","","False","False","False","False","WEAK_TIME_CANDIDATE"
"2220098919|123","Community-Flavor-Pack","CFP","2220098919","123","10 Sep, 2020 @ 9:37am","2020-09-10 09:37","","2220098919|90","90","False","10 Sep, 2020 at 16:37 UTC","2020-09-10 16:37","https://modsbase.com/ora4mtxe9pmb/2220098919_Community_Flavor_Pack.zip.html","0","7","7","True","True","True","True","BIDIRECTIONAL_UNIQUE"
"2220098919|123","Community-Flavor-Pack","CFP","2220098919","123","10 Sep, 2020 @ 9:37am","2020-09-10 09:37","","2220098919|91","91","False","8 Sep, 2020 at 19:39 UTC","2020-09-08 19:39","https://modsbase.com/167bzaeiiz93/2220098919_Community_Flavor_Pack.zip.html","-2","-37,97","","False","False","False","False","WEAK_TIME_CANDIDATE"
"2220098919|124","Community-Flavor-Pack","CFP","2220098919","124","10 Sep, 2020 @ 8:01am","2020-09-10 08:01","Version 1.2","2220098919|90","90","False","10 Sep, 2020 at 16:37 UTC","2020-09-10 16:37","https://modsbase.com/ora4mtxe9pmb/2220098919_Community_Flavor_Pack.zip.html","0","8,6","","False","False","False","False","WEAK_TIME_CANDIDATE"
"2220098919|124","Community-Flavor-Pack","CFP","2220098919","124","10 Sep, 2020 @ 8:01am","2020-09-10 08:01","Version 1.2","2220098919|91","91","False","8 Sep, 2020 at 19:39 UTC","2020-09-08 19:39","https://modsbase.com/167bzaeiiz93/2220098919_Community_Flavor_Pack.zip.html","-2","-36,37","","False","False","False","False","WEAK_TIME_CANDIDATE"
"2220098919|125","Community-Flavor-Pack","CFP","2220098919","125","8 Sep, 2020 @ 12:39pm","2020-09-08 12:39","Version 1.1","2220098919|90","90","False","10 Sep, 2020 at 16:37 UTC","2020-09-10 16:37","https://modsbase.com/ora4mtxe9pmb/2220098919_Community_Flavor_Pack.zip.html","2","51,97","","False","False","False","False","WEAK_TIME_CANDIDATE"
"2220098919|125","Community-Flavor-Pack","CFP","2220098919","125","8 Sep, 2020 @ 12:39pm","2020-09-08 12:39","Version 1.1","2220098919|91","91","False","8 Sep, 2020 at 19:39 UTC","2020-09-08 19:39","https://modsbase.com/167bzaeiiz93/2220098919_Community_Flavor_Pack.zip.html","0","7","7","True","True","True","True","BIDIRECTIONAL_UNIQUE"
"2220098919|125","Community-Flavor-Pack","CFP","2220098919","125","8 Sep, 2020 @ 12:39pm","2020-09-08 12:39","Version 1.1","2220098919|92","92","False","6 Sep, 2020 at 10:41 UTC","2020-09-06 10:41","https://modsbase.com/1wxb0bgfyzzk/2220098919_Community_Flavor_Pack.zip.html","-2","-49,97","","False","False","False","False","WEAK_TIME_CANDIDATE"
"2220098919|126","Community-Flavor-Pack","CFP","2220098919","126","6 Sep, 2020 @ 6:20am","2020-09-06 06:20","","2220098919|91","91","False","8 Sep, 2020 at 19:39 UTC","2020-09-08 19:39","https://modsbase.com/167bzaeiiz93/2220098919_Community_Flavor_Pack.zip.html","2","61,32","","False","False","False","False","WEAK_TIME_CANDIDATE"
"2220098919|126","Community-Flavor-Pack","CFP","2220098919","126","6 Sep, 2020 @ 6:20am","2020-09-06 06:20","","2220098919|92","92","False","6 Sep, 2020 at 10:41 UTC","2020-09-06 10:41","https://modsbase.com/1wxb0bgfyzzk/2220098919_Community_Flavor_Pack.zip.html","0","4,35","","False","False","False","False","WEAK_TIME_CANDIDATE"
"2220098919|127","Community-Flavor-Pack","CFP","2220098919","127","6 Sep, 2020 @ 3:41am","2020-09-06 03:41","","2220098919|91","91","False","8 Sep, 2020 at 19:39 UTC","2020-09-08 19:39","https://modsbase.com/167bzaeiiz93/2220098919_Community_Flavor_Pack.zip.html","2","63,97","","False","False","False","False","WEAK_TIME_CANDIDATE"
"2220098919|127","Community-Flavor-Pack","CFP","2220098919","127","6 Sep, 2020 @ 3:41am","2020-09-06 03:41","","2220098919|92","92","False","6 Sep, 2020 at 10:41 UTC","2020-09-06 10:41","https://modsbase.com/1wxb0bgfyzzk/2220098919_Community_Flavor_Pack.zip.html","0","7","7","True","True","True","True","BIDIRECTIONAL_UNIQUE"
"2220098919|128","Community-Flavor-Pack","CFP","2220098919","128","6 Sep, 2020 @ 12:30am","2020-09-06 00:30","","2220098919|91","91","False","8 Sep, 2020 at 19:39 UTC","2020-09-08 19:39","https://modsbase.com/167bzaeiiz93/2220098919_Community_Flavor_Pack.zip.html","2","67,15","","False","False","False","False","WEAK_TIME_CANDIDATE"
"2220098919|128","Community-Flavor-Pack","CFP","2220098919","128","6 Sep, 2020 @ 12:30am","2020-09-06 00:30","","2220098919|92","92","False","6 Sep, 2020 at 10:41 UTC","2020-09-06 10:41","https://modsbase.com/1wxb0bgfyzzk/2220098919_Community_Flavor_Pack.zip.html","0","10,18","","False","False","False","False","WEAK_TIME_CANDIDATE"
"2220098919|129","Community-Flavor-Pack","CFP","2220098919","129","5 Sep, 2020 @ 5:02am","2020-09-05 05:02","","2220098919|92","92","False","6 Sep, 2020 at 10:41 UTC","2020-09-06 10:41","https://modsbase.com/1wxb0bgfyzzk/2220098919_Community_Flavor_Pack.zip.html","1","29,65","","False","False","False","False","WEAK_TIME_CANDIDATE"
"3206891770|1","Culture-and-Faith-Granularity","CFG","3206891770","1","20 Apr @ 3:37pm","2026-04-20 15:37","","3206891770|1","1","True","20 Apr at 22:37 UTC","2026-04-20 22:37","https://modsbase.com/1ulz7ynz723x/3206891770__Kei__Culture_and_Faith_Granularity.zip.html","0","7","7","True","True","True","True","BIDIRECTIONAL_UNIQUE"
"3206891770|2","Culture-and-Faith-Granularity","CFG","3206891770","2","20 Apr @ 7:57am","2026-04-20 07:57","2.3.1","3206891770|1","1","True","20 Apr at 22:37 UTC","2026-04-20 22:37","https://modsbase.com/1ulz7ynz723x/3206891770__Kei__Culture_and_Faith_Granularity.zip.html","0","14,67","","False","False","False","False","WEAK_TIME_CANDIDATE"
"3206891770|3","Culture-and-Faith-Granularity","CFG","3206891770","3","14 Nov, 2025 @ 11:43am","2025-11-14 11:43","2.3.0","3206891770|2","2","False","14 Nov, 2025 at 19:43 UTC","2025-11-14 19:43","https://modsbase.com/27ckb5ypg3ls/3206891770__Kei__Culture_and_Faith_Granularity.zip.html","0","8","8","True","True","True","True","BIDIRECTIONAL_UNIQUE"
"3206891770|4","Culture-and-Faith-Granularity","CFG","3206891770","4","10 Sep, 2025 @ 3:09am","2025-09-10 03:09","2.2.3","3206891770|3","3","False","10 Sep, 2025 at 10:09 UTC","2025-09-10 10:09","https://modsbase.com/0rtsjyigzers/3206891770__Kei__Culture_and_Faith_Granularity.zip.html","0","7","7","True","True","True","True","BIDIRECTIONAL_UNIQUE"
"3206891770|5","Culture-and-Faith-Granularity","CFG","3206891770","5","4 Aug, 2025 @ 9:28am","2025-08-04 09:28","2.2.2","3206891770|4","4","False","4 Aug, 2025 at 16:28 UTC","2025-08-04 16:28","https://modsbase.com/44o53gp4e14h/3206891770__Kei__Culture_and_Faith_Granularity_-_2.2.2___40_CK_1.16.___41_.zip.html","0","7","7","True","True","True","True","BIDIRECTIONAL_UNIQUE"
"3206891770|6","Culture-and-Faith-Granularity","CFG","3206891770","6","15 May, 2025 @ 5:57pm","2025-05-15 17:57","","3206891770|5","5","False","16 May, 2025 at 00:57 UTC","2025-05-16 00:57","https://modsbase.com/mhitk23ev0l4/3206891770__Kei__Culture_and_Faith_Granularity_-_2.2.1___40_CK_1.16.___41_.zip.html","1","7","7","True","True","True","True","BIDIRECTIONAL_UNIQUE"
"3206891770|7","Culture-and-Faith-Granularity","CFG","3206891770","7","8 May, 2025 @ 2:19pm","2025-05-08 14:19","2.1.2","3206891770|6","6","False","8 May, 2025 at 21:19 UTC","2025-05-08 21:19","https://modsbase.com/t5wj1ni4obji/3206891770__Kei__Culture_and_Faith_Granularity_-_2.2.0___40_CK_1.16.___41_.zip.html","0","7","7","True","True","True","True","BIDIRECTIONAL_UNIQUE"
"3206891770|8","Culture-and-Faith-Granularity","CFG","3206891770","8","22 Mar, 2025 @ 3:13am","2025-03-22 03:13","2.1.1","3206891770|7","7","False","22 Mar, 2025 at 10:13 UTC","2025-03-22 10:13","https://modsbase.com/n3gkmq6m75cy/3206891770__Kei__Culture_and_Faith_Granularity_-_2.1.1___40_CK_1.15.___41_.zip.html","0","7","7","True","True","True","True","BIDIRECTIONAL_UNIQUE"
"3206891770|9","Culture-and-Faith-Granularity","CFG","3206891770","9","3 Dec, 2024 @ 6:27am","2024-12-03 06:27","2.1.0","3206891770|8","8","False","3 Dec, 2024 at 14:27 UTC","2024-12-03 14:27","https://modsbase.com/9xyl7l9427fi/3206891770__Kei__Culture_and_Faith_Granularity_-_2.1.0___40_CK_1.14.___41_.zip.html","0","8","8","True","True","True","True","BIDIRECTIONAL_UNIQUE"
"3206891770|10","Culture-and-Faith-Granularity","CFG","3206891770","10","11 Nov, 2024 @ 4:43am","2024-11-11 04:43","2.0.2","3206891770|9","9","False","11 Nov, 2024 at 12:43 UTC","2024-11-11 12:43","https://modsbase.com/dku5jlryin6r/3206891770__Kei__Culture_and_Faith_Granularity_-_2.0.2___40_CK_1.14.___41_.zip.html","0","8","8","True","True","True","True","BIDIRECTIONAL_UNIQUE"
"3206891770|11","Culture-and-Faith-Granularity","CFG","3206891770","11","5 Nov, 2024 @ 4:18pm","2024-11-05 16:18","2.0.1","3206891770|10","10","False","6 Nov, 2024 at 00:18 UTC","2024-11-06 00:18","https://modsbase.com/52evtyt2ohyr/3206891770__Kei__Culture_and_Faith_Granularity_-_2.0.1___40_CK_1.14.___41_.zip.html","1","8","8","True","True","True","True","BIDIRECTIONAL_UNIQUE"
"3206891770|12","Culture-and-Faith-Granularity","CFG","3206891770","12","4 Nov, 2024 @ 1:54pm","2024-11-04 13:54","2.0.0","3206891770|10","10","False","6 Nov, 2024 at 00:18 UTC","2024-11-06 00:18","https://modsbase.com/52evtyt2ohyr/3206891770__Kei__Culture_and_Faith_Granularity_-_2.0.1___40_CK_1.14.___41_.zip.html","2","34,4","","False","False","False","False","WEAK_TIME_CANDIDATE"
"3206891770|13","Culture-and-Faith-Granularity","CFG","3206891770","13","9 Oct, 2024 @ 11:28am","2024-10-09 11:28","1.4.0","3206891770|11","11","False","9 Oct, 2024 at 18:28 UTC","2024-10-09 18:28","https://modsbase.com/1gafdql4u6rd/3206891770__Kei__Culture_and_Faith_Granularity_-_1.4.0___40_CK_1.13.___41_.zip.html","0","7","7","True","True","True","True","BIDIRECTIONAL_UNIQUE"
"3206891770|14","Culture-and-Faith-Granularity","CFG","3206891770","14","2 Oct, 2024 @ 3:10am","2024-10-02 03:10","1.3.1","3206891770|12","12","False","2 Oct, 2024 at 10:10 UTC","2024-10-02 10:10","https://modsbase.com/7h0m7pfmsb31/3206891770__Kei__Culture_and_Faith_Granularity_-_1.3.1___40_CK_1.13.___41_.zip.html","0","7","7","True","True","True","True","BIDIRECTIONAL_UNIQUE"
"3206891770|15","Culture-and-Faith-Granularity","CFG","3206891770","15","26 Sep, 2024 @ 2:55am","2024-09-26 02:55","1.3.0","3206891770|13","13","False","26 Sep, 2024 at 09:55 UTC","2024-09-26 09:55","https://modsbase.com/0io8kkj86y0l/3206891770__Kei__Culture_and_Faith_Granularity_-_1.3.0___40_CK_1.13.___41_.zip.html","0","7","7","True","True","True","True","BIDIRECTIONAL_UNIQUE"
"3206891770|16","Culture-and-Faith-Granularity","CFG","3206891770","16","23 Sep, 2024 @ 9:53am","2024-09-23 09:53","","3206891770|14","14","False","23 Sep, 2024 at 16:53 UTC","2024-09-23 16:53","https://modsbase.com/ocwtlenevwvq/3206891770__Kei__Culture_and_Faith_Granularity_-_1.2.4___40_CK_1.12.___41_.zip.html","0","7","7","True","True","True","True","BIDIRECTIONAL_UNIQUE"
"3206891770|17","Culture-and-Faith-Granularity","CFG","3206891770","17","20 May, 2024 @ 5:17am","2024-05-20 05:17","1.2.4","3206891770|15","15","False","20 May, 2024 at 12:17 UTC","2024-05-20 12:17","https://modsbase.com/3dd2sjtxhlkg/3206891770__Kei__Culture_and_Faith_Granularity_-_1.2.4___40_CK_1.12.___41_.zip.html","0","7","7","True","True","True","True","BIDIRECTIONAL_UNIQUE"
"3206891770|18","Culture-and-Faith-Granularity","CFG","3206891770","18","8 May, 2024 @ 1:57am","2024-05-08 01:57","1.2.3","3206891770|16","16","False","8 May, 2024 at 08:57 UTC","2024-05-08 08:57","https://modsbase.com/c9160d7wcvme/3206891770__Kei__Culture_and_Faith_Granularity_-_1.2.3___40_CK_1.12.___41_.zip.html","0","7","7","True","True","True","True","BIDIRECTIONAL_UNIQUE"
"3206891770|19","Culture-and-Faith-Granularity","CFG","3206891770","19","7 May, 2024 @ 8:08am","2024-05-07 08:08","1.2.2","3206891770|16","16","False","8 May, 2024 at 08:57 UTC","2024-05-08 08:57","https://modsbase.com/c9160d7wcvme/3206891770__Kei__Culture_and_Faith_Granularity_-_1.2.3___40_CK_1.12.___41_.zip.html","1","24,82","","False","False","False","False","WEAK_TIME_CANDIDATE"
"3206891770|20","Culture-and-Faith-Granularity","CFG","3206891770","20","7 May, 2024 @ 7:30am","2024-05-07 07:30","1.2.1","3206891770|16","16","False","8 May, 2024 at 08:57 UTC","2024-05-08 08:57","https://modsbase.com/c9160d7wcvme/3206891770__Kei__Culture_and_Faith_Granularity_-_1.2.3___40_CK_1.12.___41_.zip.html","1","25,45","","False","False","False","False","WEAK_TIME_CANDIDATE"
"3206891770|21","Culture-and-Faith-Granularity","CFG","3206891770","21","6 May, 2024 @ 9:53am","2024-05-06 09:53","1.2.0","3206891770|16","16","False","8 May, 2024 at 08:57 UTC","2024-05-08 08:57","https://modsbase.com/c9160d7wcvme/3206891770__Kei__Culture_and_Faith_Granularity_-_1.2.3___40_CK_1.12.___41_.zip.html","2","47,07","","False","False","False","False","WEAK_TIME_CANDIDATE"
"3206891770|22","Culture-and-Faith-Granularity","CFG","3206891770","22","11 Apr, 2024 @ 12:56pm","2024-04-11 12:56","1.1.0","3206891770|17","17","False","11 Apr, 2024 at 19:56 UTC","2024-04-11 19:56","https://modsbase.com/4kc5e0357fgy/3206891770__Kei__Culture_and_Faith_Granularity_-_1.1.0___40_CK_1.12.___41_.zip.html","0","7","7","True","True","True","True","BIDIRECTIONAL_UNIQUE"
"3206891770|23","Culture-and-Faith-Granularity","CFG","3206891770","23","4 Apr, 2024 @ 7:45am","2024-04-04 07:45","1.0.3","3206891770|18","18","False","4 Apr, 2024 at 14:45 UTC","2024-04-04 14:45","https://modsbase.com/vfpafml9hqvb/3206891770__Kei__Culture_and_Faith_Granularity_-_1.0.3___40_CK_1.12.___41_.zip.html","0","7","7","True","True","True","True","BIDIRECTIONAL_UNIQUE"
"3206891770|24","Culture-and-Faith-Granularity","CFG","3206891770","24","30 Mar, 2024 @ 2:58pm","2024-03-30 14:58","1.0.2","3206891770|19","19","False","30 Mar, 2024 at 20:58 UTC","2024-03-30 20:58","https://modsbase.com/5pu58fpwhuee/3206891770__Kei__Culture_and_Faith_Granularity_-_1.0.2___40_CK_1.12.___41_.zip.html","0","6","6","True","True","True","True","BIDIRECTIONAL_UNIQUE"
"3206891770|25","Culture-and-Faith-Granularity","CFG","3206891770","25","30 Mar, 2024 @ 2:34pm","2024-03-30 14:34","1.0.1","3206891770|19","19","False","30 Mar, 2024 at 20:58 UTC","2024-03-30 20:58","https://modsbase.com/5pu58fpwhuee/3206891770__Kei__Culture_and_Faith_Granularity_-_1.0.2___40_CK_1.12.___41_.zip.html","0","6,4","","False","False","False","False","WEAK_TIME_CANDIDATE"
"3206891770|26","Culture-and-Faith-Granularity","CFG","3206891770","26","30 Mar, 2024 @ 12:43pm","2024-03-30 12:43","1.0.0","3206891770|19","19","False","30 Mar, 2024 at 20:58 UTC","2024-03-30 20:58","https://modsbase.com/5pu58fpwhuee/3206891770__Kei__Culture_and_Faith_Granularity_-_1.0.2___40_CK_1.12.___41_.zip.html","0","8,25","","False","False","False","False","WEAK_TIME_CANDIDATE"
"2829397295|1","Culture-Expanded","CE","2829397295","1","25 May @ 8:54am","2026-05-25 08:54","","2829397295|1","1","True","25 May at 15:54 UTC","2026-05-25 15:54","https://modsbase.com/r8tz6jvppldn/2829397295_Culture_Expanded.zip.html","0","7","7","True","True","True","True","BIDIRECTIONAL_UNIQUE"
"2829397295|2","Culture-Expanded","CE","2829397295","2","9 May @ 10:30pm","2026-05-09 22:30","","2829397295|2","2","False","10 May at 05:30 UTC","2026-05-10 05:30","https://modsbase.com/fq40mr4kpv24/2829397295_Culture_Expanded.zip.html","1","7","7","True","True","True","True","BIDIRECTIONAL_UNIQUE"
"2829397295|3","Culture-Expanded","CE","2829397295","3","9 May @ 9:57pm","2026-05-09 21:57","","2829397295|2","2","False","10 May at 05:30 UTC","2026-05-10 05:30","https://modsbase.com/fq40mr4kpv24/2829397295_Culture_Expanded.zip.html","1","7,55","","False","False","False","False","WEAK_TIME_CANDIDATE"
"2829397295|4","Culture-Expanded","CE","2829397295","4","26 Apr @ 11:08am","2026-04-26 11:08","","2829397295|3","3","False","26 Apr at 18:08 UTC","2026-04-26 18:08","https://modsbase.com/uw211c5pdxon/2829397295_Culture_Expanded.zip.html","0","7","7","True","True","True","True","BIDIRECTIONAL_UNIQUE"
"2829397295|6","Culture-Expanded","CE","2829397295","6","18 Mar @ 7:50pm","2026-03-18 19:50","","2829397295|4","4","False","19 Mar at 02:50 UTC","2026-03-19 02:50","https://modsbase.com/qwu0h753b2w2/2829397295_Culture_Expanded.zip.html","1","7","7","True","True","True","True","BIDIRECTIONAL_UNIQUE"
"2829397295|7","Culture-Expanded","CE","2829397295","7","12 Feb @ 6:55pm","2026-02-12 18:55","","2829397295|5","5","False","13 Feb at 02:55 UTC","2026-02-13 02:55","https://modsbase.com/cqwhfi002w8a/2829397295_Culture_Expanded.zip.html","1","8","8","True","True","True","True","BIDIRECTIONAL_UNIQUE"
"2829397295|8","Culture-Expanded","CE","2829397295","8","15 Dec, 2025 @ 10:32pm","2025-12-15 22:32","","2829397295|6","6","False","16 Dec, 2025 at 06:32 UTC","2025-12-16 06:32","https://modsbase.com/1sv861c3hlld/2829397295_Culture_Expanded.zip.html","1","8","8","True","True","True","True","BIDIRECTIONAL_UNIQUE"
"2829397295|9","Culture-Expanded","CE","2829397295","9","15 Dec, 2025 @ 6:44pm","2025-12-15 18:44","1.18.2 Base Compatibility","2829397295|6","6","False","16 Dec, 2025 at 06:32 UTC","2025-12-16 06:32","https://modsbase.com/1sv861c3hlld/2829397295_Culture_Expanded.zip.html","1","11,8","","False","False","False","False","WEAK_TIME_CANDIDATE"
"2829397295|10","Culture-Expanded","CE","2829397295","10","8 Jun, 2025 @ 10:41pm","2025-06-08 22:41","","2829397295|7","7","False","9 Jun, 2025 at 05:41 UTC","2025-06-09 05:41","https://modsbase.com/uh0tnqn0ikr3/2829397295_Culture_Expanded.zip.html","1","7","7","True","True","True","True","BIDIRECTIONAL_UNIQUE"
"2829397295|11","Culture-Expanded","CE","2829397295","11","4 Jun, 2025 @ 8:09pm","2025-06-04 20:09","","2829397295|8","8","False","5 Jun, 2025 at 03:09 UTC","2025-06-05 03:09","https://modsbase.com/pl9tbqa8d3y5/2829397295_Culture_Expanded.zip.html","1","7","7","True","True","True","True","BIDIRECTIONAL_UNIQUE"
"2829397295|12","Culture-Expanded","CE","2829397295","12","1 Jun, 2025 @ 3:59pm","2025-06-01 15:59","","2829397295|9","9","False","1 Jun, 2025 at 22:59 UTC","2025-06-01 22:59","https://modsbase.com/64uxxkx0dehc/2829397295_Culture_Expanded.zip.html","0","7","7","True","True","True","True","BIDIRECTIONAL_UNIQUE"
"2829397295|13","Culture-Expanded","CE","2829397295","13","23 May, 2025 @ 5:32pm","2025-05-23 17:32","","2829397295|10","10","False","24 May, 2025 at 00:32 UTC","2025-05-24 00:32","https://modsbase.com/0rujp3r9i41h/2829397295_Culture_Expanded.zip.html","1","7","7","True","True","True","True","BIDIRECTIONAL_UNIQUE"
"2829397295|14","Culture-Expanded","CE","2829397295","14","18 May, 2025 @ 11:55am","2025-05-18 11:55","","2829397295|11","11","False","18 May, 2025 at 18:55 UTC","2025-05-18 18:55","https://modsbase.com/44kigdi7byfb/2829397295_Culture_Expanded.zip.html","0","7","7","True","True","True","True","BIDIRECTIONAL_UNIQUE"
"2829397295|15","Culture-Expanded","CE","2829397295","15","13 Apr, 2025 @ 9:18am","2025-04-13 09:18","","2829397295|12","12","False","13 Apr, 2025 at 16:18 UTC","2025-04-13 16:18","https://modsbase.com/n3eg7ls75taf/2829397295_Culture_Expanded.zip.html","0","7","7","True","True","True","True","BIDIRECTIONAL_UNIQUE"
"2829397295|16","Culture-Expanded","CE","2829397295","16","15 Mar, 2025 @ 1:12pm","2025-03-15 13:12","","2829397295|13","13","False","15 Mar, 2025 at 20:12 UTC","2025-03-15 20:12","https://modsbase.com/l8bq76r3yo5n/2829397295_Culture_Expanded.zip.html","0","7","7","True","True","True","True","BIDIRECTIONAL_UNIQUE"
"2829397295|17","Culture-Expanded","CE","2829397295","17","26 Feb, 2025 @ 6:39pm","2025-02-26 18:39","","2829397295|14","14","False","27 Feb, 2025 at 02:39 UTC","2025-02-27 02:39","https://modsbase.com/6kzqlvculo45/2829397295_Culture_Expanded.zip.html","1","8","8","True","True","True","True","BIDIRECTIONAL_UNIQUE"
"2829397295|18","Culture-Expanded","CE","2829397295","18","19 Feb, 2025 @ 11:47am","2025-02-19 11:47","","2829397295|15","15","False","19 Feb, 2025 at 19:47 UTC","2025-02-19 19:47","https://modsbase.com/tbihz3jlgtc6/2829397295_Culture_Expanded.zip.html","0","8","8","True","True","True","True","BIDIRECTIONAL_UNIQUE"
"2829397295|19","Culture-Expanded","CE","2829397295","19","15 Feb, 2025 @ 9:54pm","2025-02-15 21:54","","2829397295|16","16","False","16 Feb, 2025 at 05:54 UTC","2025-02-16 05:54","https://modsbase.com/joezaytv94py/2829397295_Culture_Expanded.zip.html","1","8","8","True","True","True","True","BIDIRECTIONAL_UNIQUE"
"2829397295|20","Culture-Expanded","CE","2829397295","20","8 May, 2024 @ 8:14pm","2024-05-08 20:14","","2829397295|17","17","False","9 May, 2024 at 03:14 UTC","2024-05-09 03:14","https://modsbase.com/mqyribnqsg4j/2829397295_Culture_Expanded.zip.html","1","7","7","True","True","True","True","BIDIRECTIONAL_UNIQUE"
"2829397295|21","Culture-Expanded","CE","2829397295","21","12 Apr, 2024 @ 9:20pm","2024-04-12 21:20","","2829397295|18","18","False","13 Apr, 2024 at 04:20 UTC","2024-04-13 04:20","https://modsbase.com/9jsi28p1oxim/2829397295_Culture_Expanded.zip.html","1","7","7","True","True","True","True","BIDIRECTIONAL_UNIQUE"
"2829397295|22","Culture-Expanded","CE","2829397295","22","22 Mar, 2024 @ 9:03pm","2024-03-22 21:03","","2829397295|19","19","False","23 Mar, 2024 at 04:03 UTC","2024-03-23 04:03","https://modsbase.com/nqrov9zqtjr5/2829397295_Culture_Expanded.zip.html","1","7","7","True","True","True","True","BIDIRECTIONAL_UNIQUE"
"2829397295|23","Culture-Expanded","CE","2829397295","23","10 Mar, 2024 @ 8:00pm","2024-03-10 20:00","","2829397295|20","20","False","11 Mar, 2024 at 03:00 UTC","2024-03-11 03:00","https://modsbase.com/vjp557ox5a2h/2829397295_Culture_Expanded.zip.html","1","7","7","True","True","True","True","BIDIRECTIONAL_UNIQUE"
"2829397295|24","Culture-Expanded","CE","2829397295","24","9 Mar, 2024 @ 9:15pm","2024-03-09 21:15","","2829397295|20","20","False","11 Mar, 2024 at 03:00 UTC","2024-03-11 03:00","https://modsbase.com/vjp557ox5a2h/2829397295_Culture_Expanded.zip.html","2","29,75","","False","False","False","False","WEAK_TIME_CANDIDATE"
"2829397295|25","Culture-Expanded","CE","2829397295","25","19 Dec, 2023 @ 1:57pm","2023-12-19 13:57","","2829397295|21","21","False","19 Dec, 2023 at 21:57 UTC","2023-12-19 21:57","https://modsbase.com/k5r7wz23rvef/2829397295_Culture_Expanded.zip.html","0","8","8","True","True","True","True","BIDIRECTIONAL_UNIQUE"
"2829397295|26","Culture-Expanded","CE","2829397295","26","2 Dec, 2023 @ 5:54pm","2023-12-02 17:54","","2829397295|22","22","False","3 Dec, 2023 at 01:54 UTC","2023-12-03 01:54","https://modsbase.com/r92qki0mets0/2829397295_Culture_Expanded_-_Peacock.zip.html","1","8","8","True","True","True","True","BIDIRECTIONAL_UNIQUE"
"2829397295|27","Culture-Expanded","CE","2829397295","27","20 Nov, 2023 @ 7:19pm","2023-11-20 19:19","1.11 Culture Expanded Hotfix #1","2829397295|23","23","False","21 Nov, 2023 at 03:19 UTC","2023-11-21 03:19","https://modsbase.com/jx8lluad0yt2/2829397295_Culture_Expanded_-_Peacock.zip.html","1","8","8","True","True","True","True","BIDIRECTIONAL_UNIQUE"
"2829397295|27","Culture-Expanded","CE","2829397295","27","20 Nov, 2023 @ 7:19pm","2023-11-20 19:19","1.11 Culture Expanded Hotfix #1","2829397295|24","24","False","19 Nov, 2023 at 19:08 UTC","2023-11-19 19:08","https://modsbase.com/y9b3ra73to2x/2829397295_Culture_Expanded_-_Peacock.zip.html","-1","-24,18","","False","False","False","False","WEAK_TIME_CANDIDATE"
"2829397295|28","Culture-Expanded","CE","2829397295","28","19 Nov, 2023 @ 11:08am","2023-11-19 11:08","1.11.0.1 Peacock Expanded Series Patch Notes","2829397295|23","23","False","21 Nov, 2023 at 03:19 UTC","2023-11-21 03:19","https://modsbase.com/jx8lluad0yt2/2829397295_Culture_Expanded_-_Peacock.zip.html","2","40,18","","False","False","False","False","WEAK_TIME_CANDIDATE"
"2829397295|28","Culture-Expanded","CE","2829397295","28","19 Nov, 2023 @ 11:08am","2023-11-19 11:08","1.11.0.1 Peacock Expanded Series Patch Notes","2829397295|24","24","False","19 Nov, 2023 at 19:08 UTC","2023-11-19 19:08","https://modsbase.com/y9b3ra73to2x/2829397295_Culture_Expanded_-_Peacock.zip.html","0","8","8","True","True","True","True","BIDIRECTIONAL_UNIQUE"
"2829397295|29","Culture-Expanded","CE","2829397295","29","1 Oct, 2023 @ 5:34pm","2023-10-01 17:34","","2829397295|25","25","False","2 Oct, 2023 at 00:34 UTC","2023-10-02 00:34","https://modsbase.com/87oggjr8ckg3/2829397295_Culture_Expanded_-_Quill.zip.html","1","7","7","True","True","True","True","BIDIRECTIONAL_UNIQUE"
"2829397295|30","Culture-Expanded","CE","2829397295","30","24 Sep, 2023 @ 8:34pm","2023-09-24 20:34","","2829397295|26","26","False","25 Sep, 2023 at 03:34 UTC","2023-09-25 03:34","https://modsbase.com/3rrogk15ywkf/2829397295_Culture_Expanded_-_Quill.zip.html","1","7","7","True","True","True","True","BIDIRECTIONAL_UNIQUE"
"2829397295|31","Culture-Expanded","CE","2829397295","31","23 Sep, 2023 @ 5:43pm","2023-09-23 17:43","","2829397295|26","26","False","25 Sep, 2023 at 03:34 UTC","2023-09-25 03:34","https://modsbase.com/3rrogk15ywkf/2829397295_Culture_Expanded_-_Quill.zip.html","2","33,85","","False","False","False","False","WEAK_TIME_CANDIDATE"
"2829397295|32","Culture-Expanded","CE","2829397295","32","25 Jun, 2023 @ 12:04pm","2023-06-25 12:04","","2829397295|27","27","False","25 Jun, 2023 at 19:04 UTC","2023-06-25 19:04","https://modsbase.com/4kabgj7gpcud/2829397295_Culture_Expanded.zip.html","0","7","7","True","True","True","True","BIDIRECTIONAL_UNIQUE"
"2829397295|33","Culture-Expanded","CE","2829397295","33","18 Jun, 2023 @ 10:24am","2023-06-18 10:24","","2829397295|28","28","False","18 Jun, 2023 at 17:24 UTC","2023-06-18 17:24","https://modsbase.com/gy26diqtu6un/2829397295_Culture_Expanded_-_1.9.2_Lance.zip.html","0","7","7","True","True","True","True","BIDIRECTIONAL_UNIQUE"
"2829397295|34","Culture-Expanded","CE","2829397295","34","7 Apr, 2023 @ 10:22am","2023-04-07 10:22","","2829397295|29","29","False","7 Apr, 2023 at 17:22 UTC","2023-04-07 17:22","https://modsbase.com/4ufx3ylhox84/2829397295_Culture_Expanded.zip.html","0","7","7","True","True","True","True","BIDIRECTIONAL_UNIQUE"
"2829397295|35","Culture-Expanded","CE","2829397295","35","21 Jan, 2023 @ 6:26pm","2023-01-21 18:26","1.8.1 Misc Patch Notes for Expanded Series","2829397295|30","30","False","22 Jan, 2023 at 02:26 UTC","2023-01-22 02:26","https://modsbase.com/d0d0c5bdjpus/2829397295_Culture_Expanded.zip.html","1","8","8","True","True","True","True","BIDIRECTIONAL_UNIQUE"
"2829397295|36","Culture-Expanded","CE","2829397295","36","15 Dec, 2022 @ 8:00pm","2022-12-15 20:00","","2829397295|31","31","False","16 Dec, 2022 at 04:00 UTC","2022-12-16 04:00","https://modsbase.com/4swtj9gmc9x1/2829397295_Culture_Expanded.zip.html","1","8","8","True","True","True","True","BIDIRECTIONAL_UNIQUE"
"2829397295|37","Culture-Expanded","CE","2829397295","37","2 Dec, 2022 @ 5:38pm","2022-12-02 17:38","","2829397295|32","32","False","3 Dec, 2022 at 01:38 UTC","2022-12-03 01:38","https://modsbase.com/qgp1ijuk8ye7/2829397295_Culture_Expanded.zip.html","1","8","8","True","True","True","True","BIDIRECTIONAL_UNIQUE"
"2829397295|38","Culture-Expanded","CE","2829397295","38","30 Sep, 2022 @ 8:44pm","2022-09-30 20:44","Version # Update","2829397295|33","33","False","1 Oct, 2022 at 04:44 UTC","2022-10-01 04:44","https://modsbase.com/z50lcsfnaoc0/2829397295_Culture_Expanded.zip.html","1","8","8","True","True","True","True","EVENT_AMBIGUOUS"
"2829397295|38","Culture-Expanded","CE","2829397295","38","30 Sep, 2022 @ 8:44pm","2022-09-30 20:44","Version # Update","2829397295|34","34","False","1 Oct, 2022 at 03:44 UTC","2022-10-01 03:44","https://modsbase.com/3z82elitlvh1/2829397295_Culture_Expanded.zip.html","1","7","7","True","True","True","True","EVENT_AMBIGUOUS"
"2829397295|39","Culture-Expanded","CE","2829397295","39","15 Sep, 2022 @ 5:01pm","2022-09-15 17:01","","2829397295|35","35","False","16 Sep, 2022 at 00:01 UTC","2022-09-16 00:01","https://modsbase.com/daqe5ndsww46/2829397295_Culture_Expanded.zip.html","1","7","7","True","True","True","True","BIDIRECTIONAL_UNIQUE"
"2829397295|40","Culture-Expanded","CE","2829397295","40","11 Sep, 2022 @ 10:08am","2022-09-11 10:08","","2829397295|36","36","False","11 Sep, 2022 at 17:08 UTC","2022-09-11 17:08","https://modsbase.com/d5bmcitz9hyp/2829397295_Culture_Expanded.zip.html","0","7","7","True","True","True","True","BIDIRECTIONAL_UNIQUE"
"2829397295|40","Culture-Expanded","CE","2829397295","40","11 Sep, 2022 @ 10:08am","2022-09-11 10:08","","2829397295|37","37","False","9 Sep, 2022 at 04:56 UTC","2022-09-09 04:56","https://modsbase.com/77ct7qbo90y8/2829397295_Culture_Expanded.zip.html","-2","-53,2","","False","False","False","False","WEAK_TIME_CANDIDATE"
"2829397295|41","Culture-Expanded","CE","2829397295","41","8 Sep, 2022 @ 9:56pm","2022-09-08 21:56","","2829397295|37","37","False","9 Sep, 2022 at 04:56 UTC","2022-09-09 04:56","https://modsbase.com/77ct7qbo90y8/2829397295_Culture_Expanded.zip.html","1","7","7","True","True","True","True","BIDIRECTIONAL_UNIQUE"
"2829397295|42","Culture-Expanded","CE","2829397295","42","21 Jul, 2022 @ 12:31am","2022-07-21 00:31","","2829397295|38","38","False","21 Jul, 2022 at 07:31 UTC","2022-07-21 07:31","https://modsbase.com/4s35plan6d6t/2829397295_Culture_Expanded.zip.html","0","7","7","True","True","True","True","BIDIRECTIONAL_UNIQUE"
"2829397295|43","Culture-Expanded","CE","2829397295","43","12 Jul, 2022 @ 12:26am","2022-07-12 00:26","","2829397295|39","39","False","12 Jul, 2022 at 07:26 UTC","2022-07-12 07:26","https://modsbase.com/lwm7puow0x9e/2829397295_Culture_Expanded.zip.html","0","7","7","True","True","True","True","BIDIRECTIONAL_UNIQUE"
"2829397295|44","Culture-Expanded","CE","2829397295","44","12 Jul, 2022 @ 12:12am","2022-07-12 00:12","","2829397295|39","39","False","12 Jul, 2022 at 07:26 UTC","2022-07-12 07:26","https://modsbase.com/lwm7puow0x9e/2829397295_Culture_Expanded.zip.html","0","7,23","","False","False","False","False","WEAK_TIME_CANDIDATE"
"2829397295|45","Culture-Expanded","CE","2829397295","45","8 Jul, 2022 @ 7:16pm","2022-07-08 19:16","","2829397295|40","40","False","9 Jul, 2022 at 02:16 UTC","2022-07-09 02:16","https://modsbase.com/xwtnimonvjls/2829397295_Culture_Expanded.zip.html","1","7","7","True","True","True","True","BIDIRECTIONAL_UNIQUE"
"2829397295|45","Culture-Expanded","CE","2829397295","45","8 Jul, 2022 @ 7:16pm","2022-07-08 19:16","","2829397295|41","41","False","7 Jul, 2022 at 02:18 UTC","2022-07-07 02:18","https://modsbase.com/da4xj5c6wwfv/2829397295_Culture_Expanded.zip.html","-1","-40,97","","False","False","False","False","WEAK_TIME_CANDIDATE"
"2829397295|45","Culture-Expanded","CE","2829397295","45","8 Jul, 2022 @ 7:16pm","2022-07-08 19:16","","2829397295|42","42","False","6 Jul, 2022 at 07:36 UTC","2022-07-06 07:36","https://modsbase.com/x9tofekqvgxx/2829397295_Culture_Expanded.zip.html","-2","-59,67","","False","False","False","False","WEAK_TIME_CANDIDATE"
"2829397295|46","Culture-Expanded","CE","2829397295","46","6 Jul, 2022 @ 7:18pm","2022-07-06 19:18","","2829397295|41","41","False","7 Jul, 2022 at 02:18 UTC","2022-07-07 02:18","https://modsbase.com/da4xj5c6wwfv/2829397295_Culture_Expanded.zip.html","1","7","7","True","True","True","True","BIDIRECTIONAL_UNIQUE"
"2829397295|46","Culture-Expanded","CE","2829397295","46","6 Jul, 2022 @ 7:18pm","2022-07-06 19:18","","2829397295|42","42","False","6 Jul, 2022 at 07:36 UTC","2022-07-06 07:36","https://modsbase.com/x9tofekqvgxx/2829397295_Culture_Expanded.zip.html","0","-11,7","","False","False","False","False","WEAK_TIME_CANDIDATE"
"2829397295|46","Culture-Expanded","CE","2829397295","46","6 Jul, 2022 @ 7:18pm","2022-07-06 19:18","","2829397295|43","43","False","4 Jul, 2022 at 01:27 UTC","2022-07-04 01:27","https://modsbase.com/jaf3ziuu92wm/2829397295_Culture_Expanded.zip.html","-2","-65,85","","False","False","False","False","WEAK_TIME_CANDIDATE"
"2829397295|47","Culture-Expanded","CE","2829397295","47","6 Jul, 2022 @ 12:36am","2022-07-06 00:36","","2829397295|41","41","False","7 Jul, 2022 at 02:18 UTC","2022-07-07 02:18","https://modsbase.com/da4xj5c6wwfv/2829397295_Culture_Expanded.zip.html","1","25,7","","False","False","False","False","WEAK_TIME_CANDIDATE"
"2829397295|47","Culture-Expanded","CE","2829397295","47","6 Jul, 2022 @ 12:36am","2022-07-06 00:36","","2829397295|42","42","False","6 Jul, 2022 at 07:36 UTC","2022-07-06 07:36","https://modsbase.com/x9tofekqvgxx/2829397295_Culture_Expanded.zip.html","0","7","7","True","True","True","True","BIDIRECTIONAL_UNIQUE"
"2829397295|47","Culture-Expanded","CE","2829397295","47","6 Jul, 2022 @ 12:36am","2022-07-06 00:36","","2829397295|43","43","False","4 Jul, 2022 at 01:27 UTC","2022-07-04 01:27","https://modsbase.com/jaf3ziuu92wm/2829397295_Culture_Expanded.zip.html","-2","-47,15","","False","False","False","False","WEAK_TIME_CANDIDATE"
"2829397295|48","Culture-Expanded","CE","2829397295","48","4 Jul, 2022 @ 11:29am","2022-07-04 11:29","","2829397295|42","42","False","6 Jul, 2022 at 07:36 UTC","2022-07-06 07:36","https://modsbase.com/x9tofekqvgxx/2829397295_Culture_Expanded.zip.html","2","44,12","","False","False","False","False","WEAK_TIME_CANDIDATE"
"2829397295|48","Culture-Expanded","CE","2829397295","48","4 Jul, 2022 @ 11:29am","2022-07-04 11:29","","2829397295|43","43","False","4 Jul, 2022 at 01:27 UTC","2022-07-04 01:27","https://modsbase.com/jaf3ziuu92wm/2829397295_Culture_Expanded.zip.html","0","-10,03","","False","False","False","False","WEAK_TIME_CANDIDATE"
"2829397295|49","Culture-Expanded","CE","2829397295","49","3 Jul, 2022 @ 6:27pm","2022-07-03 18:27","","2829397295|43","43","False","4 Jul, 2022 at 01:27 UTC","2022-07-04 01:27","https://modsbase.com/jaf3ziuu92wm/2829397295_Culture_Expanded.zip.html","1","7","7","True","True","True","True","BIDIRECTIONAL_UNIQUE"
"2829397295|50","Culture-Expanded","CE","2829397295","50","2 Jul, 2022 @ 10:40pm","2022-07-02 22:40","","2829397295|43","43","False","4 Jul, 2022 at 01:27 UTC","2022-07-04 01:27","https://modsbase.com/jaf3ziuu92wm/2829397295_Culture_Expanded.zip.html","2","26,78","","False","False","False","False","WEAK_TIME_CANDIDATE"
"2829397295|51","Culture-Expanded","CE","2829397295","51","2 Jul, 2022 @ 9:11pm","2022-07-02 21:11","","2829397295|43","43","False","4 Jul, 2022 at 01:27 UTC","2022-07-04 01:27","https://modsbase.com/jaf3ziuu92wm/2829397295_Culture_Expanded.zip.html","2","28,27","","False","False","False","False","WEAK_TIME_CANDIDATE"
"2829397295|52","Culture-Expanded","CE","2829397295","52","2 Jul, 2022 @ 1:05pm","2022-07-02 13:05","","2829397295|43","43","False","4 Jul, 2022 at 01:27 UTC","2022-07-04 01:27","https://modsbase.com/jaf3ziuu92wm/2829397295_Culture_Expanded.zip.html","2","36,37","","False","False","False","False","WEAK_TIME_CANDIDATE"
"2829397295|53","Culture-Expanded","CE","2829397295","53","2 Jul, 2022 @ 11:55am","2022-07-02 11:55","","2829397295|43","43","False","4 Jul, 2022 at 01:27 UTC","2022-07-04 01:27","https://modsbase.com/jaf3ziuu92wm/2829397295_Culture_Expanded.zip.html","2","37,53","","False","False","False","False","WEAK_TIME_CANDIDATE"
"2829397295|54","Culture-Expanded","CE","2829397295","54","2 Jul, 2022 @ 10:41am","2022-07-02 10:41","","2829397295|43","43","False","4 Jul, 2022 at 01:27 UTC","2022-07-04 01:27","https://modsbase.com/jaf3ziuu92wm/2829397295_Culture_Expanded.zip.html","2","38,77","","False","False","False","False","WEAK_TIME_CANDIDATE"
"3473488611|1","Demand-Tribute","DT","3473488611","1","29 Oct, 2025 @ 3:52am","2025-10-29 03:52","","3473488611|1","1","True","29 Oct, 2025 at 10:52 UTC","2025-10-29 10:52","https://modsbase.com/xx0pwh63y8kp/3473488611_Demand_Tribute.zip.html","0","7","7","True","True","True","True","BIDIRECTIONAL_UNIQUE"
"3473488611|2","Demand-Tribute","DT","3473488611","2","9 Sep, 2025 @ 8:58am","2025-09-09 08:58","","3473488611|2","2","False","9 Sep, 2025 at 16:58 UTC","2025-09-09 16:58","https://modsbase.com/2ucd19meq6mc/3473488611_Demand_Tribute.zip.html","0","8","8","True","True","True","True","BIDIRECTIONAL_UNIQUE"
"3473488611|3","Demand-Tribute","DT","3473488611","3","17 May, 2025 @ 12:43pm","2025-05-17 12:43","","3473488611|3","3","False","17 May, 2025 at 19:43 UTC","2025-05-17 19:43","https://modsbase.com/0ai8uejs45kr/3473488611_Demand_Tribute.zip.html","0","7","7","True","True","True","True","BIDIRECTIONAL_UNIQUE"
"3473488611|4","Demand-Tribute","DT","3473488611","4","11 May, 2025 @ 9:41am","2025-05-11 09:41","","3473488611|4","4","False","11 May, 2025 at 16:41 UTC","2025-05-11 16:41","https://modsbase.com/ainurwxigaxx/3473488611_Demand_Tribute.zip.html","0","7","7","True","True","True","True","BIDIRECTIONAL_UNIQUE"
"3473488611|5","Demand-Tribute","DT","3473488611","5","7 May, 2025 @ 9:56am","2025-05-07 09:56","","3473488611|5","5","False","7 May, 2025 at 16:56 UTC","2025-05-07 16:56","https://modsbase.com/d9217jmam7dr/3473488611_Demand_Tribute.zip.html","0","7","7","True","True","True","True","BIDIRECTIONAL_UNIQUE"
"3473488611|6","Demand-Tribute","DT","3473488611","6","6 May, 2025 @ 9:31am","2025-05-06 09:31","","3473488611|5","5","False","7 May, 2025 at 16:56 UTC","2025-05-07 16:56","https://modsbase.com/d9217jmam7dr/3473488611_Demand_Tribute.zip.html","1","31,42","","False","False","False","False","WEAK_TIME_CANDIDATE"
"3473488611|7","Demand-Tribute","DT","3473488611","7","5 May, 2025 @ 8:09am","2025-05-05 08:09","","3473488611|5","5","False","7 May, 2025 at 16:56 UTC","2025-05-07 16:56","https://modsbase.com/d9217jmam7dr/3473488611_Demand_Tribute.zip.html","2","56,78","","False","False","False","False","WEAK_TIME_CANDIDATE"
"3473488611|8","Demand-Tribute","DT","3473488611","8","2 May, 2025 @ 12:31pm","2025-05-02 12:31","","3473488611|6","6","False","2 May, 2025 at 19:31 UTC","2025-05-02 19:31","https://modsbase.com/8vzk7m43tduy/3473488611_Demand_Tribute.zip.html","0","7","7","True","True","True","True","BIDIRECTIONAL_UNIQUE"
"3473488611|9","Demand-Tribute","DT","3473488611","9","30 Apr, 2025 @ 3:08pm","2025-04-30 15:08","","3473488611|6","6","False","2 May, 2025 at 19:31 UTC","2025-05-02 19:31","https://modsbase.com/8vzk7m43tduy/3473488611_Demand_Tribute.zip.html","2","52,38","","False","False","False","False","WEAK_TIME_CANDIDATE"
"3473488611|10","Demand-Tribute","DT","3473488611","10","30 Apr, 2025 @ 2:57pm","2025-04-30 14:57","","3473488611|6","6","False","2 May, 2025 at 19:31 UTC","2025-05-02 19:31","https://modsbase.com/8vzk7m43tduy/3473488611_Demand_Tribute.zip.html","2","52,57","","False","False","False","False","WEAK_TIME_CANDIDATE"
"3473488611|11","Demand-Tribute","DT","3473488611","11","30 Apr, 2025 @ 2:47pm","2025-04-30 14:47","","3473488611|6","6","False","2 May, 2025 at 19:31 UTC","2025-05-02 19:31","https://modsbase.com/8vzk7m43tduy/3473488611_Demand_Tribute.zip.html","2","52,73","","False","False","False","False","WEAK_TIME_CANDIDATE"
"2996881191|1","EPE-CFP","EPE-CFP","2996881191","1","7 Jun @ 12:39pm","2026-06-07 12:39","","2996881191|1","1","True","7 Jun at 19:39 UTC","2026-06-07 19:39","https://modsbase.com/cvmyh1ediqzu/2996881191_CFP___EPE_Compatibility_Patch.zip.html","0","7","7","True","True","True","True","BIDIRECTIONAL_UNIQUE"
"2996881191|2","EPE-CFP","EPE-CFP","2996881191","2","11 May @ 4:49am","2026-05-11 04:49","","2996881191|2","2","False","11 May at 11:49 UTC","2026-05-11 11:49","https://modsbase.com/62dagy93pu44/2996881191_CFP___EPE_Compatibility_Patch.zip.html","0","7","7","True","True","True","True","BIDIRECTIONAL_UNIQUE"
"2996881191|3","EPE-CFP","EPE-CFP","2996881191","3","28 Apr @ 5:48am","2026-04-28 05:48","","2996881191|3","3","False","28 Apr at 12:48 UTC","2026-04-28 12:48","https://modsbase.com/rjwvsg632vic/2996881191_CFP___EPE_Compatibility_Patch.zip.html","0","7","7","True","True","True","True","BIDIRECTIONAL_UNIQUE"
"2996881191|4","EPE-CFP","EPE-CFP","2996881191","4","26 Apr @ 2:10pm","2026-04-26 14:10","","2996881191|3","3","False","28 Apr at 12:48 UTC","2026-04-28 12:48","https://modsbase.com/rjwvsg632vic/2996881191_CFP___EPE_Compatibility_Patch.zip.html","2","46,63","","False","False","False","False","WEAK_TIME_CANDIDATE"
"2996881191|5","EPE-CFP","EPE-CFP","2996881191","5","20 Mar @ 1:18pm","2026-03-20 13:18","1.18.4","2996881191|4","4","False","20 Mar at 20:18 UTC","2026-03-20 20:18","https://modsbase.com/nuqyp7o0a64m/2996881191_CFP___EPE_Compatibility_Patch.zip.html","0","7","7","True","True","True","True","BIDIRECTIONAL_UNIQUE"
"2996881191|6","EPE-CFP","EPE-CFP","2996881191","6","5 Feb @ 4:16am","2026-02-05 04:16","","2996881191|5","5","False","5 Feb at 12:16 UTC","2026-02-05 12:16","https://modsbase.com/ryfggtogq2zr/2996881191_CFP___EPE_Compatibility_Patch.zip.html","0","8","8","True","True","True","True","BIDIRECTIONAL_UNIQUE"
"2996881191|7","EPE-CFP","EPE-CFP","2996881191","7","15 Dec, 2025 @ 4:53am","2025-12-15 04:53","","2996881191|6","6","False","15 Dec, 2025 at 12:53 UTC","2025-12-15 12:53","https://modsbase.com/uuzk6p3u464b/2996881191_CFP___EPE_Compatibility_Patch.zip.html","0","8","8","True","True","True","True","BIDIRECTIONAL_UNIQUE"
"2996881191|7","EPE-CFP","EPE-CFP","2996881191","7","15 Dec, 2025 @ 4:53am","2025-12-15 04:53","","2996881191|7","7","False","14 Dec, 2025 at 21:13 UTC","2025-12-14 21:13","https://modsbase.com/3e7d5b19qcjg/2996881191_CFP___EPE_Compatibility_Patch.zip.html","-1","-7,67","","False","False","False","False","WEAK_TIME_CANDIDATE"
"2996881191|8","EPE-CFP","EPE-CFP","2996881191","8","14 Dec, 2025 @ 1:13pm","2025-12-14 13:13","","2996881191|6","6","False","15 Dec, 2025 at 12:53 UTC","2025-12-15 12:53","https://modsbase.com/uuzk6p3u464b/2996881191_CFP___EPE_Compatibility_Patch.zip.html","1","23,67","","False","False","False","False","WEAK_TIME_CANDIDATE"
"2996881191|8","EPE-CFP","EPE-CFP","2996881191","8","14 Dec, 2025 @ 1:13pm","2025-12-14 13:13","","2996881191|7","7","False","14 Dec, 2025 at 21:13 UTC","2025-12-14 21:13","https://modsbase.com/3e7d5b19qcjg/2996881191_CFP___EPE_Compatibility_Patch.zip.html","0","8","8","True","True","True","True","BIDIRECTIONAL_UNIQUE"
"2996881191|9","EPE-CFP","EPE-CFP","2996881191","9","18 Nov, 2025 @ 11:39am","2025-11-18 11:39","","2996881191|8","8","False","18 Nov, 2025 at 19:39 UTC","2025-11-18 19:39","https://modsbase.com/p20p4s4qq5uq/2996881191_CFP___EPE_Compatibility_Patch.zip.html","0","8","8","True","True","True","True","BIDIRECTIONAL_UNIQUE"
"2996881191|10","EPE-CFP","EPE-CFP","2996881191","10","17 Nov, 2025 @ 4:33am","2025-11-17 04:33","","2996881191|8","8","False","18 Nov, 2025 at 19:39 UTC","2025-11-18 19:39","https://modsbase.com/p20p4s4qq5uq/2996881191_CFP___EPE_Compatibility_Patch.zip.html","1","39,1","","False","False","False","False","WEAK_TIME_CANDIDATE"
"2996881191|11","EPE-CFP","EPE-CFP","2996881191","11","16 Nov, 2025 @ 5:12am","2025-11-16 05:12","","2996881191|8","8","False","18 Nov, 2025 at 19:39 UTC","2025-11-18 19:39","https://modsbase.com/p20p4s4qq5uq/2996881191_CFP___EPE_Compatibility_Patch.zip.html","2","62,45","","False","False","False","False","WEAK_TIME_CANDIDATE"
"2996881191|12","EPE-CFP","EPE-CFP","2996881191","12","12 Nov, 2025 @ 5:52am","2025-11-12 05:52","","2996881191|9","9","False","12 Nov, 2025 at 13:52 UTC","2025-11-12 13:52","https://modsbase.com/rfsfv9wuf2ep/2996881191_CFP___EPE_Compatibility_Patch.zip.html","0","8","8","True","True","True","True","BIDIRECTIONAL_UNIQUE"
"2996881191|13","EPE-CFP","EPE-CFP","2996881191","13","25 May, 2025 @ 2:09am","2025-05-25 02:09","","2996881191|10","10","False","25 May, 2025 at 10:09 UTC","2025-05-25 10:09","https://modsbase.com/vfrbhqkaeypy/2996881191_CFP___EPE_Compatibility_Patch.zip.html","0","8","8","True","True","True","True","EVENT_AMBIGUOUS"
"2996881191|13","EPE-CFP","EPE-CFP","2996881191","13","25 May, 2025 @ 2:09am","2025-05-25 02:09","","2996881191|11","11","False","25 May, 2025 at 09:09 UTC","2025-05-25 09:09","https://modsbase.com/0rfe8lbhztfq/2996881191_CFP___EPE_Compatibility_Patch.zip.html","0","7","7","True","True","True","True","EVENT_AMBIGUOUS"
"2996881191|13","EPE-CFP","EPE-CFP","2996881191","13","25 May, 2025 @ 2:09am","2025-05-25 02:09","","2996881191|12","12","False","24 May, 2025 at 18:19 UTC","2025-05-24 18:19","https://modsbase.com/uefvjq1oirn3/2996881191_CFP___EPE_Compatibility_Patch.zip.html","-1","-7,83","","False","False","False","False","WEAK_TIME_CANDIDATE"
"2996881191|14","EPE-CFP","EPE-CFP","2996881191","14","24 May, 2025 @ 11:19am","2025-05-24 11:19","","2996881191|10","10","False","25 May, 2025 at 10:09 UTC","2025-05-25 10:09","https://modsbase.com/vfrbhqkaeypy/2996881191_CFP___EPE_Compatibility_Patch.zip.html","1","22,83","","False","False","False","False","WEAK_TIME_CANDIDATE"
"2996881191|14","EPE-CFP","EPE-CFP","2996881191","14","24 May, 2025 @ 11:19am","2025-05-24 11:19","","2996881191|11","11","False","25 May, 2025 at 09:09 UTC","2025-05-25 09:09","https://modsbase.com/0rfe8lbhztfq/2996881191_CFP___EPE_Compatibility_Patch.zip.html","1","21,83","","False","False","False","False","WEAK_TIME_CANDIDATE"
"2996881191|14","EPE-CFP","EPE-CFP","2996881191","14","24 May, 2025 @ 11:19am","2025-05-24 11:19","","2996881191|12","12","False","24 May, 2025 at 18:19 UTC","2025-05-24 18:19","https://modsbase.com/uefvjq1oirn3/2996881191_CFP___EPE_Compatibility_Patch.zip.html","0","7","7","True","True","True","True","BIDIRECTIONAL_UNIQUE"
"2996881191|15","EPE-CFP","EPE-CFP","2996881191","15","16 May, 2025 @ 11:12am","2025-05-16 11:12","","2996881191|13","13","False","16 May, 2025 at 18:12 UTC","2025-05-16 18:12","https://modsbase.com/i9v0flug304y/2996881191_CFP___EPE_Compatibility_Patch.zip.html","0","7","7","True","True","True","True","BIDIRECTIONAL_UNIQUE"
"2996881191|16","EPE-CFP","EPE-CFP","2996881191","16","16 May, 2025 @ 5:53am","2025-05-16 05:53","","2996881191|13","13","False","16 May, 2025 at 18:12 UTC","2025-05-16 18:12","https://modsbase.com/i9v0flug304y/2996881191_CFP___EPE_Compatibility_Patch.zip.html","0","12,32","","False","False","False","False","WEAK_TIME_CANDIDATE"
"2996881191|17","EPE-CFP","EPE-CFP","2996881191","17","4 Apr, 2025 @ 12:59pm","2025-04-04 12:59","","2996881191|14","14","False","4 Apr, 2025 at 19:59 UTC","2025-04-04 19:59","https://modsbase.com/1ei2hxjh7n7z/2996881191_CFP___EPE_Compatibility_Patch.zip.html","0","7","7","True","True","True","True","BIDIRECTIONAL_UNIQUE"
"2996881191|18","EPE-CFP","EPE-CFP","2996881191","18","27 Mar, 2025 @ 1:39am","2025-03-27 01:39","","2996881191|15","15","False","27 Mar, 2025 at 08:39 UTC","2025-03-27 08:39","https://modsbase.com/zq5c3ym1937f/2996881191_CFP___EPE_Compatibility_Patch.zip.html","0","7","7","True","True","True","True","BIDIRECTIONAL_UNIQUE"
"2996881191|19","EPE-CFP","EPE-CFP","2996881191","19","27 Feb, 2025 @ 1:30pm","2025-02-27 13:30","","2996881191|16","16","False","27 Feb, 2025 at 21:30 UTC","2025-02-27 21:30","https://modsbase.com/hqxw27fn1daf/2996881191_CFP___EPE_Compatibility_Patch.zip.html","0","8","8","True","True","True","True","BIDIRECTIONAL_UNIQUE"
"2996881191|20","EPE-CFP","EPE-CFP","2996881191","20","27 Feb, 2025 @ 12:00am","2025-02-27 00:00","","2996881191|16","16","False","27 Feb, 2025 at 21:30 UTC","2025-02-27 21:30","https://modsbase.com/hqxw27fn1daf/2996881191_CFP___EPE_Compatibility_Patch.zip.html","0","21,5","","False","False","False","False","WEAK_TIME_CANDIDATE"
"2996881191|21","EPE-CFP","EPE-CFP","2996881191","21","11 Jan, 2025 @ 1:20am","2025-01-11 01:20","","2996881191|17","17","False","11 Jan, 2025 at 09:20 UTC","2025-01-11 09:20","https://modsbase.com/0sobj3fi5ghb/2996881191_CFP___EPE_Compatibility_Patch.zip.html","0","8","8","True","True","True","True","BIDIRECTIONAL_UNIQUE"
"2996881191|22","EPE-CFP","EPE-CFP","2996881191","22","10 Jan, 2025 @ 2:01pm","2025-01-10 14:01","","2996881191|17","17","False","11 Jan, 2025 at 09:20 UTC","2025-01-11 09:20","https://modsbase.com/0sobj3fi5ghb/2996881191_CFP___EPE_Compatibility_Patch.zip.html","1","19,32","","False","False","False","False","WEAK_TIME_CANDIDATE"
"2996881191|23","EPE-CFP","EPE-CFP","2996881191","23","3 Dec, 2024 @ 12:00pm","2024-12-03 12:00","","2996881191|18","18","False","3 Dec, 2024 at 20:00 UTC","2024-12-03 20:00","https://modsbase.com/l4tub9ym4af6/2996881191_CFP___EPE_Compatibility_Patch.zip.html","0","8","8","True","True","True","True","BIDIRECTIONAL_UNIQUE"
"2996881191|24","EPE-CFP","EPE-CFP","2996881191","24","2 May, 2024 @ 2:30am","2024-05-02 02:30","","2996881191|19","19","False","2 May, 2024 at 09:30 UTC","2024-05-02 09:30","https://modsbase.com/1w8371idakcq/2996881191_CFP___EPE_Compatibility_Patch.zip.html","0","7","7","True","True","True","True","BIDIRECTIONAL_UNIQUE"
"2996881191|25","EPE-CFP","EPE-CFP","2996881191","25","13 Apr, 2024 @ 8:36am","2024-04-13 08:36","","2996881191|20","20","False","13 Apr, 2024 at 15:36 UTC","2024-04-13 15:36","https://modsbase.com/oug2c56znm0p/2996881191_CFP___EPE_Compatibility_Patch.zip.html","0","7","7","True","True","True","True","BIDIRECTIONAL_UNIQUE"
"2996881191|26","EPE-CFP","EPE-CFP","2996881191","26","10 Mar, 2024 @ 2:21pm","2024-03-10 14:21","","2996881191|21","21","False","10 Mar, 2024 at 21:21 UTC","2024-03-10 21:21","https://modsbase.com/hv3tk1dxsx01/2996881191_CFP___EPE_Compatibility_Patch.zip.html","0","7","7","True","True","True","True","BIDIRECTIONAL_UNIQUE"
"2996881191|27","EPE-CFP","EPE-CFP","2996881191","27","6 Feb, 2024 @ 10:36am","2024-02-06 10:36","","2996881191|22","22","False","6 Feb, 2024 at 18:36 UTC","2024-02-06 18:36","https://modsbase.com/5muwrkv4toe5/2996881191_CFP___EPE_Compatibility_Patch.zip.html","0","8","8","True","True","True","True","BIDIRECTIONAL_UNIQUE"
"2996881191|28","EPE-CFP","EPE-CFP","2996881191","28","25 Jan, 2024 @ 1:02pm","2024-01-25 13:02","","2996881191|23","23","False","25 Jan, 2024 at 21:02 UTC","2024-01-25 21:02","https://modsbase.com/ribu6wz3277v/2996881191_CFP___EPE_Compatibility_Patch.zip.html","0","8","8","True","True","True","True","BIDIRECTIONAL_UNIQUE"
"2996881191|29","EPE-CFP","EPE-CFP","2996881191","29","25 Jan, 2024 @ 12:13pm","2024-01-25 12:13","","2996881191|23","23","False","25 Jan, 2024 at 21:02 UTC","2024-01-25 21:02","https://modsbase.com/ribu6wz3277v/2996881191_CFP___EPE_Compatibility_Patch.zip.html","0","8,82","","False","False","False","False","WEAK_TIME_CANDIDATE"
"2996881191|30","EPE-CFP","EPE-CFP","2996881191","30","25 Jan, 2024 @ 10:57am","2024-01-25 10:57","","2996881191|23","23","False","25 Jan, 2024 at 21:02 UTC","2024-01-25 21:02","https://modsbase.com/ribu6wz3277v/2996881191_CFP___EPE_Compatibility_Patch.zip.html","0","10,08","","False","False","False","False","WEAK_TIME_CANDIDATE"
"2996881191|31","EPE-CFP","EPE-CFP","2996881191","31","4 Dec, 2023 @ 2:03am","2023-12-04 02:03","","2996881191|24","24","False","4 Dec, 2023 at 10:03 UTC","2023-12-04 10:03","https://modsbase.com/5v9m06esw9cz/2996881191_CFP___EPE_Compatibility_Patch.zip.html","0","8","8","True","True","True","True","BIDIRECTIONAL_UNIQUE"
"2996881191|32","EPE-CFP","EPE-CFP","2996881191","32","19 Nov, 2023 @ 11:19am","2023-11-19 11:19","","2996881191|25","25","False","19 Nov, 2023 at 19:19 UTC","2023-11-19 19:19","https://modsbase.com/sdqq6hlmpvmf/2996881191_CFP___EPE_Compatibility_Patch.zip.html","0","8","8","True","True","True","True","BIDIRECTIONAL_UNIQUE"
"2996881191|33","EPE-CFP","EPE-CFP","2996881191","33","18 Oct, 2023 @ 1:16am","2023-10-18 01:16","","2996881191|26","26","False","18 Oct, 2023 at 08:16 UTC","2023-10-18 08:16","https://modsbase.com/tnf33rz9gxjk/2996881191_CFP___EPE_Compatibility_Patch.zip.html","0","7","7","True","True","True","True","BIDIRECTIONAL_UNIQUE"
"2996881191|34","EPE-CFP","EPE-CFP","2996881191","34","4 Oct, 2023 @ 1:30pm","2023-10-04 13:30","","2996881191|27","27","False","4 Oct, 2023 at 20:30 UTC","2023-10-04 20:30","https://modsbase.com/j3euqjz7cxr8/2996881191_CFP___EPE_Compatibility_Patch.zip.html","0","7","7","True","True","True","True","BIDIRECTIONAL_UNIQUE"
"2996881191|34","EPE-CFP","EPE-CFP","2996881191","34","4 Oct, 2023 @ 1:30pm","2023-10-04 13:30","","2996881191|28","28","False","3 Oct, 2023 at 11:01 UTC","2023-10-03 11:01","https://modsbase.com/498e124xccy5/2996881191_CFP___EPE_Compatibility_Patch.zip.html","-1","-26,48","","False","False","False","False","WEAK_TIME_CANDIDATE"
"2996881191|35","EPE-CFP","EPE-CFP","2996881191","35","3 Oct, 2023 @ 4:01am","2023-10-03 04:01","","2996881191|27","27","False","4 Oct, 2023 at 20:30 UTC","2023-10-04 20:30","https://modsbase.com/j3euqjz7cxr8/2996881191_CFP___EPE_Compatibility_Patch.zip.html","1","40,48","","False","False","False","False","WEAK_TIME_CANDIDATE"
"2996881191|35","EPE-CFP","EPE-CFP","2996881191","35","3 Oct, 2023 @ 4:01am","2023-10-03 04:01","","2996881191|28","28","False","3 Oct, 2023 at 11:01 UTC","2023-10-03 11:01","https://modsbase.com/498e124xccy5/2996881191_CFP___EPE_Compatibility_Patch.zip.html","0","7","7","True","True","True","True","BIDIRECTIONAL_UNIQUE"
"2996881191|36","EPE-CFP","EPE-CFP","2996881191","36","2 Oct, 2023 @ 8:52am","2023-10-02 08:52","","2996881191|27","27","False","4 Oct, 2023 at 20:30 UTC","2023-10-04 20:30","https://modsbase.com/j3euqjz7cxr8/2996881191_CFP___EPE_Compatibility_Patch.zip.html","2","59,63","","False","False","False","False","WEAK_TIME_CANDIDATE"
"2996881191|36","EPE-CFP","EPE-CFP","2996881191","36","2 Oct, 2023 @ 8:52am","2023-10-02 08:52","","2996881191|28","28","False","3 Oct, 2023 at 11:01 UTC","2023-10-03 11:01","https://modsbase.com/498e124xccy5/2996881191_CFP___EPE_Compatibility_Patch.zip.html","1","26,15","","False","False","False","False","WEAK_TIME_CANDIDATE"
"2996881191|36","EPE-CFP","EPE-CFP","2996881191","36","2 Oct, 2023 @ 8:52am","2023-10-02 08:52","","2996881191|29","29","False","30 Sep, 2023 at 08:11 UTC","2023-09-30 08:11","https://modsbase.com/nlni1mdqc9j6/2996881191_CFP___EPE_Compatibility_Patch.zip.html","-2","-48,68","","False","False","False","False","WEAK_TIME_CANDIDATE"
"2996881191|37","EPE-CFP","EPE-CFP","2996881191","37","30 Sep, 2023 @ 1:11am","2023-09-30 01:11","","2996881191|29","29","False","30 Sep, 2023 at 08:11 UTC","2023-09-30 08:11","https://modsbase.com/nlni1mdqc9j6/2996881191_CFP___EPE_Compatibility_Patch.zip.html","0","7","7","True","True","True","True","BIDIRECTIONAL_UNIQUE"
"2996881191|38","EPE-CFP","EPE-CFP","2996881191","38","25 Sep, 2023 @ 1:52pm","2023-09-25 13:52","","2996881191|30","30","False","25 Sep, 2023 at 20:52 UTC","2023-09-25 20:52","https://modsbase.com/vyxpbe8w89ca/2996881191_CFP___EPE_Compatibility_Patch.zip.html","0","7","7","True","True","True","True","BIDIRECTIONAL_UNIQUE"
"2996881191|38","EPE-CFP","EPE-CFP","2996881191","38","25 Sep, 2023 @ 1:52pm","2023-09-25 13:52","","2996881191|31","31","False","24 Sep, 2023 at 14:02 UTC","2023-09-24 14:02","https://modsbase.com/fn7n873ibkpj/2996881191_CFP___EPE_Compatibility_Patch.zip.html","-1","-23,83","","False","False","False","False","WEAK_TIME_CANDIDATE"
"2996881191|39","EPE-CFP","EPE-CFP","2996881191","39","24 Sep, 2023 @ 7:02am","2023-09-24 07:02","","2996881191|30","30","False","25 Sep, 2023 at 20:52 UTC","2023-09-25 20:52","https://modsbase.com/vyxpbe8w89ca/2996881191_CFP___EPE_Compatibility_Patch.zip.html","1","37,83","","False","False","False","False","WEAK_TIME_CANDIDATE"
"2996881191|39","EPE-CFP","EPE-CFP","2996881191","39","24 Sep, 2023 @ 7:02am","2023-09-24 07:02","","2996881191|31","31","False","24 Sep, 2023 at 14:02 UTC","2023-09-24 14:02","https://modsbase.com/fn7n873ibkpj/2996881191_CFP___EPE_Compatibility_Patch.zip.html","0","7","7","True","True","True","True","BIDIRECTIONAL_UNIQUE"
"2996881191|40","EPE-CFP","EPE-CFP","2996881191","40","8 Jul, 2023 @ 8:59am","2023-07-08 08:59","","2996881191|32","32","False","8 Jul, 2023 at 15:59 UTC","2023-07-08 15:59","https://modsbase.com/d2v19689oha7/2996881191_CFP___EPE_Compatibility_Patch.zip.html","0","7","7","True","True","True","True","BIDIRECTIONAL_UNIQUE"
"2996881191|41","EPE-CFP","EPE-CFP","2996881191","41","7 Jul, 2023 @ 10:38am","2023-07-07 10:38","","2996881191|32","32","False","8 Jul, 2023 at 15:59 UTC","2023-07-08 15:59","https://modsbase.com/d2v19689oha7/2996881191_CFP___EPE_Compatibility_Patch.zip.html","1","29,35","","False","False","False","False","WEAK_TIME_CANDIDATE"
"2996881191|41","EPE-CFP","EPE-CFP","2996881191","41","7 Jul, 2023 @ 10:38am","2023-07-07 10:38","","2996881191|33","33","False","5 Jul, 2023 at 17:12 UTC","2023-07-05 17:12","https://modsbase.com/kedm29c9ho3e/2996881191_Unofficial_CFP___EPE_Compatch.zip.html","-2","-41,43","","False","False","False","False","WEAK_TIME_CANDIDATE"
"2996881191|42","EPE-CFP","EPE-CFP","2996881191","42","5 Jul, 2023 @ 10:12am","2023-07-05 10:12","","2996881191|33","33","False","5 Jul, 2023 at 17:12 UTC","2023-07-05 17:12","https://modsbase.com/kedm29c9ho3e/2996881191_Unofficial_CFP___EPE_Compatch.zip.html","0","7","7","True","True","True","True","BIDIRECTIONAL_UNIQUE"
"2996881191|43","EPE-CFP","EPE-CFP","2996881191","43","1 Jul, 2023 @ 3:03am","2023-07-01 03:03","","2996881191|34","34","False","1 Jul, 2023 at 10:03 UTC","2023-07-01 10:03","https://modsbase.com/dtj35m492jjg/2996881191_Unofficial_CFP___EPE_Compatch.zip.html","0","7","7","True","True","True","True","BIDIRECTIONAL_UNIQUE"
"2996881191|44","EPE-CFP","EPE-CFP","2996881191","44","30 Jun, 2023 @ 12:18pm","2023-06-30 12:18","","2996881191|34","34","False","1 Jul, 2023 at 10:03 UTC","2023-07-01 10:03","https://modsbase.com/dtj35m492jjg/2996881191_Unofficial_CFP___EPE_Compatch.zip.html","1","21,75","","False","False","False","False","WEAK_TIME_CANDIDATE"
"2507209632|1","Ethnicities-and-Portraits-Expanded","EPE","2507209632","1","25 May @ 8:54am","2026-05-25 08:54","","2507209632|1","1","True","25 May at 15:54 UTC","2026-05-25 15:54","https://modsbase.com/ihs53sddddoj/2507209632_Ethnicities___Portraits_Expanded.zip.html","0","7","7","True","True","True","True","BIDIRECTIONAL_UNIQUE"
"2507209632|2","Ethnicities-and-Portraits-Expanded","EPE","2507209632","2","9 May @ 1:40pm","2026-05-09 13:40","","2507209632|2","2","False","9 May at 20:40 UTC","2026-05-09 20:40","https://modsbase.com/i8d7c1yh35jb/2507209632_Ethnicities___Portraits_Expanded.zip.html","0","7","7","True","True","True","True","BIDIRECTIONAL_UNIQUE"
"2507209632|3","Ethnicities-and-Portraits-Expanded","EPE","2507209632","3","27 Apr @ 9:05pm","2026-04-27 21:05","","2507209632|3","3","False","28 Apr at 04:05 UTC","2026-04-28 04:05","https://modsbase.com/1hm9i1lbdwhu/2507209632_Ethnicities___Portraits_Expanded.zip.html","1","7","7","True","True","True","True","BIDIRECTIONAL_UNIQUE"
"2507209632|4","Ethnicities-and-Portraits-Expanded","EPE","2507209632","4","26 Apr @ 11:08am","2026-04-26 11:08","","2507209632|3","3","False","28 Apr at 04:05 UTC","2026-04-28 04:05","https://modsbase.com/1hm9i1lbdwhu/2507209632_Ethnicities___Portraits_Expanded.zip.html","2","40,95","","False","False","False","False","WEAK_TIME_CANDIDATE"
"2507209632|7","Ethnicities-and-Portraits-Expanded","EPE","2507209632","7","18 Mar @ 7:48pm","2026-03-18 19:48","","2507209632|4","4","False","19 Mar at 02:48 UTC","2026-03-19 02:48","https://modsbase.com/tg2th2hrvxch/2507209632_Ethnicities___Portraits_Expanded.zip.html","1","7","7","True","True","True","True","BIDIRECTIONAL_UNIQUE"
"2507209632|8","Ethnicities-and-Portraits-Expanded","EPE","2507209632","8","3 Feb @ 5:01pm","2026-02-03 17:01","","2507209632|5","5","False","4 Feb at 01:01 UTC","2026-02-04 01:01","https://modsbase.com/fqqqycmy0x1n/2507209632_Ethnicities___Portraits_Expanded.zip.html","1","8","8","True","True","True","True","BIDIRECTIONAL_UNIQUE"
"2507209632|9","Ethnicities-and-Portraits-Expanded","EPE","2507209632","9","19 Jan @ 9:51pm","2026-01-19 21:51","","2507209632|6","6","False","20 Jan at 05:51 UTC","2026-01-20 05:51","https://modsbase.com/vhwortwsfo4q/2507209632_Ethnicities___Portraits_Expanded.zip.html","1","8","8","True","True","True","True","BIDIRECTIONAL_UNIQUE"
"2507209632|10","Ethnicities-and-Portraits-Expanded","EPE","2507209632","10","14 Dec, 2025 @ 6:59pm","2025-12-14 18:59","","2507209632|7","7","False","15 Dec, 2025 at 02:59 UTC","2025-12-15 02:59","https://modsbase.com/olcppu8hsmb9/2507209632_Ethnicities___Portraits_Expanded.zip.html","1","8","8","True","True","True","True","BIDIRECTIONAL_UNIQUE"
"2507209632|11","Ethnicities-and-Portraits-Expanded","EPE","2507209632","11","13 Dec, 2025 @ 12:47pm","2025-12-13 12:47","","2507209632|7","7","False","15 Dec, 2025 at 02:59 UTC","2025-12-15 02:59","https://modsbase.com/olcppu8hsmb9/2507209632_Ethnicities___Portraits_Expanded.zip.html","2","38,2","","False","False","False","False","WEAK_TIME_CANDIDATE"
"2507209632|12","Ethnicities-and-Portraits-Expanded","EPE","2507209632","12","17 Nov, 2025 @ 7:25pm","2025-11-17 19:25","","2507209632|8","8","False","18 Nov, 2025 at 03:25 UTC","2025-11-18 03:25","https://modsbase.com/m7fo2c6yy6gu/2507209632_Ethnicities___Portraits_Expanded.zip.html","1","8","8","True","True","True","True","BIDIRECTIONAL_UNIQUE"
"2507209632|13","Ethnicities-and-Portraits-Expanded","EPE","2507209632","13","16 Nov, 2025 @ 10:18pm","2025-11-16 22:18","","2507209632|8","8","False","18 Nov, 2025 at 03:25 UTC","2025-11-18 03:25","https://modsbase.com/m7fo2c6yy6gu/2507209632_Ethnicities___Portraits_Expanded.zip.html","2","29,12","","False","False","False","False","WEAK_TIME_CANDIDATE"
"2507209632|15","Ethnicities-and-Portraits-Expanded","EPE","2507209632","15","10 Nov, 2025 @ 2:47pm","2025-11-10 14:47","","2507209632|9","9","False","10 Nov, 2025 at 22:47 UTC","2025-11-10 22:47","https://modsbase.com/aq5b2ud03roj/2507209632_Ethnicities___Portraits_Expanded.zip.html","0","8","8","True","True","True","True","BIDIRECTIONAL_UNIQUE"
"2507209632|16","Ethnicities-and-Portraits-Expanded","EPE","2507209632","16","10 Nov, 2025 @ 2:43pm","2025-11-10 14:43","","2507209632|9","9","False","10 Nov, 2025 at 22:47 UTC","2025-11-10 22:47","https://modsbase.com/aq5b2ud03roj/2507209632_Ethnicities___Portraits_Expanded.zip.html","0","8,07","","False","False","False","False","WEAK_TIME_CANDIDATE"
"2507209632|17","Ethnicities-and-Portraits-Expanded","EPE","2507209632","17","8 Jun, 2025 @ 10:41pm","2025-06-08 22:41","","2507209632|10","10","False","9 Jun, 2025 at 06:41 UTC","2025-06-09 06:41","https://modsbase.com/c3x7wfqrdtl3/2507209632_Ethnicities___Portraits_Expanded.zip.html","1","8","8","True","True","True","True","EVENT_AMBIGUOUS"
"2507209632|17","Ethnicities-and-Portraits-Expanded","EPE","2507209632","17","8 Jun, 2025 @ 10:41pm","2025-06-08 22:41","","2507209632|11","11","False","9 Jun, 2025 at 05:41 UTC","2025-06-09 05:41","https://modsbase.com/e8uth9x53el2/2507209632_Ethnicities___Portraits_Expanded.zip.html","1","7","7","True","True","True","True","EVENT_AMBIGUOUS"
"2507209632|18","Ethnicities-and-Portraits-Expanded","EPE","2507209632","18","4 Jun, 2025 @ 8:08pm","2025-06-04 20:08","","2507209632|12","12","False","5 Jun, 2025 at 03:08 UTC","2025-06-05 03:08","https://modsbase.com/idjaf70vvaz1/2507209632_Ethnicities___Portraits_Expanded.zip.html","1","7","7","True","True","True","True","BIDIRECTIONAL_UNIQUE"
"2507209632|19","Ethnicities-and-Portraits-Expanded","EPE","2507209632","19","1 Jun, 2025 @ 3:58pm","2025-06-01 15:58","","2507209632|13","13","False","1 Jun, 2025 at 22:58 UTC","2025-06-01 22:58","https://modsbase.com/fmoekyc6pght/2507209632_Ethnicities___Portraits_Expanded.zip.html","0","7","7","True","True","True","True","BIDIRECTIONAL_UNIQUE"
"2507209632|20","Ethnicities-and-Portraits-Expanded","EPE","2507209632","20","23 May, 2025 @ 5:32pm","2025-05-23 17:32","","2507209632|14","14","False","24 May, 2025 at 00:32 UTC","2025-05-24 00:32","https://modsbase.com/zmevgrbx5l2t/2507209632_Ethnicities___Portraits_Expanded.zip.html","1","7","7","True","True","True","True","BIDIRECTIONAL_UNIQUE"
"2507209632|21","Ethnicities-and-Portraits-Expanded","EPE","2507209632","21","13 May, 2025 @ 9:03pm","2025-05-13 21:03","","2507209632|15","15","False","14 May, 2025 at 04:03 UTC","2025-05-14 04:03","https://modsbase.com/yugzbvrae8or/2507209632_Ethnicities___Portraits_Expanded.zip.html","1","7","7","True","True","True","True","BIDIRECTIONAL_UNIQUE"
"2507209632|23","Ethnicities-and-Portraits-Expanded","EPE","2507209632","23","13 Apr, 2025 @ 9:19am","2025-04-13 09:19","","2507209632|16","16","False","13 Apr, 2025 at 16:19 UTC","2025-04-13 16:19","https://modsbase.com/hf71dqscjygj/2507209632_Ethnicities___Portraits_Expanded.zip.html","0","7","7","True","True","True","True","BIDIRECTIONAL_UNIQUE"
"2507209632|24","Ethnicities-and-Portraits-Expanded","EPE","2507209632","24","15 Mar, 2025 @ 1:11pm","2025-03-15 13:11","","2507209632|17","17","False","15 Mar, 2025 at 20:11 UTC","2025-03-15 20:11","https://modsbase.com/2bsm5dopxcq3/2507209632_Ethnicities___Portraits_Expanded.zip.html","0","7","7","True","True","True","True","BIDIRECTIONAL_UNIQUE"
"2507209632|25","Ethnicities-and-Portraits-Expanded","EPE","2507209632","25","26 Feb, 2025 @ 6:38pm","2025-02-26 18:38","","2507209632|18","18","False","27 Feb, 2025 at 02:38 UTC","2025-02-27 02:38","https://modsbase.com/tx216khztml7/2507209632_Ethnicities___Portraits_Expanded.zip.html","1","8","8","True","True","True","True","BIDIRECTIONAL_UNIQUE"
"2507209632|26","Ethnicities-and-Portraits-Expanded","EPE","2507209632","26","19 Feb, 2025 @ 1:32pm","2025-02-19 13:32","","2507209632|19","19","False","19 Feb, 2025 at 21:32 UTC","2025-02-19 21:32","https://modsbase.com/gsv7viq9ggv6/2507209632_Ethnicities___Portraits_Expanded.zip.html","0","8","8","True","True","True","True","BIDIRECTIONAL_UNIQUE"
"2507209632|27","Ethnicities-and-Portraits-Expanded","EPE","2507209632","27","15 Feb, 2025 @ 9:53pm","2025-02-15 21:53","","2507209632|20","20","False","16 Feb, 2025 at 05:53 UTC","2025-02-16 05:53","https://modsbase.com/0ze6o0hvqmqe/2507209632_Ethnicities___Portraits_Expanded.zip.html","1","8","8","True","True","True","True","BIDIRECTIONAL_UNIQUE"
"2507209632|28","Ethnicities-and-Portraits-Expanded","EPE","2507209632","28","5 Jan, 2025 @ 8:27pm","2025-01-05 20:27","","2507209632|21","21","False","6 Jan, 2025 at 04:27 UTC","2025-01-06 04:27","https://modsbase.com/y0ailbyv86fy/2507209632_Ethnicities___Portraits_Expanded.zip.html","1","8","8","True","True","True","True","BIDIRECTIONAL_UNIQUE"
"2507209632|29","Ethnicities-and-Portraits-Expanded","EPE","2507209632","29","1 Dec, 2024 @ 11:47am","2024-12-01 11:47","","2507209632|22","22","False","1 Dec, 2024 at 19:47 UTC","2024-12-01 19:47","https://modsbase.com/mibnxg25hwvz/2507209632_Ethnicities___Portraits_Expanded.zip.html","0","8","8","True","True","True","True","BIDIRECTIONAL_UNIQUE"
"2507209632|30","Ethnicities-and-Portraits-Expanded","EPE","2507209632","30","8 May, 2024 @ 8:13pm","2024-05-08 20:13","","2507209632|23","23","False","9 May, 2024 at 03:13 UTC","2024-05-09 03:13","https://modsbase.com/u5ojqicl9atr/2507209632_Ethnicities___Portraits_Expanded.zip.html","1","7","7","True","True","True","True","BIDIRECTIONAL_UNIQUE"
"2507209632|31","Ethnicities-and-Portraits-Expanded","EPE","2507209632","31","12 Apr, 2024 @ 9:20pm","2024-04-12 21:20","","2507209632|24","24","False","13 Apr, 2024 at 04:20 UTC","2024-04-13 04:20","https://modsbase.com/5cbva21ao50n/2507209632_Ethnicities___Portraits_Expanded.zip.html","1","7","7","True","True","True","True","BIDIRECTIONAL_UNIQUE"
"2507209632|32","Ethnicities-and-Portraits-Expanded","EPE","2507209632","32","22 Mar, 2024 @ 9:03pm","2024-03-22 21:03","","2507209632|25","25","False","23 Mar, 2024 at 03:03 UTC","2024-03-23 03:03","https://modsbase.com/3ypb7x0o4qgp/2507209632_Ethnicities___Portraits_Expanded.zip.html","1","6","6","True","True","True","True","BIDIRECTIONAL_UNIQUE"
"2507209632|33","Ethnicities-and-Portraits-Expanded","EPE","2507209632","33","9 Mar, 2024 @ 9:14pm","2024-03-09 21:14","","2507209632|26","26","False","10 Mar, 2024 at 05:14 UTC","2024-03-10 05:14","https://modsbase.com/5zk8yiw2obom/2507209632_Ethnicities___Portraits_Expanded.zip.html","1","8","8","True","True","True","True","BIDIRECTIONAL_UNIQUE"
"2507209632|34","Ethnicities-and-Portraits-Expanded","EPE","2507209632","34","19 Dec, 2023 @ 1:56pm","2023-12-19 13:56","","2507209632|27","27","False","19 Dec, 2023 at 21:56 UTC","2023-12-19 21:56","https://modsbase.com/5ou8t4m1b549/2507209632_Ethnicities___Portraits_Expanded.zip.html","0","8","8","True","True","True","True","BIDIRECTIONAL_UNIQUE"
"2507209632|35","Ethnicities-and-Portraits-Expanded","EPE","2507209632","35","2 Dec, 2023 @ 5:53pm","2023-12-02 17:53","","2507209632|28","28","False","3 Dec, 2023 at 01:53 UTC","2023-12-03 01:53","https://modsbase.com/kn3o0q85sboi/2507209632_Ethnicities___Portraits_Expanded_-_Peacock.zip.html","1","8","8","True","True","True","True","BIDIRECTIONAL_UNIQUE"
"2507209632|36","Ethnicities-and-Portraits-Expanded","EPE","2507209632","36","22 Nov, 2023 @ 7:18pm","2023-11-22 19:18","","2507209632|29","29","False","23 Nov, 2023 at 03:18 UTC","2023-11-23 03:18","https://modsbase.com/0o6cevzsww13/2507209632_Ethnicities___Portraits_Expanded_-_Peacock.zip.html","1","8","8","True","True","True","True","BIDIRECTIONAL_UNIQUE"
"2507209632|36","Ethnicities-and-Portraits-Expanded","EPE","2507209632","36","22 Nov, 2023 @ 7:18pm","2023-11-22 19:18","","2507209632|30","30","False","21 Nov, 2023 at 03:18 UTC","2023-11-21 03:18","https://modsbase.com/1bounegaadmc/2507209632_Ethnicities___Portraits_Expanded_-_Peacock.zip.html","-1","-40","-40","True","True","False","False","WEAK_TIME_CANDIDATE"
"2507209632|37","Ethnicities-and-Portraits-Expanded","EPE","2507209632","37","20 Nov, 2023 @ 7:18pm","2023-11-20 19:18","1.11 Ethnicities & Portraits Expanded Hotfix #1","2507209632|30","30","False","21 Nov, 2023 at 03:18 UTC","2023-11-21 03:18","https://modsbase.com/1bounegaadmc/2507209632_Ethnicities___Portraits_Expanded_-_Peacock.zip.html","1","8","8","True","True","True","True","BIDIRECTIONAL_UNIQUE"
"2507209632|37","Ethnicities-and-Portraits-Expanded","EPE","2507209632","37","20 Nov, 2023 @ 7:18pm","2023-11-20 19:18","1.11 Ethnicities & Portraits Expanded Hotfix #1","2507209632|31","31","False","19 Nov, 2023 at 19:09 UTC","2023-11-19 19:09","https://modsbase.com/6q2ooysgxc3p/2507209632_Ethnicities___Portraits_Expanded_-_Peacock.zip.html","-1","-24,15","","False","False","False","False","WEAK_TIME_CANDIDATE"
"2507209632|38","Ethnicities-and-Portraits-Expanded","EPE","2507209632","38","19 Nov, 2023 @ 11:09am","2023-11-19 11:09","1.11.0.1 Peacock Expanded Series Patch Notes","2507209632|30","30","False","21 Nov, 2023 at 03:18 UTC","2023-11-21 03:18","https://modsbase.com/1bounegaadmc/2507209632_Ethnicities___Portraits_Expanded_-_Peacock.zip.html","2","40,15","","False","False","False","False","WEAK_TIME_CANDIDATE"
"2507209632|38","Ethnicities-and-Portraits-Expanded","EPE","2507209632","38","19 Nov, 2023 @ 11:09am","2023-11-19 11:09","1.11.0.1 Peacock Expanded Series Patch Notes","2507209632|31","31","False","19 Nov, 2023 at 19:09 UTC","2023-11-19 19:09","https://modsbase.com/6q2ooysgxc3p/2507209632_Ethnicities___Portraits_Expanded_-_Peacock.zip.html","0","8","8","True","True","True","True","BIDIRECTIONAL_UNIQUE"
"2507209632|39","Ethnicities-and-Portraits-Expanded","EPE","2507209632","39","1 Oct, 2023 @ 5:33pm","2023-10-01 17:33","","2507209632|32","32","False","2 Oct, 2023 at 01:33 UTC","2023-10-02 01:33","https://modsbase.com/1rhhywuh8km3/2507209632_Ethnicities___Portraits_Expanded_-_Quill.zip.html","1","8","8","True","True","True","True","EVENT_AMBIGUOUS"
"2507209632|39","Ethnicities-and-Portraits-Expanded","EPE","2507209632","39","1 Oct, 2023 @ 5:33pm","2023-10-01 17:33","","2507209632|33","33","False","2 Oct, 2023 at 00:33 UTC","2023-10-02 00:33","https://modsbase.com/qhi3ib4knq1k/2507209632_Ethnicities___Portraits_Expanded_-_Quill.zip.html","1","7","7","True","True","True","True","EVENT_AMBIGUOUS"
"2507209632|40","Ethnicities-and-Portraits-Expanded","EPE","2507209632","40","24 Sep, 2023 @ 8:33pm","2023-09-24 20:33","","2507209632|34","34","False","25 Sep, 2023 at 03:33 UTC","2023-09-25 03:33","https://modsbase.com/17reojstas56/2507209632_Ethnicities___Portraits_Expanded_-_Quill.zip.html","1","7","7","True","True","True","True","BIDIRECTIONAL_UNIQUE"
"2507209632|41","Ethnicities-and-Portraits-Expanded","EPE","2507209632","41","23 Sep, 2023 @ 5:42pm","2023-09-23 17:42","","2507209632|34","34","False","25 Sep, 2023 at 03:33 UTC","2023-09-25 03:33","https://modsbase.com/17reojstas56/2507209632_Ethnicities___Portraits_Expanded_-_Quill.zip.html","2","33,85","","False","False","False","False","WEAK_TIME_CANDIDATE"
"2507209632|42","Ethnicities-and-Portraits-Expanded","EPE","2507209632","42","25 Jun, 2023 @ 12:03pm","2023-06-25 12:03","1.9.X - Lance Full Patch Notes","2507209632|35","35","False","25 Jun, 2023 at 19:03 UTC","2023-06-25 19:03","https://modsbase.com/a8x53tno4uww/2507209632_Ethnicities___Portraits_Expanded.zip.html","0","7","7","True","True","True","True","BIDIRECTIONAL_UNIQUE"
"2507209632|43","Ethnicities-and-Portraits-Expanded","EPE","2507209632","43","18 Jun, 2023 @ 10:22am","2023-06-18 10:22","","2507209632|36","36","False","18 Jun, 2023 at 17:22 UTC","2023-06-18 17:22","https://modsbase.com/o4prj2pjfnzy/2507209632_Ethnicities___Portraits_Expanded_-_1.9.2_Lance.zip.html","0","7","7","True","True","True","True","BIDIRECTIONAL_UNIQUE"
"2507209632|44","Ethnicities-and-Portraits-Expanded","EPE","2507209632","44","9 Apr, 2023 @ 9:56pm","2023-04-09 21:56","1.8.2 EPE Elegance of the Empire Updated","2507209632|37","37","False","10 Apr, 2023 at 04:56 UTC","2023-04-10 04:56","https://modsbase.com/b4d4nxa260xj/2507209632_Ethnicities___Portraits_Expanded.zip.html","1","7","7","True","True","True","True","BIDIRECTIONAL_UNIQUE"
"2507209632|45","Ethnicities-and-Portraits-Expanded","EPE","2507209632","45","21 Jan, 2023 @ 6:24pm","2023-01-21 18:24","1.8.1 Misc Patch Notes for Expanded Series","2507209632|38","38","False","22 Jan, 2023 at 02:24 UTC","2023-01-22 02:24","https://modsbase.com/g3p6j9zjy444/2507209632_Ethnicities___Portraits_Expanded.zip.html","1","8","8","True","True","True","True","BIDIRECTIONAL_UNIQUE"
"2507209632|46","Ethnicities-and-Portraits-Expanded","EPE","2507209632","46","15 Dec, 2022 @ 7:59pm","2022-12-15 19:59","1.8.1 Update","2507209632|39","39","False","16 Dec, 2022 at 03:59 UTC","2022-12-16 03:59","https://modsbase.com/3wj9c84gj3lx/2507209632_Ethnicities___Portraits_Expanded.zip.html","1","8","8","True","True","True","True","BIDIRECTIONAL_UNIQUE"
"2507209632|47","Ethnicities-and-Portraits-Expanded","EPE","2507209632","47","8 Dec, 2022 @ 6:06pm","2022-12-08 18:06","1.8.0 “Robe” Hotfix Patch Notes for Expanded Series","2507209632|40","40","False","9 Dec, 2022 at 02:06 UTC","2022-12-09 02:06","https://modsbase.com/b7nbuu936v7u/2507209632_Ethnicities___Portraits_Expanded.zip.html","1","8","8","True","True","True","True","BIDIRECTIONAL_UNIQUE"
"2507209632|48","Ethnicities-and-Portraits-Expanded","EPE","2507209632","48","2 Dec, 2022 @ 5:34pm","2022-12-02 17:34","1.8.0 “Robe” Patch Notes for Expanded Series","2507209632|41","41","False","3 Dec, 2022 at 01:34 UTC","2022-12-03 01:34","https://modsbase.com/bbgi6wq7bbu3/2507209632_Ethnicities___Portraits_Expanded.zip.html","1","8","8","True","True","True","True","BIDIRECTIONAL_UNIQUE"
"2507209632|49","Ethnicities-and-Portraits-Expanded","EPE","2507209632","49","29 Sep, 2022 @ 4:40pm","2022-09-29 16:40","","2507209632|42","42","False","30 Sep, 2022 at 00:40 UTC","2022-09-30 00:40","https://modsbase.com/wwudru9bg4t1/2507209632_Ethnicities___Portraits_Expanded.zip.html","1","8","8","True","True","True","True","EVENT_AMBIGUOUS"
"2507209632|49","Ethnicities-and-Portraits-Expanded","EPE","2507209632","49","29 Sep, 2022 @ 4:40pm","2022-09-29 16:40","","2507209632|43","43","False","29 Sep, 2022 at 23:40 UTC","2022-09-29 23:40","https://modsbase.com/ir46eu0vnnmh/2507209632_Ethnicities___Portraits_Expanded.zip.html","0","7","7","True","True","True","True","EVENT_AMBIGUOUS"
"2507209632|50","Ethnicities-and-Portraits-Expanded","EPE","2507209632","50","18 Sep, 2022 @ 2:41pm","2022-09-18 14:41","","2507209632|44","44","False","18 Sep, 2022 at 21:41 UTC","2022-09-18 21:41","https://modsbase.com/p7cqmw9ugpn5/2507209632_Ethnicities___Portraits_Expanded.zip.html","0","7","7","True","True","True","True","BIDIRECTIONAL_UNIQUE"
"2507209632|51","Ethnicities-and-Portraits-Expanded","EPE","2507209632","51","17 Sep, 2022 @ 10:41pm","2022-09-17 22:41","","2507209632|44","44","False","18 Sep, 2022 at 21:41 UTC","2022-09-18 21:41","https://modsbase.com/p7cqmw9ugpn5/2507209632_Ethnicities___Portraits_Expanded.zip.html","1","23","23","True","True","False","False","WEAK_TIME_CANDIDATE"
"2507209632|52","Ethnicities-and-Portraits-Expanded","EPE","2507209632","52","11 Sep, 2022 @ 6:11pm","2022-09-11 18:11","","2507209632|45","45","False","12 Sep, 2022 at 01:11 UTC","2022-09-12 01:11","https://modsbase.com/3n1o0g7ogibg/2507209632_Ethnicities___Portraits_Expanded.zip.html","1","7","7","True","True","True","True","BIDIRECTIONAL_UNIQUE"
"2507209632|52","Ethnicities-and-Portraits-Expanded","EPE","2507209632","52","11 Sep, 2022 @ 6:11pm","2022-09-11 18:11","","2507209632|46","46","False","9 Sep, 2022 at 04:55 UTC","2022-09-09 04:55","https://modsbase.com/5fvk8fa268ax/2507209632_Ethnicities___Portraits_Expanded.zip.html","-2","-61,27","","False","False","False","False","WEAK_TIME_CANDIDATE"
"2507209632|53","Ethnicities-and-Portraits-Expanded","EPE","2507209632","53","8 Sep, 2022 @ 9:55pm","2022-09-08 21:55","","2507209632|46","46","False","9 Sep, 2022 at 04:55 UTC","2022-09-09 04:55","https://modsbase.com/5fvk8fa268ax/2507209632_Ethnicities___Portraits_Expanded.zip.html","1","7","7","True","True","True","True","BIDIRECTIONAL_UNIQUE"
"2507209632|54","Ethnicities-and-Portraits-Expanded","EPE","2507209632","54","29 Jun, 2022 @ 12:42pm","2022-06-29 12:42","","2507209632|47","47","False","29 Jun, 2022 at 19:42 UTC","2022-06-29 19:42","https://modsbase.com/49jxy3mixban/2507209632_Ethnicities___Portraits_Expanded.zip.html","0","7","7","True","True","True","True","BIDIRECTIONAL_UNIQUE"
"2507209632|54","Ethnicities-and-Portraits-Expanded","EPE","2507209632","54","29 Jun, 2022 @ 12:42pm","2022-06-29 12:42","","2507209632|48","48","False","27 Jun, 2022 at 03:39 UTC","2022-06-27 03:39","https://modsbase.com/yv3mza3nuio4/2507209632_Ethnicities___Portraits_Expanded.zip.html","-2","-57,05","","False","False","False","False","WEAK_TIME_CANDIDATE"
"2507209632|55","Ethnicities-and-Portraits-Expanded","EPE","2507209632","55","26 Jun, 2022 @ 8:39pm","2022-06-26 20:39","","2507209632|48","48","False","27 Jun, 2022 at 03:39 UTC","2022-06-27 03:39","https://modsbase.com/yv3mza3nuio4/2507209632_Ethnicities___Portraits_Expanded.zip.html","1","7","7","True","True","True","True","BIDIRECTIONAL_UNIQUE"
"2507209632|56","Ethnicities-and-Portraits-Expanded","EPE","2507209632","56","26 Jun, 2022 @ 8:32pm","2022-06-26 20:32","","2507209632|48","48","False","27 Jun, 2022 at 03:39 UTC","2022-06-27 03:39","https://modsbase.com/yv3mza3nuio4/2507209632_Ethnicities___Portraits_Expanded.zip.html","1","7,12","","False","False","False","False","WEAK_TIME_CANDIDATE"
"2507209632|57","Ethnicities-and-Portraits-Expanded","EPE","2507209632","57","12 Jun, 2022 @ 7:03pm","2022-06-12 19:03","","2507209632|49","49","False","13 Jun, 2022 at 02:03 UTC","2022-06-13 02:03","https://modsbase.com/4gww28tfm860/2507209632_Ethnicities___Portraits_Expanded.zip.html","1","7","7","True","True","True","True","BIDIRECTIONAL_UNIQUE"
"2507209632|59","Ethnicities-and-Portraits-Expanded","EPE","2507209632","59","5 Jun, 2022 @ 9:08pm","2022-06-05 21:08","","2507209632|50","50","False","6 Jun, 2022 at 04:08 UTC","2022-06-06 04:08","https://modsbase.com/jw14vtqon4oq/2507209632_Ethnicities___Portraits_Expanded.zip.html","1","7","7","True","True","True","True","BIDIRECTIONAL_UNIQUE"
"2507209632|60","Ethnicities-and-Portraits-Expanded","EPE","2507209632","60","4 Jun, 2022 @ 11:30pm","2022-06-04 23:30","","2507209632|50","50","False","6 Jun, 2022 at 04:08 UTC","2022-06-06 04:08","https://modsbase.com/jw14vtqon4oq/2507209632_Ethnicities___Portraits_Expanded.zip.html","2","28,63","","False","False","False","False","WEAK_TIME_CANDIDATE"
"2507209632|61","Ethnicities-and-Portraits-Expanded","EPE","2507209632","61","4 Jun, 2022 @ 7:39pm","2022-06-04 19:39","","2507209632|50","50","False","6 Jun, 2022 at 04:08 UTC","2022-06-06 04:08","https://modsbase.com/jw14vtqon4oq/2507209632_Ethnicities___Portraits_Expanded.zip.html","2","32,48","","False","False","False","False","WEAK_TIME_CANDIDATE"
"2507209632|62","Ethnicities-and-Portraits-Expanded","EPE","2507209632","62","23 Mar, 2022 @ 1:27pm","2022-03-23 13:27","","2507209632|51","51","False","23 Mar, 2022 at 19:27 UTC","2022-03-23 19:27","https://modsbase.com/4ab32gnadew5/2507209632_Ethnicities___Portraits_Expanded.zip.html","0","6","6","True","True","True","True","BIDIRECTIONAL_UNIQUE"
"2507209632|63","Ethnicities-and-Portraits-Expanded","EPE","2507209632","63","22 Mar, 2022 @ 3:15pm","2022-03-22 15:15","1.5.1.1 Version #","2507209632|51","51","False","23 Mar, 2022 at 19:27 UTC","2022-03-23 19:27","https://modsbase.com/4ab32gnadew5/2507209632_Ethnicities___Portraits_Expanded.zip.html","1","28,2","","False","False","False","False","WEAK_TIME_CANDIDATE"
"2507209632|64","Ethnicities-and-Portraits-Expanded","EPE","2507209632","64","14 Mar, 2022 @ 9:19am","2022-03-14 09:19","","2507209632|52","52","False","14 Mar, 2022 at 16:19 UTC","2022-03-14 16:19","https://modsbase.com/mt510tlre1rq/2507209632_Ethnicities___Portraits_Expanded.zip.html","0","7","7","True","True","True","True","BIDIRECTIONAL_UNIQUE"
"2507209632|65","Ethnicities-and-Portraits-Expanded","EPE","2507209632","65","10 Mar, 2022 @ 11:22pm","2022-03-10 23:22","","2507209632|53","53","False","11 Mar, 2022 at 07:22 UTC","2022-03-11 07:22","https://modsbase.com/ropybqjgvr5f/2507209632_Ethnicities___Portraits_Expanded.zip.html","1","8","8","True","True","True","True","BIDIRECTIONAL_UNIQUE"
"2507209632|66","Ethnicities-and-Portraits-Expanded","EPE","2507209632","66","10 Mar, 2022 @ 10:54pm","2022-03-10 22:54","","2507209632|53","53","False","11 Mar, 2022 at 07:22 UTC","2022-03-11 07:22","https://modsbase.com/ropybqjgvr5f/2507209632_Ethnicities___Portraits_Expanded.zip.html","1","8,47","","False","False","False","False","WEAK_TIME_CANDIDATE"
"2507209632|67","Ethnicities-and-Portraits-Expanded","EPE","2507209632","67","5 Mar, 2022 @ 1:33am","2022-03-05 01:33","","2507209632|54","54","False","5 Mar, 2022 at 09:33 UTC","2022-03-05 09:33","https://modsbase.com/qfzqbz9foseq/2507209632_Ethnicities___Portraits_Expanded.zip.html","0","8","8","True","True","True","True","BIDIRECTIONAL_UNIQUE"
"2507209632|68","Ethnicities-and-Portraits-Expanded","EPE","2507209632","68","18 Feb, 2022 @ 8:58pm","2022-02-18 20:58","","2507209632|55","55","False","19 Feb, 2022 at 04:58 UTC","2022-02-19 04:58","https://modsbase.com/kb2dep7fy5wo/2507209632_Ethnicities___Portraits_Expanded.zip.html","1","8","8","True","True","True","True","BIDIRECTIONAL_UNIQUE"
"2507209632|69","Ethnicities-and-Portraits-Expanded","EPE","2507209632","69","14 Feb, 2022 @ 8:24pm","2022-02-14 20:24","","2507209632|56","56","False","15 Feb, 2022 at 04:24 UTC","2022-02-15 04:24","https://modsbase.com/11dsdv0qkgtx/2507209632_Ethnicities___Portraits_Expanded.zip.html","1","8","8","True","True","True","True","BIDIRECTIONAL_UNIQUE"
"2507209632|70","Ethnicities-and-Portraits-Expanded","EPE","2507209632","70","10 Feb, 2022 @ 9:39pm","2022-02-10 21:39","","2507209632|57","57","False","11 Feb, 2022 at 05:39 UTC","2022-02-11 05:39","https://modsbase.com/knnrl7qc4l63/2507209632_Ethnicities___Portraits_Expanded.zip.html","1","8","8","True","True","True","True","BIDIRECTIONAL_UNIQUE"
"2507209632|70","Ethnicities-and-Portraits-Expanded","EPE","2507209632","70","10 Feb, 2022 @ 9:39pm","2022-02-10 21:39","","2507209632|58","58","False","9 Feb, 2022 at 00:54 UTC","2022-02-09 00:54","https://modsbase.com/oqp3w1mb0pqc/2507209632_Ethnicities___Portraits_Expanded.zip.html","-1","-44,75","","False","False","False","False","WEAK_TIME_CANDIDATE"
"2507209632|71","Ethnicities-and-Portraits-Expanded","EPE","2507209632","71","8 Feb, 2022 @ 4:54pm","2022-02-08 16:54","","2507209632|58","58","False","9 Feb, 2022 at 00:54 UTC","2022-02-09 00:54","https://modsbase.com/oqp3w1mb0pqc/2507209632_Ethnicities___Portraits_Expanded.zip.html","1","8","8","True","True","True","True","BIDIRECTIONAL_UNIQUE"
"2507209632|72","Ethnicities-and-Portraits-Expanded","EPE","2507209632","72","9 Jan, 2022 @ 10:01pm","2022-01-09 22:01","","2507209632|59","59","False","10 Jan, 2022 at 06:01 UTC","2022-01-10 06:01","https://modsbase.com/acwpy459i0wk/2507209632_Ethnicities___Portraits_Expanded.zip.html","1","8","8","True","True","True","True","BIDIRECTIONAL_UNIQUE"
"2507209632|73","Ethnicities-and-Portraits-Expanded","EPE","2507209632","73","27 Oct, 2021 @ 8:14pm","2021-10-27 20:14","","2507209632|60","60","False","28 Oct, 2021 at 04:14 UTC","2021-10-28 04:14","https://modsbase.com/qeh1hk4sopdu/2507209632_Ethnicities___Portraits_Expanded.zip.html","1","8","8","True","True","True","True","BIDIRECTIONAL_UNIQUE"
"2507209632|74","Ethnicities-and-Portraits-Expanded","EPE","2507209632","74","27 Oct, 2021 @ 6:37pm","2021-10-27 18:37","","2507209632|60","60","False","28 Oct, 2021 at 04:14 UTC","2021-10-28 04:14","https://modsbase.com/qeh1hk4sopdu/2507209632_Ethnicities___Portraits_Expanded.zip.html","1","9,62","","False","False","False","False","WEAK_TIME_CANDIDATE"
"2507209632|75","Ethnicities-and-Portraits-Expanded","EPE","2507209632","75","9 Oct, 2021 @ 11:34pm","2021-10-09 23:34","","2507209632|61","61","False","10 Oct, 2021 at 06:34 UTC","2021-10-10 06:34","https://modsbase.com/qack27ro1mzq/2507209632_Ethnicities___Portraits_Expanded.zip.html","1","7","7","True","True","True","True","BIDIRECTIONAL_UNIQUE"
"2507209632|76","Ethnicities-and-Portraits-Expanded","EPE","2507209632","76","11 Sep, 2021 @ 9:27am","2021-09-11 09:27","","2507209632|62","62","False","11 Sep, 2021 at 16:27 UTC","2021-09-11 16:27","https://modsbase.com/13z6s4kti934/2507209632_Ethnicities___Portraits_Expanded.zip.html","0","7","7","True","True","True","True","BIDIRECTIONAL_UNIQUE"
"2507209632|77","Ethnicities-and-Portraits-Expanded","EPE","2507209632","77","9 Sep, 2021 @ 12:21pm","2021-09-09 12:21","","2507209632|62","62","False","11 Sep, 2021 at 16:27 UTC","2021-09-11 16:27","https://modsbase.com/13z6s4kti934/2507209632_Ethnicities___Portraits_Expanded.zip.html","2","52,1","","False","False","False","False","WEAK_TIME_CANDIDATE"
"2507209632|78","Ethnicities-and-Portraits-Expanded","EPE","2507209632","78","29 Aug, 2021 @ 9:13pm","2021-08-29 21:13","","2507209632|63","63","False","30 Aug, 2021 at 04:13 UTC","2021-08-30 04:13","https://modsbase.com/plsg19nv9eg8/2507209632_Ethnicities___Portraits_Expanded.zip.html","1","7","7","True","True","True","True","BIDIRECTIONAL_UNIQUE"
"2507209632|79","Ethnicities-and-Portraits-Expanded","EPE","2507209632","79","9 Jul, 2021 @ 10:07am","2021-07-09 10:07","","2507209632|64","64","False","9 Jul, 2021 at 17:07 UTC","2021-07-09 17:07","https://modsbase.com/v9ggmwfrtqke/2507209632_Ethnicities___Portraits_Expanded.zip.html","0","7","7","True","True","True","True","BIDIRECTIONAL_UNIQUE"
"2507209632|80","Ethnicities-and-Portraits-Expanded","EPE","2507209632","80","29 Jun, 2021 @ 8:48am","2021-06-29 08:48","","2507209632|65","65","False","29 Jun, 2021 at 15:48 UTC","2021-06-29 15:48","https://modsbase.com/gv4756s9tvrm/2507209632_Ethnicities___Portraits_Expanded.zip.html","0","7","7","True","True","True","True","BIDIRECTIONAL_UNIQUE"
"2507209632|81","Ethnicities-and-Portraits-Expanded","EPE","2507209632","81","22 Jun, 2021 @ 9:48pm","2021-06-22 21:48","","2507209632|66","66","False","23 Jun, 2021 at 04:48 UTC","2021-06-23 04:48","https://modsbase.com/cic1bepymbd6/2507209632_Ethnicities___Portraits_Expanded.zip.html","1","7","7","True","True","True","True","BIDIRECTIONAL_UNIQUE"
"2507209632|82","Ethnicities-and-Portraits-Expanded","EPE","2507209632","82","22 Jun, 2021 @ 5:10pm","2021-06-22 17:10","","2507209632|66","66","False","23 Jun, 2021 at 04:48 UTC","2021-06-23 04:48","https://modsbase.com/cic1bepymbd6/2507209632_Ethnicities___Portraits_Expanded.zip.html","1","11,63","","False","False","False","False","WEAK_TIME_CANDIDATE"
"2507209632|85","Ethnicities-and-Portraits-Expanded","EPE","2507209632","85","7 Jun, 2021 @ 2:03am","2021-06-07 02:03","","2507209632|67","67","False","7 Jun, 2021 at 09:03 UTC","2021-06-07 09:03","https://modsbase.com/cf7lugs3o1x1/2507209632_Ethnicities_and_Portraits_Expanded.zip.html","0","7","7","True","True","True","True","BIDIRECTIONAL_UNIQUE"
"2507209632|86","Ethnicities-and-Portraits-Expanded","EPE","2507209632","86","4 Jun, 2021 @ 8:32am","2021-06-04 08:32","","2507209632|68","68","False","4 Jun, 2021 at 15:32 UTC","2021-06-04 15:32","https://modsbase.com/222mn0tpjxes/2507209632_Ethnicities_and_Portraits_Expanded.zip.html","0","7","7","True","True","True","True","BIDIRECTIONAL_UNIQUE"
"2543865921|2","MBP-EPE-CFP","MBP-EPE-CFP","2543865921","2","1 May @ 11:37am","2026-05-01 11:37","","2543865921|1","1","True","1 May at 18:37 UTC","2026-05-01 18:37","https://modsbase.com/nszpm9904rg5/2543865921_MB___EPE_CFP.zip.html","0","7","7","True","True","True","True","BIDIRECTIONAL_UNIQUE"
"2543865921|4","MBP-EPE-CFP","MBP-EPE-CFP","2543865921","4","30 Mar @ 2:20pm","2026-03-30 14:20","","2543865921|2","2","False","30 Mar at 21:20 UTC","2026-03-30 21:20","https://modsbase.com/oq41m5buhi4s/2543865921_MB___EPE_CFP.zip.html","0","7","7","True","True","True","True","BIDIRECTIONAL_UNIQUE"
"2543865921|5","MBP-EPE-CFP","MBP-EPE-CFP","2543865921","5","12 Mar @ 9:46pm","2026-03-12 21:46","","2543865921|3","3","False","13 Mar at 04:46 UTC","2026-03-13 04:46","https://modsbase.com/8cvmt9250w77/2543865921_MB___EPE_CFP.zip.html","1","7","7","True","True","True","True","BIDIRECTIONAL_UNIQUE"
"2543865921|6","MBP-EPE-CFP","MBP-EPE-CFP","2543865921","6","12 Mar @ 8:18pm","2026-03-12 20:18","","2543865921|3","3","False","13 Mar at 04:46 UTC","2026-03-13 04:46","https://modsbase.com/8cvmt9250w77/2543865921_MB___EPE_CFP.zip.html","1","8,47","","False","False","False","False","WEAK_TIME_CANDIDATE"
"2543865921|7","MBP-EPE-CFP","MBP-EPE-CFP","2543865921","7","26 Feb @ 3:29pm","2026-02-26 15:29","","2543865921|4","4","False","26 Feb at 23:29 UTC","2026-02-26 23:29","https://modsbase.com/8oanz0j72j81/2543865921_MB___EPE_CFP.zip.html","0","8","8","True","True","True","True","BIDIRECTIONAL_UNIQUE"
"2543865921|10","MBP-EPE-CFP","MBP-EPE-CFP","2543865921","10","12 Dec, 2025 @ 7:03am","2025-12-12 07:03","","2543865921|5","5","False","12 Dec, 2025 at 15:03 UTC","2025-12-12 15:03","https://modsbase.com/wafccncwf04f/2543865921_MB___EPE_CFP.zip.html","0","8","8","True","True","True","True","BIDIRECTIONAL_UNIQUE"
"2543865921|11","MBP-EPE-CFP","MBP-EPE-CFP","2543865921","11","8 Dec, 2025 @ 1:15pm","2025-12-08 13:15","","2543865921|6","6","False","8 Dec, 2025 at 21:15 UTC","2025-12-08 21:15","https://modsbase.com/iqde36jbnep8/2543865921_MB___EPE_CFP.zip.html","0","8","8","True","True","True","True","BIDIRECTIONAL_UNIQUE"
"2543865921|11","MBP-EPE-CFP","MBP-EPE-CFP","2543865921","11","8 Dec, 2025 @ 1:15pm","2025-12-08 13:15","","2543865921|7","7","False","7 Dec, 2025 at 23:08 UTC","2025-12-07 23:08","https://modsbase.com/6y5yu1z9zghn/2543865921_MB___EPE_CFP.zip.html","-1","-14,12","","False","False","False","False","WEAK_TIME_CANDIDATE"
"2543865921|12","MBP-EPE-CFP","MBP-EPE-CFP","2543865921","12","7 Dec, 2025 @ 3:08pm","2025-12-07 15:08","","2543865921|6","6","False","8 Dec, 2025 at 21:15 UTC","2025-12-08 21:15","https://modsbase.com/iqde36jbnep8/2543865921_MB___EPE_CFP.zip.html","1","30,12","","False","False","False","False","WEAK_TIME_CANDIDATE"
"2543865921|12","MBP-EPE-CFP","MBP-EPE-CFP","2543865921","12","7 Dec, 2025 @ 3:08pm","2025-12-07 15:08","","2543865921|7","7","False","7 Dec, 2025 at 23:08 UTC","2025-12-07 23:08","https://modsbase.com/6y5yu1z9zghn/2543865921_MB___EPE_CFP.zip.html","0","8","8","True","True","True","True","BIDIRECTIONAL_UNIQUE"
"2543865921|13","MBP-EPE-CFP","MBP-EPE-CFP","2543865921","13","6 Dec, 2025 @ 4:09pm","2025-12-06 16:09","","2543865921|6","6","False","8 Dec, 2025 at 21:15 UTC","2025-12-08 21:15","https://modsbase.com/iqde36jbnep8/2543865921_MB___EPE_CFP.zip.html","2","53,1","","False","False","False","False","WEAK_TIME_CANDIDATE"
"2543865921|13","MBP-EPE-CFP","MBP-EPE-CFP","2543865921","13","6 Dec, 2025 @ 4:09pm","2025-12-06 16:09","","2543865921|7","7","False","7 Dec, 2025 at 23:08 UTC","2025-12-07 23:08","https://modsbase.com/6y5yu1z9zghn/2543865921_MB___EPE_CFP.zip.html","1","30,98","","False","False","False","False","WEAK_TIME_CANDIDATE"
"2543865921|14","MBP-EPE-CFP","MBP-EPE-CFP","2543865921","14","17 Sep, 2025 @ 7:30pm","2025-09-17 19:30","","2543865921|8","8","False","18 Sep, 2025 at 02:30 UTC","2025-09-18 02:30","https://modsbase.com/cyd1xa334ctl/2543865921_MB___EPE_CFP.zip.html","1","7","7","True","True","True","True","BIDIRECTIONAL_UNIQUE"
"2543865921|17","MBP-EPE-CFP","MBP-EPE-CFP","2543865921","17","6 Jul, 2025 @ 5:54pm","2025-07-06 17:54","","2543865921|9","9","False","7 Jul, 2025 at 00:54 UTC","2025-07-07 00:54","https://modsbase.com/xv732dxs38ck/2543865921_MB___EPE_CFP.zip.html","1","7","7","True","True","True","True","BIDIRECTIONAL_UNIQUE"
"2543865921|18","MBP-EPE-CFP","MBP-EPE-CFP","2543865921","18","11 Jun, 2025 @ 3:42pm","2025-06-11 15:42","","2543865921|10","10","False","11 Jun, 2025 at 22:42 UTC","2025-06-11 22:42","https://modsbase.com/4y2k98fjl5cb/2543865921_MB___EPE_CFP.zip.html","0","7","7","True","True","True","True","BIDIRECTIONAL_UNIQUE"
"2543865921|21","MBP-EPE-CFP","MBP-EPE-CFP","2543865921","21","1 Jun, 2025 @ 7:24pm","2025-06-01 19:24","","2543865921|11","11","False","2 Jun, 2025 at 02:24 UTC","2025-06-02 02:24","https://modsbase.com/rnc4g7pb4vqy/2543865921_MB___EPE_CFP.zip.html","1","7","7","True","True","True","True","BIDIRECTIONAL_UNIQUE"
"2543865921|22","MBP-EPE-CFP","MBP-EPE-CFP","2543865921","22","25 May, 2025 @ 9:16am","2025-05-25 09:16","","2543865921|12","12","False","25 May, 2025 at 16:16 UTC","2025-05-25 16:16","https://modsbase.com/zqz8eg9skx7o/2543865921_MB___EPE_CFP.zip.html","0","7","7","True","True","True","True","BIDIRECTIONAL_UNIQUE"
"2543865921|23","MBP-EPE-CFP","MBP-EPE-CFP","2543865921","23","24 May, 2025 @ 11:00am","2025-05-24 11:00","","2543865921|12","12","False","25 May, 2025 at 16:16 UTC","2025-05-25 16:16","https://modsbase.com/zqz8eg9skx7o/2543865921_MB___EPE_CFP.zip.html","1","29,27","","False","False","False","False","WEAK_TIME_CANDIDATE"
"2543865921|24","MBP-EPE-CFP","MBP-EPE-CFP","2543865921","24","24 May, 2025 @ 10:56am","2025-05-24 10:56","","2543865921|12","12","False","25 May, 2025 at 16:16 UTC","2025-05-25 16:16","https://modsbase.com/zqz8eg9skx7o/2543865921_MB___EPE_CFP.zip.html","1","29,33","","False","False","False","False","WEAK_TIME_CANDIDATE"
"2543865921|25","MBP-EPE-CFP","MBP-EPE-CFP","2543865921","25","5 Apr, 2025 @ 3:20pm","2025-04-05 15:20","","2543865921|13","13","False","5 Apr, 2025 at 22:20 UTC","2025-04-05 22:20","https://modsbase.com/0lwyebidaxw7/2543865921_MB___EPE_CFP.zip.html","0","7","7","True","True","True","True","BIDIRECTIONAL_UNIQUE"
"2543865921|26","MBP-EPE-CFP","MBP-EPE-CFP","2543865921","26","29 Mar, 2025 @ 10:46pm","2025-03-29 22:46","","2543865921|14","14","False","30 Mar, 2025 at 05:46 UTC","2025-03-30 05:46","https://modsbase.com/6xumo972otvy/2543865921_MB___EPE_CFP.zip.html","1","7","7","True","True","True","True","BIDIRECTIONAL_UNIQUE"
"2543865921|30","MBP-EPE-CFP","MBP-EPE-CFP","2543865921","30","9 Mar, 2025 @ 4:11pm","2025-03-09 16:11","","2543865921|15","15","False","9 Mar, 2025 at 23:11 UTC","2025-03-09 23:11","https://modsbase.com/kiw8kvd917yo/2543865921_MB___EPE_CFP.zip.html","0","7","7","True","True","True","True","BIDIRECTIONAL_UNIQUE"
"2543865921|31","MBP-EPE-CFP","MBP-EPE-CFP","2543865921","31","8 Mar, 2025 @ 4:16pm","2025-03-08 16:16","","2543865921|15","15","False","9 Mar, 2025 at 23:11 UTC","2025-03-09 23:11","https://modsbase.com/kiw8kvd917yo/2543865921_MB___EPE_CFP.zip.html","1","30,92","","False","False","False","False","WEAK_TIME_CANDIDATE"
"2543865921|32","MBP-EPE-CFP","MBP-EPE-CFP","2543865921","32","2 Mar, 2025 @ 9:31pm","2025-03-02 21:31","","2543865921|16","16","False","3 Mar, 2025 at 05:31 UTC","2025-03-03 05:31","https://modsbase.com/8iriv3hdc8be/2543865921_MB___EPE_CFP.zip.html","1","8","8","True","True","True","True","BIDIRECTIONAL_UNIQUE"
"2543865921|32","MBP-EPE-CFP","MBP-EPE-CFP","2543865921","32","2 Mar, 2025 @ 9:31pm","2025-03-02 21:31","","2543865921|17","17","False","28 Feb, 2025 at 04:39 UTC","2025-02-28 04:39","https://modsbase.com/3hduokrakau5/2543865921_MB___EPE_CFP.zip.html","-2","-64,87","","False","False","False","False","WEAK_TIME_CANDIDATE"
"2543865921|33","MBP-EPE-CFP","MBP-EPE-CFP","2543865921","33","27 Feb, 2025 @ 8:39pm","2025-02-27 20:39","","2543865921|17","17","False","28 Feb, 2025 at 04:39 UTC","2025-02-28 04:39","https://modsbase.com/3hduokrakau5/2543865921_MB___EPE_CFP.zip.html","1","8","8","True","True","True","True","BIDIRECTIONAL_UNIQUE"
"2543865921|35","MBP-EPE-CFP","MBP-EPE-CFP","2543865921","35","16 Feb, 2025 @ 11:09pm","2025-02-16 23:09","","2543865921|18","18","False","17 Feb, 2025 at 07:09 UTC","2025-02-17 07:09","https://modsbase.com/l273t0at3puw/2543865921_MB___EPE_CFP.zip.html","1","8","8","True","True","True","True","BIDIRECTIONAL_UNIQUE"
"2543865921|36","MBP-EPE-CFP","MBP-EPE-CFP","2543865921","36","21 Jan, 2025 @ 6:02am","2025-01-21 06:02","","2543865921|19","19","False","21 Jan, 2025 at 14:02 UTC","2025-01-21 14:02","https://modsbase.com/rxd5s6x3c4tp/2543865921_MB___EPE_CFP.zip.html","0","8","8","True","True","True","True","BIDIRECTIONAL_UNIQUE"
"2543865921|37","MBP-EPE-CFP","MBP-EPE-CFP","2543865921","37","15 Jan, 2025 @ 2:06pm","2025-01-15 14:06","","2543865921|20","20","False","15 Jan, 2025 at 22:06 UTC","2025-01-15 22:06","https://modsbase.com/ewjq6c3uq6o3/2543865921_MB___EPE_CFP.zip.html","0","8","8","True","True","True","True","BIDIRECTIONAL_UNIQUE"
"2543865921|40","MBP-EPE-CFP","MBP-EPE-CFP","2543865921","40","5 Jan, 2025 @ 4:48pm","2025-01-05 16:48","","2543865921|21","21","False","6 Jan, 2025 at 00:48 UTC","2025-01-06 00:48","https://modsbase.com/dsndtsv27nsg/2543865921_MB___EPE_CFP.zip.html","1","8","8","True","True","True","True","BIDIRECTIONAL_UNIQUE"
"2543865921|41","MBP-EPE-CFP","MBP-EPE-CFP","2543865921","41","1 Jan, 2025 @ 7:55pm","2025-01-01 19:55","","2543865921|22","22","False","2 Jan, 2025 at 03:55 UTC","2025-01-02 03:55","https://modsbase.com/ymdemnfumiaq/2543865921_MB___EPE_CFP.zip.html","1","8","8","True","True","True","True","BIDIRECTIONAL_UNIQUE"
"2543865921|42","MBP-EPE-CFP","MBP-EPE-CFP","2543865921","42","1 Jan, 2025 @ 12:10am","2025-01-01 00:10","","2543865921|22","22","False","2 Jan, 2025 at 03:55 UTC","2025-01-02 03:55","https://modsbase.com/ymdemnfumiaq/2543865921_MB___EPE_CFP.zip.html","1","27,75","","False","False","False","False","WEAK_TIME_CANDIDATE"
"2543865921|43","MBP-EPE-CFP","MBP-EPE-CFP","2543865921","43","31 Dec, 2024 @ 12:33am","2024-12-31 00:33","","2543865921|22","22","False","2 Jan, 2025 at 03:55 UTC","2025-01-02 03:55","https://modsbase.com/ymdemnfumiaq/2543865921_MB___EPE_CFP.zip.html","2","51,37","","False","False","False","False","WEAK_TIME_CANDIDATE"
"2543865921|44","MBP-EPE-CFP","MBP-EPE-CFP","2543865921","44","27 Dec, 2024 @ 9:59pm","2024-12-27 21:59","","2543865921|23","23","False","28 Dec, 2024 at 05:59 UTC","2024-12-28 05:59","https://modsbase.com/mgftb70mvw2c/2543865921_MB___EPE_CFP.zip.html","1","8","8","True","True","True","True","BIDIRECTIONAL_UNIQUE"
"2543865921|45","MBP-EPE-CFP","MBP-EPE-CFP","2543865921","45","27 Dec, 2024 @ 9:56am","2024-12-27 09:56","","2543865921|23","23","False","28 Dec, 2024 at 05:59 UTC","2024-12-28 05:59","https://modsbase.com/mgftb70mvw2c/2543865921_MB___EPE_CFP.zip.html","1","20,05","","False","False","False","False","WEAK_TIME_CANDIDATE"
"2543865921|46","MBP-EPE-CFP","MBP-EPE-CFP","2543865921","46","27 Dec, 2024 @ 1:36am","2024-12-27 01:36","","2543865921|23","23","False","28 Dec, 2024 at 05:59 UTC","2024-12-28 05:59","https://modsbase.com/mgftb70mvw2c/2543865921_MB___EPE_CFP.zip.html","1","28,38","","False","False","False","False","WEAK_TIME_CANDIDATE"
"2543865921|47","MBP-EPE-CFP","MBP-EPE-CFP","2543865921","47","27 Dec, 2024 @ 1:18am","2024-12-27 01:18","","2543865921|23","23","False","28 Dec, 2024 at 05:59 UTC","2024-12-28 05:59","https://modsbase.com/mgftb70mvw2c/2543865921_MB___EPE_CFP.zip.html","1","28,68","","False","False","False","False","WEAK_TIME_CANDIDATE"
"2543865921|48","MBP-EPE-CFP","MBP-EPE-CFP","2543865921","48","27 Dec, 2024 @ 12:43am","2024-12-27 00:43","","2543865921|23","23","False","28 Dec, 2024 at 05:59 UTC","2024-12-28 05:59","https://modsbase.com/mgftb70mvw2c/2543865921_MB___EPE_CFP.zip.html","1","29,27","","False","False","False","False","WEAK_TIME_CANDIDATE"
"2543865921|49","MBP-EPE-CFP","MBP-EPE-CFP","2543865921","49","26 Dec, 2024 @ 8:22pm","2024-12-26 20:22","","2543865921|23","23","False","28 Dec, 2024 at 05:59 UTC","2024-12-28 05:59","https://modsbase.com/mgftb70mvw2c/2543865921_MB___EPE_CFP.zip.html","2","33,62","","False","False","False","False","WEAK_TIME_CANDIDATE"
"2543865921|50","MBP-EPE-CFP","MBP-EPE-CFP","2543865921","50","18 Dec, 2024 @ 4:04pm","2024-12-18 16:04","","2543865921|24","24","False","19 Dec, 2024 at 00:04 UTC","2024-12-19 00:04","https://modsbase.com/o49nplszu7ne/2543865921_MB___EPE_CFP.zip.html","1","8","8","True","True","True","True","BIDIRECTIONAL_UNIQUE"
"2543865921|51","MBP-EPE-CFP","MBP-EPE-CFP","2543865921","51","9 Dec, 2024 @ 3:16pm","2024-12-09 15:16","","2543865921|25","25","False","9 Dec, 2024 at 23:16 UTC","2024-12-09 23:16","https://modsbase.com/lgkvidjn4ruf/2543865921_MB___EPE_CFP.zip.html","0","8","8","True","True","True","True","BIDIRECTIONAL_UNIQUE"
"2543865921|52","MBP-EPE-CFP","MBP-EPE-CFP","2543865921","52","9 Dec, 2024 @ 3:10pm","2024-12-09 15:10","","2543865921|25","25","False","9 Dec, 2024 at 23:16 UTC","2024-12-09 23:16","https://modsbase.com/lgkvidjn4ruf/2543865921_MB___EPE_CFP.zip.html","0","8,1","","False","False","False","False","WEAK_TIME_CANDIDATE"
"2543865921|53","MBP-EPE-CFP","MBP-EPE-CFP","2543865921","53","8 Dec, 2024 @ 8:52pm","2024-12-08 20:52","","2543865921|25","25","False","9 Dec, 2024 at 23:16 UTC","2024-12-09 23:16","https://modsbase.com/lgkvidjn4ruf/2543865921_MB___EPE_CFP.zip.html","1","26,4","","False","False","False","False","WEAK_TIME_CANDIDATE"
"2543865921|54","MBP-EPE-CFP","MBP-EPE-CFP","2543865921","54","13 Sep, 2024 @ 6:43am","2024-09-13 06:43","","2543865921|26","26","False","13 Sep, 2024 at 13:43 UTC","2024-09-13 13:43","https://modsbase.com/hjlca7tnsomn/2543865921_MB___EPE_CFP.zip.html","0","7","7","True","True","True","True","BIDIRECTIONAL_UNIQUE"
"2543865921|55","MBP-EPE-CFP","MBP-EPE-CFP","2543865921","55","30 Jul, 2024 @ 8:49am","2024-07-30 08:49","","2543865921|27","27","False","30 Jul, 2024 at 15:49 UTC","2024-07-30 15:49","https://modsbase.com/xvt4b60y1f8n/2543865921_MB___EPE_CFP.zip.html","0","7","7","True","True","True","True","BIDIRECTIONAL_UNIQUE"
"2543865921|56","MBP-EPE-CFP","MBP-EPE-CFP","2543865921","56","20 Jun, 2024 @ 6:07pm","2024-06-20 18:07","","2543865921|28","28","False","21 Jun, 2024 at 01:07 UTC","2024-06-21 01:07","https://modsbase.com/4uakuaduew6c/2543865921_MB___EPE_CFP.zip.html","1","7","7","True","True","True","True","BIDIRECTIONAL_UNIQUE"
"2543865921|58","MBP-EPE-CFP","MBP-EPE-CFP","2543865921","58","12 Jun, 2024 @ 5:25pm","2024-06-12 17:25","","2543865921|29","29","False","13 Jun, 2024 at 00:25 UTC","2024-06-13 00:25","https://modsbase.com/2csizirledt5/2543865921_MB___EPE_CFP.zip.html","1","7","7","True","True","True","True","BIDIRECTIONAL_UNIQUE"
"2543865921|59","MBP-EPE-CFP","MBP-EPE-CFP","2543865921","59","24 May, 2024 @ 11:48pm","2024-05-24 23:48","","2543865921|30","30","False","25 May, 2024 at 06:48 UTC","2024-05-25 06:48","https://modsbase.com/aosrpscyegki/2543865921_MB___EPE_CFP.zip.html","1","7","7","True","True","True","True","BIDIRECTIONAL_UNIQUE"
"2543865921|60","MBP-EPE-CFP","MBP-EPE-CFP","2543865921","60","14 May, 2024 @ 10:06pm","2024-05-14 22:06","","2543865921|31","31","False","15 May, 2024 at 05:06 UTC","2024-05-15 05:06","https://modsbase.com/o1k2e8bdbypi/2543865921_MB___EPE_CFP.zip.html","1","7","7","True","True","True","True","BIDIRECTIONAL_UNIQUE"
"2543865921|61","MBP-EPE-CFP","MBP-EPE-CFP","2543865921","61","14 May, 2024 @ 5:56pm","2024-05-14 17:56","","2543865921|31","31","False","15 May, 2024 at 05:06 UTC","2024-05-15 05:06","https://modsbase.com/o1k2e8bdbypi/2543865921_MB___EPE_CFP.zip.html","1","11,17","","False","False","False","False","WEAK_TIME_CANDIDATE"
"2543865921|62","MBP-EPE-CFP","MBP-EPE-CFP","2543865921","62","8 May, 2024 @ 7:17pm","2024-05-08 19:17","","2543865921|32","32","False","9 May, 2024 at 02:17 UTC","2024-05-09 02:17","https://modsbase.com/419j9l3zoqdm/2543865921_MB___EPE_CFP.zip.html","1","7","7","True","True","True","True","BIDIRECTIONAL_UNIQUE"
"2543865921|63","MBP-EPE-CFP","MBP-EPE-CFP","2543865921","63","3 May, 2024 @ 8:14pm","2024-05-03 20:14","","2543865921|33","33","False","4 May, 2024 at 03:14 UTC","2024-05-04 03:14","https://modsbase.com/6r77utge35p2/2543865921_MB___EPE_CFP.zip.html","1","7","7","True","True","True","True","BIDIRECTIONAL_UNIQUE"
"2543865921|64","MBP-EPE-CFP","MBP-EPE-CFP","2543865921","64","3 May, 2024 @ 8:03pm","2024-05-03 20:03","","2543865921|33","33","False","4 May, 2024 at 03:14 UTC","2024-05-04 03:14","https://modsbase.com/6r77utge35p2/2543865921_MB___EPE_CFP.zip.html","1","7,18","","False","False","False","False","WEAK_TIME_CANDIDATE"
"2543865921|65","MBP-EPE-CFP","MBP-EPE-CFP","2543865921","65","18 Apr, 2024 @ 12:24pm","2024-04-18 12:24","","2543865921|34","34","False","18 Apr, 2024 at 19:24 UTC","2024-04-18 19:24","https://modsbase.com/gd28c4cnao1o/2543865921_MB___EPE_CFP.zip.html","0","7","7","True","True","True","True","BIDIRECTIONAL_UNIQUE"
"2543865921|66","MBP-EPE-CFP","MBP-EPE-CFP","2543865921","66","9 Apr, 2024 @ 7:40pm","2024-04-09 19:40","","2543865921|35","35","False","10 Apr, 2024 at 02:40 UTC","2024-04-10 02:40","https://modsbase.com/tt05374z4hzh/2543865921_MB___EPE_CFP.zip.html","1","7","7","True","True","True","True","BIDIRECTIONAL_UNIQUE"
"2543865921|67","MBP-EPE-CFP","MBP-EPE-CFP","2543865921","67","1 Apr, 2024 @ 2:17pm","2024-04-01 14:17","","2543865921|36","36","False","1 Apr, 2024 at 21:17 UTC","2024-04-01 21:17","https://modsbase.com/57vjoijzd4lb/2543865921_MB___EPE_CFP.zip.html","0","7","7","True","True","True","True","BIDIRECTIONAL_UNIQUE"
"2543865921|67","MBP-EPE-CFP","MBP-EPE-CFP","2543865921","67","1 Apr, 2024 @ 2:17pm","2024-04-01 14:17","","2543865921|37","37","False","31 Mar, 2024 at 02:15 UTC","2024-03-31 02:15","https://modsbase.com/j53v57h4gdpg/2543865921_MB___EPE_CFP.zip.html","-1","-36,03","","False","False","False","False","WEAK_TIME_CANDIDATE"
"2543865921|68","MBP-EPE-CFP","MBP-EPE-CFP","2543865921","68","30 Mar, 2024 @ 7:15pm","2024-03-30 19:15","","2543865921|36","36","False","1 Apr, 2024 at 21:17 UTC","2024-04-01 21:17","https://modsbase.com/57vjoijzd4lb/2543865921_MB___EPE_CFP.zip.html","2","50,03","","False","False","False","False","WEAK_TIME_CANDIDATE"
"2543865921|68","MBP-EPE-CFP","MBP-EPE-CFP","2543865921","68","30 Mar, 2024 @ 7:15pm","2024-03-30 19:15","","2543865921|37","37","False","31 Mar, 2024 at 02:15 UTC","2024-03-31 02:15","https://modsbase.com/j53v57h4gdpg/2543865921_MB___EPE_CFP.zip.html","1","7","7","True","True","True","True","BIDIRECTIONAL_UNIQUE"
"2543865921|70","MBP-EPE-CFP","MBP-EPE-CFP","2543865921","70","22 Mar, 2024 @ 2:46am","2024-03-22 02:46","","2543865921|38","38","False","22 Mar, 2024 at 09:46 UTC","2024-03-22 09:46","https://modsbase.com/of34svc4judp/2543865921_MB___EPE_CFP.zip.html","0","7","7","True","True","True","True","BIDIRECTIONAL_UNIQUE"
"2543865921|72","MBP-EPE-CFP","MBP-EPE-CFP","2543865921","72","16 Mar, 2024 @ 12:26pm","2024-03-16 12:26","","2543865921|39","39","False","16 Mar, 2024 at 19:26 UTC","2024-03-16 19:26","https://modsbase.com/973tmtt9wi2q/2543865921_MB___EPE_CFP.zip.html","0","7","7","True","True","True","True","BIDIRECTIONAL_UNIQUE"
"2543865921|73","MBP-EPE-CFP","MBP-EPE-CFP","2543865921","73","11 Mar, 2024 @ 6:37pm","2024-03-11 18:37","","2543865921|40","40","False","12 Mar, 2024 at 01:37 UTC","2024-03-12 01:37","https://modsbase.com/b876plj6e2fd/2543865921_MB___EPE_CFP.zip.html","1","7","7","True","True","True","True","BIDIRECTIONAL_UNIQUE"
"2543865921|74","MBP-EPE-CFP","MBP-EPE-CFP","2543865921","74","10 Mar, 2024 @ 8:02pm","2024-03-10 20:02","","2543865921|40","40","False","12 Mar, 2024 at 01:37 UTC","2024-03-12 01:37","https://modsbase.com/b876plj6e2fd/2543865921_MB___EPE_CFP.zip.html","2","29,58","","False","False","False","False","WEAK_TIME_CANDIDATE"
"2543865921|75","MBP-EPE-CFP","MBP-EPE-CFP","2543865921","75","10 Mar, 2024 @ 7:38pm","2024-03-10 19:38","","2543865921|40","40","False","12 Mar, 2024 at 01:37 UTC","2024-03-12 01:37","https://modsbase.com/b876plj6e2fd/2543865921_MB___EPE_CFP.zip.html","2","29,98","","False","False","False","False","WEAK_TIME_CANDIDATE"
"2543865921|76","MBP-EPE-CFP","MBP-EPE-CFP","2543865921","76","10 Mar, 2024 @ 7:24pm","2024-03-10 19:24","","2543865921|40","40","False","12 Mar, 2024 at 01:37 UTC","2024-03-12 01:37","https://modsbase.com/b876plj6e2fd/2543865921_MB___EPE_CFP.zip.html","2","30,22","","False","False","False","False","WEAK_TIME_CANDIDATE"
"2543865921|77","MBP-EPE-CFP","MBP-EPE-CFP","2543865921","77","10 Mar, 2024 @ 7:19pm","2024-03-10 19:19","","2543865921|40","40","False","12 Mar, 2024 at 01:37 UTC","2024-03-12 01:37","https://modsbase.com/b876plj6e2fd/2543865921_MB___EPE_CFP.zip.html","2","30,3","","False","False","False","False","WEAK_TIME_CANDIDATE"
"2543865921|78","MBP-EPE-CFP","MBP-EPE-CFP","2543865921","78","10 Mar, 2024 @ 5:24pm","2024-03-10 17:24","","2543865921|40","40","False","12 Mar, 2024 at 01:37 UTC","2024-03-12 01:37","https://modsbase.com/b876plj6e2fd/2543865921_MB___EPE_CFP.zip.html","2","32,22","","False","False","False","False","WEAK_TIME_CANDIDATE"
"2543865921|79","MBP-EPE-CFP","MBP-EPE-CFP","2543865921","79","21 Feb, 2024 @ 1:16am","2024-02-21 01:16","","2543865921|41","41","False","21 Feb, 2024 at 09:16 UTC","2024-02-21 09:16","https://modsbase.com/kolg8efl0mzg/2543865921_MB___EPE_CFP.zip.html","0","8","8","True","True","True","True","BIDIRECTIONAL_UNIQUE"
"2543865921|80","MBP-EPE-CFP","MBP-EPE-CFP","2543865921","80","10 Feb, 2024 @ 12:03pm","2024-02-10 12:03","","2543865921|42","42","False","10 Feb, 2024 at 20:03 UTC","2024-02-10 20:03","https://modsbase.com/z4l07gndhvxs/2543865921_MB___EPE_CFP.zip.html","0","8","8","True","True","True","True","BIDIRECTIONAL_UNIQUE"
"2543865921|81","MBP-EPE-CFP","MBP-EPE-CFP","2543865921","81","10 Feb, 2024 @ 12:56am","2024-02-10 00:56","","2543865921|42","42","False","10 Feb, 2024 at 20:03 UTC","2024-02-10 20:03","https://modsbase.com/z4l07gndhvxs/2543865921_MB___EPE_CFP.zip.html","0","19,12","","False","False","False","False","WEAK_TIME_CANDIDATE"
"2543865921|82","MBP-EPE-CFP","MBP-EPE-CFP","2543865921","82","9 Feb, 2024 @ 11:17am","2024-02-09 11:17","","2543865921|42","42","False","10 Feb, 2024 at 20:03 UTC","2024-02-10 20:03","https://modsbase.com/z4l07gndhvxs/2543865921_MB___EPE_CFP.zip.html","1","32,77","","False","False","False","False","WEAK_TIME_CANDIDATE"
"2543865921|87","MBP-EPE-CFP","MBP-EPE-CFP","2543865921","87","15 Jan, 2024 @ 2:04pm","2024-01-15 14:04","","2543865921|43","43","False","15 Jan, 2024 at 22:04 UTC","2024-01-15 22:04","https://modsbase.com/s15i697gr1qb/2543865921_MB___EPE_CFP.zip.html","0","8","8","True","True","True","True","BIDIRECTIONAL_UNIQUE"
"2543865921|92","MBP-EPE-CFP","MBP-EPE-CFP","2543865921","92","10 Dec, 2023 @ 11:28pm","2023-12-10 23:28","","2543865921|44","44","False","11 Dec, 2023 at 07:28 UTC","2023-12-11 07:28","https://modsbase.com/z1fthw06fs65/2543865921_MB___EPE_CFP.zip.html","1","8","8","True","True","True","True","BIDIRECTIONAL_UNIQUE"
"2543865921|94","MBP-EPE-CFP","MBP-EPE-CFP","2543865921","94","6 Dec, 2023 @ 4:24pm","2023-12-06 16:24","","2543865921|45","45","False","5 Dec, 2023 at 07:37 UTC","2023-12-05 07:37","https://modsbase.com/6e5z7vt01m1s/2543865921_MB___EPE_CFP.zip.html","-1","-32,78","","False","False","False","False","WEAK_TIME_CANDIDATE"
"2543865921|95","MBP-EPE-CFP","MBP-EPE-CFP","2543865921","95","4 Dec, 2023 @ 11:37pm","2023-12-04 23:37","","2543865921|45","45","False","5 Dec, 2023 at 07:37 UTC","2023-12-05 07:37","https://modsbase.com/6e5z7vt01m1s/2543865921_MB___EPE_CFP.zip.html","1","8","8","True","True","True","True","BIDIRECTIONAL_UNIQUE"
"2543865921|96","MBP-EPE-CFP","MBP-EPE-CFP","2543865921","96","4 Dec, 2023 @ 1:28am","2023-12-04 01:28","","2543865921|45","45","False","5 Dec, 2023 at 07:37 UTC","2023-12-05 07:37","https://modsbase.com/6e5z7vt01m1s/2543865921_MB___EPE_CFP.zip.html","1","30,15","","False","False","False","False","WEAK_TIME_CANDIDATE"
"2543865921|97","MBP-EPE-CFP","MBP-EPE-CFP","2543865921","97","3 Dec, 2023 @ 2:04am","2023-12-03 02:04","","2543865921|45","45","False","5 Dec, 2023 at 07:37 UTC","2023-12-05 07:37","https://modsbase.com/6e5z7vt01m1s/2543865921_MB___EPE_CFP.zip.html","2","53,55","","False","False","False","False","WEAK_TIME_CANDIDATE"
"2543865921|99","MBP-EPE-CFP","MBP-EPE-CFP","2543865921","99","25 Nov, 2023 @ 5:41pm","2023-11-25 17:41","","2543865921|46","46","False","26 Nov, 2023 at 01:41 UTC","2023-11-26 01:41","https://modsbase.com/ctrhc1mlwa24/2543865921_MB___EPE_CFP.zip.html","1","8","8","True","True","True","True","BIDIRECTIONAL_UNIQUE"
"2543865921|100","MBP-EPE-CFP","MBP-EPE-CFP","2543865921","100","23 Nov, 2023 @ 5:37pm","2023-11-23 17:37","","2543865921|47","47","False","21 Nov, 2023 at 23:17 UTC","2023-11-21 23:17","https://modsbase.com/uwsrgpxcc7qp/2543865921_MB___EPE_CFP.zip.html","-2","-42,33","","False","False","False","False","WEAK_TIME_CANDIDATE"
"2543865921|101","MBP-EPE-CFP","MBP-EPE-CFP","2543865921","101","21 Nov, 2023 @ 3:17pm","2023-11-21 15:17","","2543865921|47","47","False","21 Nov, 2023 at 23:17 UTC","2023-11-21 23:17","https://modsbase.com/uwsrgpxcc7qp/2543865921_MB___EPE_CFP.zip.html","0","8","8","True","True","True","True","BIDIRECTIONAL_UNIQUE"
"2543865921|102","MBP-EPE-CFP","MBP-EPE-CFP","2543865921","102","20 Nov, 2023 @ 11:26am","2023-11-20 11:26","","2543865921|47","47","False","21 Nov, 2023 at 23:17 UTC","2023-11-21 23:17","https://modsbase.com/uwsrgpxcc7qp/2543865921_MB___EPE_CFP.zip.html","1","35,85","","False","False","False","False","WEAK_TIME_CANDIDATE"
"2543865921|103","MBP-EPE-CFP","MBP-EPE-CFP","2543865921","103","19 Nov, 2023 @ 8:45pm","2023-11-19 20:45","","2543865921|47","47","False","21 Nov, 2023 at 23:17 UTC","2023-11-21 23:17","https://modsbase.com/uwsrgpxcc7qp/2543865921_MB___EPE_CFP.zip.html","2","50,53","","False","False","False","False","WEAK_TIME_CANDIDATE"
"2543865921|104","MBP-EPE-CFP","MBP-EPE-CFP","2543865921","104","19 Nov, 2023 @ 5:01pm","2023-11-19 17:01","","2543865921|47","47","False","21 Nov, 2023 at 23:17 UTC","2023-11-21 23:17","https://modsbase.com/uwsrgpxcc7qp/2543865921_MB___EPE_CFP.zip.html","2","54,27","","False","False","False","False","WEAK_TIME_CANDIDATE"
"2543865921|105","MBP-EPE-CFP","MBP-EPE-CFP","2543865921","105","23 Oct, 2023 @ 11:40am","2023-10-23 11:40","","2543865921|48","48","False","23 Oct, 2023 at 19:40 UTC","2023-10-23 19:40","https://modsbase.com/jl9343caqzin/2543865921_MB___EPE_CFP.zip.html","0","8","8","True","True","True","True","BIDIRECTIONAL_UNIQUE"
"2543865921|106","MBP-EPE-CFP","MBP-EPE-CFP","2543865921","106","15 Oct, 2023 @ 8:08pm","2023-10-15 20:08","","2543865921|49","49","False","16 Oct, 2023 at 03:08 UTC","2023-10-16 03:08","https://modsbase.com/eqlb8zwgm0s9/2543865921_MB___EPE_CFP.zip.html","1","7","7","True","True","True","True","BIDIRECTIONAL_UNIQUE"
"2543865921|107","MBP-EPE-CFP","MBP-EPE-CFP","2543865921","107","4 Oct, 2023 @ 6:41pm","2023-10-04 18:41","","2543865921|50","50","False","5 Oct, 2023 at 01:41 UTC","2023-10-05 01:41","https://modsbase.com/gnitsdzj9cga/2543865921_MB___EPE_CFP.zip.html","1","7","7","True","True","True","True","BIDIRECTIONAL_UNIQUE"
"2543865921|108","MBP-EPE-CFP","MBP-EPE-CFP","2543865921","108","3 Oct, 2023 @ 7:27pm","2023-10-03 19:27","","2543865921|50","50","False","5 Oct, 2023 at 01:41 UTC","2023-10-05 01:41","https://modsbase.com/gnitsdzj9cga/2543865921_MB___EPE_CFP.zip.html","2","30,23","","False","False","False","False","WEAK_TIME_CANDIDATE"
"2543865921|109","MBP-EPE-CFP","MBP-EPE-CFP","2543865921","109","3 Oct, 2023 @ 3:20pm","2023-10-03 15:20","","2543865921|50","50","False","5 Oct, 2023 at 01:41 UTC","2023-10-05 01:41","https://modsbase.com/gnitsdzj9cga/2543865921_MB___EPE_CFP.zip.html","2","34,35","","False","False","False","False","WEAK_TIME_CANDIDATE"
"2543865921|110","MBP-EPE-CFP","MBP-EPE-CFP","2543865921","110","1 Oct, 2023 @ 9:18pm","2023-10-01 21:18","","2543865921|51","51","False","29 Sep, 2023 at 05:14 UTC","2023-09-29 05:14","https://modsbase.com/fedcoiyb7jti/2543865921_MB___EPE_CFP_Compatch.zip.html","-2","-64,07","","False","False","False","False","WEAK_TIME_CANDIDATE"
"2543865921|111","MBP-EPE-CFP","MBP-EPE-CFP","2543865921","111","1 Oct, 2023 @ 9:08pm","2023-10-01 21:08","","2543865921|51","51","False","29 Sep, 2023 at 05:14 UTC","2023-09-29 05:14","https://modsbase.com/fedcoiyb7jti/2543865921_MB___EPE_CFP_Compatch.zip.html","-2","-63,9","","False","False","False","False","WEAK_TIME_CANDIDATE"
"2543865921|112","MBP-EPE-CFP","MBP-EPE-CFP","2543865921","112","1 Oct, 2023 @ 11:27am","2023-10-01 11:27","","2543865921|51","51","False","29 Sep, 2023 at 05:14 UTC","2023-09-29 05:14","https://modsbase.com/fedcoiyb7jti/2543865921_MB___EPE_CFP_Compatch.zip.html","-2","-54,22","","False","False","False","False","WEAK_TIME_CANDIDATE"
"2543865921|113","MBP-EPE-CFP","MBP-EPE-CFP","2543865921","113","28 Sep, 2023 @ 10:14pm","2023-09-28 22:14","","2543865921|51","51","False","29 Sep, 2023 at 05:14 UTC","2023-09-29 05:14","https://modsbase.com/fedcoiyb7jti/2543865921_MB___EPE_CFP_Compatch.zip.html","1","7","7","True","True","True","True","BIDIRECTIONAL_UNIQUE"
"2543865921|114","MBP-EPE-CFP","MBP-EPE-CFP","2543865921","114","27 Sep, 2023 @ 10:14pm","2023-09-27 22:14","","2543865921|51","51","False","29 Sep, 2023 at 05:14 UTC","2023-09-29 05:14","https://modsbase.com/fedcoiyb7jti/2543865921_MB___EPE_CFP_Compatch.zip.html","2","31","31","True","True","False","False","WEAK_TIME_CANDIDATE"
"2543865921|115","MBP-EPE-CFP","MBP-EPE-CFP","2543865921","115","22 Aug, 2023 @ 2:23pm","2023-08-22 14:23","","2543865921|52","52","False","22 Aug, 2023 at 21:23 UTC","2023-08-22 21:23","https://modsbase.com/279jodo8s9yp/2543865921_MB___EPE_CFP_Compatch.zip.html","0","7","7","True","True","True","True","BIDIRECTIONAL_UNIQUE"
"2543865921|116","MBP-EPE-CFP","MBP-EPE-CFP","2543865921","116","7 Aug, 2023 @ 10:38am","2023-08-07 10:38","","2543865921|53","53","False","7 Aug, 2023 at 17:38 UTC","2023-08-07 17:38","https://modsbase.com/owsupvro0i7h/2543865921_MB___EPE_CFP_Compatch.zip.html","0","7","7","True","True","True","True","BIDIRECTIONAL_UNIQUE"
"2543865921|116","MBP-EPE-CFP","MBP-EPE-CFP","2543865921","116","7 Aug, 2023 @ 10:38am","2023-08-07 10:38","","2543865921|54","54","False","6 Aug, 2023 at 02:24 UTC","2023-08-06 02:24","https://modsbase.com/3v74j1ci1jly/2543865921_MB___EPE_CFP_Compatch.zip.html","-1","-32,23","","False","False","False","False","WEAK_TIME_CANDIDATE"
"2543865921|117","MBP-EPE-CFP","MBP-EPE-CFP","2543865921","117","5 Aug, 2023 @ 7:24pm","2023-08-05 19:24","","2543865921|53","53","False","7 Aug, 2023 at 17:38 UTC","2023-08-07 17:38","https://modsbase.com/owsupvro0i7h/2543865921_MB___EPE_CFP_Compatch.zip.html","2","46,23","","False","False","False","False","WEAK_TIME_CANDIDATE"
"2543865921|117","MBP-EPE-CFP","MBP-EPE-CFP","2543865921","117","5 Aug, 2023 @ 7:24pm","2023-08-05 19:24","","2543865921|54","54","False","6 Aug, 2023 at 02:24 UTC","2023-08-06 02:24","https://modsbase.com/3v74j1ci1jly/2543865921_MB___EPE_CFP_Compatch.zip.html","1","7","7","True","True","True","True","BIDIRECTIONAL_UNIQUE"
"2543865921|118","MBP-EPE-CFP","MBP-EPE-CFP","2543865921","118","2 Aug, 2023 @ 3:07pm","2023-08-02 15:07","","2543865921|55","55","False","2 Aug, 2023 at 22:07 UTC","2023-08-02 22:07","https://modsbase.com/pn4qkgfxwl9j/2543865921_MB___EPE_CFP_Compatch.zip.html","0","7","7","True","True","True","True","BIDIRECTIONAL_UNIQUE"
"2543865921|119","MBP-EPE-CFP","MBP-EPE-CFP","2543865921","119","29 Jul, 2023 @ 10:07am","2023-07-29 10:07","","2543865921|56","56","False","29 Jul, 2023 at 17:07 UTC","2023-07-29 17:07","https://modsbase.com/cq20c26r0c9e/2543865921_MB___EPE_CFP_Compatch.zip.html","0","7","7","True","True","True","True","BIDIRECTIONAL_UNIQUE"
"2543865921|120","MBP-EPE-CFP","MBP-EPE-CFP","2543865921","120","24 Jul, 2023 @ 11:25am","2023-07-24 11:25","","2543865921|57","57","False","24 Jul, 2023 at 18:25 UTC","2023-07-24 18:25","https://modsbase.com/j2ucdubkhts1/2543865921_MB___EPE_CFP_Compatch.zip.html","0","7","7","True","True","True","True","BIDIRECTIONAL_UNIQUE"
"2543865921|121","MBP-EPE-CFP","MBP-EPE-CFP","2543865921","121","24 Jul, 2023 @ 1:54am","2023-07-24 01:54","","2543865921|57","57","False","24 Jul, 2023 at 18:25 UTC","2023-07-24 18:25","https://modsbase.com/j2ucdubkhts1/2543865921_MB___EPE_CFP_Compatch.zip.html","0","16,52","","False","False","False","False","WEAK_TIME_CANDIDATE"
"2543865921|122","MBP-EPE-CFP","MBP-EPE-CFP","2543865921","122","24 Jul, 2023 @ 1:40am","2023-07-24 01:40","","2543865921|57","57","False","24 Jul, 2023 at 18:25 UTC","2023-07-24 18:25","https://modsbase.com/j2ucdubkhts1/2543865921_MB___EPE_CFP_Compatch.zip.html","0","16,75","","False","False","False","False","WEAK_TIME_CANDIDATE"
"2543865921|123","MBP-EPE-CFP","MBP-EPE-CFP","2543865921","123","24 Jul, 2023 @ 1:18am","2023-07-24 01:18","","2543865921|57","57","False","24 Jul, 2023 at 18:25 UTC","2023-07-24 18:25","https://modsbase.com/j2ucdubkhts1/2543865921_MB___EPE_CFP_Compatch.zip.html","0","17,12","","False","False","False","False","WEAK_TIME_CANDIDATE"
"2543865921|124","MBP-EPE-CFP","MBP-EPE-CFP","2543865921","124","24 Jul, 2023 @ 1:02am","2023-07-24 01:02","","2543865921|57","57","False","24 Jul, 2023 at 18:25 UTC","2023-07-24 18:25","https://modsbase.com/j2ucdubkhts1/2543865921_MB___EPE_CFP_Compatch.zip.html","0","17,38","","False","False","False","False","WEAK_TIME_CANDIDATE"
"2543865921|125","MBP-EPE-CFP","MBP-EPE-CFP","2543865921","125","20 Jul, 2023 @ 9:36pm","2023-07-20 21:36","","2543865921|58","58","False","21 Jul, 2023 at 04:36 UTC","2023-07-21 04:36","https://modsbase.com/lkyg5l5rszqw/2543865921_MB___EPE_CFP_Compatch.zip.html","1","7","7","True","True","True","True","BIDIRECTIONAL_UNIQUE"
"2543865921|126","MBP-EPE-CFP","MBP-EPE-CFP","2543865921","126","20 Jul, 2023 @ 9:25pm","2023-07-20 21:25","","2543865921|58","58","False","21 Jul, 2023 at 04:36 UTC","2023-07-21 04:36","https://modsbase.com/lkyg5l5rszqw/2543865921_MB___EPE_CFP_Compatch.zip.html","1","7,18","","False","False","False","False","WEAK_TIME_CANDIDATE"
"2543865921|127","MBP-EPE-CFP","MBP-EPE-CFP","2543865921","127","17 Apr, 2023 @ 5:13pm","2023-04-17 17:13","","2543865921|59","59","False","18 Apr, 2023 at 00:13 UTC","2023-04-18 00:13","https://modsbase.com/55ze8jslt93w/2543865921_EPE_CFP_MB_Compatch.zip.html","1","7","7","True","True","True","True","BIDIRECTIONAL_UNIQUE"
"2543865921|128","MBP-EPE-CFP","MBP-EPE-CFP","2543865921","128","15 Mar, 2023 @ 5:51pm","2023-03-15 17:51","","2543865921|60","60","False","16 Mar, 2023 at 00:51 UTC","2023-03-16 00:51","https://modsbase.com/ushy4x54wtwl/2543865921_EPE_CFP_MB_Compatch.zip.html","1","7","7","True","True","True","True","BIDIRECTIONAL_UNIQUE"
"2543865921|128","MBP-EPE-CFP","MBP-EPE-CFP","2543865921","128","15 Mar, 2023 @ 5:51pm","2023-03-15 17:51","","2543865921|61","61","False","13 Mar, 2023 at 02:15 UTC","2023-03-13 02:15","https://modsbase.com/wyg3awtjqcft/2543865921_EPE_CFP_MB_Compatch.zip.html","-2","-63,6","","False","False","False","False","WEAK_TIME_CANDIDATE"
"2543865921|129","MBP-EPE-CFP","MBP-EPE-CFP","2543865921","129","15 Mar, 2023 @ 5:33pm","2023-03-15 17:33","","2543865921|60","60","False","16 Mar, 2023 at 00:51 UTC","2023-03-16 00:51","https://modsbase.com/ushy4x54wtwl/2543865921_EPE_CFP_MB_Compatch.zip.html","1","7,3","","False","False","False","False","WEAK_TIME_CANDIDATE"
"2543865921|129","MBP-EPE-CFP","MBP-EPE-CFP","2543865921","129","15 Mar, 2023 @ 5:33pm","2023-03-15 17:33","","2543865921|61","61","False","13 Mar, 2023 at 02:15 UTC","2023-03-13 02:15","https://modsbase.com/wyg3awtjqcft/2543865921_EPE_CFP_MB_Compatch.zip.html","-2","-63,3","","False","False","False","False","WEAK_TIME_CANDIDATE"
"2543865921|130","MBP-EPE-CFP","MBP-EPE-CFP","2543865921","130","15 Mar, 2023 @ 12:21am","2023-03-15 00:21","","2543865921|60","60","False","16 Mar, 2023 at 00:51 UTC","2023-03-16 00:51","https://modsbase.com/ushy4x54wtwl/2543865921_EPE_CFP_MB_Compatch.zip.html","1","24,5","","False","False","False","False","WEAK_TIME_CANDIDATE"
"2543865921|130","MBP-EPE-CFP","MBP-EPE-CFP","2543865921","130","15 Mar, 2023 @ 12:21am","2023-03-15 00:21","","2543865921|61","61","False","13 Mar, 2023 at 02:15 UTC","2023-03-13 02:15","https://modsbase.com/wyg3awtjqcft/2543865921_EPE_CFP_MB_Compatch.zip.html","-2","-46,1","","False","False","False","False","WEAK_TIME_CANDIDATE"
"2543865921|131","MBP-EPE-CFP","MBP-EPE-CFP","2543865921","131","12 Mar, 2023 @ 7:15pm","2023-03-12 19:15","","2543865921|61","61","False","13 Mar, 2023 at 02:15 UTC","2023-03-13 02:15","https://modsbase.com/wyg3awtjqcft/2543865921_EPE_CFP_MB_Compatch.zip.html","1","7","7","True","True","True","True","BIDIRECTIONAL_UNIQUE"
"2543865921|132","MBP-EPE-CFP","MBP-EPE-CFP","2543865921","132","5 Mar, 2023 @ 8:36pm","2023-03-05 20:36","","2543865921|62","62","False","6 Mar, 2023 at 04:36 UTC","2023-03-06 04:36","https://modsbase.com/m6gpfd3nwq1c/2543865921_EPE_CFP_MB_Compatch.zip.html","1","8","8","True","True","True","True","BIDIRECTIONAL_UNIQUE"
"2543865921|133","MBP-EPE-CFP","MBP-EPE-CFP","2543865921","133","4 Feb, 2023 @ 8:06pm","2023-02-04 20:06","","2543865921|63","63","False","5 Feb, 2023 at 04:06 UTC","2023-02-05 04:06","https://modsbase.com/o7guoabxo2f5/2543865921_EPE_CFP_MB_Compatch.zip.html","1","8","8","True","True","True","True","BIDIRECTIONAL_UNIQUE"
"2543865921|134","MBP-EPE-CFP","MBP-EPE-CFP","2543865921","134","21 Jan, 2023 @ 7:37pm","2023-01-21 19:37","","2543865921|64","64","False","22 Jan, 2023 at 03:37 UTC","2023-01-22 03:37","https://modsbase.com/nu3ajuaxerqj/2543865921_EPE_CFP_MB_Compatch.zip.html","1","8","8","True","True","True","True","BIDIRECTIONAL_UNIQUE"
"2543865921|135","MBP-EPE-CFP","MBP-EPE-CFP","2543865921","135","13 Jan, 2023 @ 11:32pm","2023-01-13 23:32","","2543865921|65","65","False","14 Jan, 2023 at 07:32 UTC","2023-01-14 07:32","https://modsbase.com/0dglero2zq8n/2543865921_EPE_CFP_MB_Compatch.zip.html","1","8","8","True","True","True","True","BIDIRECTIONAL_UNIQUE"
"2543865921|136","MBP-EPE-CFP","MBP-EPE-CFP","2543865921","136","13 Dec, 2022 @ 12:48pm","2022-12-13 12:48","","2543865921|66","66","False","13 Dec, 2022 at 20:48 UTC","2022-12-13 20:48","https://modsbase.com/htr5vacj9a1d/2543865921_EPE_CFP_MB_Compatch.zip.html","0","8","8","True","True","True","True","BIDIRECTIONAL_UNIQUE"
"2543865921|137","MBP-EPE-CFP","MBP-EPE-CFP","2543865921","137","3 Dec, 2022 @ 12:38pm","2022-12-03 12:38","","2543865921|67","67","False","3 Dec, 2022 at 20:38 UTC","2022-12-03 20:38","https://modsbase.com/78kdgg0fldp2/2543865921_EPE_CFP_MB_Compatch.zip.html","0","8","8","True","True","True","True","BIDIRECTIONAL_UNIQUE"
"2543865921|138","MBP-EPE-CFP","MBP-EPE-CFP","2543865921","138","2 Dec, 2022 @ 7:20pm","2022-12-02 19:20","","2543865921|67","67","False","3 Dec, 2022 at 20:38 UTC","2022-12-03 20:38","https://modsbase.com/78kdgg0fldp2/2543865921_EPE_CFP_MB_Compatch.zip.html","1","25,3","","False","False","False","False","WEAK_TIME_CANDIDATE"
"2543865921|139","MBP-EPE-CFP","MBP-EPE-CFP","2543865921","139","29 Sep, 2022 @ 9:55am","2022-09-29 09:55","","2543865921|68","68","False","29 Sep, 2022 at 16:55 UTC","2022-09-29 16:55","https://modsbase.com/qa841e6ww60u/2543865921_EPE_CFP_MB_Compatch.zip.html","0","7","7","True","True","True","True","BIDIRECTIONAL_UNIQUE"
"2543865921|140","MBP-EPE-CFP","MBP-EPE-CFP","2543865921","140","22 Sep, 2022 @ 3:33pm","2022-09-22 15:33","","2543865921|69","69","False","22 Sep, 2022 at 22:33 UTC","2022-09-22 22:33","https://modsbase.com/lp9ob3447vef/2543865921_EPE_CFP_MB_Compatch.zip.html","0","7","7","True","True","True","True","BIDIRECTIONAL_UNIQUE"
"2543865921|141","MBP-EPE-CFP","MBP-EPE-CFP","2543865921","141","18 Sep, 2022 @ 2:13am","2022-09-18 02:13","","2543865921|70","70","False","18 Sep, 2022 at 09:13 UTC","2022-09-18 09:13","https://modsbase.com/copvyj1r6fty/2543865921_EPE_CFP_MB_Compatch.zip.html","0","7","7","True","True","True","True","BIDIRECTIONAL_UNIQUE"
"2543865921|141","MBP-EPE-CFP","MBP-EPE-CFP","2543865921","141","18 Sep, 2022 @ 2:13am","2022-09-18 02:13","","2543865921|71","71","False","16 Sep, 2022 at 01:21 UTC","2022-09-16 01:21","https://modsbase.com/e5dt28zrsh50/2543865921_EPE_CFP_MB_Compatch.zip.html","-2","-48,87","","False","False","False","False","WEAK_TIME_CANDIDATE"
"2543865921|142","MBP-EPE-CFP","MBP-EPE-CFP","2543865921","142","15 Sep, 2022 @ 6:21pm","2022-09-15 18:21","","2543865921|71","71","False","16 Sep, 2022 at 01:21 UTC","2022-09-16 01:21","https://modsbase.com/e5dt28zrsh50/2543865921_EPE_CFP_MB_Compatch.zip.html","1","7","7","True","True","True","True","BIDIRECTIONAL_UNIQUE"
"2543865921|143","MBP-EPE-CFP","MBP-EPE-CFP","2543865921","143","11 Sep, 2022 @ 6:22pm","2022-09-11 18:22","","2543865921|72","72","False","12 Sep, 2022 at 01:22 UTC","2022-09-12 01:22","https://modsbase.com/av59bmnggllq/2543865921_EPE_CFP_MB_Compatch.zip.html","1","7","7","True","True","True","True","BIDIRECTIONAL_UNIQUE"
"2543865921|143","MBP-EPE-CFP","MBP-EPE-CFP","2543865921","143","11 Sep, 2022 @ 6:22pm","2022-09-11 18:22","","2543865921|73","73","False","9 Sep, 2022 at 09:23 UTC","2022-09-09 09:23","https://modsbase.com/1io6vtwrm648/2543865921_EPE_CFP_MB_Compatch.zip.html","-2","-56,98","","False","False","False","False","WEAK_TIME_CANDIDATE"
"2543865921|144","MBP-EPE-CFP","MBP-EPE-CFP","2543865921","144","9 Sep, 2022 @ 1:59pm","2022-09-09 13:59","","2543865921|73","73","False","9 Sep, 2022 at 09:23 UTC","2022-09-09 09:23","https://modsbase.com/1io6vtwrm648/2543865921_EPE_CFP_MB_Compatch.zip.html","0","-4,6","","False","False","False","False","WEAK_TIME_CANDIDATE"
"2543865921|145","MBP-EPE-CFP","MBP-EPE-CFP","2543865921","145","9 Sep, 2022 @ 12:32pm","2022-09-09 12:32","","2543865921|73","73","False","9 Sep, 2022 at 09:23 UTC","2022-09-09 09:23","https://modsbase.com/1io6vtwrm648/2543865921_EPE_CFP_MB_Compatch.zip.html","0","-3,15","","False","False","False","False","WEAK_TIME_CANDIDATE"
"2543865921|146","MBP-EPE-CFP","MBP-EPE-CFP","2543865921","146","9 Sep, 2022 @ 12:27pm","2022-09-09 12:27","","2543865921|73","73","False","9 Sep, 2022 at 09:23 UTC","2022-09-09 09:23","https://modsbase.com/1io6vtwrm648/2543865921_EPE_CFP_MB_Compatch.zip.html","0","-3,07","","False","False","False","False","WEAK_TIME_CANDIDATE"
"2543865921|147","MBP-EPE-CFP","MBP-EPE-CFP","2543865921","147","9 Sep, 2022 @ 2:23am","2022-09-09 02:23","","2543865921|73","73","False","9 Sep, 2022 at 09:23 UTC","2022-09-09 09:23","https://modsbase.com/1io6vtwrm648/2543865921_EPE_CFP_MB_Compatch.zip.html","0","7","7","True","True","True","True","BIDIRECTIONAL_UNIQUE"
"2543865921|148","MBP-EPE-CFP","MBP-EPE-CFP","2543865921","148","28 Jul, 2022 @ 7:08pm","2022-07-28 19:08","","2543865921|74","74","False","29 Jul, 2022 at 02:08 UTC","2022-07-29 02:08","https://modsbase.com/f558jqrsb0te/2543865921_EPE_CFP_MB_Compatch.zip.html","1","7","7","True","True","True","True","BIDIRECTIONAL_UNIQUE"
"2543865921|149","MBP-EPE-CFP","MBP-EPE-CFP","2543865921","149","12 Jul, 2022 @ 12:43pm","2022-07-12 12:43","","2543865921|75","75","False","12 Jul, 2022 at 19:43 UTC","2022-07-12 19:43","https://modsbase.com/vhnx19pe5wsj/2543865921_EPE_CFP_MB_Compatch.zip.html","0","7","7","True","True","True","True","BIDIRECTIONAL_UNIQUE"
"2543865921|150","MBP-EPE-CFP","MBP-EPE-CFP","2543865921","150","7 Jul, 2022 @ 12:27pm","2022-07-07 12:27","","2543865921|76","76","False","7 Jul, 2022 at 19:27 UTC","2022-07-07 19:27","https://modsbase.com/6qlixcorj5al/2543865921_EPE_CFP_MB_Compatch.zip.html","0","7","7","True","True","True","True","BIDIRECTIONAL_UNIQUE"
"2543865921|151","MBP-EPE-CFP","MBP-EPE-CFP","2543865921","151","29 Jun, 2022 @ 12:54pm","2022-06-29 12:54","","2543865921|77","77","False","29 Jun, 2022 at 19:54 UTC","2022-06-29 19:54","https://modsbase.com/4c37kmf3uanv/2543865921_EPE_CFP_MB_Compatch.zip.html","0","7","7","True","True","True","True","BIDIRECTIONAL_UNIQUE"
"2543865921|151","MBP-EPE-CFP","MBP-EPE-CFP","2543865921","151","29 Jun, 2022 @ 12:54pm","2022-06-29 12:54","","2543865921|78","78","False","27 Jun, 2022 at 04:06 UTC","2022-06-27 04:06","https://modsbase.com/1wkjxzu0wdyz/2543865921_EPE_CFP_MB_Compatch.zip.html","-2","-56,8","","False","False","False","False","WEAK_TIME_CANDIDATE"
"2543865921|152","MBP-EPE-CFP","MBP-EPE-CFP","2543865921","152","29 Jun, 2022 @ 12:43pm","2022-06-29 12:43","","2543865921|77","77","False","29 Jun, 2022 at 19:54 UTC","2022-06-29 19:54","https://modsbase.com/4c37kmf3uanv/2543865921_EPE_CFP_MB_Compatch.zip.html","0","7,18","","False","False","False","False","WEAK_TIME_CANDIDATE"
"2543865921|152","MBP-EPE-CFP","MBP-EPE-CFP","2543865921","152","29 Jun, 2022 @ 12:43pm","2022-06-29 12:43","","2543865921|78","78","False","27 Jun, 2022 at 04:06 UTC","2022-06-27 04:06","https://modsbase.com/1wkjxzu0wdyz/2543865921_EPE_CFP_MB_Compatch.zip.html","-2","-56,62","","False","False","False","False","WEAK_TIME_CANDIDATE"
"2543865921|153","MBP-EPE-CFP","MBP-EPE-CFP","2543865921","153","26 Jun, 2022 @ 9:06pm","2022-06-26 21:06","","2543865921|78","78","False","27 Jun, 2022 at 04:06 UTC","2022-06-27 04:06","https://modsbase.com/1wkjxzu0wdyz/2543865921_EPE_CFP_MB_Compatch.zip.html","1","7","7","True","True","True","True","BIDIRECTIONAL_UNIQUE"
"2543865921|158","MBP-EPE-CFP","MBP-EPE-CFP","2543865921","158","6 Jun, 2022 @ 12:41am","2022-06-06 00:41","","2543865921|79","79","False","6 Jun, 2022 at 07:41 UTC","2022-06-06 07:41","https://modsbase.com/bwaw2xx0lqwa/2543865921_EPE_CFP_MB_Compatch.zip.html","0","7","7","True","True","True","True","BIDIRECTIONAL_UNIQUE"
"2543865921|159","MBP-EPE-CFP","MBP-EPE-CFP","2543865921","159","6 Jun, 2022 @ 12:24am","2022-06-06 00:24","","2543865921|79","79","False","6 Jun, 2022 at 07:41 UTC","2022-06-06 07:41","https://modsbase.com/bwaw2xx0lqwa/2543865921_EPE_CFP_MB_Compatch.zip.html","0","7,28","","False","False","False","False","WEAK_TIME_CANDIDATE"
"2543865921|160","MBP-EPE-CFP","MBP-EPE-CFP","2543865921","160","6 Jun, 2022 @ 12:14am","2022-06-06 00:14","","2543865921|79","79","False","6 Jun, 2022 at 07:41 UTC","2022-06-06 07:41","https://modsbase.com/bwaw2xx0lqwa/2543865921_EPE_CFP_MB_Compatch.zip.html","0","7,45","","False","False","False","False","WEAK_TIME_CANDIDATE"
"2543865921|161","MBP-EPE-CFP","MBP-EPE-CFP","2543865921","161","5 Jun, 2022 @ 12:36am","2022-06-05 00:36","","2543865921|79","79","False","6 Jun, 2022 at 07:41 UTC","2022-06-06 07:41","https://modsbase.com/bwaw2xx0lqwa/2543865921_EPE_CFP_MB_Compatch.zip.html","1","31,08","","False","False","False","False","WEAK_TIME_CANDIDATE"
"2543865921|162","MBP-EPE-CFP","MBP-EPE-CFP","2543865921","162","22 Mar, 2022 @ 3:37pm","2022-03-22 15:37","","2543865921|80","80","False","22 Mar, 2022 at 21:37 UTC","2022-03-22 21:37","https://modsbase.com/8izjgpxgt9gv/2543865921_EPE_CFP_MB_Compatch.zip.html","0","6","6","True","True","True","True","BIDIRECTIONAL_UNIQUE"
"2543865921|176","MBP-EPE-CFP","MBP-EPE-CFP","2543865921","176","1 Dec, 2021 @ 4:39pm","2021-12-01 16:39","","2543865921|81","81","False","2 Dec, 2021 at 00:39 UTC","2021-12-02 00:39","https://modsbase.com/k2nnnoyujyjk/2543865921_EPE_CFP_MB_Compatch.zip.html","1","8","8","True","True","True","True","BIDIRECTIONAL_UNIQUE"
"2543865921|177","MBP-EPE-CFP","MBP-EPE-CFP","2543865921","177","1 Dec, 2021 @ 11:41am","2021-12-01 11:41","","2543865921|81","81","False","2 Dec, 2021 at 00:39 UTC","2021-12-02 00:39","https://modsbase.com/k2nnnoyujyjk/2543865921_EPE_CFP_MB_Compatch.zip.html","1","12,97","","False","False","False","False","WEAK_TIME_CANDIDATE"
"2543865921|178","MBP-EPE-CFP","MBP-EPE-CFP","2543865921","178","1 Dec, 2021 @ 11:40am","2021-12-01 11:40","","2543865921|81","81","False","2 Dec, 2021 at 00:39 UTC","2021-12-02 00:39","https://modsbase.com/k2nnnoyujyjk/2543865921_EPE_CFP_MB_Compatch.zip.html","1","12,98","","False","False","False","False","WEAK_TIME_CANDIDATE"
"2543865921|179","MBP-EPE-CFP","MBP-EPE-CFP","2543865921","179","30 Nov, 2021 @ 2:33pm","2021-11-30 14:33","","2543865921|81","81","False","2 Dec, 2021 at 00:39 UTC","2021-12-02 00:39","https://modsbase.com/k2nnnoyujyjk/2543865921_EPE_CFP_MB_Compatch.zip.html","2","34,1","","False","False","False","False","WEAK_TIME_CANDIDATE"
"2543865921|180","MBP-EPE-CFP","MBP-EPE-CFP","2543865921","180","30 Nov, 2021 @ 2:20pm","2021-11-30 14:20","","2543865921|81","81","False","2 Dec, 2021 at 00:39 UTC","2021-12-02 00:39","https://modsbase.com/k2nnnoyujyjk/2543865921_EPE_CFP_MB_Compatch.zip.html","2","34,32","","False","False","False","False","WEAK_TIME_CANDIDATE"
"2543865921|181","MBP-EPE-CFP","MBP-EPE-CFP","2543865921","181","30 Nov, 2021 @ 12:57am","2021-11-30 00:57","","2543865921|81","81","False","2 Dec, 2021 at 00:39 UTC","2021-12-02 00:39","https://modsbase.com/k2nnnoyujyjk/2543865921_EPE_CFP_MB_Compatch.zip.html","2","47,7","","False","False","False","False","WEAK_TIME_CANDIDATE"
"3268020725|4","MedievalImmersion","MI","3268020725","4","21 Dec, 2025 @ 1:27pm","2025-12-21 13:27","","3268020725|1","1","True","21 Dec, 2025 at 21:27 UTC","2025-12-21 21:27","https://modsbase.com/08iss3c64d3k/3268020725_MedievalImmersion.zip.html","0","8","8","True","True","True","True","BIDIRECTIONAL_UNIQUE"
"3268020725|11","MedievalImmersion","MI","3268020725","11","27 Nov, 2025 @ 5:52pm","2025-11-27 17:52","","3268020725|2","2","False","28 Nov, 2025 at 01:52 UTC","2025-11-28 01:52","https://modsbase.com/8xvb4ymd7o7h/3268020725_MedievalImmersion.zip.html","1","8","8","True","True","True","True","BIDIRECTIONAL_UNIQUE"
"3268020725|12","MedievalImmersion","MI","3268020725","12","27 Nov, 2025 @ 5:08pm","2025-11-27 17:08","","3268020725|2","2","False","28 Nov, 2025 at 01:52 UTC","2025-11-28 01:52","https://modsbase.com/8xvb4ymd7o7h/3268020725_MedievalImmersion.zip.html","1","8,73","","False","False","False","False","WEAK_TIME_CANDIDATE"
"3268020725|20","MedievalImmersion","MI","3268020725","20","13 Aug, 2025 @ 9:38am","2025-08-13 09:38","","3268020725|3","3","False","13 Aug, 2025 at 16:38 UTC","2025-08-13 16:38","https://modsbase.com/7mrbzdpui1gf/3268020725_MedievalImmersion.zip.html","0","7","7","True","True","True","True","BIDIRECTIONAL_UNIQUE"
"3268020725|21","MedievalImmersion","MI","3268020725","21","27 May, 2025 @ 4:23pm","2025-05-27 16:23","","3268020725|4","4","False","27 May, 2025 at 23:23 UTC","2025-05-27 23:23","https://modsbase.com/jcvqczjsdsnt/3268020725_MedievalImmersion.zip.html","0","7","7","True","True","True","True","BIDIRECTIONAL_UNIQUE"
"3268020725|22","MedievalImmersion","MI","3268020725","22","8 Apr, 2025 @ 1:50pm","2025-04-08 13:50","","3268020725|5","5","False","8 Apr, 2025 at 20:50 UTC","2025-04-08 20:50","https://modsbase.com/gogyft6vyl93/3268020725_MedievalImmersion.zip.html","0","7","7","True","True","True","True","BIDIRECTIONAL_UNIQUE"
"3726274827|1","MPE","MPE","3726274827","1","7 Aug @ 7:03pm","2026-08-07 19:03","","3726274827|1","1","True","8 Aug at 02:03 UTC","2026-08-08 02:03","https://modsbase.com/58c7zulkmjc4/3726274827_MPE_for_AUH_-beta.zip.html","1","7","7","True","True","True","True","BIDIRECTIONAL_UNIQUE"
"3726274827|2","MPE","MPE","3726274827","2","10 Jul @ 12:39am","2026-07-10 00:39","","3726274827|2","2","False","10 Jul at 07:39 UTC","2026-07-10 07:39","https://modsbase.com/ozqvpzck2zeq/3726274827_MPE_for_AUH_-beta.zip.html","0","7","7","True","True","True","True","BIDIRECTIONAL_UNIQUE"
"3726274827|3","MPE","MPE","3726274827","3","10 Jul @ 12:34am","2026-07-10 00:34","","3726274827|2","2","False","10 Jul at 07:39 UTC","2026-07-10 07:39","https://modsbase.com/ozqvpzck2zeq/3726274827_MPE_for_AUH_-beta.zip.html","0","7,08","","False","False","False","False","WEAK_TIME_CANDIDATE"
"3726274827|4","MPE","MPE","3726274827","4","18 Jun @ 4:31am","2026-06-18 04:31","","3726274827|3","3","False","18 Jun at 11:31 UTC","2026-06-18 11:31","https://modsbase.com/46xvo373hdac/3726274827_MPE_for_AUH_-beta.zip.html","0","7","7","True","True","True","True","BIDIRECTIONAL_UNIQUE"
"3726274827|5","MPE","MPE","3726274827","5","20 May @ 10:40pm","2026-05-20 22:40","","3726274827|4","4","False","21 May at 05:40 UTC","2026-05-21 05:40","https://modsbase.com/ktxf2lhbk3wd/3726274827_MPE_for_AUH_-beta.zip.html","1","7","7","True","True","True","True","BIDIRECTIONAL_UNIQUE"
"3726274827|6","MPE","MPE","3726274827","6","17 May @ 11:36pm","2026-05-17 23:36","","3726274827|5","5","False","17 May at 09:34 UTC","2026-05-17 09:34","https://modsbase.com/fikx718bjfc3/3726274827_MPE_for_AUH_-beta.zip.html","0","-14,03","","False","False","False","False","WEAK_TIME_CANDIDATE"
"3726274827|7","MPE","MPE","3726274827","7","17 May @ 2:34am","2026-05-17 02:34","","3726274827|5","5","False","17 May at 09:34 UTC","2026-05-17 09:34","https://modsbase.com/fikx718bjfc3/3726274827_MPE_for_AUH_-beta.zip.html","0","7","7","True","True","True","True","BIDIRECTIONAL_UNIQUE"
"3726274827|8","MPE","MPE","3726274827","8","16 May @ 3:46am","2026-05-16 03:46","","3726274827|5","5","False","17 May at 09:34 UTC","2026-05-17 09:34","https://modsbase.com/fikx718bjfc3/3726274827_MPE_for_AUH_-beta.zip.html","1","29,8","","False","False","False","False","WEAK_TIME_CANDIDATE"
"3726274827|9","MPE","MPE","3726274827","9","15 May @ 1:28am","2026-05-15 01:28","","3726274827|5","5","False","17 May at 09:34 UTC","2026-05-17 09:34","https://modsbase.com/fikx718bjfc3/3726274827_MPE_for_AUH_-beta.zip.html","2","56,1","","False","False","False","False","WEAK_TIME_CANDIDATE"
"2273832430|2","RICE","RICE","2273832430","2","26 Jul @ 12:25pm","2026-07-26 12:25","Version 1.19.2 ""Al-Andalus""","2273832430|1","1","True","26 Jul at 19:25 UTC","2026-07-26 19:25","https://modsbase.com/736skdu5927p/2273832430_Regional_Immersion_and_Cultural_Enrichment___40_RICE__41_.zip.html","0","7","7","True","True","True","True","BIDIRECTIONAL_UNIQUE"
"2273832430|3","RICE","RICE","2273832430","3","10 Jul @ 11:40am","2026-07-10 11:40","Version 1.19.1 ""Pacific""","2273832430|2","2","False","10 Jul at 18:40 UTC","2026-07-10 18:40","https://modsbase.com/7lseipc8ntnr/2273832430_Regional_Immersion_and_Cultural_Enrichment___40_RICE__41_.zip.html","0","7","7","True","True","True","True","BIDIRECTIONAL_UNIQUE"
"2273832430|4","RICE","RICE","2273832430","4","15 May @ 1:16pm","2026-05-15 13:16","Version 1.19.0.b Hotfix for ""Strait of Malacca""","2273832430|3","3","False","15 May at 20:16 UTC","2026-05-15 20:16","https://modsbase.com/7a326n6huexz/2273832430_Regional_Immersion_and_Cultural_Enrichment___40_RICE__41_.zip.html","0","7","7","True","True","True","True","BIDIRECTIONAL_UNIQUE"
"2273832430|5","RICE","RICE","2273832430","5","2 May @ 3:53pm","2026-05-02 15:53","Version 1.19.0.a Hotfix for ""Strait of Malacca""","2273832430|4","4","False","2 May at 22:53 UTC","2026-05-02 22:53","https://modsbase.com/znh2er7kc3na/2273832430_Regional_Immersion_and_Cultural_Enrichment___40_RICE__41_.zip.html","0","7","7","True","True","True","True","BIDIRECTIONAL_UNIQUE"
"2273832430|7","RICE","RICE","2273832430","7","28 Mar @ 11:29am","2026-03-28 11:29","","2273832430|5","5","False","28 Mar at 17:29 UTC","2026-03-28 17:29","https://modsbase.com/8ik6kdbwiiv4/2273832430_Regional_Immersion_and_Cultural_Enrichment___40_RICE__41_.zip.html","0","6","6","True","True","True","True","BIDIRECTIONAL_UNIQUE"
"2273832430|8","RICE","RICE","2273832430","8","9 Feb @ 10:48pm","2026-02-09 22:48","Version 1.18.1.b Hotfix for ""Saint Patrick""","2273832430|6","6","False","10 Feb at 06:48 UTC","2026-02-10 06:48","https://modsbase.com/5pri41cwutdm/2273832430_Regional_Immersion_and_Cultural_Enrichment___40_RICE__41_.zip.html","1","8","8","True","True","True","True","BIDIRECTIONAL_UNIQUE"
"2273832430|8","RICE","RICE","2273832430","8","9 Feb @ 10:48pm","2026-02-09 22:48","Version 1.18.1.b Hotfix for ""Saint Patrick""","2273832430|7","7","False","7 Feb at 21:01 UTC","2026-02-07 21:01","https://modsbase.com/t58kunxjf7hc/2273832430_Regional_Immersion_and_Cultural_Enrichment___40_RICE__41_.zip.html","-2","-49,78","","False","False","False","False","WEAK_TIME_CANDIDATE"
"2273832430|9","RICE","RICE","2273832430","9","7 Feb @ 1:01pm","2026-02-07 13:01","Version 1.18.1.a Hotfix for ""Saint Patrick""","2273832430|7","7","False","7 Feb at 21:01 UTC","2026-02-07 21:01","https://modsbase.com/t58kunxjf7hc/2273832430_Regional_Immersion_and_Cultural_Enrichment___40_RICE__41_.zip.html","0","8","8","True","True","True","True","BIDIRECTIONAL_UNIQUE"
"2273832430|10","RICE","RICE","2273832430","10","2 Feb @ 12:04am","2026-02-02 00:04","Version 1.18.1 ""Saint Patrick""","2273832430|8","8","False","2 Feb at 08:04 UTC","2026-02-02 08:04","https://modsbase.com/4jhv6hims2uw/2273832430_Regional_Immersion_and_Cultural_Enrichment___40_RICE__41_.zip.html","0","8","8","True","True","True","True","BIDIRECTIONAL_UNIQUE"
"2273832430|11","RICE","RICE","2273832430","11","17 Dec, 2025 @ 10:03pm","2025-12-17 22:03","Version 1.18.0.c Hotfix ""Scholar-Gentry""","2273832430|9","9","False","18 Dec, 2025 at 06:03 UTC","2025-12-18 06:03","https://modsbase.com/fkuaotc0iku5/2273832430_Regional_Immersion_and_Cultural_Enrichment___40_RICE__41_.zip.html","1","8","8","True","True","True","True","BIDIRECTIONAL_UNIQUE"
"2273832430|12","RICE","RICE","2273832430","12","13 Dec, 2025 @ 10:59pm","2025-12-13 22:59","Version 1.18.0.b Hotfix ""Scholar-Gentry""","2273832430|10","10","False","14 Dec, 2025 at 06:59 UTC","2025-12-14 06:59","https://modsbase.com/d9u67pxcjoiy/2273832430_Regional_Immersion_and_Cultural_Enrichment___40_RICE__41_.zip.html","1","8","8","True","True","True","True","BIDIRECTIONAL_UNIQUE"
"2273832430|13","RICE","RICE","2273832430","13","9 Dec, 2025 @ 9:39pm","2025-12-09 21:39","Version 1.18.0.a Hotfix ""Scholar-Gentry""","2273832430|11","11","False","10 Dec, 2025 at 05:39 UTC","2025-12-10 05:39","https://modsbase.com/cugktbuse80e/2273832430_Regional_Immersion_and_Cultural_Enrichment___40_RICE__41_.zip.html","1","8","8","True","True","True","True","BIDIRECTIONAL_UNIQUE"
"2273832430|14","RICE","RICE","2273832430","14","9 Dec, 2025 @ 12:27am","2025-12-09 00:27","Version 1.18.0 ""Scholar-Gentry""","2273832430|11","11","False","10 Dec, 2025 at 05:39 UTC","2025-12-10 05:39","https://modsbase.com/cugktbuse80e/2273832430_Regional_Immersion_and_Cultural_Enrichment___40_RICE__41_.zip.html","1","29,2","","False","False","False","False","WEAK_TIME_CANDIDATE"
"2273832430|15","RICE","RICE","2273832430","15","3 Oct, 2025 @ 10:34pm","2025-10-03 22:34","Version 1.17.0.a Hotfix for ""Makuria""","2273832430|12","12","False","4 Oct, 2025 at 05:34 UTC","2025-10-04 05:34","https://modsbase.com/6lg4g75fydf9/2273832430_Regional_Immersion_and_Cultural_Enrichment___40_RICE__41_.zip.html","1","7","7","True","True","True","True","BIDIRECTIONAL_UNIQUE"
"2273832430|16","RICE","RICE","2273832430","16","30 Sep, 2025 @ 12:24am","2025-09-30 00:24","Version 1.17.0 ""Makuria""","2273832430|13","13","False","30 Sep, 2025 at 07:24 UTC","2025-09-30 07:24","https://modsbase.com/81xh1gpwvo51/2273832430_Regional_Immersion_and_Cultural_Enrichment___40_RICE__41_.zip.html","0","7","7","True","True","True","True","BIDIRECTIONAL_UNIQUE"
"2273832430|17","RICE","RICE","2273832430","17","3 Jul, 2025 @ 6:30pm","2025-07-03 18:30","","2273832430|14","14","False","4 Jul, 2025 at 01:30 UTC","2025-07-04 01:30","https://modsbase.com/ql55vebqc2v3/2273832430_Regional_Immersion_and_Cultural_Enrichment___40_RICE__41_.zip.html","1","7","7","True","True","True","True","BIDIRECTIONAL_UNIQUE"
"2273832430|19","RICE","RICE","2273832430","19","24 Jun, 2025 @ 8:52pm","2025-06-24 20:52","Version 1.16.1.a Hotfix for ""Cao'an","2273832430|15","15","False","25 Jun, 2025 at 03:52 UTC","2025-06-25 03:52","https://modsbase.com/d3kab72jh77l/2273832430_Regional_Immersion_and_Cultural_Enrichment___40_RICE__41_.zip.html","1","7","7","True","True","True","True","BIDIRECTIONAL_UNIQUE"
"2273832430|20","RICE","RICE","2273832430","20","17 Jun, 2025 @ 9:01pm","2025-06-17 21:01","Version 1.16.1 ""Cao'an","2273832430|16","16","False","18 Jun, 2025 at 04:01 UTC","2025-06-18 04:01","https://modsbase.com/qtygsbmbe9gb/2273832430_Regional_Immersion_and_Cultural_Enrichment___40_RICE__41_.zip.html","1","7","7","True","True","True","True","BIDIRECTIONAL_UNIQUE"
"2273832430|21","RICE","RICE","2273832430","21","31 May, 2025 @ 1:33pm","2025-05-31 13:33","Version 1.16.0.b Hotfix for ""Buddha of Light""","2273832430|17","17","False","31 May, 2025 at 20:33 UTC","2025-05-31 20:33","https://modsbase.com/k77m5gc8olg2/2273832430_Regional_Immersion_and_Cultural_Enrichment___40_RICE__41_.zip.html","0","7","7","True","True","True","True","BIDIRECTIONAL_UNIQUE"
"2273832430|22","RICE","RICE","2273832430","22","20 May, 2025 @ 9:10pm","2025-05-20 21:10","Version 1.16.0.a Hotfix for ""Buddha of Light""","2273832430|18","18","False","21 May, 2025 at 04:10 UTC","2025-05-21 04:10","https://modsbase.com/1ylglgzxbeke/2273832430_Regional_Immersion_and_Cultural_Enrichment___40_RICE__41_.zip.html","1","7","7","True","True","True","True","BIDIRECTIONAL_UNIQUE"
"2273832430|23","RICE","RICE","2273832430","23","19 May, 2025 @ 12:47am","2025-05-19 00:47","Version 1.16.0 ""Buddha of Light""","2273832430|18","18","False","21 May, 2025 at 04:10 UTC","2025-05-21 04:10","https://modsbase.com/1ylglgzxbeke/2273832430_Regional_Immersion_and_Cultural_Enrichment___40_RICE__41_.zip.html","2","51,38","","False","False","False","False","WEAK_TIME_CANDIDATE"
"2273832430|24","RICE","RICE","2273832430","24","28 Mar, 2025 @ 9:44pm","2025-03-28 21:44","Version 1.15.0 ""Ladakh""","2273832430|19","19","False","29 Mar, 2025 at 03:44 UTC","2025-03-29 03:44","https://modsbase.com/t8ys7z6pv1l4/2273832430_Regional_Immersion_and_Cultural_Enrichment___40_RICE__41_.zip.html","1","6","6","True","True","True","True","BIDIRECTIONAL_UNIQUE"
"2273832430|25","RICE","RICE","2273832430","25","7 Mar, 2025 @ 10:13pm","2025-03-07 22:13","Version 1.14.2.a Hotfix for ""Rus""","2273832430|20","20","False","8 Mar, 2025 at 06:13 UTC","2025-03-08 06:13","https://modsbase.com/i35ucl6yovmo/2273832430_Regional_Immersion_and_Cultural_Enrichment___40_RICE__41_.zip.html","1","8","8","True","True","True","True","BIDIRECTIONAL_UNIQUE"
"2273832430|26","RICE","RICE","2273832430","26","4 Mar, 2025 @ 12:10am","2025-03-04 00:10","Version 1.14.2 ""Rus""","2273832430|21","21","False","4 Mar, 2025 at 08:10 UTC","2025-03-04 08:10","https://modsbase.com/om41guv9pc2b/2273832430_Regional_Immersion_and_Cultural_Enrichment___40_RICE__41_.zip.html","0","8","8","True","True","True","True","BIDIRECTIONAL_UNIQUE"
"2273832430|27","RICE","RICE","2273832430","27","16 Feb, 2025 @ 12:44am","2025-02-16 00:44","Version 1.14.1.b Hotfix for ""Padmasambhava""","2273832430|22","22","False","16 Feb, 2025 at 08:44 UTC","2025-02-16 08:44","https://modsbase.com/mgciquud4ak8/2273832430_Regional_Immersion_and_Cultural_Enrichment___40_RICE__41_.zip.html","0","8","8","True","True","True","True","BIDIRECTIONAL_UNIQUE"
"2273832430|28","RICE","RICE","2273832430","28","10 Feb, 2025 @ 10:52pm","2025-02-10 22:52","Version 1.14.1.a Hotfix for ""Padmasambhava""","2273832430|23","23","False","11 Feb, 2025 at 06:52 UTC","2025-02-11 06:52","https://modsbase.com/1w65ertjjreu/2273832430_Regional_Immersion_and_Cultural_Enrichment___40_RICE__41_.zip.html","1","8","8","True","True","True","True","BIDIRECTIONAL_UNIQUE"
"2273832430|29","RICE","RICE","2273832430","29","5 Feb, 2025 @ 11:22pm","2025-02-05 23:22","Version 1.14.1 ""Padmasambhava""","2273832430|24","24","False","6 Feb, 2025 at 07:22 UTC","2025-02-06 07:22","https://modsbase.com/w0w4iqnglfb3/2273832430_Regional_Immersion_and_Cultural_Enrichment___40_RICE__41_.zip.html","1","8","8","True","True","True","True","BIDIRECTIONAL_UNIQUE"
"2273832430|30","RICE","RICE","2273832430","30","2 Dec, 2024 @ 12:10am","2024-12-02 00:10","Version 1.14.0.a Hotfix for ""Hyecho""","2273832430|25","25","False","2 Dec, 2024 at 08:10 UTC","2024-12-02 08:10","https://modsbase.com/o8kf024cb1hs/2273832430_Regional_Immersion_and_Cultural_Enrichment___40_RICE__41_.zip.html","0","8","8","True","True","True","True","BIDIRECTIONAL_UNIQUE"
"2273832430|31","RICE","RICE","2273832430","31","21 Nov, 2024 @ 12:00pm","2024-11-21 12:00","Version 1.14.0 ""Hyecho""","2273832430|26","26","False","21 Nov, 2024 at 20:00 UTC","2024-11-21 20:00","https://modsbase.com/7xljitcs1ull/2273832430_Regional_Immersion_and_Cultural_Enrichment___40_RICE__41_.zip.html","0","8","8","True","True","True","True","BIDIRECTIONAL_UNIQUE"
"2273832430|32","RICE","RICE","2273832430","32","21 Nov, 2024 @ 11:57am","2024-11-21 11:57","","2273832430|26","26","False","21 Nov, 2024 at 20:00 UTC","2024-11-21 20:00","https://modsbase.com/7xljitcs1ull/2273832430_Regional_Immersion_and_Cultural_Enrichment___40_RICE__41_.zip.html","0","8,05","","False","False","False","False","WEAK_TIME_CANDIDATE"
"2273832430|33","RICE","RICE","2273832430","33","21 Nov, 2024 @ 11:56am","2024-11-21 11:56","","2273832430|26","26","False","21 Nov, 2024 at 20:00 UTC","2024-11-21 20:00","https://modsbase.com/7xljitcs1ull/2273832430_Regional_Immersion_and_Cultural_Enrichment___40_RICE__41_.zip.html","0","8,07","","False","False","False","False","WEAK_TIME_CANDIDATE"
"2273832430|34","RICE","RICE","2273832430","34","29 Oct, 2024 @ 9:49pm","2024-10-29 21:49","Version 1.13.1 ""Alexiad""","2273832430|27","27","False","30 Oct, 2024 at 04:49 UTC","2024-10-30 04:49","https://modsbase.com/adbn4d1m4fkc/2273832430_Regional_Immersion_and_Cultural_Enrichment___40_RICE__41_.zip.html","1","7","7","True","True","True","True","BIDIRECTIONAL_UNIQUE"
"2273832430|35","RICE","RICE","2273832430","35","12 Oct, 2024 @ 10:35pm","2024-10-12 22:35","Version 1.13.0.a Hotfix for ""Anna Komnene""","2273832430|28","28","False","13 Oct, 2024 at 05:35 UTC","2024-10-13 05:35","https://modsbase.com/26szp5zfr41i/2273832430_Regional_Immersion_and_Cultural_Enrichment___40_RICE__41_.zip.html","1","7","7","True","True","True","True","BIDIRECTIONAL_UNIQUE"
"2273832430|36","RICE","RICE","2273832430","36","6 Oct, 2024 @ 3:11am","2024-10-06 03:11","Version 1.3.0 Mini-Hotfix","2273832430|29","29","False","6 Oct, 2024 at 10:11 UTC","2024-10-06 10:11","https://modsbase.com/zpoaedalnx3p/2273832430_Regional_Immersion_and_Cultural_Enrichment___40_RICE__41_.zip.html","0","7","7","True","True","True","True","BIDIRECTIONAL_UNIQUE"
"2273832430|37","RICE","RICE","2273832430","37","5 Oct, 2024 @ 11:08pm","2024-10-05 23:08","Version 1.13.0 ""Anna Komnene""","2273832430|29","29","False","6 Oct, 2024 at 10:11 UTC","2024-10-06 10:11","https://modsbase.com/zpoaedalnx3p/2273832430_Regional_Immersion_and_Cultural_Enrichment___40_RICE__41_.zip.html","1","11,05","","False","False","False","False","WEAK_TIME_CANDIDATE"
"2273832430|38","RICE","RICE","2273832430","38","8 Sep, 2024 @ 10:44pm","2024-09-08 22:44","Version 1.12.3 ""Syracuse""","2273832430|30","30","False","9 Sep, 2024 at 05:44 UTC","2024-09-09 05:44","https://modsbase.com/45g06tm0njhn/2273832430_Regional_Immersion_and_Cultural_Enrichment___40_RICE__41_.zip.html","1","7","7","True","True","True","True","BIDIRECTIONAL_UNIQUE"
"2273832430|39","RICE","RICE","2273832430","39","31 Aug, 2024 @ 11:14pm","2024-08-31 23:14","Version 1.12.2.b Hotfix for ""Palermo""","2273832430|31","31","False","1 Sep, 2024 at 06:14 UTC","2024-09-01 06:14","https://modsbase.com/fu5wlvdu8zb1/2273832430_Regional_Immersion_and_Cultural_Enrichment___40_RICE__41_.zip.html","1","7","7","True","True","True","True","BIDIRECTIONAL_UNIQUE"
"2273832430|40","RICE","RICE","2273832430","40","30 Aug, 2024 @ 12:51am","2024-08-30 00:51","Version 1.12.2.a Hotfix for ""Palermo""","2273832430|31","31","False","1 Sep, 2024 at 06:14 UTC","2024-09-01 06:14","https://modsbase.com/fu5wlvdu8zb1/2273832430_Regional_Immersion_and_Cultural_Enrichment___40_RICE__41_.zip.html","2","53,38","","False","False","False","False","WEAK_TIME_CANDIDATE"
"2273832430|40","RICE","RICE","2273832430","40","30 Aug, 2024 @ 12:51am","2024-08-30 00:51","Version 1.12.2.a Hotfix for ""Palermo""","2273832430|32","32","False","28 Aug, 2024 at 07:35 UTC","2024-08-28 07:35","https://modsbase.com/kyhlbr8amq1o/2273832430_Regional_Immersion_and_Cultural_Enrichment___40_RICE__41_.zip.html","-2","-41,27","","False","False","False","False","WEAK_TIME_CANDIDATE"
"2273832430|41","RICE","RICE","2273832430","41","28 Aug, 2024 @ 12:35am","2024-08-28 00:35","Version 1.12.2 ""Palermo""","2273832430|32","32","False","28 Aug, 2024 at 07:35 UTC","2024-08-28 07:35","https://modsbase.com/kyhlbr8amq1o/2273832430_Regional_Immersion_and_Cultural_Enrichment___40_RICE__41_.zip.html","0","7","7","True","True","True","True","BIDIRECTIONAL_UNIQUE"
"2273832430|42","RICE","RICE","2273832430","42","30 Mar, 2024 @ 12:05pm","2024-03-30 12:05","Version 1.12.1.a Hotfix for ""Dioscorida""","2273832430|33","33","False","30 Mar, 2024 at 18:05 UTC","2024-03-30 18:05","https://modsbase.com/f71roohg1xvg/2273832430_Regional_Immersion_and_Cultural_Enrichment___40_RICE__41_.zip.html","0","6","6","True","True","True","True","BIDIRECTIONAL_UNIQUE"
"2273832430|43","RICE","RICE","2273832430","43","16 Mar, 2024 @ 10:21pm","2024-03-16 22:21","Version 1.12.1 ""Dioscorida""","2273832430|34","34","False","17 Mar, 2024 at 05:21 UTC","2024-03-17 05:21","https://modsbase.com/b1bn7fn6vvzm/2273832430_Regional_Immersion_and_Cultural_Enrichment___40_RICE__41_.zip.html","1","7","7","True","True","True","True","BIDIRECTIONAL_UNIQUE"
"2273832430|44","RICE","RICE","2273832430","44","10 Mar, 2024 @ 12:32pm","2024-03-10 12:32","Version 1.12.0.a Hotfix for ""Omotic""","2273832430|35","35","False","10 Mar, 2024 at 19:32 UTC","2024-03-10 19:32","https://modsbase.com/x31zu0ak2fqj/2273832430_Regional_Immersion_and_Cultural_Enrichment___40_RICE__41_.zip.html","0","7","7","True","True","True","True","BIDIRECTIONAL_UNIQUE"
"2273832430|45","RICE","RICE","2273832430","45","7 Mar, 2024 @ 12:58am","2024-03-07 00:58","Version 1.12.0 ""Omotic""","2273832430|36","36","False","7 Mar, 2024 at 08:58 UTC","2024-03-07 08:58","https://modsbase.com/gbbyg22raobi/2273832430_Regional_Immersion_and_Cultural_Enrichment___40_RICE__41_.zip.html","0","8","8","True","True","True","True","BIDIRECTIONAL_UNIQUE"
"2273832430|46","RICE","RICE","2273832430","46","24 Feb, 2024 @ 2:17am","2024-02-24 02:17","Version 1.11.3 ""Nuraghe""","2273832430|37","37","False","24 Feb, 2024 at 10:17 UTC","2024-02-24 10:17","https://modsbase.com/l3ny3z47hcn2/2273832430_Regional_Immersion_and_Cultural_Enrichment___40_RICE__41_.zip.html","0","8","8","True","True","True","True","BIDIRECTIONAL_UNIQUE"
"2273832430|47","RICE","RICE","2273832430","47","8 Feb, 2024 @ 11:39pm","2024-02-08 23:39","Version 1.11.2 ""Eleanor of Arborea""","2273832430|38","38","False","9 Feb, 2024 at 07:39 UTC","2024-02-09 07:39","https://modsbase.com/h03kk308ei4b/2273832430_Regional_Immersion_and_Cultural_Enrichment___40_RICE__41_.zip.html","1","8","8","True","True","True","True","BIDIRECTIONAL_UNIQUE"
"2273832430|48","RICE","RICE","2273832430","48","12 Dec, 2023 @ 12:34am","2023-12-12 00:34","Version 1.11.1 ""Hindu Kush""","2273832430|39","39","False","12 Dec, 2023 at 08:34 UTC","2023-12-12 08:34","https://modsbase.com/mxa9otcxkgr8/2273832430_Regional_Immersion_and_Cultural_Enrichment___40_RICE__41_.zip.html","0","8","8","True","True","True","True","BIDIRECTIONAL_UNIQUE"
"2273832430|49","RICE","RICE","2273832430","49","20 Nov, 2023 @ 1:15am","2023-11-20 01:15","Version 1.11.0.a Hotfix for ""Melek Taus""","2273832430|40","40","False","20 Nov, 2023 at 09:15 UTC","2023-11-20 09:15","https://modsbase.com/0gxy386kkhg2/2273832430_Regional_Immersion_and_Cultural_Enrichment___40_RICE__41_.zip.html","0","8","8","True","True","True","True","BIDIRECTIONAL_UNIQUE"
"2273832430|50","RICE","RICE","2273832430","50","11 Nov, 2023 @ 9:36pm","2023-11-11 21:36","Version 1.11.0 ""Melek taus""","2273832430|41","41","False","12 Nov, 2023 at 05:36 UTC","2023-11-12 05:36","https://modsbase.com/2gi2dq2y1911/2273832430_Regional_Immersion_and_Cultural_Enrichment___40_RICE__41_.zip.html","1","8","8","True","True","True","True","BIDIRECTIONAL_UNIQUE"
"2273832430|51","RICE","RICE","2273832430","51","23 Oct, 2023 @ 1:12am","2023-10-23 01:12","Version 1.10.2 ""Arkona""","2273832430|42","42","False","23 Oct, 2023 at 09:12 UTC","2023-10-23 09:12","https://modsbase.com/wej62y3p0nz4/2273832430_Regional_Immersion_and_Cultural_Enrichment___40_RICE__41_.zip.html","0","8","8","True","True","True","True","EVENT_AMBIGUOUS"
"2273832430|51","RICE","RICE","2273832430","51","23 Oct, 2023 @ 1:12am","2023-10-23 01:12","Version 1.10.2 ""Arkona""","2273832430|43","43","False","23 Oct, 2023 at 08:12 UTC","2023-10-23 08:12","https://modsbase.com/mk7kt1s062fn/2273832430_Regional_Immersion_and_Cultural_Enrichment___40_RICE__41_.zip.html","0","7","7","True","True","True","True","EVENT_AMBIGUOUS"
"2273832430|52","RICE","RICE","2273832430","52","24 Sep, 2023 @ 12:49am","2023-09-24 00:49","Version 1.10.1 ""Sri Pada""","2273832430|44","44","False","24 Sep, 2023 at 07:49 UTC","2023-09-24 07:49","https://modsbase.com/50p9i9vi2iqo/2273832430_Regional_Immersion_and_Cultural_Enrichment___40_RICE__41_.zip.html","0","7","7","True","True","True","True","BIDIRECTIONAL_UNIQUE"
"2273832430|53","RICE","RICE","2273832430","53","31 Aug, 2023 @ 6:55pm","2023-08-31 18:55","Version 1.10.0.a Hotfix for ""Pali""","2273832430|45","45","False","1 Sep, 2023 at 01:55 UTC","2023-09-01 01:55","https://modsbase.com/aeq4u7jokm72/2273832430_Regional_Immersion_and_Cultural_Enrichment___40_RICE__41_.zip.html","1","7","7","True","True","True","True","BIDIRECTIONAL_UNIQUE"
"2273832430|53","RICE","RICE","2273832430","53","31 Aug, 2023 @ 6:55pm","2023-08-31 18:55","Version 1.10.0.a Hotfix for ""Pali""","2273832430|46","46","False","29 Aug, 2023 at 06:02 UTC","2023-08-29 06:02","https://modsbase.com/wq0n09hlb6zo/2273832430_Regional_Immersion_and_Cultural_Enrichment___40_RICE__41_.zip.html","-2","-60,88","","False","False","False","False","WEAK_TIME_CANDIDATE"
"2273832430|54","RICE","RICE","2273832430","54","28 Aug, 2023 @ 11:02pm","2023-08-28 23:02","Version 1.10.0 ""Pali""","2273832430|46","46","False","29 Aug, 2023 at 06:02 UTC","2023-08-29 06:02","https://modsbase.com/wq0n09hlb6zo/2273832430_Regional_Immersion_and_Cultural_Enrichment___40_RICE__41_.zip.html","1","7","7","True","True","True","True","BIDIRECTIONAL_UNIQUE"
"2273832430|55","RICE","RICE","2273832430","55","28 Jun, 2023 @ 11:17pm","2023-06-28 23:17","Version 1.9.2 ""Rouen""","2273832430|47","47","False","29 Jun, 2023 at 06:17 UTC","2023-06-29 06:17","https://modsbase.com/ov86c0it849n/2273832430_Regional_Immersion_and_Cultural_Enrichment___40_RICE__41_.zip.html","1","7","7","True","True","True","True","BIDIRECTIONAL_UNIQUE"
"2273832430|56","RICE","RICE","2273832430","56","20 Jun, 2023 @ 11:07pm","2023-06-20 23:07","Version 1.9.1 ""Agadez""","2273832430|48","48","False","21 Jun, 2023 at 06:07 UTC","2023-06-21 06:07","https://modsbase.com/5726v7qfx1k1/2273832430_Regional_Immersion_and_Cultural_Enrichment___40_RICE__41_.zip.html","1","7","7","True","True","True","True","BIDIRECTIONAL_UNIQUE"
"2273832430|57","RICE","RICE","2273832430","57","12 Jun, 2023 @ 6:23pm","2023-06-12 18:23","Version 1.9.0 ""Tagelmust""","2273832430|49","49","False","13 Jun, 2023 at 01:23 UTC","2023-06-13 01:23","https://modsbase.com/p1yfhziojb79/2273832430_Regional_Immersion_and_Cultural_Enrichment___40_RICE__41_.zip.html","1","7","7","True","True","True","True","BIDIRECTIONAL_UNIQUE"
"2273832430|58","RICE","RICE","2273832430","58","18 Apr, 2023 @ 11:00pm","2023-04-18 23:00","Version 1.8.6 ""Jenne""","2273832430|50","50","False","19 Apr, 2023 at 06:00 UTC","2023-04-19 06:00","https://modsbase.com/u4mvse6z6d02/2273832430_Regional_Immersion_and_Cultural_Enrichment___40_RICE__41_.zip.html","1","7","7","True","True","True","True","BIDIRECTIONAL_UNIQUE"
"2273832430|59","RICE","RICE","2273832430","59","11 Apr, 2023 @ 11:12pm","2023-04-11 23:12","Version 1.8.5.b Hotfix for ""William the Conqueror""","2273832430|51","51","False","12 Apr, 2023 at 06:12 UTC","2023-04-12 06:12","https://modsbase.com/kztbaemmb15n/2273832430_Regional_Immersion_and_Cultural_Enrichment___40_RICE__41_.zip.html","1","7","7","True","True","True","True","BIDIRECTIONAL_UNIQUE"
"2273832430|60","RICE","RICE","2273832430","60","5 Apr, 2023 @ 10:23pm","2023-04-05 22:23","Version 1.8.5.a Hotfix for ""William the Conqueror""","2273832430|52","52","False","6 Apr, 2023 at 05:23 UTC","2023-04-06 05:23","https://modsbase.com/qexhnncywyol/2273832430_Regional_Immersion_and_Cultural_Enrichment___40_RICE__41_.zip.html","1","7","7","True","True","True","True","BIDIRECTIONAL_UNIQUE"
"2273832430|60","RICE","RICE","2273832430","60","5 Apr, 2023 @ 10:23pm","2023-04-05 22:23","Version 1.8.5.a Hotfix for ""William the Conqueror""","2273832430|53","53","False","4 Apr, 2023 at 06:09 UTC","2023-04-04 06:09","https://modsbase.com/mzrelx55p2mp/2273832430_Regional_Immersion_and_Cultural_Enrichment___40_RICE__41_.zip.html","-1","-40,23","","False","False","False","False","WEAK_TIME_CANDIDATE"
"2273832430|61","RICE","RICE","2273832430","61","3 Apr, 2023 @ 11:09pm","2023-04-03 23:09","Version 1.8.5 ""William the Conqueror""","2273832430|53","53","False","4 Apr, 2023 at 06:09 UTC","2023-04-04 06:09","https://modsbase.com/mzrelx55p2mp/2273832430_Regional_Immersion_and_Cultural_Enrichment___40_RICE__41_.zip.html","1","7","7","True","True","True","True","BIDIRECTIONAL_UNIQUE"
"2273832430|62","RICE","RICE","2273832430","62","20 Jan, 2023 @ 9:51pm","2023-01-20 21:51","Version 1.8.4 ""Al-Biruni""","2273832430|54","54","False","21 Jan, 2023 at 05:51 UTC","2023-01-21 05:51","https://modsbase.com/wud67zymohf2/2273832430_Regional_Immersion_and_Cultural_Enrichment___40_RICE__41_.zip.html","1","8","8","True","True","True","True","BIDIRECTIONAL_UNIQUE"
"2273832430|63","RICE","RICE","2273832430","63","15 Jan, 2023 @ 10:03pm","2023-01-15 22:03","","2273832430|55","55","False","16 Jan, 2023 at 06:03 UTC","2023-01-16 06:03","https://modsbase.com/3qxe2msfldsl/2273832430_Regional_Immersion_and_Cultural_Enrichment___40_RICE__41_.zip.html","1","8","8","True","True","True","True","BIDIRECTIONAL_UNIQUE"
"2273832430|64","RICE","RICE","2273832430","64","15 Jan, 2023 @ 7:25pm","2023-01-15 19:25","Version 1.8.3 ""Šuš""","2273832430|55","55","False","16 Jan, 2023 at 06:03 UTC","2023-01-16 06:03","https://modsbase.com/3qxe2msfldsl/2273832430_Regional_Immersion_and_Cultural_Enrichment___40_RICE__41_.zip.html","1","10,63","","False","False","False","False","WEAK_TIME_CANDIDATE"
"2273832430|65","RICE","RICE","2273832430","65","19 Dec, 2022 @ 2:53am","2022-12-19 02:53","Version 1.8.2 ""Tyushtya""","2273832430|56","56","False","19 Dec, 2022 at 10:53 UTC","2022-12-19 10:53","https://modsbase.com/gvi3wulh10s5/2273832430_Regional_Immersion_and_Cultural_Enrichment___40_RICE__41_.zip.html","0","8","8","True","True","True","True","BIDIRECTIONAL_UNIQUE"
"2273832430|66","RICE","RICE","2273832430","66","7 Dec, 2022 @ 12:32am","2022-12-07 00:32","Version 1.8.1 ""Erik the Red""","2273832430|57","57","False","7 Dec, 2022 at 08:32 UTC","2022-12-07 08:32","https://modsbase.com/e6ez7ynl4cs6/2273832430_Regional_Immersion_and_Cultural_Enrichment___40_RICE__41_.zip.html","0","8","8","True","True","True","True","BIDIRECTIONAL_UNIQUE"
"2273832430|68","RICE","RICE","2273832430","68","31 Oct, 2022 @ 10:55pm","2022-10-31 22:55","Version 1.7.2.b Hotfix for ""Leif Erikson""","2273832430|58","58","False","1 Nov, 2022 at 05:55 UTC","2022-11-01 05:55","https://modsbase.com/l1mufkvf9qyd/2273832430_Regional_Immersion_and_Cultural_Enrichment___40_RICE__41_.zip.html","1","7","7","True","True","True","True","BIDIRECTIONAL_UNIQUE"
"2273832430|68","RICE","RICE","2273832430","68","31 Oct, 2022 @ 10:55pm","2022-10-31 22:55","Version 1.7.2.b Hotfix for ""Leif Erikson""","2273832430|59","59","False","31 Oct, 2022 at 09:32 UTC","2022-10-31 09:32","https://modsbase.com/fcpcnwcj4o5j/2273832430_Regional_Immersion_and_Cultural_Enrichment___40_RICE__41_.zip.html","0","-13,38","","False","False","False","False","WEAK_TIME_CANDIDATE"
"2273832430|69","RICE","RICE","2273832430","69","31 Oct, 2022 @ 2:32am","2022-10-31 02:32","Version 1.7.2.a Hotfix for ""Leif Erikson""","2273832430|58","58","False","1 Nov, 2022 at 05:55 UTC","2022-11-01 05:55","https://modsbase.com/l1mufkvf9qyd/2273832430_Regional_Immersion_and_Cultural_Enrichment___40_RICE__41_.zip.html","1","27,38","","False","False","False","False","WEAK_TIME_CANDIDATE"
"2273832430|69","RICE","RICE","2273832430","69","31 Oct, 2022 @ 2:32am","2022-10-31 02:32","Version 1.7.2.a Hotfix for ""Leif Erikson""","2273832430|59","59","False","31 Oct, 2022 at 09:32 UTC","2022-10-31 09:32","https://modsbase.com/fcpcnwcj4o5j/2273832430_Regional_Immersion_and_Cultural_Enrichment___40_RICE__41_.zip.html","0","7","7","True","True","True","True","BIDIRECTIONAL_UNIQUE"
"2273832430|70","RICE","RICE","2273832430","70","30 Oct, 2022 @ 2:40am","2022-10-30 02:40","Version 1.7.2 ""Leif Erikson""","2273832430|58","58","False","1 Nov, 2022 at 05:55 UTC","2022-11-01 05:55","https://modsbase.com/l1mufkvf9qyd/2273832430_Regional_Immersion_and_Cultural_Enrichment___40_RICE__41_.zip.html","2","51,25","","False","False","False","False","WEAK_TIME_CANDIDATE"
"2273832430|70","RICE","RICE","2273832430","70","30 Oct, 2022 @ 2:40am","2022-10-30 02:40","Version 1.7.2 ""Leif Erikson""","2273832430|59","59","False","31 Oct, 2022 at 09:32 UTC","2022-10-31 09:32","https://modsbase.com/fcpcnwcj4o5j/2273832430_Regional_Immersion_and_Cultural_Enrichment___40_RICE__41_.zip.html","1","30,87","","False","False","False","False","WEAK_TIME_CANDIDATE"
"2273832430|71","RICE","RICE","2273832430","71","3 Oct, 2022 @ 7:01pm","2022-10-03 19:01","Version 1.7.1 ""Hunza""","2273832430|60","60","False","4 Oct, 2022 at 02:01 UTC","2022-10-04 02:01","https://modsbase.com/hodig88c6ntr/2273832430_Regional_Immersion_and_Cultural_Enrichment___40_RICE__41_.zip.html","1","7","7","True","True","True","True","BIDIRECTIONAL_UNIQUE"
"2273832430|72","RICE","RICE","2273832430","72","8 Sep, 2022 @ 6:34pm","2022-09-08 18:34","Version 1.7.0 ""Igbo-Ukwu""","2273832430|61","61","False","9 Sep, 2022 at 01:34 UTC","2022-09-09 01:34","https://modsbase.com/zrco1ohvrzsu/2273832430_Regional_Immersion_and_Cultural_Enrichment___40_RICE__41_.zip.html","1","7","7","True","True","True","True","BIDIRECTIONAL_UNIQUE"
"2273832430|73","RICE","RICE","2273832430","73","22 Aug, 2022 @ 9:55pm","2022-08-22 21:55","Version 1.6.4.b Hotfix for ""Ile-Ife""","2273832430|62","62","False","23 Aug, 2022 at 04:55 UTC","2022-08-23 04:55","https://modsbase.com/py14xqqa3xgy/2273832430_Regional_Immersion_and_Cultural_Enrichment___40_RICE__41_.zip.html","1","7","7","True","True","True","True","BIDIRECTIONAL_UNIQUE"
"2273832430|74","RICE","RICE","2273832430","74","18 Aug, 2022 @ 1:46am","2022-08-18 01:46","Version 1.6.4.a Hotfix for ""Ile-Ife""","2273832430|63","63","False","18 Aug, 2022 at 08:46 UTC","2022-08-18 08:46","https://modsbase.com/r9xfs5d5h0y3/2273832430_Regional_Immersion_and_Cultural_Enrichment___40_RICE__41_.zip.html","0","7","7","True","True","True","True","BIDIRECTIONAL_UNIQUE"
"2273832430|74","RICE","RICE","2273832430","74","18 Aug, 2022 @ 1:46am","2022-08-18 01:46","Version 1.6.4.a Hotfix for ""Ile-Ife""","2273832430|64","64","False","17 Aug, 2022 at 07:41 UTC","2022-08-17 07:41","https://modsbase.com/ufpksmt6n5tq/2273832430_Regional_Immersion_and_Cultural_Enrichment___40_RICE__41_.zip.html","-1","-18,08","","False","False","False","False","WEAK_TIME_CANDIDATE"
"2273832430|75","RICE","RICE","2273832430","75","17 Aug, 2022 @ 10:36pm","2022-08-17 22:36","","2273832430|63","63","False","18 Aug, 2022 at 08:46 UTC","2022-08-18 08:46","https://modsbase.com/r9xfs5d5h0y3/2273832430_Regional_Immersion_and_Cultural_Enrichment___40_RICE__41_.zip.html","1","10,17","","False","False","False","False","WEAK_TIME_CANDIDATE"
"2273832430|75","RICE","RICE","2273832430","75","17 Aug, 2022 @ 10:36pm","2022-08-17 22:36","","2273832430|64","64","False","17 Aug, 2022 at 07:41 UTC","2022-08-17 07:41","https://modsbase.com/ufpksmt6n5tq/2273832430_Regional_Immersion_and_Cultural_Enrichment___40_RICE__41_.zip.html","0","-14,92","","False","False","False","False","WEAK_TIME_CANDIDATE"
"2273832430|76","RICE","RICE","2273832430","76","17 Aug, 2022 @ 12:41am","2022-08-17 00:41","Version 1.6.4 ""Ile-Ife""","2273832430|63","63","False","18 Aug, 2022 at 08:46 UTC","2022-08-18 08:46","https://modsbase.com/r9xfs5d5h0y3/2273832430_Regional_Immersion_and_Cultural_Enrichment___40_RICE__41_.zip.html","1","32,08","","False","False","False","False","WEAK_TIME_CANDIDATE"
"2273832430|76","RICE","RICE","2273832430","76","17 Aug, 2022 @ 12:41am","2022-08-17 00:41","Version 1.6.4 ""Ile-Ife""","2273832430|64","64","False","17 Aug, 2022 at 07:41 UTC","2022-08-17 07:41","https://modsbase.com/ufpksmt6n5tq/2273832430_Regional_Immersion_and_Cultural_Enrichment___40_RICE__41_.zip.html","0","7","7","True","True","True","True","BIDIRECTIONAL_UNIQUE"
"2273832430|77","RICE","RICE","2273832430","77","5 Jul, 2022 @ 9:52pm","2022-07-05 21:52","Version 1.6.3.a Hotfix for ""Cantiga""","2273832430|65","65","False","6 Jul, 2022 at 04:52 UTC","2022-07-06 04:52","https://modsbase.com/vap0sortmq49/2273832430_Regional_Immersion_and_Cultural_Enrichment___40_RICE__41_.zip.html","1","7","7","True","True","True","True","BIDIRECTIONAL_UNIQUE"
"2273832430|78","RICE","RICE","2273832430","78","30 Jun, 2022 @ 10:52pm","2022-06-30 22:52","Version 1.6.3 ""Cantiga""","2273832430|66","66","False","1 Jul, 2022 at 05:52 UTC","2022-07-01 05:52","https://modsbase.com/crgk9tvvlg2b/2273832430_Regional_Immersion_and_Cultural_Enrichment___40_RICE__41_.zip.html","1","7","7","True","True","True","True","BIDIRECTIONAL_UNIQUE"
"2273832430|79","RICE","RICE","2273832430","79","21 Jun, 2022 @ 9:49pm","2022-06-21 21:49","Version 1.6.2 ""Wakhan""","2273832430|67","67","False","22 Jun, 2022 at 04:49 UTC","2022-06-22 04:49","https://modsbase.com/5w5vqeyf3a48/2273832430_Regional_Immersion_and_Cultural_Enrichment___40_RICE__41_.zip.html","1","7","7","True","True","True","True","BIDIRECTIONAL_UNIQUE"
"2273832430|81","RICE","RICE","2273832430","81","11 Jun, 2022 @ 10:33pm","2022-06-11 22:33","Version 1.6.1 ""Darro""","2273832430|68","68","False","12 Jun, 2022 at 05:33 UTC","2022-06-12 05:33","https://modsbase.com/pjns23w2yoz0/2273832430_Regional_Immersion_and_Cultural_Enrichment___40_RICE__41_.zip.html","1","7","7","True","True","True","True","BIDIRECTIONAL_UNIQUE"
"2273832430|82","RICE","RICE","2273832430","82","4 Jun, 2022 @ 9:40pm","2022-06-04 21:40","Version 1.6.0.b Hotfix","2273832430|69","69","False","5 Jun, 2022 at 04:40 UTC","2022-06-05 04:40","https://modsbase.com/ck8bdv1fdu0z/2273832430_Regional_Immersion_and_Cultural_Enrichment___40_RICE__41_.zip.html","1","7","7","True","True","True","True","BIDIRECTIONAL_UNIQUE"
"2273832430|85","RICE","RICE","2273832430","85","25 May, 2022 @ 10:38pm","2022-05-25 22:38","Version 1.5.6 ""Zhai Fengda""","2273832430|70","70","False","26 May, 2022 at 05:38 UTC","2022-05-26 05:38","https://modsbase.com/0bvyli0xbeaw/2273832430_Regional_Immersion_and_Cultural_Enrichment___40_RICE__41_.zip.html","1","7","7","True","True","True","True","BIDIRECTIONAL_UNIQUE"
"2273832430|86","RICE","RICE","2273832430","86","17 May, 2022 @ 2:03am","2022-05-17 02:03","Version 1.5.5 ""Silk Road""","2273832430|71","71","False","17 May, 2022 at 09:03 UTC","2022-05-17 09:03","https://modsbase.com/v7ig6q1c2m72/2273832430_Regional_Immersion_and_Cultural_Enrichment___40_RICE__41_.zip.html","0","7","7","True","True","True","True","BIDIRECTIONAL_UNIQUE"
"2273832430|87","RICE","RICE","2273832430","87","27 Mar, 2022 @ 6:40pm","2022-03-27 18:40","Version 1.5.4 ""Philae""","2273832430|72","72","False","28 Mar, 2022 at 01:40 UTC","2022-03-28 01:40","https://modsbase.com/c2kkcp01sf1t/2273832430_Regional_Immersion_and_Cultural_Enrichment___40_RICE__41_.zip.html","1","7","7","True","True","True","True","BIDIRECTIONAL_UNIQUE"
"2273832430|89","RICE","RICE","2273832430","89","10 Mar, 2022 @ 7:04pm","2022-03-10 19:04","Version 1.5.2.b Hotfix","2273832430|73","73","False","11 Mar, 2022 at 03:04 UTC","2022-03-11 03:04","https://modsbase.com/qd3gq74z1zlu/2273832430_Regional_Immersion_and_Cultural_Enrichment___40_RICE__41_.zip.html","1","8","8","True","True","True","True","BIDIRECTIONAL_UNIQUE"
"2273832430|90","RICE","RICE","2273832430","90","24 Feb, 2022 @ 6:53pm","2022-02-24 18:53","","2273832430|74","74","False","25 Feb, 2022 at 02:53 UTC","2022-02-25 02:53","https://modsbase.com/9cv186psmlw4/2273832430_Regional_Immersion_and_Cultural_Enrichment___40_RICE__41_.zip.html","1","8","8","True","True","True","True","BIDIRECTIONAL_UNIQUE"
"2273832430|91","RICE","RICE","2273832430","91","23 Feb, 2022 @ 10:55pm","2022-02-23 22:55","Version 1.5.2.a Hotfix","2273832430|74","74","False","25 Feb, 2022 at 02:53 UTC","2022-02-25 02:53","https://modsbase.com/9cv186psmlw4/2273832430_Regional_Immersion_and_Cultural_Enrichment___40_RICE__41_.zip.html","2","27,97","","False","False","False","False","WEAK_TIME_CANDIDATE"
"2273832430|94","RICE","RICE","2273832430","94","8 Feb, 2022 @ 9:33am","2022-02-08 09:33","Version 1.5.0 ""Nalanda""","2273832430|75","75","False","8 Feb, 2022 at 17:33 UTC","2022-02-08 17:33","https://modsbase.com/p0rwuj80bcw7/2273832430_Regional_Immersion_and_Cultural_Enrichment___40_RICE__41_.zip.html","0","8","8","True","True","True","True","BIDIRECTIONAL_UNIQUE"
"2273832430|96","RICE","RICE","2273832430","96","10 Jan, 2022 @ 12:45am","2022-01-10 00:45","Version 1.4.5 ""Avesta""","2273832430|76","76","False","10 Jan, 2022 at 08:45 UTC","2022-01-10 08:45","https://modsbase.com/gpkiy12fk0fd/2273832430_Regional_Immersion_and_Cultural_Enrichment___40_RICE__41_.zip.html","0","8","8","True","True","True","True","BIDIRECTIONAL_UNIQUE"
"2273832430|101","RICE","RICE","2273832430","101","20 Sep, 2021 @ 12:47am","2021-09-20 00:47","Version 1.4.2 ""Samos""","2273832430|77","77","False","20 Sep, 2021 at 07:47 UTC","2021-09-20 07:47","https://modsbase.com/4mo4yjkj2tzt/2273832430_Regional_Immersion_and_Cultural_Enrichment___40_RICE__41_.zip.html","0","7","7","True","True","True","True","BIDIRECTIONAL_UNIQUE"
"2273832430|105","RICE","RICE","2273832430","105","5 Aug, 2021 @ 1:14am","2021-08-05 01:14","Version 1.3.2 ""Aydhab""","2273832430|78","78","False","5 Aug, 2021 at 08:14 UTC","2021-08-05 08:14","https://modsbase.com/wccfpb65cguu/2273832430_Regional_Immersion_and_Cultural_Enrichment___40_RICE__41_.zip.html","0","7","7","True","True","True","True","BIDIRECTIONAL_UNIQUE"
"2273832430|106","RICE","RICE","2273832430","106","20 Jul, 2021 @ 9:35pm","2021-07-20 21:35","Version 1.3.1 ""Suakin""","2273832430|79","79","False","21 Jul, 2021 at 04:35 UTC","2021-07-21 04:35","https://modsbase.com/3mxgqceoedvt/2273832430_Regional_Immersion_and_Cultural_Enrichment___40_RICE__41_.zip.html","1","7","7","True","True","True","True","BIDIRECTIONAL_UNIQUE"
"2273832430|107","RICE","RICE","2273832430","107","17 Jun, 2021 @ 9:50pm","2021-06-17 21:50","Version 1.3.0.1 Hotfix","2273832430|80","80","False","18 Jun, 2021 at 04:50 UTC","2021-06-18 04:50","https://modsbase.com/6x4uygg5xmdu/2273832430_Regional_Immersion_and_Cultural_Enrichment___40_RICE__41_.zip.html","1","7","7","True","True","True","True","BIDIRECTIONAL_UNIQUE"
"2273832430|113","RICE","RICE","2273832430","113","12 Apr, 2021 @ 6:22pm","2021-04-12 18:22","Version 1.2.0.a Hotfix","2273832430|81","81","False","13 Apr, 2021 at 01:22 UTC","2021-04-13 01:22","https://modsbase.com/qcp7hz3fhytc/2273832430_Regional_Immersion_and_Cultural_Enrichment___40_RICE__41_.zip.html","1","7","7","True","True","True","True","BIDIRECTIONAL_UNIQUE"
"2273832430|114","RICE","RICE","2273832430","114","11 Apr, 2021 @ 9:27pm","2021-04-11 21:27","Version 1.2.0 ""Dragon's Blood""","2273832430|81","81","False","13 Apr, 2021 at 01:22 UTC","2021-04-13 01:22","https://modsbase.com/qcp7hz3fhytc/2273832430_Regional_Immersion_and_Cultural_Enrichment___40_RICE__41_.zip.html","2","27,92","","False","False","False","False","WEAK_TIME_CANDIDATE"
"2273832430|115","RICE","RICE","2273832430","115","21 Mar, 2021 @ 6:36pm","2021-03-21 18:36","Version 1.1.2 ""Bard""","2273832430|82","82","False","22 Mar, 2021 at 00:36 UTC","2021-03-22 00:36","https://modsbase.com/sgb4rtikq1vs/2273832430_Regional_Immersion_and_Cultural_Enrichment___40_RICE__41_.zip.html","1","6","6","True","True","True","True","BIDIRECTIONAL_UNIQUE"
"2273832430|116","RICE","RICE","2273832430","116","16 Mar, 2021 @ 11:02pm","2021-03-16 23:02","Version 1.1.1 ""Brocéliande""","2273832430|83","83","False","17 Mar, 2021 at 06:02 UTC","2021-03-17 06:02","https://modsbase.com/48clzwi7so54/2273832430_Regional_Immersion_and_Cultural_Enrichment___40_RICE__41_.zip.html","1","7","7","True","True","True","True","BIDIRECTIONAL_UNIQUE"
"2273832430|117","RICE","RICE","2273832430","117","28 Dec, 2020 @ 9:51pm","2020-12-28 21:51","Version 1.1.0 ""Reindeer""","2273832430|84","84","False","29 Dec, 2020 at 05:51 UTC","2020-12-29 05:51","https://modsbase.com/6unn0oy3vf4o/2273832430_Regional_Immersion_and_Cultural_Enrichment___40_RICE__41_.zip.html","1","8","8","True","True","True","True","BIDIRECTIONAL_UNIQUE"
"2273832430|118","RICE","RICE","2273832430","118","24 Nov, 2020 @ 11:01pm","2020-11-24 23:01","","2273832430|85","85","False","25 Nov, 2020 at 07:01 UTC","2020-11-25 07:01","https://modsbase.com/yeda6mh9ilkd/2273832430_Regional_Immersion_and_Cultural_Enrichment___40_RICE__41_.zip.html","1","8","8","True","True","True","True","BIDIRECTIONAL_UNIQUE"
"2273832430|120","RICE","RICE","2273832430","120","31 Oct, 2020 @ 10:21pm","2020-10-31 22:21","Version 1.0.0 ""Odyssey""","2273832430|86","86","False","1 Nov, 2020 at 05:21 UTC","2020-11-01 05:21","https://modsbase.com/fdr076ks7jdr/2273832430_Regional_Immersion_and_Cultural_Enrichment___40_RICE__41_.zip.html","1","7","7","True","True","True","True","BIDIRECTIONAL_UNIQUE"
"2875587269|1","Special-World","SW","2875587269","1","1 Aug @ 8:11am","2026-08-01 08:11","","2875587269|1","1","True","1 Aug at 15:11 UTC","2026-08-01 15:11","https://modsbase.com/rlcac140mlld/2875587269_A_Special_World_-_Special_Building_Compatch.zip.html","0","7","7","True","True","True","True","BIDIRECTIONAL_UNIQUE"
"2875587269|5","Special-World","SW","2875587269","5","24 Jul @ 8:52am","2026-07-24 08:52","","2875587269|2","2","False","22 Jul at 01:16 UTC","2026-07-22 01:16","https://modsbase.com/egjv5xsuroc9/2875587269_A_Special_World_-_Special_Building_Compatch.zip.html","-2","-55,6","","False","False","False","False","WEAK_TIME_CANDIDATE"
"2875587269|6","Special-World","SW","2875587269","6","21 Jul @ 6:16pm","2026-07-21 18:16","","2875587269|2","2","False","22 Jul at 01:16 UTC","2026-07-22 01:16","https://modsbase.com/egjv5xsuroc9/2875587269_A_Special_World_-_Special_Building_Compatch.zip.html","1","7","7","True","True","True","True","BIDIRECTIONAL_UNIQUE"
"2875587269|7","Special-World","SW","2875587269","7","21 Jul @ 5:46pm","2026-07-21 17:46","","2875587269|2","2","False","22 Jul at 01:16 UTC","2026-07-22 01:16","https://modsbase.com/egjv5xsuroc9/2875587269_A_Special_World_-_Special_Building_Compatch.zip.html","1","7,5","","False","False","False","False","WEAK_TIME_CANDIDATE"
"2875587269|8","Special-World","SW","2875587269","8","21 Jul @ 11:37am","2026-07-21 11:37","","2875587269|2","2","False","22 Jul at 01:16 UTC","2026-07-22 01:16","https://modsbase.com/egjv5xsuroc9/2875587269_A_Special_World_-_Special_Building_Compatch.zip.html","1","13,65","","False","False","False","False","WEAK_TIME_CANDIDATE"
"2875587269|9","Special-World","SW","2875587269","9","20 Jul @ 10:42pm","2026-07-20 22:42","","2875587269|2","2","False","22 Jul at 01:16 UTC","2026-07-22 01:16","https://modsbase.com/egjv5xsuroc9/2875587269_A_Special_World_-_Special_Building_Compatch.zip.html","2","26,57","","False","False","False","False","WEAK_TIME_CANDIDATE"
"2875587269|10","Special-World","SW","2875587269","10","20 Jul @ 9:56pm","2026-07-20 21:56","","2875587269|2","2","False","22 Jul at 01:16 UTC","2026-07-22 01:16","https://modsbase.com/egjv5xsuroc9/2875587269_A_Special_World_-_Special_Building_Compatch.zip.html","2","27,33","","False","False","False","False","WEAK_TIME_CANDIDATE"
"2875587269|16","Special-World","SW","2875587269","16","10 Jul @ 12:12pm","2026-07-10 12:12","","2875587269|3","3","False","10 Jul at 19:12 UTC","2026-07-10 19:12","https://modsbase.com/io1o3wevn7v4/2875587269_A_Special_World_-_Special_Building_Compatch.zip.html","0","7","7","True","True","True","True","BIDIRECTIONAL_UNIQUE"
"2875587269|17","Special-World","SW","2875587269","17","8 Jul @ 6:05pm","2026-07-08 18:05","","2875587269|3","3","False","10 Jul at 19:12 UTC","2026-07-10 19:12","https://modsbase.com/io1o3wevn7v4/2875587269_A_Special_World_-_Special_Building_Compatch.zip.html","2","49,12","","False","False","False","False","WEAK_TIME_CANDIDATE"
"2875587269|19","Special-World","SW","2875587269","19","29 May @ 1:46pm","2026-05-29 13:46","","2875587269|4","4","False","29 May at 20:46 UTC","2026-05-29 20:46","https://modsbase.com/ikm30ux1mqsq/2875587269_A_Special_World_-_Special_Building_Compatch.zip.html","0","7","7","True","True","True","True","BIDIRECTIONAL_UNIQUE"
"2875587269|22","Special-World","SW","2875587269","22","7 May @ 3:20pm","2026-05-07 15:20","1.19.0.5 Update","2875587269|5","5","False","7 May at 22:20 UTC","2026-05-07 22:20","https://modsbase.com/j7dbgnz4dpx8/2875587269_A_Special_World_-_Special_Building_Compatch.zip.html","0","7","7","True","True","True","True","BIDIRECTIONAL_UNIQUE"
"2875587269|23","Special-World","SW","2875587269","23","2 May @ 7:37pm","2026-05-02 19:37","","2875587269|6","6","False","3 May at 02:37 UTC","2026-05-03 02:37","https://modsbase.com/l0puk4g8nj8v/2875587269_A_Special_World_-_Special_Building_Compatch.zip.html","1","7","7","True","True","True","True","BIDIRECTIONAL_UNIQUE"
"2875587269|30","Special-World","SW","2875587269","30","22 Mar @ 1:03pm","2026-03-22 13:03","","2875587269|7","7","False","22 Mar at 20:03 UTC","2026-03-22 20:03","https://modsbase.com/jvloum9zfyqw/2875587269_A_Special_World_-_Special_Building_Compatch.zip.html","0","7","7","True","True","True","True","BIDIRECTIONAL_UNIQUE"
"2875587269|30","Special-World","SW","2875587269","30","22 Mar @ 1:03pm","2026-03-22 13:03","","2875587269|8","8","False","20 Mar at 21:07 UTC","2026-03-20 21:07","https://modsbase.com/ybm2xn431zs0/2875587269_A_Special_World_-_Special_Building_Compatch.zip.html","-2","-39,93","","False","False","False","False","WEAK_TIME_CANDIDATE"
"2875587269|31","Special-World","SW","2875587269","31","20 Mar @ 2:07pm","2026-03-20 14:07","","2875587269|7","7","False","22 Mar at 20:03 UTC","2026-03-22 20:03","https://modsbase.com/jvloum9zfyqw/2875587269_A_Special_World_-_Special_Building_Compatch.zip.html","2","53,93","","False","False","False","False","WEAK_TIME_CANDIDATE"
"2875587269|31","Special-World","SW","2875587269","31","20 Mar @ 2:07pm","2026-03-20 14:07","","2875587269|8","8","False","20 Mar at 21:07 UTC","2026-03-20 21:07","https://modsbase.com/ybm2xn431zs0/2875587269_A_Special_World_-_Special_Building_Compatch.zip.html","0","7","7","True","True","True","True","BIDIRECTIONAL_UNIQUE"
"2875587269|32","Special-World","SW","2875587269","32","14 Mar @ 4:20pm","2026-03-14 16:20","","2875587269|9","9","False","14 Mar at 23:20 UTC","2026-03-14 23:20","https://modsbase.com/absneyopuqs5/2875587269_A_Special_World_-_Special_Building_Compatch.zip.html","0","7","7","True","True","True","True","BIDIRECTIONAL_UNIQUE"
"2875587269|33","Special-World","SW","2875587269","33","14 Mar @ 1:33pm","2026-03-14 13:33","","2875587269|9","9","False","14 Mar at 23:20 UTC","2026-03-14 23:20","https://modsbase.com/absneyopuqs5/2875587269_A_Special_World_-_Special_Building_Compatch.zip.html","0","9,78","","False","False","False","False","WEAK_TIME_CANDIDATE"
"2875587269|34","Special-World","SW","2875587269","34","13 Mar @ 3:18pm","2026-03-13 15:18","","2875587269|9","9","False","14 Mar at 23:20 UTC","2026-03-14 23:20","https://modsbase.com/absneyopuqs5/2875587269_A_Special_World_-_Special_Building_Compatch.zip.html","1","32,03","","False","False","False","False","WEAK_TIME_CANDIDATE"
"2875587269|36","Special-World","SW","2875587269","36","1 Mar @ 7:42am","2026-03-01 07:42","","2875587269|10","10","False","1 Mar at 15:42 UTC","2026-03-01 15:42","https://modsbase.com/xvf8zapknreq/2875587269_A_Special_World_-_Special_Building_Compatch.zip.html","0","8","8","True","True","True","True","BIDIRECTIONAL_UNIQUE"
"2875587269|38","Special-World","SW","2875587269","38","21 Feb @ 10:54pm","2026-02-21 22:54","","2875587269|11","11","False","22 Feb at 06:54 UTC","2026-02-22 06:54","https://modsbase.com/xjp1l0x5x93l/2875587269_A_Special_World_-_Special_Building_Compatch.zip.html","1","8","8","True","True","True","True","BIDIRECTIONAL_UNIQUE"
"2875587269|43","Special-World","SW","2875587269","43","3 Feb @ 7:40am","2026-02-03 07:40","","2875587269|12","12","False","3 Feb at 15:40 UTC","2026-02-03 15:40","https://modsbase.com/k8js6flm8l91/2875587269_A_Special_World_-_Special_Building_Compatch.zip.html","0","8","8","True","True","True","True","BIDIRECTIONAL_UNIQUE"
"2875587269|45","Special-World","SW","2875587269","45","26 Jan @ 2:10pm","2026-01-26 14:10","","2875587269|13","13","False","26 Jan at 22:10 UTC","2026-01-26 22:10","https://modsbase.com/eeihl211ic92/2875587269_A_Special_World_-_Special_Building_Compatch.zip.html","0","8","8","True","True","True","True","BIDIRECTIONAL_UNIQUE"
"2875587269|46","Special-World","SW","2875587269","46","14 Jan @ 3:41pm","2026-01-14 15:41","","2875587269|14","14","False","14 Jan at 23:41 UTC","2026-01-14 23:41","https://modsbase.com/yyhbn7p0b5vz/2875587269_A_Special_World_-_Special_Building_Compatch.zip.html","0","8","8","True","True","True","True","BIDIRECTIONAL_UNIQUE"
"2875587269|46","Special-World","SW","2875587269","46","14 Jan @ 3:41pm","2026-01-14 15:41","","2875587269|15","15","False","12 Jan at 04:30 UTC","2026-01-12 04:30","https://modsbase.com/ttmhphdlczph/2875587269_A_Special_World_-_Special_Building_Compatch.zip.html","-2","-59,18","","False","False","False","False","WEAK_TIME_CANDIDATE"
"2875587269|47","Special-World","SW","2875587269","47","11 Jan @ 8:30pm","2026-01-11 20:30","","2875587269|15","15","False","12 Jan at 04:30 UTC","2026-01-12 04:30","https://modsbase.com/ttmhphdlczph/2875587269_A_Special_World_-_Special_Building_Compatch.zip.html","1","8","8","True","True","True","True","BIDIRECTIONAL_UNIQUE"
"2875587269|48","Special-World","SW","2875587269","48","31 Dec, 2025 @ 2:43pm","2025-12-31 14:43","","2875587269|16","16","False","31 Dec, 2025 at 22:43 UTC","2025-12-31 22:43","https://modsbase.com/yz8ontr6w1fj/2875587269_A_Special_World_-_Special_Building_Compatch.zip.html","0","8","8","True","True","True","True","BIDIRECTIONAL_UNIQUE"
"2875587269|49","Special-World","SW","2875587269","49","29 Dec, 2025 @ 11:57am","2025-12-29 11:57","","2875587269|16","16","False","31 Dec, 2025 at 22:43 UTC","2025-12-31 22:43","https://modsbase.com/yz8ontr6w1fj/2875587269_A_Special_World_-_Special_Building_Compatch.zip.html","2","58,77","","False","False","False","False","WEAK_TIME_CANDIDATE"
"2875587269|50","Special-World","SW","2875587269","50","23 Dec, 2025 @ 4:05pm","2025-12-23 16:05","","2875587269|17","17","False","24 Dec, 2025 at 00:05 UTC","2025-12-24 00:05","https://modsbase.com/q3kk89svgukt/2875587269_A_Special_World_-_Special_Building_Compatch.zip.html","1","8","8","True","True","True","True","BIDIRECTIONAL_UNIQUE"
"2875587269|51","Special-World","SW","2875587269","51","10 Dec, 2025 @ 11:31am","2025-12-10 11:31","","2875587269|18","18","False","10 Dec, 2025 at 19:31 UTC","2025-12-10 19:31","https://modsbase.com/ur6ci7c34x16/2875587269_A_Special_World_-_Special_Building_Compatch.zip.html","0","8","8","True","True","True","True","BIDIRECTIONAL_UNIQUE"
"2875587269|52","Special-World","SW","2875587269","52","6 Dec, 2025 @ 10:01pm","2025-12-06 22:01","","2875587269|19","19","False","7 Dec, 2025 at 06:01 UTC","2025-12-07 06:01","https://modsbase.com/qb2f75hd4bd7/2875587269_A_Special_World_-_Special_Building_Compatch.zip.html","1","8","8","True","True","True","True","BIDIRECTIONAL_UNIQUE"
"2875587269|53","Special-World","SW","2875587269","53","29 Nov, 2025 @ 10:45pm","2025-11-29 22:45","","2875587269|20","20","False","30 Nov, 2025 at 06:45 UTC","2025-11-30 06:45","https://modsbase.com/odr6w3wn4swc/2875587269_A_Special_World_-_Special_Building_Compatch.zip.html","1","8","8","True","True","True","True","BIDIRECTIONAL_UNIQUE"
"2875587269|54","Special-World","SW","2875587269","54","29 Nov, 2025 @ 10:44pm","2025-11-29 22:44","","2875587269|20","20","False","30 Nov, 2025 at 06:45 UTC","2025-11-30 06:45","https://modsbase.com/odr6w3wn4swc/2875587269_A_Special_World_-_Special_Building_Compatch.zip.html","1","8,02","","False","False","False","False","WEAK_TIME_CANDIDATE"
"2875587269|55","Special-World","SW","2875587269","55","26 Nov, 2025 @ 2:41pm","2025-11-26 14:41","","2875587269|21","21","False","26 Nov, 2025 at 22:41 UTC","2025-11-26 22:41","https://modsbase.com/apk7pkqft4yw/2875587269_A_Special_World_-_Special_Building_Compatch.zip.html","0","8","8","True","True","True","True","BIDIRECTIONAL_UNIQUE"
"2875587269|56","Special-World","SW","2875587269","56","14 Nov, 2025 @ 8:12pm","2025-11-14 20:12","","2875587269|22","22","False","15 Nov, 2025 at 04:12 UTC","2025-11-15 04:12","https://modsbase.com/7x7w53cdv9e1/2875587269_A_Special_World_-_Special_Building_Compatch.zip.html","1","8","8","True","True","True","True","BIDIRECTIONAL_UNIQUE"
"2875587269|57","Special-World","SW","2875587269","57","14 Nov, 2025 @ 8:06pm","2025-11-14 20:06","","2875587269|22","22","False","15 Nov, 2025 at 04:12 UTC","2025-11-15 04:12","https://modsbase.com/7x7w53cdv9e1/2875587269_A_Special_World_-_Special_Building_Compatch.zip.html","1","8,1","","False","False","False","False","WEAK_TIME_CANDIDATE"
"2875587269|58","Special-World","SW","2875587269","58","26 Oct, 2025 @ 10:02pm","2025-10-26 22:02","","2875587269|23","23","False","27 Oct, 2025 at 05:02 UTC","2025-10-27 05:02","https://modsbase.com/n95yvy2y05sz/2875587269_A_Special_World_-_Special_Building_Compatch.zip.html","1","7","7","True","True","True","True","BIDIRECTIONAL_UNIQUE"
"2875587269|59","Special-World","SW","2875587269","59","22 Oct, 2025 @ 5:58pm","2025-10-22 17:58","","2875587269|24","24","False","23 Oct, 2025 at 01:58 UTC","2025-10-23 01:58","https://modsbase.com/a7kgtk43c1up/2875587269_A_Special_World_-_Special_Building_Compatch.zip.html","1","8","8","True","True","True","True","BIDIRECTIONAL_UNIQUE"
"2875587269|60","Special-World","SW","2875587269","60","17 Sep, 2025 @ 5:13pm","2025-09-17 17:13","1.17 and Medieval Arts Update","2875587269|25","25","False","18 Sep, 2025 at 00:13 UTC","2025-09-18 00:13","https://modsbase.com/y64oflz3gv5l/2875587269_A_Special_World_-_Special_Building_Compatch.zip.html","1","7","7","True","True","True","True","BIDIRECTIONAL_UNIQUE"
"2875587269|61","Special-World","SW","2875587269","61","1 Sep, 2025 @ 12:17am","2025-09-01 00:17","","2875587269|26","26","False","1 Sep, 2025 at 07:17 UTC","2025-09-01 07:17","https://modsbase.com/4h5f1c7x91qi/2875587269_A_Special_World_-_Special_Building_Compatch.zip.html","0","7","7","True","True","True","True","BIDIRECTIONAL_UNIQUE"
"2875587269|62","Special-World","SW","2875587269","62","22 Aug, 2025 @ 4:08pm","2025-08-22 16:08","","2875587269|27","27","False","22 Aug, 2025 at 23:08 UTC","2025-08-22 23:08","https://modsbase.com/d4chegddqaqi/2875587269_A_Special_World_-_Special_Building_Compatch.zip.html","0","7","7","True","True","True","True","BIDIRECTIONAL_UNIQUE"
"2875587269|66","Special-World","SW","2875587269","66","8 Aug, 2025 @ 11:34am","2025-08-08 11:34","","2875587269|28","28","False","6 Aug, 2025 at 05:09 UTC","2025-08-06 05:09","https://modsbase.com/0djiqe63ljhb/2875587269_A_Special_World_-_Special_Building_Compatch.zip.html","-2","-54,42","","False","False","False","False","WEAK_TIME_CANDIDATE"
"2875587269|67","Special-World","SW","2875587269","67","5 Aug, 2025 @ 10:09pm","2025-08-05 22:09","","2875587269|28","28","False","6 Aug, 2025 at 05:09 UTC","2025-08-06 05:09","https://modsbase.com/0djiqe63ljhb/2875587269_A_Special_World_-_Special_Building_Compatch.zip.html","1","7","7","True","True","True","True","BIDIRECTIONAL_UNIQUE"
"2875587269|70","Special-World","SW","2875587269","70","21 Jul, 2025 @ 9:41pm","2025-07-21 21:41","","2875587269|29","29","False","22 Jul, 2025 at 04:41 UTC","2025-07-22 04:41","https://modsbase.com/8uyx13lix8km/2875587269_A_Special_World_-_Special_Building_Compatch.zip.html","1","7","7","True","True","True","True","BIDIRECTIONAL_UNIQUE"
"2875587269|71","Special-World","SW","2875587269","71","13 Jul, 2025 @ 8:50pm","2025-07-13 20:50","","2875587269|30","30","False","14 Jul, 2025 at 03:50 UTC","2025-07-14 03:50","https://modsbase.com/4lpucirtl0mm/2875587269_A_Special_World_-_Special_Building_Compatch.zip.html","1","7","7","True","True","True","True","BIDIRECTIONAL_UNIQUE"
"2875587269|72","Special-World","SW","2875587269","72","13 Jul, 2025 @ 8:26pm","2025-07-13 20:26","","2875587269|30","30","False","14 Jul, 2025 at 03:50 UTC","2025-07-14 03:50","https://modsbase.com/4lpucirtl0mm/2875587269_A_Special_World_-_Special_Building_Compatch.zip.html","1","7,4","","False","False","False","False","WEAK_TIME_CANDIDATE"
"2875587269|73","Special-World","SW","2875587269","73","13 Jul, 2025 @ 4:36pm","2025-07-13 16:36","","2875587269|30","30","False","14 Jul, 2025 at 03:50 UTC","2025-07-14 03:50","https://modsbase.com/4lpucirtl0mm/2875587269_A_Special_World_-_Special_Building_Compatch.zip.html","1","11,23","","False","False","False","False","WEAK_TIME_CANDIDATE"
"2875587269|76","Special-World","SW","2875587269","76","25 Jun, 2025 @ 10:28pm","2025-06-25 22:28","","2875587269|31","31","False","26 Jun, 2025 at 05:28 UTC","2025-06-26 05:28","https://modsbase.com/fmwb0l33ic5h/2875587269_A_Special_World_-_Special_Building_Compatch.zip.html","1","7","7","True","True","True","True","BIDIRECTIONAL_UNIQUE"
"2875587269|77","Special-World","SW","2875587269","77","24 Jun, 2025 @ 10:18pm","2025-06-24 22:18","","2875587269|31","31","False","26 Jun, 2025 at 05:28 UTC","2025-06-26 05:28","https://modsbase.com/fmwb0l33ic5h/2875587269_A_Special_World_-_Special_Building_Compatch.zip.html","2","31,17","","False","False","False","False","WEAK_TIME_CANDIDATE"
"2875587269|81","Special-World","SW","2875587269","81","16 Jun, 2025 @ 11:34pm","2025-06-16 23:34","","2875587269|32","32","False","17 Jun, 2025 at 06:34 UTC","2025-06-17 06:34","https://modsbase.com/jlx0stwyh52v/2875587269_A_Special_World_-_Special_Building_Compatch.zip.html","1","7","7","True","True","True","True","BIDIRECTIONAL_UNIQUE"
"2875587269|82","Special-World","SW","2875587269","82","13 Jun, 2025 @ 2:52pm","2025-06-13 14:52","","2875587269|33","33","False","13 Jun, 2025 at 21:52 UTC","2025-06-13 21:52","https://modsbase.com/2lyh7kagsz96/2875587269_A_Special_World_-_Special_Building_Compatch.zip.html","0","7","7","True","True","True","True","BIDIRECTIONAL_UNIQUE"
"2875587269|82","Special-World","SW","2875587269","82","13 Jun, 2025 @ 2:52pm","2025-06-13 14:52","","2875587269|34","34","False","12 Jun, 2025 at 23:28 UTC","2025-06-12 23:28","https://modsbase.com/fl87844kmmdg/2875587269_A_Special_World_-_Special_Building_Compatch.zip.html","-1","-15,4","","False","False","False","False","WEAK_TIME_CANDIDATE"
"2875587269|83","Special-World","SW","2875587269","83","12 Jun, 2025 @ 4:28pm","2025-06-12 16:28","","2875587269|33","33","False","13 Jun, 2025 at 21:52 UTC","2025-06-13 21:52","https://modsbase.com/2lyh7kagsz96/2875587269_A_Special_World_-_Special_Building_Compatch.zip.html","1","29,4","","False","False","False","False","WEAK_TIME_CANDIDATE"
"2875587269|83","Special-World","SW","2875587269","83","12 Jun, 2025 @ 4:28pm","2025-06-12 16:28","","2875587269|34","34","False","12 Jun, 2025 at 23:28 UTC","2025-06-12 23:28","https://modsbase.com/fl87844kmmdg/2875587269_A_Special_World_-_Special_Building_Compatch.zip.html","0","7","7","True","True","True","True","BIDIRECTIONAL_UNIQUE"
"2875587269|84","Special-World","SW","2875587269","84","11 Jun, 2025 @ 11:04am","2025-06-11 11:04","","2875587269|33","33","False","13 Jun, 2025 at 21:52 UTC","2025-06-13 21:52","https://modsbase.com/2lyh7kagsz96/2875587269_A_Special_World_-_Special_Building_Compatch.zip.html","2","58,8","","False","False","False","False","WEAK_TIME_CANDIDATE"
"2875587269|84","Special-World","SW","2875587269","84","11 Jun, 2025 @ 11:04am","2025-06-11 11:04","","2875587269|34","34","False","12 Jun, 2025 at 23:28 UTC","2025-06-12 23:28","https://modsbase.com/fl87844kmmdg/2875587269_A_Special_World_-_Special_Building_Compatch.zip.html","1","36,4","","False","False","False","False","WEAK_TIME_CANDIDATE"
"2875587269|85","Special-World","SW","2875587269","85","10 Jun, 2025 @ 11:49am","2025-06-10 11:49","","2875587269|34","34","False","12 Jun, 2025 at 23:28 UTC","2025-06-12 23:28","https://modsbase.com/fl87844kmmdg/2875587269_A_Special_World_-_Special_Building_Compatch.zip.html","2","59,65","","False","False","False","False","WEAK_TIME_CANDIDATE"
"2875587269|86","Special-World","SW","2875587269","86","10 Jun, 2025 @ 12:12am","2025-06-10 00:12","","2875587269|34","34","False","12 Jun, 2025 at 23:28 UTC","2025-06-12 23:28","https://modsbase.com/fl87844kmmdg/2875587269_A_Special_World_-_Special_Building_Compatch.zip.html","2","71,27","","False","False","False","False","WEAK_TIME_CANDIDATE"
"2875587269|87","Special-World","SW","2875587269","87","9 Jun, 2025 @ 10:05pm","2025-06-09 22:05","","2875587269|35","35","False","7 Jun, 2025 at 06:58 UTC","2025-06-07 06:58","https://modsbase.com/rts4uqw0rmkw/2875587269_A_Special_World_-_Special_Building_Compatch.zip.html","-2","-63,12","","False","False","False","False","WEAK_TIME_CANDIDATE"
"2875587269|88","Special-World","SW","2875587269","88","9 Jun, 2025 @ 8:10am","2025-06-09 08:10","","2875587269|35","35","False","7 Jun, 2025 at 06:58 UTC","2025-06-07 06:58","https://modsbase.com/rts4uqw0rmkw/2875587269_A_Special_World_-_Special_Building_Compatch.zip.html","-2","-49,2","","False","False","False","False","WEAK_TIME_CANDIDATE"
"2875587269|89","Special-World","SW","2875587269","89","7 Jun, 2025 @ 12:34am","2025-06-07 00:34","","2875587269|35","35","False","7 Jun, 2025 at 06:58 UTC","2025-06-07 06:58","https://modsbase.com/rts4uqw0rmkw/2875587269_A_Special_World_-_Special_Building_Compatch.zip.html","0","6,4","","False","False","False","False","WEAK_TIME_CANDIDATE"
"2875587269|90","Special-World","SW","2875587269","90","6 Jun, 2025 @ 11:58pm","2025-06-06 23:58","","2875587269|35","35","False","7 Jun, 2025 at 06:58 UTC","2025-06-07 06:58","https://modsbase.com/rts4uqw0rmkw/2875587269_A_Special_World_-_Special_Building_Compatch.zip.html","1","7","7","True","True","True","True","BIDIRECTIONAL_UNIQUE"
"2875587269|90","Special-World","SW","2875587269","90","6 Jun, 2025 @ 11:58pm","2025-06-06 23:58","","2875587269|36","36","False","4 Jun, 2025 at 19:31 UTC","2025-06-04 19:31","https://modsbase.com/21ic33d78mgk/2875587269_A_Special_World_-_Special_Building_Compatch.zip.html","-2","-52,45","","False","False","False","False","WEAK_TIME_CANDIDATE"
"2875587269|91","Special-World","SW","2875587269","91","6 Jun, 2025 @ 2:12pm","2025-06-06 14:12","","2875587269|35","35","False","7 Jun, 2025 at 06:58 UTC","2025-06-07 06:58","https://modsbase.com/rts4uqw0rmkw/2875587269_A_Special_World_-_Special_Building_Compatch.zip.html","1","16,77","","False","False","False","False","WEAK_TIME_CANDIDATE"
"2875587269|91","Special-World","SW","2875587269","91","6 Jun, 2025 @ 2:12pm","2025-06-06 14:12","","2875587269|36","36","False","4 Jun, 2025 at 19:31 UTC","2025-06-04 19:31","https://modsbase.com/21ic33d78mgk/2875587269_A_Special_World_-_Special_Building_Compatch.zip.html","-2","-42,68","","False","False","False","False","WEAK_TIME_CANDIDATE"
"2875587269|92","Special-World","SW","2875587269","92","6 Jun, 2025 @ 1:05pm","2025-06-06 13:05","","2875587269|35","35","False","7 Jun, 2025 at 06:58 UTC","2025-06-07 06:58","https://modsbase.com/rts4uqw0rmkw/2875587269_A_Special_World_-_Special_Building_Compatch.zip.html","1","17,88","","False","False","False","False","WEAK_TIME_CANDIDATE"
"2875587269|92","Special-World","SW","2875587269","92","6 Jun, 2025 @ 1:05pm","2025-06-06 13:05","","2875587269|36","36","False","4 Jun, 2025 at 19:31 UTC","2025-06-04 19:31","https://modsbase.com/21ic33d78mgk/2875587269_A_Special_World_-_Special_Building_Compatch.zip.html","-2","-41,57","","False","False","False","False","WEAK_TIME_CANDIDATE"
"2875587269|93","Special-World","SW","2875587269","93","4 Jun, 2025 @ 12:31pm","2025-06-04 12:31","","2875587269|36","36","False","4 Jun, 2025 at 19:31 UTC","2025-06-04 19:31","https://modsbase.com/21ic33d78mgk/2875587269_A_Special_World_-_Special_Building_Compatch.zip.html","0","7","7","True","True","True","True","BIDIRECTIONAL_UNIQUE"
"2875587269|93","Special-World","SW","2875587269","93","4 Jun, 2025 @ 12:31pm","2025-06-04 12:31","","2875587269|37","37","False","3 Jun, 2025 at 16:10 UTC","2025-06-03 16:10","https://modsbase.com/5veg0qqa0tl3/2875587269_A_Special_World_-_Special_Building_Compatch.zip.html","-1","-20,35","","False","False","False","False","WEAK_TIME_CANDIDATE"
"2875587269|94","Special-World","SW","2875587269","94","4 Jun, 2025 @ 10:52am","2025-06-04 10:52","","2875587269|36","36","False","4 Jun, 2025 at 19:31 UTC","2025-06-04 19:31","https://modsbase.com/21ic33d78mgk/2875587269_A_Special_World_-_Special_Building_Compatch.zip.html","0","8,65","","False","False","False","False","WEAK_TIME_CANDIDATE"
"2875587269|94","Special-World","SW","2875587269","94","4 Jun, 2025 @ 10:52am","2025-06-04 10:52","","2875587269|37","37","False","3 Jun, 2025 at 16:10 UTC","2025-06-03 16:10","https://modsbase.com/5veg0qqa0tl3/2875587269_A_Special_World_-_Special_Building_Compatch.zip.html","-1","-18,7","","False","False","False","False","WEAK_TIME_CANDIDATE"
"2875587269|95","Special-World","SW","2875587269","95","4 Jun, 2025 @ 8:47am","2025-06-04 08:47","","2875587269|36","36","False","4 Jun, 2025 at 19:31 UTC","2025-06-04 19:31","https://modsbase.com/21ic33d78mgk/2875587269_A_Special_World_-_Special_Building_Compatch.zip.html","0","10,73","","False","False","False","False","WEAK_TIME_CANDIDATE"
"2875587269|95","Special-World","SW","2875587269","95","4 Jun, 2025 @ 8:47am","2025-06-04 08:47","","2875587269|37","37","False","3 Jun, 2025 at 16:10 UTC","2025-06-03 16:10","https://modsbase.com/5veg0qqa0tl3/2875587269_A_Special_World_-_Special_Building_Compatch.zip.html","-1","-16,62","","False","False","False","False","WEAK_TIME_CANDIDATE"
"2875587269|96","Special-World","SW","2875587269","96","4 Jun, 2025 @ 7:40am","2025-06-04 07:40","","2875587269|36","36","False","4 Jun, 2025 at 19:31 UTC","2025-06-04 19:31","https://modsbase.com/21ic33d78mgk/2875587269_A_Special_World_-_Special_Building_Compatch.zip.html","0","11,85","","False","False","False","False","WEAK_TIME_CANDIDATE"
"2875587269|96","Special-World","SW","2875587269","96","4 Jun, 2025 @ 7:40am","2025-06-04 07:40","","2875587269|37","37","False","3 Jun, 2025 at 16:10 UTC","2025-06-03 16:10","https://modsbase.com/5veg0qqa0tl3/2875587269_A_Special_World_-_Special_Building_Compatch.zip.html","-1","-15,5","","False","False","False","False","WEAK_TIME_CANDIDATE"
"2875587269|97","Special-World","SW","2875587269","97","3 Jun, 2025 @ 9:10am","2025-06-03 09:10","","2875587269|36","36","False","4 Jun, 2025 at 19:31 UTC","2025-06-04 19:31","https://modsbase.com/21ic33d78mgk/2875587269_A_Special_World_-_Special_Building_Compatch.zip.html","1","34,35","","False","False","False","False","WEAK_TIME_CANDIDATE"
"2875587269|97","Special-World","SW","2875587269","97","3 Jun, 2025 @ 9:10am","2025-06-03 09:10","","2875587269|37","37","False","3 Jun, 2025 at 16:10 UTC","2025-06-03 16:10","https://modsbase.com/5veg0qqa0tl3/2875587269_A_Special_World_-_Special_Building_Compatch.zip.html","0","7","7","True","True","True","True","BIDIRECTIONAL_UNIQUE"
"2875587269|98","Special-World","SW","2875587269","98","2 Jun, 2025 @ 3:54pm","2025-06-02 15:54","","2875587269|36","36","False","4 Jun, 2025 at 19:31 UTC","2025-06-04 19:31","https://modsbase.com/21ic33d78mgk/2875587269_A_Special_World_-_Special_Building_Compatch.zip.html","2","51,62","","False","False","False","False","WEAK_TIME_CANDIDATE"
"2875587269|98","Special-World","SW","2875587269","98","2 Jun, 2025 @ 3:54pm","2025-06-02 15:54","","2875587269|37","37","False","3 Jun, 2025 at 16:10 UTC","2025-06-03 16:10","https://modsbase.com/5veg0qqa0tl3/2875587269_A_Special_World_-_Special_Building_Compatch.zip.html","1","24,27","","False","False","False","False","WEAK_TIME_CANDIDATE"
"2875587269|98","Special-World","SW","2875587269","98","2 Jun, 2025 @ 3:54pm","2025-06-02 15:54","","2875587269|38","38","False","31 May, 2025 at 00:59 UTC","2025-05-31 00:59","https://modsbase.com/rzi64lloz38m/2875587269_A_Special_World_-_Special_Building_Compatch.zip.html","-2","-62,92","","False","False","False","False","WEAK_TIME_CANDIDATE"
"2875587269|99","Special-World","SW","2875587269","99","2 Jun, 2025 @ 11:18am","2025-06-02 11:18","","2875587269|36","36","False","4 Jun, 2025 at 19:31 UTC","2025-06-04 19:31","https://modsbase.com/21ic33d78mgk/2875587269_A_Special_World_-_Special_Building_Compatch.zip.html","2","56,22","","False","False","False","False","WEAK_TIME_CANDIDATE"
"2875587269|99","Special-World","SW","2875587269","99","2 Jun, 2025 @ 11:18am","2025-06-02 11:18","","2875587269|37","37","False","3 Jun, 2025 at 16:10 UTC","2025-06-03 16:10","https://modsbase.com/5veg0qqa0tl3/2875587269_A_Special_World_-_Special_Building_Compatch.zip.html","1","28,87","","False","False","False","False","WEAK_TIME_CANDIDATE"
"2875587269|99","Special-World","SW","2875587269","99","2 Jun, 2025 @ 11:18am","2025-06-02 11:18","","2875587269|38","38","False","31 May, 2025 at 00:59 UTC","2025-05-31 00:59","https://modsbase.com/rzi64lloz38m/2875587269_A_Special_World_-_Special_Building_Compatch.zip.html","-2","-58,32","","False","False","False","False","WEAK_TIME_CANDIDATE"
"2875587269|100","Special-World","SW","2875587269","100","30 May, 2025 @ 5:59pm","2025-05-30 17:59","","2875587269|38","38","False","31 May, 2025 at 00:59 UTC","2025-05-31 00:59","https://modsbase.com/rzi64lloz38m/2875587269_A_Special_World_-_Special_Building_Compatch.zip.html","1","7","7","True","True","True","True","BIDIRECTIONAL_UNIQUE"
"2875587269|100","Special-World","SW","2875587269","100","30 May, 2025 @ 5:59pm","2025-05-30 17:59","","2875587269|39","39","False","30 May, 2025 at 04:58 UTC","2025-05-30 04:58","https://modsbase.com/sfyy0qtjn3fb/2875587269_A_Special_World_-_Special_Building_Compatch.zip.html","0","-13,02","","False","False","False","False","WEAK_TIME_CANDIDATE"
"2875587269|100","Special-World","SW","2875587269","100","30 May, 2025 @ 5:59pm","2025-05-30 17:59","","2875587269|40","40","False","28 May, 2025 at 02:09 UTC","2025-05-28 02:09","https://modsbase.com/5c61qexn29ke/2875587269_A_Special_World_-_Special_Building_Compatch.zip.html","-2","-63,83","","False","False","False","False","WEAK_TIME_CANDIDATE"
"2875587269|101","Special-World","SW","2875587269","101","30 May, 2025 @ 4:28pm","2025-05-30 16:28","","2875587269|38","38","False","31 May, 2025 at 00:59 UTC","2025-05-31 00:59","https://modsbase.com/rzi64lloz38m/2875587269_A_Special_World_-_Special_Building_Compatch.zip.html","1","8,52","","False","False","False","False","WEAK_TIME_CANDIDATE"
"2875587269|101","Special-World","SW","2875587269","101","30 May, 2025 @ 4:28pm","2025-05-30 16:28","","2875587269|39","39","False","30 May, 2025 at 04:58 UTC","2025-05-30 04:58","https://modsbase.com/sfyy0qtjn3fb/2875587269_A_Special_World_-_Special_Building_Compatch.zip.html","0","-11,5","","False","False","False","False","WEAK_TIME_CANDIDATE"
"2875587269|101","Special-World","SW","2875587269","101","30 May, 2025 @ 4:28pm","2025-05-30 16:28","","2875587269|40","40","False","28 May, 2025 at 02:09 UTC","2025-05-28 02:09","https://modsbase.com/5c61qexn29ke/2875587269_A_Special_World_-_Special_Building_Compatch.zip.html","-2","-62,32","","False","False","False","False","WEAK_TIME_CANDIDATE"
"2875587269|102","Special-World","SW","2875587269","102","30 May, 2025 @ 12:17pm","2025-05-30 12:17","","2875587269|38","38","False","31 May, 2025 at 00:59 UTC","2025-05-31 00:59","https://modsbase.com/rzi64lloz38m/2875587269_A_Special_World_-_Special_Building_Compatch.zip.html","1","12,7","","False","False","False","False","WEAK_TIME_CANDIDATE"
"2875587269|102","Special-World","SW","2875587269","102","30 May, 2025 @ 12:17pm","2025-05-30 12:17","","2875587269|39","39","False","30 May, 2025 at 04:58 UTC","2025-05-30 04:58","https://modsbase.com/sfyy0qtjn3fb/2875587269_A_Special_World_-_Special_Building_Compatch.zip.html","0","-7,32","","False","False","False","False","WEAK_TIME_CANDIDATE"
"2875587269|102","Special-World","SW","2875587269","102","30 May, 2025 @ 12:17pm","2025-05-30 12:17","","2875587269|40","40","False","28 May, 2025 at 02:09 UTC","2025-05-28 02:09","https://modsbase.com/5c61qexn29ke/2875587269_A_Special_World_-_Special_Building_Compatch.zip.html","-2","-58,13","","False","False","False","False","WEAK_TIME_CANDIDATE"
"2875587269|103","Special-World","SW","2875587269","103","29 May, 2025 @ 9:58pm","2025-05-29 21:58","","2875587269|38","38","False","31 May, 2025 at 00:59 UTC","2025-05-31 00:59","https://modsbase.com/rzi64lloz38m/2875587269_A_Special_World_-_Special_Building_Compatch.zip.html","2","27,02","","False","False","False","False","WEAK_TIME_CANDIDATE"
"2875587269|103","Special-World","SW","2875587269","103","29 May, 2025 @ 9:58pm","2025-05-29 21:58","","2875587269|39","39","False","30 May, 2025 at 04:58 UTC","2025-05-30 04:58","https://modsbase.com/sfyy0qtjn3fb/2875587269_A_Special_World_-_Special_Building_Compatch.zip.html","1","7","7","True","True","True","True","BIDIRECTIONAL_UNIQUE"
"2875587269|103","Special-World","SW","2875587269","103","29 May, 2025 @ 9:58pm","2025-05-29 21:58","","2875587269|40","40","False","28 May, 2025 at 02:09 UTC","2025-05-28 02:09","https://modsbase.com/5c61qexn29ke/2875587269_A_Special_World_-_Special_Building_Compatch.zip.html","-1","-43,82","","False","False","False","False","WEAK_TIME_CANDIDATE"
"2875587269|104","Special-World","SW","2875587269","104","29 May, 2025 @ 6:39pm","2025-05-29 18:39","","2875587269|38","38","False","31 May, 2025 at 00:59 UTC","2025-05-31 00:59","https://modsbase.com/rzi64lloz38m/2875587269_A_Special_World_-_Special_Building_Compatch.zip.html","2","30,33","","False","False","False","False","WEAK_TIME_CANDIDATE"
"2875587269|104","Special-World","SW","2875587269","104","29 May, 2025 @ 6:39pm","2025-05-29 18:39","","2875587269|39","39","False","30 May, 2025 at 04:58 UTC","2025-05-30 04:58","https://modsbase.com/sfyy0qtjn3fb/2875587269_A_Special_World_-_Special_Building_Compatch.zip.html","1","10,32","","False","False","False","False","WEAK_TIME_CANDIDATE"
"2875587269|104","Special-World","SW","2875587269","104","29 May, 2025 @ 6:39pm","2025-05-29 18:39","","2875587269|40","40","False","28 May, 2025 at 02:09 UTC","2025-05-28 02:09","https://modsbase.com/5c61qexn29ke/2875587269_A_Special_World_-_Special_Building_Compatch.zip.html","-1","-40,5","","False","False","False","False","WEAK_TIME_CANDIDATE"
"2875587269|105","Special-World","SW","2875587269","105","29 May, 2025 @ 1:48pm","2025-05-29 13:48","","2875587269|38","38","False","31 May, 2025 at 00:59 UTC","2025-05-31 00:59","https://modsbase.com/rzi64lloz38m/2875587269_A_Special_World_-_Special_Building_Compatch.zip.html","2","35,18","","False","False","False","False","WEAK_TIME_CANDIDATE"
"2875587269|105","Special-World","SW","2875587269","105","29 May, 2025 @ 1:48pm","2025-05-29 13:48","","2875587269|39","39","False","30 May, 2025 at 04:58 UTC","2025-05-30 04:58","https://modsbase.com/sfyy0qtjn3fb/2875587269_A_Special_World_-_Special_Building_Compatch.zip.html","1","15,17","","False","False","False","False","WEAK_TIME_CANDIDATE"
"2875587269|105","Special-World","SW","2875587269","105","29 May, 2025 @ 1:48pm","2025-05-29 13:48","","2875587269|40","40","False","28 May, 2025 at 02:09 UTC","2025-05-28 02:09","https://modsbase.com/5c61qexn29ke/2875587269_A_Special_World_-_Special_Building_Compatch.zip.html","-1","-35,65","","False","False","False","False","WEAK_TIME_CANDIDATE"
"2875587269|106","Special-World","SW","2875587269","106","29 May, 2025 @ 12:17pm","2025-05-29 12:17","","2875587269|38","38","False","31 May, 2025 at 00:59 UTC","2025-05-31 00:59","https://modsbase.com/rzi64lloz38m/2875587269_A_Special_World_-_Special_Building_Compatch.zip.html","2","36,7","","False","False","False","False","WEAK_TIME_CANDIDATE"
"2875587269|106","Special-World","SW","2875587269","106","29 May, 2025 @ 12:17pm","2025-05-29 12:17","","2875587269|39","39","False","30 May, 2025 at 04:58 UTC","2025-05-30 04:58","https://modsbase.com/sfyy0qtjn3fb/2875587269_A_Special_World_-_Special_Building_Compatch.zip.html","1","16,68","","False","False","False","False","WEAK_TIME_CANDIDATE"
"2875587269|106","Special-World","SW","2875587269","106","29 May, 2025 @ 12:17pm","2025-05-29 12:17","","2875587269|40","40","False","28 May, 2025 at 02:09 UTC","2025-05-28 02:09","https://modsbase.com/5c61qexn29ke/2875587269_A_Special_World_-_Special_Building_Compatch.zip.html","-1","-34,13","","False","False","False","False","WEAK_TIME_CANDIDATE"
"2875587269|107","Special-World","SW","2875587269","107","28 May, 2025 @ 4:53pm","2025-05-28 16:53","","2875587269|39","39","False","30 May, 2025 at 04:58 UTC","2025-05-30 04:58","https://modsbase.com/sfyy0qtjn3fb/2875587269_A_Special_World_-_Special_Building_Compatch.zip.html","2","36,08","","False","False","False","False","WEAK_TIME_CANDIDATE"
"2875587269|107","Special-World","SW","2875587269","107","28 May, 2025 @ 4:53pm","2025-05-28 16:53","","2875587269|40","40","False","28 May, 2025 at 02:09 UTC","2025-05-28 02:09","https://modsbase.com/5c61qexn29ke/2875587269_A_Special_World_-_Special_Building_Compatch.zip.html","0","-14,73","","False","False","False","False","WEAK_TIME_CANDIDATE"
"2875587269|108","Special-World","SW","2875587269","108","28 May, 2025 @ 3:43pm","2025-05-28 15:43","","2875587269|39","39","False","30 May, 2025 at 04:58 UTC","2025-05-30 04:58","https://modsbase.com/sfyy0qtjn3fb/2875587269_A_Special_World_-_Special_Building_Compatch.zip.html","2","37,25","","False","False","False","False","WEAK_TIME_CANDIDATE"
"2875587269|108","Special-World","SW","2875587269","108","28 May, 2025 @ 3:43pm","2025-05-28 15:43","","2875587269|40","40","False","28 May, 2025 at 02:09 UTC","2025-05-28 02:09","https://modsbase.com/5c61qexn29ke/2875587269_A_Special_World_-_Special_Building_Compatch.zip.html","0","-13,57","","False","False","False","False","WEAK_TIME_CANDIDATE"
"2875587269|109","Special-World","SW","2875587269","109","28 May, 2025 @ 3:19pm","2025-05-28 15:19","","2875587269|39","39","False","30 May, 2025 at 04:58 UTC","2025-05-30 04:58","https://modsbase.com/sfyy0qtjn3fb/2875587269_A_Special_World_-_Special_Building_Compatch.zip.html","2","37,65","","False","False","False","False","WEAK_TIME_CANDIDATE"
"2875587269|109","Special-World","SW","2875587269","109","28 May, 2025 @ 3:19pm","2025-05-28 15:19","","2875587269|40","40","False","28 May, 2025 at 02:09 UTC","2025-05-28 02:09","https://modsbase.com/5c61qexn29ke/2875587269_A_Special_World_-_Special_Building_Compatch.zip.html","0","-13,17","","False","False","False","False","WEAK_TIME_CANDIDATE"
"2875587269|110","Special-World","SW","2875587269","110","28 May, 2025 @ 12:59pm","2025-05-28 12:59","","2875587269|39","39","False","30 May, 2025 at 04:58 UTC","2025-05-30 04:58","https://modsbase.com/sfyy0qtjn3fb/2875587269_A_Special_World_-_Special_Building_Compatch.zip.html","2","39,98","","False","False","False","False","WEAK_TIME_CANDIDATE"
"2875587269|110","Special-World","SW","2875587269","110","28 May, 2025 @ 12:59pm","2025-05-28 12:59","","2875587269|40","40","False","28 May, 2025 at 02:09 UTC","2025-05-28 02:09","https://modsbase.com/5c61qexn29ke/2875587269_A_Special_World_-_Special_Building_Compatch.zip.html","0","-10,83","","False","False","False","False","WEAK_TIME_CANDIDATE"
"2875587269|111","Special-World","SW","2875587269","111","27 May, 2025 @ 7:09pm","2025-05-27 19:09","","2875587269|40","40","False","28 May, 2025 at 02:09 UTC","2025-05-28 02:09","https://modsbase.com/5c61qexn29ke/2875587269_A_Special_World_-_Special_Building_Compatch.zip.html","1","7","7","True","True","True","True","BIDIRECTIONAL_UNIQUE"
"2875587269|112","Special-World","SW","2875587269","112","27 May, 2025 @ 7:07pm","2025-05-27 19:07","","2875587269|40","40","False","28 May, 2025 at 02:09 UTC","2025-05-28 02:09","https://modsbase.com/5c61qexn29ke/2875587269_A_Special_World_-_Special_Building_Compatch.zip.html","1","7,03","","False","False","False","False","WEAK_TIME_CANDIDATE"
"2875587269|113","Special-World","SW","2875587269","113","20 May, 2025 @ 3:56pm","2025-05-20 15:56","","2875587269|41","41","False","20 May, 2025 at 22:56 UTC","2025-05-20 22:56","https://modsbase.com/zz09oil047nn/2875587269_A_Special_World_-_Special_Building_Compatch.zip.html","0","7","7","True","True","True","True","BIDIRECTIONAL_UNIQUE"
"2875587269|114","Special-World","SW","2875587269","114","15 May, 2025 @ 10:04pm","2025-05-15 22:04","","2875587269|42","42","False","16 May, 2025 at 05:04 UTC","2025-05-16 05:04","https://modsbase.com/ha9l2ltk04mp/2875587269_A_Special_World_-_Special_Building_Compatch.zip.html","1","7","7","True","True","True","True","BIDIRECTIONAL_UNIQUE"
"2875587269|115","Special-World","SW","2875587269","115","12 May, 2025 @ 9:53am","2025-05-12 09:53","","2875587269|43","43","False","12 May, 2025 at 16:53 UTC","2025-05-12 16:53","https://modsbase.com/1b975t3m9y7f/2875587269_A_Special_World_-_Special_Building_Compatch.zip.html","0","7","7","True","True","True","True","BIDIRECTIONAL_UNIQUE"
"2875587269|116","Special-World","SW","2875587269","116","2 May, 2025 @ 3:45pm","2025-05-02 15:45","","2875587269|44","44","False","2 May, 2025 at 22:45 UTC","2025-05-02 22:45","https://modsbase.com/7k86wm6oo20y/2875587269_A_Special_World_-_Special_Building_Compatch.zip.html","0","7","7","True","True","True","True","BIDIRECTIONAL_UNIQUE"
"2875587269|117","Special-World","SW","2875587269","117","12 Apr, 2025 @ 9:31am","2025-04-12 09:31","","2875587269|45","45","False","12 Apr, 2025 at 16:31 UTC","2025-04-12 16:31","https://modsbase.com/7wvi04zgxqkc/2875587269_A_Special_World_-_Special_Building_Compatch.zip.html","0","7","7","True","True","True","True","BIDIRECTIONAL_UNIQUE"
"2875587269|118","Special-World","SW","2875587269","118","6 Apr, 2025 @ 11:39am","2025-04-06 11:39","","2875587269|46","46","False","6 Apr, 2025 at 18:39 UTC","2025-04-06 18:39","https://modsbase.com/qrt1narqrls3/2875587269_A_Special_World_-_Special_Building_Compatch.zip.html","0","7","7","True","True","True","True","BIDIRECTIONAL_UNIQUE"
"2875587269|119","Special-World","SW","2875587269","119","4 Apr, 2025 @ 5:00pm","2025-04-04 17:00","","2875587269|46","46","False","6 Apr, 2025 at 18:39 UTC","2025-04-06 18:39","https://modsbase.com/qrt1narqrls3/2875587269_A_Special_World_-_Special_Building_Compatch.zip.html","2","49,65","","False","False","False","False","WEAK_TIME_CANDIDATE"
"2875587269|119","Special-World","SW","2875587269","119","4 Apr, 2025 @ 5:00pm","2025-04-04 17:00","","2875587269|47","47","False","2 Apr, 2025 at 23:22 UTC","2025-04-02 23:22","https://modsbase.com/q0zpx6xkj6a1/2875587269_A_Special_World_-_Special_Building_Compatch.zip.html","-2","-41,63","","False","False","False","False","WEAK_TIME_CANDIDATE"
"2875587269|120","Special-World","SW","2875587269","120","4 Apr, 2025 @ 3:49pm","2025-04-04 15:49","","2875587269|46","46","False","6 Apr, 2025 at 18:39 UTC","2025-04-06 18:39","https://modsbase.com/qrt1narqrls3/2875587269_A_Special_World_-_Special_Building_Compatch.zip.html","2","50,83","","False","False","False","False","WEAK_TIME_CANDIDATE"
"2875587269|120","Special-World","SW","2875587269","120","4 Apr, 2025 @ 3:49pm","2025-04-04 15:49","","2875587269|47","47","False","2 Apr, 2025 at 23:22 UTC","2025-04-02 23:22","https://modsbase.com/q0zpx6xkj6a1/2875587269_A_Special_World_-_Special_Building_Compatch.zip.html","-2","-40,45","","False","False","False","False","WEAK_TIME_CANDIDATE"
"2875587269|121","Special-World","SW","2875587269","121","2 Apr, 2025 @ 4:22pm","2025-04-02 16:22","","2875587269|47","47","False","2 Apr, 2025 at 23:22 UTC","2025-04-02 23:22","https://modsbase.com/q0zpx6xkj6a1/2875587269_A_Special_World_-_Special_Building_Compatch.zip.html","0","7","7","True","True","True","True","BIDIRECTIONAL_UNIQUE"
"2875587269|121","Special-World","SW","2875587269","121","2 Apr, 2025 @ 4:22pm","2025-04-02 16:22","","2875587269|48","48","False","31 Mar, 2025 at 18:43 UTC","2025-03-31 18:43","https://modsbase.com/cctqunooy2oy/2875587269_A_Special_World_-_Special_Building_Compatch.zip.html","-2","-45,65","","False","False","False","False","WEAK_TIME_CANDIDATE"
"2875587269|122","Special-World","SW","2875587269","122","2 Apr, 2025 @ 2:51pm","2025-04-02 14:51","","2875587269|47","47","False","2 Apr, 2025 at 23:22 UTC","2025-04-02 23:22","https://modsbase.com/q0zpx6xkj6a1/2875587269_A_Special_World_-_Special_Building_Compatch.zip.html","0","8,52","","False","False","False","False","WEAK_TIME_CANDIDATE"
"2875587269|122","Special-World","SW","2875587269","122","2 Apr, 2025 @ 2:51pm","2025-04-02 14:51","","2875587269|48","48","False","31 Mar, 2025 at 18:43 UTC","2025-03-31 18:43","https://modsbase.com/cctqunooy2oy/2875587269_A_Special_World_-_Special_Building_Compatch.zip.html","-2","-44,13","","False","False","False","False","WEAK_TIME_CANDIDATE"
"2875587269|123","Special-World","SW","2875587269","123","2 Apr, 2025 @ 2:00pm","2025-04-02 14:00","","2875587269|47","47","False","2 Apr, 2025 at 23:22 UTC","2025-04-02 23:22","https://modsbase.com/q0zpx6xkj6a1/2875587269_A_Special_World_-_Special_Building_Compatch.zip.html","0","9,37","","False","False","False","False","WEAK_TIME_CANDIDATE"
"2875587269|123","Special-World","SW","2875587269","123","2 Apr, 2025 @ 2:00pm","2025-04-02 14:00","","2875587269|48","48","False","31 Mar, 2025 at 18:43 UTC","2025-03-31 18:43","https://modsbase.com/cctqunooy2oy/2875587269_A_Special_World_-_Special_Building_Compatch.zip.html","-2","-43,28","","False","False","False","False","WEAK_TIME_CANDIDATE"
"2875587269|124","Special-World","SW","2875587269","124","31 Mar, 2025 @ 11:43am","2025-03-31 11:43","","2875587269|47","47","False","2 Apr, 2025 at 23:22 UTC","2025-04-02 23:22","https://modsbase.com/q0zpx6xkj6a1/2875587269_A_Special_World_-_Special_Building_Compatch.zip.html","2","59,65","","False","False","False","False","WEAK_TIME_CANDIDATE"
"2875587269|124","Special-World","SW","2875587269","124","31 Mar, 2025 @ 11:43am","2025-03-31 11:43","","2875587269|48","48","False","31 Mar, 2025 at 18:43 UTC","2025-03-31 18:43","https://modsbase.com/cctqunooy2oy/2875587269_A_Special_World_-_Special_Building_Compatch.zip.html","0","7","7","True","True","True","True","BIDIRECTIONAL_UNIQUE"
"2875587269|124","Special-World","SW","2875587269","124","31 Mar, 2025 @ 11:43am","2025-03-31 11:43","","2875587269|49","49","False","30 Mar, 2025 at 21:15 UTC","2025-03-30 21:15","https://modsbase.com/pcwtzlfg2td6/2875587269_A_Special_World_-_Special_Building_Compatch.zip.html","-1","-14,47","","False","False","False","False","WEAK_TIME_CANDIDATE"
"2875587269|125","Special-World","SW","2875587269","125","30 Mar, 2025 @ 2:15pm","2025-03-30 14:15","","2875587269|48","48","False","31 Mar, 2025 at 18:43 UTC","2025-03-31 18:43","https://modsbase.com/cctqunooy2oy/2875587269_A_Special_World_-_Special_Building_Compatch.zip.html","1","28,47","","False","False","False","False","WEAK_TIME_CANDIDATE"
"2875587269|125","Special-World","SW","2875587269","125","30 Mar, 2025 @ 2:15pm","2025-03-30 14:15","","2875587269|49","49","False","30 Mar, 2025 at 21:15 UTC","2025-03-30 21:15","https://modsbase.com/pcwtzlfg2td6/2875587269_A_Special_World_-_Special_Building_Compatch.zip.html","0","7","7","True","True","True","True","BIDIRECTIONAL_UNIQUE"
"2875587269|126","Special-World","SW","2875587269","126","29 Mar, 2025 @ 1:11pm","2025-03-29 13:11","","2875587269|48","48","False","31 Mar, 2025 at 18:43 UTC","2025-03-31 18:43","https://modsbase.com/cctqunooy2oy/2875587269_A_Special_World_-_Special_Building_Compatch.zip.html","2","53,53","","False","False","False","False","WEAK_TIME_CANDIDATE"
"2875587269|126","Special-World","SW","2875587269","126","29 Mar, 2025 @ 1:11pm","2025-03-29 13:11","","2875587269|49","49","False","30 Mar, 2025 at 21:15 UTC","2025-03-30 21:15","https://modsbase.com/pcwtzlfg2td6/2875587269_A_Special_World_-_Special_Building_Compatch.zip.html","1","32,07","","False","False","False","False","WEAK_TIME_CANDIDATE"
"2875587269|127","Special-World","SW","2875587269","127","29 Mar, 2025 @ 12:29pm","2025-03-29 12:29","","2875587269|48","48","False","31 Mar, 2025 at 18:43 UTC","2025-03-31 18:43","https://modsbase.com/cctqunooy2oy/2875587269_A_Special_World_-_Special_Building_Compatch.zip.html","2","54,23","","False","False","False","False","WEAK_TIME_CANDIDATE"
"2875587269|127","Special-World","SW","2875587269","127","29 Mar, 2025 @ 12:29pm","2025-03-29 12:29","","2875587269|49","49","False","30 Mar, 2025 at 21:15 UTC","2025-03-30 21:15","https://modsbase.com/pcwtzlfg2td6/2875587269_A_Special_World_-_Special_Building_Compatch.zip.html","1","32,77","","False","False","False","False","WEAK_TIME_CANDIDATE"
"2875587269|128","Special-World","SW","2875587269","128","28 Mar, 2025 @ 11:58pm","2025-03-28 23:58","","2875587269|49","49","False","30 Mar, 2025 at 21:15 UTC","2025-03-30 21:15","https://modsbase.com/pcwtzlfg2td6/2875587269_A_Special_World_-_Special_Building_Compatch.zip.html","2","45,28","","False","False","False","False","WEAK_TIME_CANDIDATE"
"2875587269|128","Special-World","SW","2875587269","128","28 Mar, 2025 @ 11:58pm","2025-03-28 23:58","","2875587269|50","50","False","26 Mar, 2025 at 20:52 UTC","2025-03-26 20:52","https://modsbase.com/h1arfhmhd03c/2875587269_A_Special_World_-_Special_Building_Compatch.zip.html","-2","-51,1","","False","False","False","False","WEAK_TIME_CANDIDATE"
"2875587269|129","Special-World","SW","2875587269","129","26 Mar, 2025 @ 1:52pm","2025-03-26 13:52","","2875587269|50","50","False","26 Mar, 2025 at 20:52 UTC","2025-03-26 20:52","https://modsbase.com/h1arfhmhd03c/2875587269_A_Special_World_-_Special_Building_Compatch.zip.html","0","7","7","True","True","True","True","BIDIRECTIONAL_UNIQUE"
"2875587269|129","Special-World","SW","2875587269","129","26 Mar, 2025 @ 1:52pm","2025-03-26 13:52","","2875587269|51","51","False","24 Mar, 2025 at 06:52 UTC","2025-03-24 06:52","https://modsbase.com/h0dkt2088kcr/2875587269_A_Special_World_-_Special_Building_Compatch.zip.html","-2","-55","-55","True","True","False","False","WEAK_TIME_CANDIDATE"
"2875587269|130","Special-World","SW","2875587269","130","26 Mar, 2025 @ 9:07am","2025-03-26 09:07","","2875587269|50","50","False","26 Mar, 2025 at 20:52 UTC","2025-03-26 20:52","https://modsbase.com/h1arfhmhd03c/2875587269_A_Special_World_-_Special_Building_Compatch.zip.html","0","11,75","","False","False","False","False","WEAK_TIME_CANDIDATE"
"2875587269|130","Special-World","SW","2875587269","130","26 Mar, 2025 @ 9:07am","2025-03-26 09:07","","2875587269|51","51","False","24 Mar, 2025 at 06:52 UTC","2025-03-24 06:52","https://modsbase.com/h0dkt2088kcr/2875587269_A_Special_World_-_Special_Building_Compatch.zip.html","-2","-50,25","","False","False","False","False","WEAK_TIME_CANDIDATE"
"2875587269|131","Special-World","SW","2875587269","131","24 Mar, 2025 @ 10:11pm","2025-03-24 22:11","","2875587269|50","50","False","26 Mar, 2025 at 20:52 UTC","2025-03-26 20:52","https://modsbase.com/h1arfhmhd03c/2875587269_A_Special_World_-_Special_Building_Compatch.zip.html","2","46,68","","False","False","False","False","WEAK_TIME_CANDIDATE"
"2875587269|131","Special-World","SW","2875587269","131","24 Mar, 2025 @ 10:11pm","2025-03-24 22:11","","2875587269|51","51","False","24 Mar, 2025 at 06:52 UTC","2025-03-24 06:52","https://modsbase.com/h0dkt2088kcr/2875587269_A_Special_World_-_Special_Building_Compatch.zip.html","0","-15,32","","False","False","False","False","WEAK_TIME_CANDIDATE"
"2875587269|132","Special-World","SW","2875587269","132","24 Mar, 2025 @ 1:42pm","2025-03-24 13:42","","2875587269|50","50","False","26 Mar, 2025 at 20:52 UTC","2025-03-26 20:52","https://modsbase.com/h1arfhmhd03c/2875587269_A_Special_World_-_Special_Building_Compatch.zip.html","2","55,17","","False","False","False","False","WEAK_TIME_CANDIDATE"
"2875587269|132","Special-World","SW","2875587269","132","24 Mar, 2025 @ 1:42pm","2025-03-24 13:42","","2875587269|51","51","False","24 Mar, 2025 at 06:52 UTC","2025-03-24 06:52","https://modsbase.com/h0dkt2088kcr/2875587269_A_Special_World_-_Special_Building_Compatch.zip.html","0","-6,83","","False","False","False","False","WEAK_TIME_CANDIDATE"
"2875587269|133","Special-World","SW","2875587269","133","24 Mar, 2025 @ 11:03am","2025-03-24 11:03","","2875587269|50","50","False","26 Mar, 2025 at 20:52 UTC","2025-03-26 20:52","https://modsbase.com/h1arfhmhd03c/2875587269_A_Special_World_-_Special_Building_Compatch.zip.html","2","57,82","","False","False","False","False","WEAK_TIME_CANDIDATE"
"2875587269|133","Special-World","SW","2875587269","133","24 Mar, 2025 @ 11:03am","2025-03-24 11:03","","2875587269|51","51","False","24 Mar, 2025 at 06:52 UTC","2025-03-24 06:52","https://modsbase.com/h0dkt2088kcr/2875587269_A_Special_World_-_Special_Building_Compatch.zip.html","0","-4,18","","False","False","False","False","WEAK_TIME_CANDIDATE"
"2875587269|134","Special-World","SW","2875587269","134","23 Mar, 2025 @ 11:52pm","2025-03-23 23:52","","2875587269|51","51","False","24 Mar, 2025 at 06:52 UTC","2025-03-24 06:52","https://modsbase.com/h0dkt2088kcr/2875587269_A_Special_World_-_Special_Building_Compatch.zip.html","1","7","7","True","True","True","True","BIDIRECTIONAL_UNIQUE"
"2875587269|135","Special-World","SW","2875587269","135","23 Mar, 2025 @ 11:24am","2025-03-23 11:24","","2875587269|51","51","False","24 Mar, 2025 at 06:52 UTC","2025-03-24 06:52","https://modsbase.com/h0dkt2088kcr/2875587269_A_Special_World_-_Special_Building_Compatch.zip.html","1","19,47","","False","False","False","False","WEAK_TIME_CANDIDATE"
"2875587269|136","Special-World","SW","2875587269","136","19 Mar, 2025 @ 10:13am","2025-03-19 10:13","","2875587269|52","52","False","19 Mar, 2025 at 17:13 UTC","2025-03-19 17:13","https://modsbase.com/82yxsyz6oz35/2875587269_A_Special_World_-_Special_Building_Compatch.zip.html","0","7","7","True","True","True","True","BIDIRECTIONAL_UNIQUE"
"2875587269|136","Special-World","SW","2875587269","136","19 Mar, 2025 @ 10:13am","2025-03-19 10:13","","2875587269|53","53","False","19 Mar, 2025 at 01:33 UTC","2025-03-19 01:33","https://modsbase.com/s8mkivrbb9bl/2875587269_A_Special_World_-_Special_Building_Compatch.zip.html","0","-8,67","","False","False","False","False","WEAK_TIME_CANDIDATE"
"2875587269|137","Special-World","SW","2875587269","137","18 Mar, 2025 @ 6:33pm","2025-03-18 18:33","","2875587269|52","52","False","19 Mar, 2025 at 17:13 UTC","2025-03-19 17:13","https://modsbase.com/82yxsyz6oz35/2875587269_A_Special_World_-_Special_Building_Compatch.zip.html","1","22,67","","False","False","False","False","WEAK_TIME_CANDIDATE"
"2875587269|137","Special-World","SW","2875587269","137","18 Mar, 2025 @ 6:33pm","2025-03-18 18:33","","2875587269|53","53","False","19 Mar, 2025 at 01:33 UTC","2025-03-19 01:33","https://modsbase.com/s8mkivrbb9bl/2875587269_A_Special_World_-_Special_Building_Compatch.zip.html","1","7","7","True","True","True","True","BIDIRECTIONAL_UNIQUE"
"2875587269|138","Special-World","SW","2875587269","138","18 Mar, 2025 @ 6:12pm","2025-03-18 18:12","","2875587269|52","52","False","19 Mar, 2025 at 17:13 UTC","2025-03-19 17:13","https://modsbase.com/82yxsyz6oz35/2875587269_A_Special_World_-_Special_Building_Compatch.zip.html","1","23,02","","False","False","False","False","WEAK_TIME_CANDIDATE"
"2875587269|138","Special-World","SW","2875587269","138","18 Mar, 2025 @ 6:12pm","2025-03-18 18:12","","2875587269|53","53","False","19 Mar, 2025 at 01:33 UTC","2025-03-19 01:33","https://modsbase.com/s8mkivrbb9bl/2875587269_A_Special_World_-_Special_Building_Compatch.zip.html","1","7,35","","False","False","False","False","WEAK_TIME_CANDIDATE"
"2875587269|139","Special-World","SW","2875587269","139","17 Mar, 2025 @ 10:09am","2025-03-17 10:09","","2875587269|52","52","False","19 Mar, 2025 at 17:13 UTC","2025-03-19 17:13","https://modsbase.com/82yxsyz6oz35/2875587269_A_Special_World_-_Special_Building_Compatch.zip.html","2","55,07","","False","False","False","False","WEAK_TIME_CANDIDATE"
"2875587269|139","Special-World","SW","2875587269","139","17 Mar, 2025 @ 10:09am","2025-03-17 10:09","","2875587269|53","53","False","19 Mar, 2025 at 01:33 UTC","2025-03-19 01:33","https://modsbase.com/s8mkivrbb9bl/2875587269_A_Special_World_-_Special_Building_Compatch.zip.html","2","39,4","","False","False","False","False","WEAK_TIME_CANDIDATE"
"2875587269|140","Special-World","SW","2875587269","140","11 Mar, 2025 @ 11:12pm","2025-03-11 23:12","","2875587269|54","54","False","12 Mar, 2025 at 06:12 UTC","2025-03-12 06:12","https://modsbase.com/0veboy1orb9i/2875587269_A_Special_World_-_Special_Building_Compatch.zip.html","1","7","7","True","True","True","True","BIDIRECTIONAL_UNIQUE"
"2875587269|142","Special-World","SW","2875587269","142","4 Mar, 2025 @ 9:51pm","2025-03-04 21:51","","2875587269|55","55","False","5 Mar, 2025 at 05:51 UTC","2025-03-05 05:51","https://modsbase.com/ue37d5lw3ynw/2875587269_A_Special_World_-_Special_Building_Compatch.zip.html","1","8","8","True","True","True","True","BIDIRECTIONAL_UNIQUE"
"2875587269|142","Special-World","SW","2875587269","142","4 Mar, 2025 @ 9:51pm","2025-03-04 21:51","","2875587269|56","56","False","2 Mar, 2025 at 22:59 UTC","2025-03-02 22:59","https://modsbase.com/abfqixh80d7h/2875587269_A_Special_World_-_Special_Building_Compatch.zip.html","-2","-46,87","","False","False","False","False","WEAK_TIME_CANDIDATE"
"2875587269|143","Special-World","SW","2875587269","143","3 Mar, 2025 @ 2:17pm","2025-03-03 14:17","","2875587269|55","55","False","5 Mar, 2025 at 05:51 UTC","2025-03-05 05:51","https://modsbase.com/ue37d5lw3ynw/2875587269_A_Special_World_-_Special_Building_Compatch.zip.html","2","39,57","","False","False","False","False","WEAK_TIME_CANDIDATE"
"2875587269|143","Special-World","SW","2875587269","143","3 Mar, 2025 @ 2:17pm","2025-03-03 14:17","","2875587269|56","56","False","2 Mar, 2025 at 22:59 UTC","2025-03-02 22:59","https://modsbase.com/abfqixh80d7h/2875587269_A_Special_World_-_Special_Building_Compatch.zip.html","-1","-15,3","","False","False","False","False","WEAK_TIME_CANDIDATE"
"2875587269|144","Special-World","SW","2875587269","144","3 Mar, 2025 @ 9:11am","2025-03-03 09:11","","2875587269|55","55","False","5 Mar, 2025 at 05:51 UTC","2025-03-05 05:51","https://modsbase.com/ue37d5lw3ynw/2875587269_A_Special_World_-_Special_Building_Compatch.zip.html","2","44,67","","False","False","False","False","WEAK_TIME_CANDIDATE"
"2875587269|144","Special-World","SW","2875587269","144","3 Mar, 2025 @ 9:11am","2025-03-03 09:11","","2875587269|56","56","False","2 Mar, 2025 at 22:59 UTC","2025-03-02 22:59","https://modsbase.com/abfqixh80d7h/2875587269_A_Special_World_-_Special_Building_Compatch.zip.html","-1","-10,2","","False","False","False","False","WEAK_TIME_CANDIDATE"
"2875587269|145","Special-World","SW","2875587269","145","2 Mar, 2025 @ 2:59pm","2025-03-02 14:59","","2875587269|56","56","False","2 Mar, 2025 at 22:59 UTC","2025-03-02 22:59","https://modsbase.com/abfqixh80d7h/2875587269_A_Special_World_-_Special_Building_Compatch.zip.html","0","8","8","True","True","True","True","BIDIRECTIONAL_UNIQUE"
"2875587269|149","Special-World","SW","2875587269","149","18 Feb, 2025 @ 10:55pm","2025-02-18 22:55","","2875587269|57","57","False","19 Feb, 2025 at 06:55 UTC","2025-02-19 06:55","https://modsbase.com/0tx4hmbavuzc/2875587269_A_Special_World_-_Special_Building_Compatch.zip.html","1","8","8","True","True","True","True","BIDIRECTIONAL_UNIQUE"
"2875587269|150","Special-World","SW","2875587269","150","18 Feb, 2025 @ 12:38pm","2025-02-18 12:38","","2875587269|57","57","False","19 Feb, 2025 at 06:55 UTC","2025-02-19 06:55","https://modsbase.com/0tx4hmbavuzc/2875587269_A_Special_World_-_Special_Building_Compatch.zip.html","1","18,28","","False","False","False","False","WEAK_TIME_CANDIDATE"
"2875587269|151","Special-World","SW","2875587269","151","18 Feb, 2025 @ 9:29am","2025-02-18 09:29","","2875587269|57","57","False","19 Feb, 2025 at 06:55 UTC","2025-02-19 06:55","https://modsbase.com/0tx4hmbavuzc/2875587269_A_Special_World_-_Special_Building_Compatch.zip.html","1","21,43","","False","False","False","False","WEAK_TIME_CANDIDATE"
"2875587269|153","Special-World","SW","2875587269","153","13 Feb, 2025 @ 1:55pm","2025-02-13 13:55","","2875587269|58","58","False","13 Feb, 2025 at 21:55 UTC","2025-02-13 21:55","https://modsbase.com/p577edg0zm0w/2875587269_A_Special_World_-_Special_Building_Compatch.zip.html","0","8","8","True","True","True","True","BIDIRECTIONAL_UNIQUE"
"2875587269|159","Special-World","SW","2875587269","159","9 Feb, 2025 @ 11:48am","2025-02-09 11:48","","2875587269|59","59","False","7 Feb, 2025 at 00:07 UTC","2025-02-07 00:07","https://modsbase.com/fvbahwpo6gec/2875587269_A_Special_World_-_Special_Building_Compatch.zip.html","-2","-59,68","","False","False","False","False","WEAK_TIME_CANDIDATE"
"2875587269|160","Special-World","SW","2875587269","160","6 Feb, 2025 @ 4:07pm","2025-02-06 16:07","","2875587269|59","59","False","7 Feb, 2025 at 00:07 UTC","2025-02-07 00:07","https://modsbase.com/fvbahwpo6gec/2875587269_A_Special_World_-_Special_Building_Compatch.zip.html","1","8","8","True","True","True","True","BIDIRECTIONAL_UNIQUE"
"2875587269|161","Special-World","SW","2875587269","161","6 Feb, 2025 @ 1:18pm","2025-02-06 13:18","","2875587269|59","59","False","7 Feb, 2025 at 00:07 UTC","2025-02-07 00:07","https://modsbase.com/fvbahwpo6gec/2875587269_A_Special_World_-_Special_Building_Compatch.zip.html","1","10,82","","False","False","False","False","WEAK_TIME_CANDIDATE"
"2875587269|162","Special-World","SW","2875587269","162","6 Feb, 2025 @ 12:03pm","2025-02-06 12:03","","2875587269|59","59","False","7 Feb, 2025 at 00:07 UTC","2025-02-07 00:07","https://modsbase.com/fvbahwpo6gec/2875587269_A_Special_World_-_Special_Building_Compatch.zip.html","1","12,07","","False","False","False","False","WEAK_TIME_CANDIDATE"
"2875587269|163","Special-World","SW","2875587269","163","6 Feb, 2025 @ 9:57am","2025-02-06 09:57","","2875587269|59","59","False","7 Feb, 2025 at 00:07 UTC","2025-02-07 00:07","https://modsbase.com/fvbahwpo6gec/2875587269_A_Special_World_-_Special_Building_Compatch.zip.html","1","14,17","","False","False","False","False","WEAK_TIME_CANDIDATE"
"2875587269|164","Special-World","SW","2875587269","164","6 Feb, 2025 @ 9:14am","2025-02-06 09:14","","2875587269|59","59","False","7 Feb, 2025 at 00:07 UTC","2025-02-07 00:07","https://modsbase.com/fvbahwpo6gec/2875587269_A_Special_World_-_Special_Building_Compatch.zip.html","1","14,88","","False","False","False","False","WEAK_TIME_CANDIDATE"
"2875587269|165","Special-World","SW","2875587269","165","6 Feb, 2025 @ 9:06am","2025-02-06 09:06","","2875587269|59","59","False","7 Feb, 2025 at 00:07 UTC","2025-02-07 00:07","https://modsbase.com/fvbahwpo6gec/2875587269_A_Special_World_-_Special_Building_Compatch.zip.html","1","15,02","","False","False","False","False","WEAK_TIME_CANDIDATE"
"2875587269|166","Special-World","SW","2875587269","166","4 Feb, 2025 @ 1:02pm","2025-02-04 13:02","","2875587269|60","60","False","2 Feb, 2025 at 01:17 UTC","2025-02-02 01:17","https://modsbase.com/ft3r9qk0frqs/2875587269_A_Special_World_-_Special_Building_Compatch.zip.html","-2","-59,75","","False","False","False","False","WEAK_TIME_CANDIDATE"
"2875587269|167","Special-World","SW","2875587269","167","4 Feb, 2025 @ 10:17am","2025-02-04 10:17","","2875587269|60","60","False","2 Feb, 2025 at 01:17 UTC","2025-02-02 01:17","https://modsbase.com/ft3r9qk0frqs/2875587269_A_Special_World_-_Special_Building_Compatch.zip.html","-2","-57","-57","True","True","False","False","WEAK_TIME_CANDIDATE"
"2875587269|168","Special-World","SW","2875587269","168","3 Feb, 2025 @ 11:39pm","2025-02-03 23:39","","2875587269|60","60","False","2 Feb, 2025 at 01:17 UTC","2025-02-02 01:17","https://modsbase.com/ft3r9qk0frqs/2875587269_A_Special_World_-_Special_Building_Compatch.zip.html","-1","-46,37","","False","False","False","False","WEAK_TIME_CANDIDATE"
"2875587269|169","Special-World","SW","2875587269","169","3 Feb, 2025 @ 11:03pm","2025-02-03 23:03","","2875587269|60","60","False","2 Feb, 2025 at 01:17 UTC","2025-02-02 01:17","https://modsbase.com/ft3r9qk0frqs/2875587269_A_Special_World_-_Special_Building_Compatch.zip.html","-1","-45,77","","False","False","False","False","WEAK_TIME_CANDIDATE"
"2875587269|170","Special-World","SW","2875587269","170","3 Feb, 2025 @ 1:32pm","2025-02-03 13:32","","2875587269|60","60","False","2 Feb, 2025 at 01:17 UTC","2025-02-02 01:17","https://modsbase.com/ft3r9qk0frqs/2875587269_A_Special_World_-_Special_Building_Compatch.zip.html","-1","-36,25","","False","False","False","False","WEAK_TIME_CANDIDATE"
"2875587269|171","Special-World","SW","2875587269","171","3 Feb, 2025 @ 11:33am","2025-02-03 11:33","","2875587269|60","60","False","2 Feb, 2025 at 01:17 UTC","2025-02-02 01:17","https://modsbase.com/ft3r9qk0frqs/2875587269_A_Special_World_-_Special_Building_Compatch.zip.html","-1","-34,27","","False","False","False","False","WEAK_TIME_CANDIDATE"
"2875587269|172","Special-World","SW","2875587269","172","3 Feb, 2025 @ 11:28am","2025-02-03 11:28","","2875587269|60","60","False","2 Feb, 2025 at 01:17 UTC","2025-02-02 01:17","https://modsbase.com/ft3r9qk0frqs/2875587269_A_Special_World_-_Special_Building_Compatch.zip.html","-1","-34,18","","False","False","False","False","WEAK_TIME_CANDIDATE"
"2875587269|173","Special-World","SW","2875587269","173","1 Feb, 2025 @ 5:17pm","2025-02-01 17:17","","2875587269|60","60","False","2 Feb, 2025 at 01:17 UTC","2025-02-02 01:17","https://modsbase.com/ft3r9qk0frqs/2875587269_A_Special_World_-_Special_Building_Compatch.zip.html","1","8","8","True","True","True","True","BIDIRECTIONAL_UNIQUE"
"2875587269|174","Special-World","SW","2875587269","174","31 Jan, 2025 @ 9:21pm","2025-01-31 21:21","","2875587269|60","60","False","2 Feb, 2025 at 01:17 UTC","2025-02-02 01:17","https://modsbase.com/ft3r9qk0frqs/2875587269_A_Special_World_-_Special_Building_Compatch.zip.html","2","27,93","","False","False","False","False","WEAK_TIME_CANDIDATE"
"2875587269|175","Special-World","SW","2875587269","175","31 Jan, 2025 @ 9:01pm","2025-01-31 21:01","","2875587269|60","60","False","2 Feb, 2025 at 01:17 UTC","2025-02-02 01:17","https://modsbase.com/ft3r9qk0frqs/2875587269_A_Special_World_-_Special_Building_Compatch.zip.html","2","28,27","","False","False","False","False","WEAK_TIME_CANDIDATE"
"2875587269|176","Special-World","SW","2875587269","176","31 Jan, 2025 @ 12:50pm","2025-01-31 12:50","","2875587269|60","60","False","2 Feb, 2025 at 01:17 UTC","2025-02-02 01:17","https://modsbase.com/ft3r9qk0frqs/2875587269_A_Special_World_-_Special_Building_Compatch.zip.html","2","36,45","","False","False","False","False","WEAK_TIME_CANDIDATE"
"2875587269|177","Special-World","SW","2875587269","177","30 Jan, 2025 @ 8:29am","2025-01-30 08:29","","2875587269|61","61","False","28 Jan, 2025 at 17:33 UTC","2025-01-28 17:33","https://modsbase.com/gss0f9g62g4z/2875587269_A_Special_World_-_Special_Building_Compatch.zip.html","-2","-38,93","","False","False","False","False","WEAK_TIME_CANDIDATE"
"2875587269|178","Special-World","SW","2875587269","178","28 Jan, 2025 @ 9:33am","2025-01-28 09:33","","2875587269|61","61","False","28 Jan, 2025 at 17:33 UTC","2025-01-28 17:33","https://modsbase.com/gss0f9g62g4z/2875587269_A_Special_World_-_Special_Building_Compatch.zip.html","0","8","8","True","True","True","True","BIDIRECTIONAL_UNIQUE"
"2875587269|179","Special-World","SW","2875587269","179","27 Jan, 2025 @ 9:32pm","2025-01-27 21:32","","2875587269|61","61","False","28 Jan, 2025 at 17:33 UTC","2025-01-28 17:33","https://modsbase.com/gss0f9g62g4z/2875587269_A_Special_World_-_Special_Building_Compatch.zip.html","1","20,02","","False","False","False","False","WEAK_TIME_CANDIDATE"
"2875587269|180","Special-World","SW","2875587269","180","27 Jan, 2025 @ 4:16pm","2025-01-27 16:16","","2875587269|61","61","False","28 Jan, 2025 at 17:33 UTC","2025-01-28 17:33","https://modsbase.com/gss0f9g62g4z/2875587269_A_Special_World_-_Special_Building_Compatch.zip.html","1","25,28","","False","False","False","False","WEAK_TIME_CANDIDATE"
"2875587269|181","Special-World","SW","2875587269","181","27 Jan, 2025 @ 1:53pm","2025-01-27 13:53","","2875587269|61","61","False","28 Jan, 2025 at 17:33 UTC","2025-01-28 17:33","https://modsbase.com/gss0f9g62g4z/2875587269_A_Special_World_-_Special_Building_Compatch.zip.html","1","27,67","","False","False","False","False","WEAK_TIME_CANDIDATE"
"2875587269|182","Special-World","SW","2875587269","182","26 Jan, 2025 @ 10:58pm","2025-01-26 22:58","","2875587269|61","61","False","28 Jan, 2025 at 17:33 UTC","2025-01-28 17:33","https://modsbase.com/gss0f9g62g4z/2875587269_A_Special_World_-_Special_Building_Compatch.zip.html","2","42,58","","False","False","False","False","WEAK_TIME_CANDIDATE"
"2875587269|182","Special-World","SW","2875587269","182","26 Jan, 2025 @ 10:58pm","2025-01-26 22:58","","2875587269|62","62","False","24 Jan, 2025 at 23:29 UTC","2025-01-24 23:29","https://modsbase.com/4x4n447mbtj0/2875587269_A_Special_World_-_Special_Building_Compatch.zip.html","-2","-47,48","","False","False","False","False","WEAK_TIME_CANDIDATE"
"2875587269|182","Special-World","SW","2875587269","182","26 Jan, 2025 @ 10:58pm","2025-01-26 22:58","","2875587269|63","63","False","24 Jan, 2025 at 01:44 UTC","2025-01-24 01:44","https://modsbase.com/77hywwmec0eq/2875587269_A_Special_World_-_Special_Building_Compatch.zip.html","-2","-69,23","","False","False","False","False","WEAK_TIME_CANDIDATE"
"2875587269|183","Special-World","SW","2875587269","183","26 Jan, 2025 @ 2:32pm","2025-01-26 14:32","","2875587269|61","61","False","28 Jan, 2025 at 17:33 UTC","2025-01-28 17:33","https://modsbase.com/gss0f9g62g4z/2875587269_A_Special_World_-_Special_Building_Compatch.zip.html","2","51,02","","False","False","False","False","WEAK_TIME_CANDIDATE"
"2875587269|183","Special-World","SW","2875587269","183","26 Jan, 2025 @ 2:32pm","2025-01-26 14:32","","2875587269|62","62","False","24 Jan, 2025 at 23:29 UTC","2025-01-24 23:29","https://modsbase.com/4x4n447mbtj0/2875587269_A_Special_World_-_Special_Building_Compatch.zip.html","-2","-39,05","","False","False","False","False","WEAK_TIME_CANDIDATE"
"2875587269|183","Special-World","SW","2875587269","183","26 Jan, 2025 @ 2:32pm","2025-01-26 14:32","","2875587269|63","63","False","24 Jan, 2025 at 01:44 UTC","2025-01-24 01:44","https://modsbase.com/77hywwmec0eq/2875587269_A_Special_World_-_Special_Building_Compatch.zip.html","-2","-60,8","","False","False","False","False","WEAK_TIME_CANDIDATE"
"2875587269|184","Special-World","SW","2875587269","184","24 Jan, 2025 @ 3:29pm","2025-01-24 15:29","","2875587269|62","62","False","24 Jan, 2025 at 23:29 UTC","2025-01-24 23:29","https://modsbase.com/4x4n447mbtj0/2875587269_A_Special_World_-_Special_Building_Compatch.zip.html","0","8","8","True","True","True","True","BIDIRECTIONAL_UNIQUE"
"2875587269|184","Special-World","SW","2875587269","184","24 Jan, 2025 @ 3:29pm","2025-01-24 15:29","","2875587269|63","63","False","24 Jan, 2025 at 01:44 UTC","2025-01-24 01:44","https://modsbase.com/77hywwmec0eq/2875587269_A_Special_World_-_Special_Building_Compatch.zip.html","0","-13,75","","False","False","False","False","WEAK_TIME_CANDIDATE"
"2875587269|185","Special-World","SW","2875587269","185","24 Jan, 2025 @ 1:23pm","2025-01-24 13:23","","2875587269|62","62","False","24 Jan, 2025 at 23:29 UTC","2025-01-24 23:29","https://modsbase.com/4x4n447mbtj0/2875587269_A_Special_World_-_Special_Building_Compatch.zip.html","0","10,1","","False","False","False","False","WEAK_TIME_CANDIDATE"
"2875587269|185","Special-World","SW","2875587269","185","24 Jan, 2025 @ 1:23pm","2025-01-24 13:23","","2875587269|63","63","False","24 Jan, 2025 at 01:44 UTC","2025-01-24 01:44","https://modsbase.com/77hywwmec0eq/2875587269_A_Special_World_-_Special_Building_Compatch.zip.html","0","-11,65","","False","False","False","False","WEAK_TIME_CANDIDATE"
"2875587269|186","Special-World","SW","2875587269","186","23 Jan, 2025 @ 5:44pm","2025-01-23 17:44","","2875587269|62","62","False","24 Jan, 2025 at 23:29 UTC","2025-01-24 23:29","https://modsbase.com/4x4n447mbtj0/2875587269_A_Special_World_-_Special_Building_Compatch.zip.html","1","29,75","","False","False","False","False","WEAK_TIME_CANDIDATE"
"2875587269|186","Special-World","SW","2875587269","186","23 Jan, 2025 @ 5:44pm","2025-01-23 17:44","","2875587269|63","63","False","24 Jan, 2025 at 01:44 UTC","2025-01-24 01:44","https://modsbase.com/77hywwmec0eq/2875587269_A_Special_World_-_Special_Building_Compatch.zip.html","1","8","8","True","True","True","True","BIDIRECTIONAL_UNIQUE"
"2875587269|187","Special-World","SW","2875587269","187","23 Jan, 2025 @ 12:11pm","2025-01-23 12:11","","2875587269|62","62","False","24 Jan, 2025 at 23:29 UTC","2025-01-24 23:29","https://modsbase.com/4x4n447mbtj0/2875587269_A_Special_World_-_Special_Building_Compatch.zip.html","1","35,3","","False","False","False","False","WEAK_TIME_CANDIDATE"
"2875587269|187","Special-World","SW","2875587269","187","23 Jan, 2025 @ 12:11pm","2025-01-23 12:11","","2875587269|63","63","False","24 Jan, 2025 at 01:44 UTC","2025-01-24 01:44","https://modsbase.com/77hywwmec0eq/2875587269_A_Special_World_-_Special_Building_Compatch.zip.html","1","13,55","","False","False","False","False","WEAK_TIME_CANDIDATE"
"2875587269|188","Special-World","SW","2875587269","188","23 Jan, 2025 @ 11:08am","2025-01-23 11:08","","2875587269|62","62","False","24 Jan, 2025 at 23:29 UTC","2025-01-24 23:29","https://modsbase.com/4x4n447mbtj0/2875587269_A_Special_World_-_Special_Building_Compatch.zip.html","1","36,35","","False","False","False","False","WEAK_TIME_CANDIDATE"
"2875587269|188","Special-World","SW","2875587269","188","23 Jan, 2025 @ 11:08am","2025-01-23 11:08","","2875587269|63","63","False","24 Jan, 2025 at 01:44 UTC","2025-01-24 01:44","https://modsbase.com/77hywwmec0eq/2875587269_A_Special_World_-_Special_Building_Compatch.zip.html","1","14,6","","False","False","False","False","WEAK_TIME_CANDIDATE"
"2875587269|189","Special-World","SW","2875587269","189","23 Jan, 2025 @ 9:38am","2025-01-23 09:38","","2875587269|62","62","False","24 Jan, 2025 at 23:29 UTC","2025-01-24 23:29","https://modsbase.com/4x4n447mbtj0/2875587269_A_Special_World_-_Special_Building_Compatch.zip.html","1","37,85","","False","False","False","False","WEAK_TIME_CANDIDATE"
"2875587269|189","Special-World","SW","2875587269","189","23 Jan, 2025 @ 9:38am","2025-01-23 09:38","","2875587269|63","63","False","24 Jan, 2025 at 01:44 UTC","2025-01-24 01:44","https://modsbase.com/77hywwmec0eq/2875587269_A_Special_World_-_Special_Building_Compatch.zip.html","1","16,1","","False","False","False","False","WEAK_TIME_CANDIDATE"
"2875587269|190","Special-World","SW","2875587269","190","22 Jan, 2025 @ 11:03pm","2025-01-22 23:03","","2875587269|62","62","False","24 Jan, 2025 at 23:29 UTC","2025-01-24 23:29","https://modsbase.com/4x4n447mbtj0/2875587269_A_Special_World_-_Special_Building_Compatch.zip.html","2","48,43","","False","False","False","False","WEAK_TIME_CANDIDATE"
"2875587269|190","Special-World","SW","2875587269","190","22 Jan, 2025 @ 11:03pm","2025-01-22 23:03","","2875587269|63","63","False","24 Jan, 2025 at 01:44 UTC","2025-01-24 01:44","https://modsbase.com/77hywwmec0eq/2875587269_A_Special_World_-_Special_Building_Compatch.zip.html","2","26,68","","False","False","False","False","WEAK_TIME_CANDIDATE"
"2875587269|190","Special-World","SW","2875587269","190","22 Jan, 2025 @ 11:03pm","2025-01-22 23:03","","2875587269|64","64","False","20 Jan, 2025 at 07:01 UTC","2025-01-20 07:01","https://modsbase.com/5n4o5guhh9ts/2875587269_A_Special_World_-_Special_Building_Compatch.zip.html","-2","-64,03","","False","False","False","False","WEAK_TIME_CANDIDATE"
"2875587269|191","Special-World","SW","2875587269","191","22 Jan, 2025 @ 1:53pm","2025-01-22 13:53","","2875587269|62","62","False","24 Jan, 2025 at 23:29 UTC","2025-01-24 23:29","https://modsbase.com/4x4n447mbtj0/2875587269_A_Special_World_-_Special_Building_Compatch.zip.html","2","57,6","","False","False","False","False","WEAK_TIME_CANDIDATE"
"2875587269|191","Special-World","SW","2875587269","191","22 Jan, 2025 @ 1:53pm","2025-01-22 13:53","","2875587269|63","63","False","24 Jan, 2025 at 01:44 UTC","2025-01-24 01:44","https://modsbase.com/77hywwmec0eq/2875587269_A_Special_World_-_Special_Building_Compatch.zip.html","2","35,85","","False","False","False","False","WEAK_TIME_CANDIDATE"
"2875587269|191","Special-World","SW","2875587269","191","22 Jan, 2025 @ 1:53pm","2025-01-22 13:53","","2875587269|64","64","False","20 Jan, 2025 at 07:01 UTC","2025-01-20 07:01","https://modsbase.com/5n4o5guhh9ts/2875587269_A_Special_World_-_Special_Building_Compatch.zip.html","-2","-54,87","","False","False","False","False","WEAK_TIME_CANDIDATE"
"2875587269|192","Special-World","SW","2875587269","192","19 Jan, 2025 @ 11:01pm","2025-01-19 23:01","","2875587269|64","64","False","20 Jan, 2025 at 07:01 UTC","2025-01-20 07:01","https://modsbase.com/5n4o5guhh9ts/2875587269_A_Special_World_-_Special_Building_Compatch.zip.html","1","8","8","True","True","True","True","BIDIRECTIONAL_UNIQUE"
"2875587269|193","Special-World","SW","2875587269","193","19 Jan, 2025 @ 10:21pm","2025-01-19 22:21","","2875587269|64","64","False","20 Jan, 2025 at 07:01 UTC","2025-01-20 07:01","https://modsbase.com/5n4o5guhh9ts/2875587269_A_Special_World_-_Special_Building_Compatch.zip.html","1","8,67","","False","False","False","False","WEAK_TIME_CANDIDATE"
"2875587269|194","Special-World","SW","2875587269","194","19 Jan, 2025 @ 10:05pm","2025-01-19 22:05","","2875587269|64","64","False","20 Jan, 2025 at 07:01 UTC","2025-01-20 07:01","https://modsbase.com/5n4o5guhh9ts/2875587269_A_Special_World_-_Special_Building_Compatch.zip.html","1","8,93","","False","False","False","False","WEAK_TIME_CANDIDATE"
"2875587269|195","Special-World","SW","2875587269","195","19 Jan, 2025 @ 9:55pm","2025-01-19 21:55","","2875587269|64","64","False","20 Jan, 2025 at 07:01 UTC","2025-01-20 07:01","https://modsbase.com/5n4o5guhh9ts/2875587269_A_Special_World_-_Special_Building_Compatch.zip.html","1","9,1","","False","False","False","False","WEAK_TIME_CANDIDATE"
"2875587269|196","Special-World","SW","2875587269","196","19 Jan, 2025 @ 9:24pm","2025-01-19 21:24","","2875587269|64","64","False","20 Jan, 2025 at 07:01 UTC","2025-01-20 07:01","https://modsbase.com/5n4o5guhh9ts/2875587269_A_Special_World_-_Special_Building_Compatch.zip.html","1","9,62","","False","False","False","False","WEAK_TIME_CANDIDATE"
"2875587269|197","Special-World","SW","2875587269","197","16 Jan, 2025 @ 11:14am","2025-01-16 11:14","","2875587269|65","65","False","16 Jan, 2025 at 19:14 UTC","2025-01-16 19:14","https://modsbase.com/jehpuul4dl5h/2875587269_A_Special_World_-_Special_Building_Compatch.zip.html","0","8","8","True","True","True","True","BIDIRECTIONAL_UNIQUE"
"2875587269|197","Special-World","SW","2875587269","197","16 Jan, 2025 @ 11:14am","2025-01-16 11:14","","2875587269|66","66","False","14 Jan, 2025 at 17:18 UTC","2025-01-14 17:18","https://modsbase.com/n0ll6nobdkl3/2875587269_A_Special_World_-_Special_Building_Compatch.zip.html","-2","-41,93","","False","False","False","False","WEAK_TIME_CANDIDATE"
"2875587269|198","Special-World","SW","2875587269","198","16 Jan, 2025 @ 8:50am","2025-01-16 08:50","","2875587269|65","65","False","16 Jan, 2025 at 19:14 UTC","2025-01-16 19:14","https://modsbase.com/jehpuul4dl5h/2875587269_A_Special_World_-_Special_Building_Compatch.zip.html","0","10,4","","False","False","False","False","WEAK_TIME_CANDIDATE"
"2875587269|198","Special-World","SW","2875587269","198","16 Jan, 2025 @ 8:50am","2025-01-16 08:50","","2875587269|66","66","False","14 Jan, 2025 at 17:18 UTC","2025-01-14 17:18","https://modsbase.com/n0ll6nobdkl3/2875587269_A_Special_World_-_Special_Building_Compatch.zip.html","-2","-39,53","","False","False","False","False","WEAK_TIME_CANDIDATE"
"2875587269|199","Special-World","SW","2875587269","199","14 Jan, 2025 @ 9:18am","2025-01-14 09:18","","2875587269|65","65","False","16 Jan, 2025 at 19:14 UTC","2025-01-16 19:14","https://modsbase.com/jehpuul4dl5h/2875587269_A_Special_World_-_Special_Building_Compatch.zip.html","2","57,93","","False","False","False","False","WEAK_TIME_CANDIDATE"
"2875587269|199","Special-World","SW","2875587269","199","14 Jan, 2025 @ 9:18am","2025-01-14 09:18","","2875587269|66","66","False","14 Jan, 2025 at 17:18 UTC","2025-01-14 17:18","https://modsbase.com/n0ll6nobdkl3/2875587269_A_Special_World_-_Special_Building_Compatch.zip.html","0","8","8","True","True","True","True","BIDIRECTIONAL_UNIQUE"
"2875587269|200","Special-World","SW","2875587269","200","14 Jan, 2025 @ 8:24am","2025-01-14 08:24","","2875587269|65","65","False","16 Jan, 2025 at 19:14 UTC","2025-01-16 19:14","https://modsbase.com/jehpuul4dl5h/2875587269_A_Special_World_-_Special_Building_Compatch.zip.html","2","58,83","","False","False","False","False","WEAK_TIME_CANDIDATE"
"2875587269|200","Special-World","SW","2875587269","200","14 Jan, 2025 @ 8:24am","2025-01-14 08:24","","2875587269|66","66","False","14 Jan, 2025 at 17:18 UTC","2025-01-14 17:18","https://modsbase.com/n0ll6nobdkl3/2875587269_A_Special_World_-_Special_Building_Compatch.zip.html","0","8,9","","False","False","False","False","WEAK_TIME_CANDIDATE"
"2875587269|201","Special-World","SW","2875587269","201","14 Jan, 2025 @ 8:05am","2025-01-14 08:05","","2875587269|65","65","False","16 Jan, 2025 at 19:14 UTC","2025-01-16 19:14","https://modsbase.com/jehpuul4dl5h/2875587269_A_Special_World_-_Special_Building_Compatch.zip.html","2","59,15","","False","False","False","False","WEAK_TIME_CANDIDATE"
"2875587269|201","Special-World","SW","2875587269","201","14 Jan, 2025 @ 8:05am","2025-01-14 08:05","","2875587269|66","66","False","14 Jan, 2025 at 17:18 UTC","2025-01-14 17:18","https://modsbase.com/n0ll6nobdkl3/2875587269_A_Special_World_-_Special_Building_Compatch.zip.html","0","9,22","","False","False","False","False","WEAK_TIME_CANDIDATE"
"2875587269|202","Special-World","SW","2875587269","202","14 Jan, 2025 @ 7:03am","2025-01-14 07:03","","2875587269|65","65","False","16 Jan, 2025 at 19:14 UTC","2025-01-16 19:14","https://modsbase.com/jehpuul4dl5h/2875587269_A_Special_World_-_Special_Building_Compatch.zip.html","2","60,18","","False","False","False","False","WEAK_TIME_CANDIDATE"
"2875587269|202","Special-World","SW","2875587269","202","14 Jan, 2025 @ 7:03am","2025-01-14 07:03","","2875587269|66","66","False","14 Jan, 2025 at 17:18 UTC","2025-01-14 17:18","https://modsbase.com/n0ll6nobdkl3/2875587269_A_Special_World_-_Special_Building_Compatch.zip.html","0","10,25","","False","False","False","False","WEAK_TIME_CANDIDATE"
"2875587269|203","Special-World","SW","2875587269","203","13 Jan, 2025 @ 2:38pm","2025-01-13 14:38","","2875587269|66","66","False","14 Jan, 2025 at 17:18 UTC","2025-01-14 17:18","https://modsbase.com/n0ll6nobdkl3/2875587269_A_Special_World_-_Special_Building_Compatch.zip.html","1","26,67","","False","False","False","False","WEAK_TIME_CANDIDATE"
"2875587269|204","Special-World","SW","2875587269","204","13 Jan, 2025 @ 1:51pm","2025-01-13 13:51","","2875587269|66","66","False","14 Jan, 2025 at 17:18 UTC","2025-01-14 17:18","https://modsbase.com/n0ll6nobdkl3/2875587269_A_Special_World_-_Special_Building_Compatch.zip.html","1","27,45","","False","False","False","False","WEAK_TIME_CANDIDATE"
"2875587269|205","Special-World","SW","2875587269","205","13 Jan, 2025 @ 12:28pm","2025-01-13 12:28","","2875587269|66","66","False","14 Jan, 2025 at 17:18 UTC","2025-01-14 17:18","https://modsbase.com/n0ll6nobdkl3/2875587269_A_Special_World_-_Special_Building_Compatch.zip.html","1","28,83","","False","False","False","False","WEAK_TIME_CANDIDATE"
"2875587269|206","Special-World","SW","2875587269","206","13 Jan, 2025 @ 9:17am","2025-01-13 09:17","","2875587269|66","66","False","14 Jan, 2025 at 17:18 UTC","2025-01-14 17:18","https://modsbase.com/n0ll6nobdkl3/2875587269_A_Special_World_-_Special_Building_Compatch.zip.html","1","32,02","","False","False","False","False","WEAK_TIME_CANDIDATE"
"2875587269|207","Special-World","SW","2875587269","207","7 Jan, 2025 @ 12:03pm","2025-01-07 12:03","","2875587269|67","67","False","7 Jan, 2025 at 20:03 UTC","2025-01-07 20:03","https://modsbase.com/de37mu10jg4w/2875587269_A_Special_World_-_Special_Building_Compatch.zip.html","0","8","8","True","True","True","True","BIDIRECTIONAL_UNIQUE"
"2875587269|208","Special-World","SW","2875587269","208","6 Jan, 2025 @ 9:04am","2025-01-06 09:04","","2875587269|67","67","False","7 Jan, 2025 at 20:03 UTC","2025-01-07 20:03","https://modsbase.com/de37mu10jg4w/2875587269_A_Special_World_-_Special_Building_Compatch.zip.html","1","34,98","","False","False","False","False","WEAK_TIME_CANDIDATE"
"2875587269|210","Special-World","SW","2875587269","210","31 Dec, 2024 @ 10:45am","2024-12-31 10:45","","2875587269|68","68","False","31 Dec, 2024 at 18:45 UTC","2024-12-31 18:45","https://modsbase.com/u49l5v8mvefs/2875587269_A_Special_World_-_Special_Building_Compatch.zip.html","0","8","8","True","True","True","True","BIDIRECTIONAL_UNIQUE"
"2875587269|210","Special-World","SW","2875587269","210","31 Dec, 2024 @ 10:45am","2024-12-31 10:45","","2875587269|69","69","False","30 Dec, 2024 at 06:27 UTC","2024-12-30 06:27","https://modsbase.com/smjz6pscif6i/2875587269_A_Special_World_-_Special_Building_Compatch___40____MHG___41_.zip.html","-1","-28,3","","False","False","False","False","WEAK_TIME_CANDIDATE"
"2875587269|211","Special-World","SW","2875587269","211","30 Dec, 2024 @ 8:27am","2024-12-30 08:27","","2875587269|68","68","False","31 Dec, 2024 at 18:45 UTC","2024-12-31 18:45","https://modsbase.com/u49l5v8mvefs/2875587269_A_Special_World_-_Special_Building_Compatch.zip.html","1","34,3","","False","False","False","False","WEAK_TIME_CANDIDATE"
"2875587269|211","Special-World","SW","2875587269","211","30 Dec, 2024 @ 8:27am","2024-12-30 08:27","","2875587269|69","69","False","30 Dec, 2024 at 06:27 UTC","2024-12-30 06:27","https://modsbase.com/smjz6pscif6i/2875587269_A_Special_World_-_Special_Building_Compatch___40____MHG___41_.zip.html","0","-2","-2","True","True","False","False","WEAK_TIME_CANDIDATE"
"2875587269|212","Special-World","SW","2875587269","212","29 Dec, 2024 @ 10:27pm","2024-12-29 22:27","","2875587269|68","68","False","31 Dec, 2024 at 18:45 UTC","2024-12-31 18:45","https://modsbase.com/u49l5v8mvefs/2875587269_A_Special_World_-_Special_Building_Compatch.zip.html","2","44,3","","False","False","False","False","WEAK_TIME_CANDIDATE"
"2875587269|212","Special-World","SW","2875587269","212","29 Dec, 2024 @ 10:27pm","2024-12-29 22:27","","2875587269|69","69","False","30 Dec, 2024 at 06:27 UTC","2024-12-30 06:27","https://modsbase.com/smjz6pscif6i/2875587269_A_Special_World_-_Special_Building_Compatch___40____MHG___41_.zip.html","1","8","8","True","True","True","True","BIDIRECTIONAL_UNIQUE"
"2875587269|213","Special-World","SW","2875587269","213","29 Dec, 2024 @ 9:27pm","2024-12-29 21:27","","2875587269|68","68","False","31 Dec, 2024 at 18:45 UTC","2024-12-31 18:45","https://modsbase.com/u49l5v8mvefs/2875587269_A_Special_World_-_Special_Building_Compatch.zip.html","2","45,3","","False","False","False","False","WEAK_TIME_CANDIDATE"
"2875587269|213","Special-World","SW","2875587269","213","29 Dec, 2024 @ 9:27pm","2024-12-29 21:27","","2875587269|69","69","False","30 Dec, 2024 at 06:27 UTC","2024-12-30 06:27","https://modsbase.com/smjz6pscif6i/2875587269_A_Special_World_-_Special_Building_Compatch___40____MHG___41_.zip.html","1","9","9","True","True","True","False","WEAK_TIME_CANDIDATE"
"2875587269|214","Special-World","SW","2875587269","214","28 Dec, 2024 @ 5:45pm","2024-12-28 17:45","","2875587269|69","69","False","30 Dec, 2024 at 06:27 UTC","2024-12-30 06:27","https://modsbase.com/smjz6pscif6i/2875587269_A_Special_World_-_Special_Building_Compatch___40____MHG___41_.zip.html","2","36,7","","False","False","False","False","WEAK_TIME_CANDIDATE"
"2875587269|215","Special-World","SW","2875587269","215","28 Dec, 2024 @ 5:22pm","2024-12-28 17:22","","2875587269|69","69","False","30 Dec, 2024 at 06:27 UTC","2024-12-30 06:27","https://modsbase.com/smjz6pscif6i/2875587269_A_Special_World_-_Special_Building_Compatch___40____MHG___41_.zip.html","2","37,08","","False","False","False","False","WEAK_TIME_CANDIDATE"
"2875587269|216","Special-World","SW","2875587269","216","28 Dec, 2024 @ 5:18pm","2024-12-28 17:18","","2875587269|69","69","False","30 Dec, 2024 at 06:27 UTC","2024-12-30 06:27","https://modsbase.com/smjz6pscif6i/2875587269_A_Special_World_-_Special_Building_Compatch___40____MHG___41_.zip.html","2","37,15","","False","False","False","False","WEAK_TIME_CANDIDATE"
"2875587269|217","Special-World","SW","2875587269","217","28 Dec, 2024 @ 5:00pm","2024-12-28 17:00","","2875587269|69","69","False","30 Dec, 2024 at 06:27 UTC","2024-12-30 06:27","https://modsbase.com/smjz6pscif6i/2875587269_A_Special_World_-_Special_Building_Compatch___40____MHG___41_.zip.html","2","37,45","","False","False","False","False","WEAK_TIME_CANDIDATE"
"2875587269|218","Special-World","SW","2875587269","218","28 Dec, 2024 @ 1:48pm","2024-12-28 13:48","","2875587269|69","69","False","30 Dec, 2024 at 06:27 UTC","2024-12-30 06:27","https://modsbase.com/smjz6pscif6i/2875587269_A_Special_World_-_Special_Building_Compatch___40____MHG___41_.zip.html","2","40,65","","False","False","False","False","WEAK_TIME_CANDIDATE"
"2875587269|222","Special-World","SW","2875587269","222","22 Dec, 2024 @ 2:30pm","2024-12-22 14:30","","2875587269|70","70","False","22 Dec, 2024 at 22:30 UTC","2024-12-22 22:30","https://modsbase.com/m1rflmpaf81u/2875587269_A_Special_World_-_Special_Building_Compatch.zip.html","0","8","8","True","True","True","True","BIDIRECTIONAL_UNIQUE"
"2875587269|223","Special-World","SW","2875587269","223","22 Dec, 2024 @ 2:20pm","2024-12-22 14:20","","2875587269|70","70","False","22 Dec, 2024 at 22:30 UTC","2024-12-22 22:30","https://modsbase.com/m1rflmpaf81u/2875587269_A_Special_World_-_Special_Building_Compatch.zip.html","0","8,17","","False","False","False","False","WEAK_TIME_CANDIDATE"
"2875587269|224","Special-World","SW","2875587269","224","20 Dec, 2024 @ 9:57pm","2024-12-20 21:57","","2875587269|70","70","False","22 Dec, 2024 at 22:30 UTC","2024-12-22 22:30","https://modsbase.com/m1rflmpaf81u/2875587269_A_Special_World_-_Special_Building_Compatch.zip.html","2","48,55","","False","False","False","False","WEAK_TIME_CANDIDATE"
"2875587269|224","Special-World","SW","2875587269","224","20 Dec, 2024 @ 9:57pm","2024-12-20 21:57","","2875587269|71","71","False","19 Dec, 2024 at 17:04 UTC","2024-12-19 17:04","https://modsbase.com/cnz4rsdz6tcx/2875587269_A_Special_World_-_Special_Building_Compatch.zip.html","-1","-28,88","","False","False","False","False","WEAK_TIME_CANDIDATE"
"2875587269|225","Special-World","SW","2875587269","225","20 Dec, 2024 @ 6:43am","2024-12-20 06:43","","2875587269|70","70","False","22 Dec, 2024 at 22:30 UTC","2024-12-22 22:30","https://modsbase.com/m1rflmpaf81u/2875587269_A_Special_World_-_Special_Building_Compatch.zip.html","2","63,78","","False","False","False","False","WEAK_TIME_CANDIDATE"
"2875587269|225","Special-World","SW","2875587269","225","20 Dec, 2024 @ 6:43am","2024-12-20 06:43","","2875587269|71","71","False","19 Dec, 2024 at 17:04 UTC","2024-12-19 17:04","https://modsbase.com/cnz4rsdz6tcx/2875587269_A_Special_World_-_Special_Building_Compatch.zip.html","-1","-13,65","","False","False","False","False","WEAK_TIME_CANDIDATE"
"2875587269|226","Special-World","SW","2875587269","226","19 Dec, 2024 @ 9:04am","2024-12-19 09:04","","2875587269|71","71","False","19 Dec, 2024 at 17:04 UTC","2024-12-19 17:04","https://modsbase.com/cnz4rsdz6tcx/2875587269_A_Special_World_-_Special_Building_Compatch.zip.html","0","8","8","True","True","True","True","BIDIRECTIONAL_UNIQUE"
"2875587269|226","Special-World","SW","2875587269","226","19 Dec, 2024 @ 9:04am","2024-12-19 09:04","","2875587269|72","72","False","17 Dec, 2024 at 19:03 UTC","2024-12-17 19:03","https://modsbase.com/v5n9i3mjxsb2/2875587269_A_Special_World_-_Special_Building_Compatch.zip.html","-2","-38,02","","False","False","False","False","WEAK_TIME_CANDIDATE"
"2875587269|227","Special-World","SW","2875587269","227","18 Dec, 2024 @ 10:57am","2024-12-18 10:57","","2875587269|71","71","False","19 Dec, 2024 at 17:04 UTC","2024-12-19 17:04","https://modsbase.com/cnz4rsdz6tcx/2875587269_A_Special_World_-_Special_Building_Compatch.zip.html","1","30,12","","False","False","False","False","WEAK_TIME_CANDIDATE"
"2875587269|227","Special-World","SW","2875587269","227","18 Dec, 2024 @ 10:57am","2024-12-18 10:57","","2875587269|72","72","False","17 Dec, 2024 at 19:03 UTC","2024-12-17 19:03","https://modsbase.com/v5n9i3mjxsb2/2875587269_A_Special_World_-_Special_Building_Compatch.zip.html","-1","-15,9","","False","False","False","False","WEAK_TIME_CANDIDATE"
"2875587269|228","Special-World","SW","2875587269","228","17 Dec, 2024 @ 11:03am","2024-12-17 11:03","","2875587269|71","71","False","19 Dec, 2024 at 17:04 UTC","2024-12-19 17:04","https://modsbase.com/cnz4rsdz6tcx/2875587269_A_Special_World_-_Special_Building_Compatch.zip.html","2","54,02","","False","False","False","False","WEAK_TIME_CANDIDATE"
"2875587269|228","Special-World","SW","2875587269","228","17 Dec, 2024 @ 11:03am","2024-12-17 11:03","","2875587269|72","72","False","17 Dec, 2024 at 19:03 UTC","2024-12-17 19:03","https://modsbase.com/v5n9i3mjxsb2/2875587269_A_Special_World_-_Special_Building_Compatch.zip.html","0","8","8","True","True","True","True","BIDIRECTIONAL_UNIQUE"
"2875587269|229","Special-World","SW","2875587269","229","9 Dec, 2024 @ 10:10am","2024-12-09 10:10","","2875587269|73","73","False","9 Dec, 2024 at 18:10 UTC","2024-12-09 18:10","https://modsbase.com/wyn7i8lxxdap/2875587269_A_Special_World_-_Special_Building_Compatch.zip.html","0","8","8","True","True","True","True","BIDIRECTIONAL_UNIQUE"
"2875587269|229","Special-World","SW","2875587269","229","9 Dec, 2024 @ 10:10am","2024-12-09 10:10","","2875587269|74","74","False","9 Dec, 2024 at 07:05 UTC","2024-12-09 07:05","https://modsbase.com/cndyepnud3ob/2875587269_A_Special_World_-_Special_Building_Compatch.zip.html","0","-3,08","","False","False","False","False","WEAK_TIME_CANDIDATE"
"2875587269|230","Special-World","SW","2875587269","230","8 Dec, 2024 @ 11:05pm","2024-12-08 23:05","","2875587269|73","73","False","9 Dec, 2024 at 18:10 UTC","2024-12-09 18:10","https://modsbase.com/wyn7i8lxxdap/2875587269_A_Special_World_-_Special_Building_Compatch.zip.html","1","19,08","","False","False","False","False","WEAK_TIME_CANDIDATE"
"2875587269|230","Special-World","SW","2875587269","230","8 Dec, 2024 @ 11:05pm","2024-12-08 23:05","","2875587269|74","74","False","9 Dec, 2024 at 07:05 UTC","2024-12-09 07:05","https://modsbase.com/cndyepnud3ob/2875587269_A_Special_World_-_Special_Building_Compatch.zip.html","1","8","8","True","True","True","True","BIDIRECTIONAL_UNIQUE"
"2875587269|231","Special-World","SW","2875587269","231","8 Dec, 2024 @ 5:02pm","2024-12-08 17:02","","2875587269|73","73","False","9 Dec, 2024 at 18:10 UTC","2024-12-09 18:10","https://modsbase.com/wyn7i8lxxdap/2875587269_A_Special_World_-_Special_Building_Compatch.zip.html","1","25,13","","False","False","False","False","WEAK_TIME_CANDIDATE"
"2875587269|231","Special-World","SW","2875587269","231","8 Dec, 2024 @ 5:02pm","2024-12-08 17:02","","2875587269|74","74","False","9 Dec, 2024 at 07:05 UTC","2024-12-09 07:05","https://modsbase.com/cndyepnud3ob/2875587269_A_Special_World_-_Special_Building_Compatch.zip.html","1","14,05","","False","False","False","False","WEAK_TIME_CANDIDATE"
"2875587269|232","Special-World","SW","2875587269","232","8 Dec, 2024 @ 4:42pm","2024-12-08 16:42","","2875587269|73","73","False","9 Dec, 2024 at 18:10 UTC","2024-12-09 18:10","https://modsbase.com/wyn7i8lxxdap/2875587269_A_Special_World_-_Special_Building_Compatch.zip.html","1","25,47","","False","False","False","False","WEAK_TIME_CANDIDATE"
"2875587269|232","Special-World","SW","2875587269","232","8 Dec, 2024 @ 4:42pm","2024-12-08 16:42","","2875587269|74","74","False","9 Dec, 2024 at 07:05 UTC","2024-12-09 07:05","https://modsbase.com/cndyepnud3ob/2875587269_A_Special_World_-_Special_Building_Compatch.zip.html","1","14,38","","False","False","False","False","WEAK_TIME_CANDIDATE"
"2875587269|233","Special-World","SW","2875587269","233","8 Dec, 2024 @ 2:43pm","2024-12-08 14:43","","2875587269|73","73","False","9 Dec, 2024 at 18:10 UTC","2024-12-09 18:10","https://modsbase.com/wyn7i8lxxdap/2875587269_A_Special_World_-_Special_Building_Compatch.zip.html","1","27,45","","False","False","False","False","WEAK_TIME_CANDIDATE"
"2875587269|233","Special-World","SW","2875587269","233","8 Dec, 2024 @ 2:43pm","2024-12-08 14:43","","2875587269|74","74","False","9 Dec, 2024 at 07:05 UTC","2024-12-09 07:05","https://modsbase.com/cndyepnud3ob/2875587269_A_Special_World_-_Special_Building_Compatch.zip.html","1","16,37","","False","False","False","False","WEAK_TIME_CANDIDATE"
"2875587269|235","Special-World","SW","2875587269","235","26 Nov, 2024 @ 11:58am","2024-11-26 11:58","","2875587269|75","75","False","26 Nov, 2024 at 19:58 UTC","2024-11-26 19:58","https://modsbase.com/6i09zu2d199y/2875587269_A_Special_World_-_Special_Building_Compatch.zip.html","0","8","8","True","True","True","True","BIDIRECTIONAL_UNIQUE"
"2875587269|235","Special-World","SW","2875587269","235","26 Nov, 2024 @ 11:58am","2024-11-26 11:58","","2875587269|76","76","False","24 Nov, 2024 at 21:25 UTC","2024-11-24 21:25","https://modsbase.com/vxhcf5rp7fet/2875587269_A_Special_World_-_Special_Building_Compatch.zip.html","-2","-38,55","","False","False","False","False","WEAK_TIME_CANDIDATE"
"2875587269|236","Special-World","SW","2875587269","236","25 Nov, 2024 @ 4:36pm","2024-11-25 16:36","","2875587269|75","75","False","26 Nov, 2024 at 19:58 UTC","2024-11-26 19:58","https://modsbase.com/6i09zu2d199y/2875587269_A_Special_World_-_Special_Building_Compatch.zip.html","1","27,37","","False","False","False","False","WEAK_TIME_CANDIDATE"
"2875587269|236","Special-World","SW","2875587269","236","25 Nov, 2024 @ 4:36pm","2024-11-25 16:36","","2875587269|76","76","False","24 Nov, 2024 at 21:25 UTC","2024-11-24 21:25","https://modsbase.com/vxhcf5rp7fet/2875587269_A_Special_World_-_Special_Building_Compatch.zip.html","-1","-19,18","","False","False","False","False","WEAK_TIME_CANDIDATE"
"2875587269|237","Special-World","SW","2875587269","237","24 Nov, 2024 @ 1:25pm","2024-11-24 13:25","","2875587269|75","75","False","26 Nov, 2024 at 19:58 UTC","2024-11-26 19:58","https://modsbase.com/6i09zu2d199y/2875587269_A_Special_World_-_Special_Building_Compatch.zip.html","2","54,55","","False","False","False","False","WEAK_TIME_CANDIDATE"
"2875587269|237","Special-World","SW","2875587269","237","24 Nov, 2024 @ 1:25pm","2024-11-24 13:25","","2875587269|76","76","False","24 Nov, 2024 at 21:25 UTC","2024-11-24 21:25","https://modsbase.com/vxhcf5rp7fet/2875587269_A_Special_World_-_Special_Building_Compatch.zip.html","0","8","8","True","True","True","True","BIDIRECTIONAL_UNIQUE"
"2875587269|238","Special-World","SW","2875587269","238","11 Nov, 2024 @ 8:10am","2024-11-11 08:10","","2875587269|77","77","False","11 Nov, 2024 at 16:10 UTC","2024-11-11 16:10","https://modsbase.com/v6rr6hfeqg3e/2875587269_A_Special_World_-_Special_Building_Compatch.zip.html","0","8","8","True","True","True","True","BIDIRECTIONAL_UNIQUE"
"2875587269|239","Special-World","SW","2875587269","239","9 Nov, 2024 @ 9:20am","2024-11-09 09:20","","2875587269|77","77","False","11 Nov, 2024 at 16:10 UTC","2024-11-11 16:10","https://modsbase.com/v6rr6hfeqg3e/2875587269_A_Special_World_-_Special_Building_Compatch.zip.html","2","54,83","","False","False","False","False","WEAK_TIME_CANDIDATE"
"2875587269|240","Special-World","SW","2875587269","240","4 Nov, 2024 @ 11:49pm","2024-11-04 23:49","","2875587269|78","78","False","5 Nov, 2024 at 07:49 UTC","2024-11-05 07:49","https://modsbase.com/84j2ma96lyl5/2875587269_A_Special_World_-_Special_Building_Compatch.zip.html","1","8","8","True","True","True","True","BIDIRECTIONAL_UNIQUE"
"2875587269|241","Special-World","SW","2875587269","241","31 Oct, 2024 @ 12:39pm","2024-10-31 12:39","","2875587269|79","79","False","31 Oct, 2024 at 19:39 UTC","2024-10-31 19:39","https://modsbase.com/khh61cii15uz/2875587269_A_Special_World_-_Special_Building_Compatch.zip.html","0","7","7","True","True","True","True","BIDIRECTIONAL_UNIQUE"
"2875587269|244","Special-World","SW","2875587269","244","22 Oct, 2024 @ 9:14am","2024-10-22 09:14","","2875587269|80","80","False","22 Oct, 2024 at 16:14 UTC","2024-10-22 16:14","https://modsbase.com/acwdw2idcqyb/2875587269_A_Special_World_-_Special_Building_Compatch.zip.html","0","7","7","True","True","True","True","BIDIRECTIONAL_UNIQUE"
"2875587269|253","Special-World","SW","2875587269","253","9 Oct, 2024 @ 11:55pm","2024-10-09 23:55","","2875587269|81","81","False","10 Oct, 2024 at 06:55 UTC","2024-10-10 06:55","https://modsbase.com/rjr25wknel5f/2875587269_A_Special_World_-_Special_Building_Compatch.zip.html","1","7","7","True","True","True","True","BIDIRECTIONAL_UNIQUE"
"2875587269|253","Special-World","SW","2875587269","253","9 Oct, 2024 @ 11:55pm","2024-10-09 23:55","","2875587269|82","82","False","9 Oct, 2024 at 00:46 UTC","2024-10-09 00:46","https://modsbase.com/cp3r069t1iro/2875587269_A_Special_World_-_Special_Building_Compatch.zip.html","0","-23,15","","False","False","False","False","WEAK_TIME_CANDIDATE"
"2875587269|254","Special-World","SW","2875587269","254","9 Oct, 2024 @ 10:56am","2024-10-09 10:56","","2875587269|81","81","False","10 Oct, 2024 at 06:55 UTC","2024-10-10 06:55","https://modsbase.com/rjr25wknel5f/2875587269_A_Special_World_-_Special_Building_Compatch.zip.html","1","19,98","","False","False","False","False","WEAK_TIME_CANDIDATE"
"2875587269|254","Special-World","SW","2875587269","254","9 Oct, 2024 @ 10:56am","2024-10-09 10:56","","2875587269|82","82","False","9 Oct, 2024 at 00:46 UTC","2024-10-09 00:46","https://modsbase.com/cp3r069t1iro/2875587269_A_Special_World_-_Special_Building_Compatch.zip.html","0","-10,17","","False","False","False","False","WEAK_TIME_CANDIDATE"
"2875587269|255","Special-World","SW","2875587269","255","8 Oct, 2024 @ 5:46pm","2024-10-08 17:46","","2875587269|81","81","False","10 Oct, 2024 at 06:55 UTC","2024-10-10 06:55","https://modsbase.com/rjr25wknel5f/2875587269_A_Special_World_-_Special_Building_Compatch.zip.html","2","37,15","","False","False","False","False","WEAK_TIME_CANDIDATE"
"2875587269|255","Special-World","SW","2875587269","255","8 Oct, 2024 @ 5:46pm","2024-10-08 17:46","","2875587269|82","82","False","9 Oct, 2024 at 00:46 UTC","2024-10-09 00:46","https://modsbase.com/cp3r069t1iro/2875587269_A_Special_World_-_Special_Building_Compatch.zip.html","1","7","7","True","True","True","True","BIDIRECTIONAL_UNIQUE"
"2875587269|256","Special-World","SW","2875587269","256","8 Oct, 2024 @ 1:31pm","2024-10-08 13:31","","2875587269|81","81","False","10 Oct, 2024 at 06:55 UTC","2024-10-10 06:55","https://modsbase.com/rjr25wknel5f/2875587269_A_Special_World_-_Special_Building_Compatch.zip.html","2","41,4","","False","False","False","False","WEAK_TIME_CANDIDATE"
"2875587269|256","Special-World","SW","2875587269","256","8 Oct, 2024 @ 1:31pm","2024-10-08 13:31","","2875587269|82","82","False","9 Oct, 2024 at 00:46 UTC","2024-10-09 00:46","https://modsbase.com/cp3r069t1iro/2875587269_A_Special_World_-_Special_Building_Compatch.zip.html","1","11,25","","False","False","False","False","WEAK_TIME_CANDIDATE"
"2875587269|257","Special-World","SW","2875587269","257","8 Oct, 2024 @ 9:06am","2024-10-08 09:06","","2875587269|81","81","False","10 Oct, 2024 at 06:55 UTC","2024-10-10 06:55","https://modsbase.com/rjr25wknel5f/2875587269_A_Special_World_-_Special_Building_Compatch.zip.html","2","45,82","","False","False","False","False","WEAK_TIME_CANDIDATE"
"2875587269|257","Special-World","SW","2875587269","257","8 Oct, 2024 @ 9:06am","2024-10-08 09:06","","2875587269|82","82","False","9 Oct, 2024 at 00:46 UTC","2024-10-09 00:46","https://modsbase.com/cp3r069t1iro/2875587269_A_Special_World_-_Special_Building_Compatch.zip.html","1","15,67","","False","False","False","False","WEAK_TIME_CANDIDATE"
"2875587269|258","Special-World","SW","2875587269","258","4 Oct, 2024 @ 3:19pm","2024-10-04 15:19","","2875587269|83","83","False","4 Oct, 2024 at 22:19 UTC","2024-10-04 22:19","https://modsbase.com/7hp73bbspprv/2875587269_A_Special_World_-_Special_Building_Compatch.zip.html","0","7","7","True","True","True","True","BIDIRECTIONAL_UNIQUE"
"2875587269|259","Special-World","SW","2875587269","259","4 Oct, 2024 @ 10:06am","2024-10-04 10:06","","2875587269|83","83","False","4 Oct, 2024 at 22:19 UTC","2024-10-04 22:19","https://modsbase.com/7hp73bbspprv/2875587269_A_Special_World_-_Special_Building_Compatch.zip.html","0","12,22","","False","False","False","False","WEAK_TIME_CANDIDATE"
"2875587269|260","Special-World","SW","2875587269","260","17 Sep, 2024 @ 9:14am","2024-09-17 09:14","","2875587269|84","84","False","17 Sep, 2024 at 16:14 UTC","2024-09-17 16:14","https://modsbase.com/j9i6ji6pp974/2875587269_A_Special_World_-_Special_Building_Compatch.zip.html","0","7","7","True","True","True","True","BIDIRECTIONAL_UNIQUE"
"2875587269|263","Special-World","SW","2875587269","263","21 Aug, 2024 @ 8:18am","2024-08-21 08:18","","2875587269|85","85","False","21 Aug, 2024 at 15:18 UTC","2024-08-21 15:18","https://modsbase.com/c0yexkmzk8sm/2875587269_A_Special_World_-_Special_Building_Compatch.zip.html","0","7","7","True","True","True","True","BIDIRECTIONAL_UNIQUE"
"2875587269|268","Special-World","SW","2875587269","268","30 Jul, 2024 @ 9:49am","2024-07-30 09:49","","2875587269|86","86","False","30 Jul, 2024 at 16:49 UTC","2024-07-30 16:49","https://modsbase.com/uad8qtl916j0/2875587269_A_Special_World_-_Special_Building_Compatch.zip.html","0","7","7","True","True","True","True","BIDIRECTIONAL_UNIQUE"
"2875587269|268","Special-World","SW","2875587269","268","30 Jul, 2024 @ 9:49am","2024-07-30 09:49","","2875587269|87","87","False","28 Jul, 2024 at 22:15 UTC","2024-07-28 22:15","https://modsbase.com/bvw167ux6v43/2875587269_A_Special_World_-_Special_Building_Compatch.zip.html","-2","-35,57","","False","False","False","False","WEAK_TIME_CANDIDATE"
"2875587269|269","Special-World","SW","2875587269","269","29 Jul, 2024 @ 2:41pm","2024-07-29 14:41","","2875587269|86","86","False","30 Jul, 2024 at 16:49 UTC","2024-07-30 16:49","https://modsbase.com/uad8qtl916j0/2875587269_A_Special_World_-_Special_Building_Compatch.zip.html","1","26,13","","False","False","False","False","WEAK_TIME_CANDIDATE"
"2875587269|269","Special-World","SW","2875587269","269","29 Jul, 2024 @ 2:41pm","2024-07-29 14:41","","2875587269|87","87","False","28 Jul, 2024 at 22:15 UTC","2024-07-28 22:15","https://modsbase.com/bvw167ux6v43/2875587269_A_Special_World_-_Special_Building_Compatch.zip.html","-1","-16,43","","False","False","False","False","WEAK_TIME_CANDIDATE"
"2875587269|270","Special-World","SW","2875587269","270","28 Jul, 2024 @ 3:15pm","2024-07-28 15:15","","2875587269|86","86","False","30 Jul, 2024 at 16:49 UTC","2024-07-30 16:49","https://modsbase.com/uad8qtl916j0/2875587269_A_Special_World_-_Special_Building_Compatch.zip.html","2","49,57","","False","False","False","False","WEAK_TIME_CANDIDATE"
"2875587269|270","Special-World","SW","2875587269","270","28 Jul, 2024 @ 3:15pm","2024-07-28 15:15","","2875587269|87","87","False","28 Jul, 2024 at 22:15 UTC","2024-07-28 22:15","https://modsbase.com/bvw167ux6v43/2875587269_A_Special_World_-_Special_Building_Compatch.zip.html","0","7","7","True","True","True","True","BIDIRECTIONAL_UNIQUE"
"2875587269|283","Special-World","SW","2875587269","283","20 Jun, 2024 @ 12:01pm","2024-06-20 12:01","","2875587269|88","88","False","20 Jun, 2024 at 19:01 UTC","2024-06-20 19:01","https://modsbase.com/79q19anosorb/2875587269_A_Special_World_-_Special_Building_Compatch.zip.html","0","7","7","True","True","True","True","BIDIRECTIONAL_UNIQUE"
"2875587269|284","Special-World","SW","2875587269","284","19 Jun, 2024 @ 12:00pm","2024-06-19 12:00","","2875587269|88","88","False","20 Jun, 2024 at 19:01 UTC","2024-06-20 19:01","https://modsbase.com/79q19anosorb/2875587269_A_Special_World_-_Special_Building_Compatch.zip.html","1","31,02","","False","False","False","False","WEAK_TIME_CANDIDATE"
"2875587269|284","Special-World","SW","2875587269","284","19 Jun, 2024 @ 12:00pm","2024-06-19 12:00","","2875587269|89","89","False","17 Jun, 2024 at 06:17 UTC","2024-06-17 06:17","https://modsbase.com/tww784h2p76x/2875587269_A_Special_World_-_Special_Building_Compatch.zip.html","-2","-53,72","","False","False","False","False","WEAK_TIME_CANDIDATE"
"2875587269|285","Special-World","SW","2875587269","285","16 Jun, 2024 @ 11:17pm","2024-06-16 23:17","","2875587269|89","89","False","17 Jun, 2024 at 06:17 UTC","2024-06-17 06:17","https://modsbase.com/tww784h2p76x/2875587269_A_Special_World_-_Special_Building_Compatch.zip.html","1","7","7","True","True","True","True","BIDIRECTIONAL_UNIQUE"
"2875587269|286","Special-World","SW","2875587269","286","16 Jun, 2024 @ 11:44am","2024-06-16 11:44","","2875587269|89","89","False","17 Jun, 2024 at 06:17 UTC","2024-06-17 06:17","https://modsbase.com/tww784h2p76x/2875587269_A_Special_World_-_Special_Building_Compatch.zip.html","1","18,55","","False","False","False","False","WEAK_TIME_CANDIDATE"
"2875587269|290","Special-World","SW","2875587269","290","5 Jun, 2024 @ 3:30pm","2024-06-05 15:30","","2875587269|90","90","False","5 Jun, 2024 at 22:30 UTC","2024-06-05 22:30","https://modsbase.com/5st9l8iknru5/2875587269_A_Special_World_-_Special_Building_Compatch.zip.html","0","7","7","True","True","True","True","BIDIRECTIONAL_UNIQUE"
"2875587269|290","Special-World","SW","2875587269","290","5 Jun, 2024 @ 3:30pm","2024-06-05 15:30","","2875587269|91","91","False","3 Jun, 2024 at 19:39 UTC","2024-06-03 19:39","https://modsbase.com/fjuvrhgrbd5n/2875587269_A_Special_World_-_Special_Building_Compatch.zip.html","-2","-43,85","","False","False","False","False","WEAK_TIME_CANDIDATE"
"2875587269|291","Special-World","SW","2875587269","291","5 Jun, 2024 @ 3:19pm","2024-06-05 15:19","","2875587269|90","90","False","5 Jun, 2024 at 22:30 UTC","2024-06-05 22:30","https://modsbase.com/5st9l8iknru5/2875587269_A_Special_World_-_Special_Building_Compatch.zip.html","0","7,18","","False","False","False","False","WEAK_TIME_CANDIDATE"
"2875587269|291","Special-World","SW","2875587269","291","5 Jun, 2024 @ 3:19pm","2024-06-05 15:19","","2875587269|91","91","False","3 Jun, 2024 at 19:39 UTC","2024-06-03 19:39","https://modsbase.com/fjuvrhgrbd5n/2875587269_A_Special_World_-_Special_Building_Compatch.zip.html","-2","-43,67","","False","False","False","False","WEAK_TIME_CANDIDATE"
"2875587269|292","Special-World","SW","2875587269","292","3 Jun, 2024 @ 12:39pm","2024-06-03 12:39","","2875587269|90","90","False","5 Jun, 2024 at 22:30 UTC","2024-06-05 22:30","https://modsbase.com/5st9l8iknru5/2875587269_A_Special_World_-_Special_Building_Compatch.zip.html","2","57,85","","False","False","False","False","WEAK_TIME_CANDIDATE"
"2875587269|292","Special-World","SW","2875587269","292","3 Jun, 2024 @ 12:39pm","2024-06-03 12:39","","2875587269|91","91","False","3 Jun, 2024 at 19:39 UTC","2024-06-03 19:39","https://modsbase.com/fjuvrhgrbd5n/2875587269_A_Special_World_-_Special_Building_Compatch.zip.html","0","7","7","True","True","True","True","BIDIRECTIONAL_UNIQUE"
"2875587269|293","Special-World","SW","2875587269","293","21 May, 2024 @ 12:07pm","2024-05-21 12:07","","2875587269|92","92","False","21 May, 2024 at 19:07 UTC","2024-05-21 19:07","https://modsbase.com/a81i1gminxvp/2875587269_A_Special_World_-_Special_Building_Compatch.zip.html","0","7","7","True","True","True","True","BIDIRECTIONAL_UNIQUE"
"2875587269|294","Special-World","SW","2875587269","294","15 May, 2024 @ 12:11pm","2024-05-15 12:11","","2875587269|93","93","False","15 May, 2024 at 19:11 UTC","2024-05-15 19:11","https://modsbase.com/ya5xmj5ho5ru/2875587269_A_Special_World_-_Special_Building_Compatch.zip.html","0","7","7","True","True","True","True","BIDIRECTIONAL_UNIQUE"
"2875587269|295","Special-World","SW","2875587269","295","8 May, 2024 @ 9:32am","2024-05-08 09:32","","2875587269|94","94","False","8 May, 2024 at 16:32 UTC","2024-05-08 16:32","https://modsbase.com/2jtkt18bi060/2875587269_A_Special_World_-_Special_Building_Compatch.zip.html","0","7","7","True","True","True","True","BIDIRECTIONAL_UNIQUE"
"2875587269|296","Special-World","SW","2875587269","296","2 May, 2024 @ 2:35pm","2024-05-02 14:35","","2875587269|95","95","False","2 May, 2024 at 21:35 UTC","2024-05-02 21:35","https://modsbase.com/25iwd91atdfr/2875587269_A_Special_World_-_Special_Building_Compatch.zip.html","0","7","7","True","True","True","True","BIDIRECTIONAL_UNIQUE"
"2875587269|297","Special-World","SW","2875587269","297","1 May, 2024 @ 12:03pm","2024-05-01 12:03","","2875587269|95","95","False","2 May, 2024 at 21:35 UTC","2024-05-02 21:35","https://modsbase.com/25iwd91atdfr/2875587269_A_Special_World_-_Special_Building_Compatch.zip.html","1","33,53","","False","False","False","False","WEAK_TIME_CANDIDATE"
"2875587269|298","Special-World","SW","2875587269","298","23 Apr, 2024 @ 9:43am","2024-04-23 09:43","","2875587269|96","96","False","23 Apr, 2024 at 16:43 UTC","2024-04-23 16:43","https://modsbase.com/s50ciif30nc5/2875587269_A_Special_World_-_Special_Building_Compatch.zip.html","0","7","7","True","True","True","True","BIDIRECTIONAL_UNIQUE"
"2875587269|299","Special-World","SW","2875587269","299","19 Apr, 2024 @ 3:02pm","2024-04-19 15:02","","2875587269|97","97","False","18 Apr, 2024 at 18:10 UTC","2024-04-18 18:10","https://modsbase.com/wtu384aiqcoa/2875587269_A_Special_World_-_Special_Building_Compatch.zip.html","-1","-20,87","","False","False","False","False","WEAK_TIME_CANDIDATE"
"2875587269|299","Special-World","SW","2875587269","299","19 Apr, 2024 @ 3:02pm","2024-04-19 15:02","","2875587269|98","98","False","17 Apr, 2024 at 14:40 UTC","2024-04-17 14:40","https://modsbase.com/9h202cnyqmed/2875587269_A_Special_World_-_Special_Building_Compatch.zip.html","-2","-48,37","","False","False","False","False","WEAK_TIME_CANDIDATE"
"2875587269|300","Special-World","SW","2875587269","300","18 Apr, 2024 @ 11:10am","2024-04-18 11:10","","2875587269|97","97","False","18 Apr, 2024 at 18:10 UTC","2024-04-18 18:10","https://modsbase.com/wtu384aiqcoa/2875587269_A_Special_World_-_Special_Building_Compatch.zip.html","0","7","7","True","True","True","True","BIDIRECTIONAL_UNIQUE"
"2875587269|300","Special-World","SW","2875587269","300","18 Apr, 2024 @ 11:10am","2024-04-18 11:10","","2875587269|98","98","False","17 Apr, 2024 at 14:40 UTC","2024-04-17 14:40","https://modsbase.com/9h202cnyqmed/2875587269_A_Special_World_-_Special_Building_Compatch.zip.html","-1","-20,5","","False","False","False","False","WEAK_TIME_CANDIDATE"
"2875587269|301","Special-World","SW","2875587269","301","17 Apr, 2024 @ 2:39pm","2024-04-17 14:39","","2875587269|97","97","False","18 Apr, 2024 at 18:10 UTC","2024-04-18 18:10","https://modsbase.com/wtu384aiqcoa/2875587269_A_Special_World_-_Special_Building_Compatch.zip.html","1","27,52","","False","False","False","False","WEAK_TIME_CANDIDATE"
"2875587269|301","Special-World","SW","2875587269","301","17 Apr, 2024 @ 2:39pm","2024-04-17 14:39","","2875587269|98","98","False","17 Apr, 2024 at 14:40 UTC","2024-04-17 14:40","https://modsbase.com/9h202cnyqmed/2875587269_A_Special_World_-_Special_Building_Compatch.zip.html","0","0,02","","False","False","False","False","WEAK_TIME_CANDIDATE"
"2875587269|302","Special-World","SW","2875587269","302","17 Apr, 2024 @ 7:40am","2024-04-17 07:40","","2875587269|97","97","False","18 Apr, 2024 at 18:10 UTC","2024-04-18 18:10","https://modsbase.com/wtu384aiqcoa/2875587269_A_Special_World_-_Special_Building_Compatch.zip.html","1","34,5","","False","False","False","False","WEAK_TIME_CANDIDATE"
"2875587269|302","Special-World","SW","2875587269","302","17 Apr, 2024 @ 7:40am","2024-04-17 07:40","","2875587269|98","98","False","17 Apr, 2024 at 14:40 UTC","2024-04-17 14:40","https://modsbase.com/9h202cnyqmed/2875587269_A_Special_World_-_Special_Building_Compatch.zip.html","0","7","7","True","True","True","True","BIDIRECTIONAL_UNIQUE"
"2875587269|303","Special-World","SW","2875587269","303","16 Apr, 2024 @ 2:21pm","2024-04-16 14:21","","2875587269|97","97","False","18 Apr, 2024 at 18:10 UTC","2024-04-18 18:10","https://modsbase.com/wtu384aiqcoa/2875587269_A_Special_World_-_Special_Building_Compatch.zip.html","2","51,82","","False","False","False","False","WEAK_TIME_CANDIDATE"
"2875587269|303","Special-World","SW","2875587269","303","16 Apr, 2024 @ 2:21pm","2024-04-16 14:21","","2875587269|98","98","False","17 Apr, 2024 at 14:40 UTC","2024-04-17 14:40","https://modsbase.com/9h202cnyqmed/2875587269_A_Special_World_-_Special_Building_Compatch.zip.html","1","24,32","","False","False","False","False","WEAK_TIME_CANDIDATE"
"2875587269|304","Special-World","SW","2875587269","304","15 Apr, 2024 @ 2:25pm","2024-04-15 14:25","","2875587269|98","98","False","17 Apr, 2024 at 14:40 UTC","2024-04-17 14:40","https://modsbase.com/9h202cnyqmed/2875587269_A_Special_World_-_Special_Building_Compatch.zip.html","2","48,25","","False","False","False","False","WEAK_TIME_CANDIDATE"
"2875587269|305","Special-World","SW","2875587269","305","11 Apr, 2024 @ 12:30am","2024-04-11 00:30","","2875587269|99","99","False","11 Apr, 2024 at 07:30 UTC","2024-04-11 07:30","https://modsbase.com/6pn2mlkm3qhj/2875587269_A_Special_World___40_MA__UBP___MB__COW3__MA-MSB__RICE_and_More_Compatch__41_.zip.html","0","7","7","True","True","True","True","BIDIRECTIONAL_UNIQUE"
"2875587269|305","Special-World","SW","2875587269","305","11 Apr, 2024 @ 12:30am","2024-04-11 00:30","","2875587269|100","100","False","9 Apr, 2024 at 17:37 UTC","2024-04-09 17:37","https://modsbase.com/uwv2fwyhibz3/2875587269_A_Special_World___40_MA__UBP___MB__COW3__MA-MSB__RICE_and_More_Compatch__41_.zip.html","-2","-30,88","","False","False","False","False","WEAK_TIME_CANDIDATE"
"2875587269|306","Special-World","SW","2875587269","306","9 Apr, 2024 @ 10:37am","2024-04-09 10:37","","2875587269|99","99","False","11 Apr, 2024 at 07:30 UTC","2024-04-11 07:30","https://modsbase.com/6pn2mlkm3qhj/2875587269_A_Special_World___40_MA__UBP___MB__COW3__MA-MSB__RICE_and_More_Compatch__41_.zip.html","2","44,88","","False","False","False","False","WEAK_TIME_CANDIDATE"
"2875587269|306","Special-World","SW","2875587269","306","9 Apr, 2024 @ 10:37am","2024-04-09 10:37","","2875587269|100","100","False","9 Apr, 2024 at 17:37 UTC","2024-04-09 17:37","https://modsbase.com/uwv2fwyhibz3/2875587269_A_Special_World___40_MA__UBP___MB__COW3__MA-MSB__RICE_and_More_Compatch__41_.zip.html","0","7","7","True","True","True","True","BIDIRECTIONAL_UNIQUE"
"2875587269|307","Special-World","SW","2875587269","307","4 Apr, 2024 @ 11:54am","2024-04-04 11:54","","2875587269|101","101","False","4 Apr, 2024 at 18:54 UTC","2024-04-04 18:54","https://modsbase.com/6kklkeso6c9e/2875587269_A_Special_World___40_MA__UBP___MB__COW3__MA-MSB__RICE_and_More_Compatch__41_.zip.html","0","7","7","True","True","True","True","BIDIRECTIONAL_UNIQUE"
"2875587269|308","Special-World","SW","2875587269","308","2 Apr, 2024 @ 2:08pm","2024-04-02 14:08","","2875587269|101","101","False","4 Apr, 2024 at 18:54 UTC","2024-04-04 18:54","https://modsbase.com/6kklkeso6c9e/2875587269_A_Special_World___40_MA__UBP___MB__COW3__MA-MSB__RICE_and_More_Compatch__41_.zip.html","2","52,77","","False","False","False","False","WEAK_TIME_CANDIDATE"
"2875587269|309","Special-World","SW","2875587269","309","2 Apr, 2024 @ 10:09am","2024-04-02 10:09","","2875587269|101","101","False","4 Apr, 2024 at 18:54 UTC","2024-04-04 18:54","https://modsbase.com/6kklkeso6c9e/2875587269_A_Special_World___40_MA__UBP___MB__COW3__MA-MSB__RICE_and_More_Compatch__41_.zip.html","2","56,75","","False","False","False","False","WEAK_TIME_CANDIDATE"
"2875587269|310","Special-World","SW","2875587269","310","29 Mar, 2024 @ 11:49am","2024-03-29 11:49","","2875587269|102","102","False","29 Mar, 2024 at 15:08 UTC","2024-03-29 15:08","https://modsbase.com/61v2qoh9ie4d/2875587269_A_Special_World___40_MA__UBP___MB__COW3__MA-MSB__RICE_and_More_Compatch__41_.zip.html","0","3,32","","False","False","False","False","WEAK_TIME_CANDIDATE"
"2875587269|311","Special-World","SW","2875587269","311","29 Mar, 2024 @ 8:08am","2024-03-29 08:08","","2875587269|102","102","False","29 Mar, 2024 at 15:08 UTC","2024-03-29 15:08","https://modsbase.com/61v2qoh9ie4d/2875587269_A_Special_World___40_MA__UBP___MB__COW3__MA-MSB__RICE_and_More_Compatch__41_.zip.html","0","7","7","True","True","True","True","BIDIRECTIONAL_UNIQUE"
"2875587269|312","Special-World","SW","2875587269","312","28 Mar, 2024 @ 10:54am","2024-03-28 10:54","","2875587269|102","102","False","29 Mar, 2024 at 15:08 UTC","2024-03-29 15:08","https://modsbase.com/61v2qoh9ie4d/2875587269_A_Special_World___40_MA__UBP___MB__COW3__MA-MSB__RICE_and_More_Compatch__41_.zip.html","1","28,23","","False","False","False","False","WEAK_TIME_CANDIDATE"
"2875587269|313","Special-World","SW","2875587269","313","27 Mar, 2024 @ 4:37pm","2024-03-27 16:37","","2875587269|102","102","False","29 Mar, 2024 at 15:08 UTC","2024-03-29 15:08","https://modsbase.com/61v2qoh9ie4d/2875587269_A_Special_World___40_MA__UBP___MB__COW3__MA-MSB__RICE_and_More_Compatch__41_.zip.html","2","46,52","","False","False","False","False","WEAK_TIME_CANDIDATE"
"2875587269|314","Special-World","SW","2875587269","314","27 Mar, 2024 @ 9:20am","2024-03-27 09:20","","2875587269|102","102","False","29 Mar, 2024 at 15:08 UTC","2024-03-29 15:08","https://modsbase.com/61v2qoh9ie4d/2875587269_A_Special_World___40_MA__UBP___MB__COW3__MA-MSB__RICE_and_More_Compatch__41_.zip.html","2","53,8","","False","False","False","False","WEAK_TIME_CANDIDATE"
"2875587269|317","Special-World","SW","2875587269","317","19 Mar, 2024 @ 10:33am","2024-03-19 10:33","12.2.3 Update","2875587269|103","103","False","19 Mar, 2024 at 17:33 UTC","2024-03-19 17:33","https://modsbase.com/16fh6aa9dm7d/2875587269_A_Special_World___40_MA__UBP___MB__COW3__MA-MSB__RICE_and_More_Compatch__41_.zip.html","0","7","7","True","True","True","True","BIDIRECTIONAL_UNIQUE"
"2875587269|318","Special-World","SW","2875587269","318","19 Mar, 2024 @ 12:26am","2024-03-19 00:26","","2875587269|103","103","False","19 Mar, 2024 at 17:33 UTC","2024-03-19 17:33","https://modsbase.com/16fh6aa9dm7d/2875587269_A_Special_World___40_MA__UBP___MB__COW3__MA-MSB__RICE_and_More_Compatch__41_.zip.html","0","17,12","","False","False","False","False","WEAK_TIME_CANDIDATE"
"2875587269|319","Special-World","SW","2875587269","319","16 Mar, 2024 @ 10:48am","2024-03-16 10:48","","2875587269|104","104","False","16 Mar, 2024 at 17:48 UTC","2024-03-16 17:48","https://modsbase.com/gs80vzyq5jmn/2875587269_A_Special_World___40_MA__UBP___MB__COW3__MA-MSB__RICE_and_More_Compatch__41_.zip.html","0","7","7","True","True","True","True","BIDIRECTIONAL_UNIQUE"
"2875587269|320","Special-World","SW","2875587269","320","15 Mar, 2024 @ 2:30pm","2024-03-15 14:30","","2875587269|104","104","False","16 Mar, 2024 at 17:48 UTC","2024-03-16 17:48","https://modsbase.com/gs80vzyq5jmn/2875587269_A_Special_World___40_MA__UBP___MB__COW3__MA-MSB__RICE_and_More_Compatch__41_.zip.html","1","27,3","","False","False","False","False","WEAK_TIME_CANDIDATE"
"2875587269|321","Special-World","SW","2875587269","321","14 Mar, 2024 @ 12:22am","2024-03-14 00:22","","2875587269|104","104","False","16 Mar, 2024 at 17:48 UTC","2024-03-16 17:48","https://modsbase.com/gs80vzyq5jmn/2875587269_A_Special_World___40_MA__UBP___MB__COW3__MA-MSB__RICE_and_More_Compatch__41_.zip.html","2","65,43","","False","False","False","False","WEAK_TIME_CANDIDATE"
"2875587269|323","Special-World","SW","2875587269","323","7 Mar, 2024 @ 10:27am","2024-03-07 10:27","1.12 Update","2875587269|105","105","False","7 Mar, 2024 at 18:27 UTC","2024-03-07 18:27","https://modsbase.com/giq3qf0tp0oe/2875587269_A_Special_World___40_MA__UBP___MB__COW3__MA-MSB__RICE_and_More_Compatch__41_.zip.html","0","8","8","True","True","True","True","BIDIRECTIONAL_UNIQUE"
"2875587269|324","Special-World","SW","2875587269","324","10 Feb, 2024 @ 10:13am","2024-02-10 10:13","","2875587269|106","106","False","10 Feb, 2024 at 18:13 UTC","2024-02-10 18:13","https://modsbase.com/0fbgu2qbxqxn/2875587269_A_Special_World___40_MA__UBP___MB__COW3__MA-MSB__RICE_and_More_Compatch__41_.zip.html","0","8","8","True","True","True","True","BIDIRECTIONAL_UNIQUE"
"2875587269|336","Special-World","SW","2875587269","336","22 Dec, 2023 @ 3:18pm","2023-12-22 15:18","","2875587269|107","107","False","21 Dec, 2023 at 06:18 UTC","2023-12-21 06:18","https://modsbase.com/dbfplaoq2uoz/2875587269_A_Special_World___40_MA__UBP___MB__COW3__MA-MSB__RICE_and_More_Compatch__41_.zip.html","-1","-33","-33","True","True","False","False","WEAK_TIME_CANDIDATE"
"2875587269|337","Special-World","SW","2875587269","337","20 Dec, 2023 @ 10:18pm","2023-12-20 22:18","","2875587269|107","107","False","21 Dec, 2023 at 06:18 UTC","2023-12-21 06:18","https://modsbase.com/dbfplaoq2uoz/2875587269_A_Special_World___40_MA__UBP___MB__COW3__MA-MSB__RICE_and_More_Compatch__41_.zip.html","1","8","8","True","True","True","True","BIDIRECTIONAL_UNIQUE"
"2875587269|337","Special-World","SW","2875587269","337","20 Dec, 2023 @ 10:18pm","2023-12-20 22:18","","2875587269|108","108","False","19 Dec, 2023 at 17:48 UTC","2023-12-19 17:48","https://modsbase.com/xuvheimdmfaf/2875587269_A_Special_World___40_MA__UBP___MB__COW3__MA-MSB__RICE_and_More_Compatch__41_.zip.html","-1","-28,5","","False","False","False","False","WEAK_TIME_CANDIDATE"
"2875587269|338","Special-World","SW","2875587269","338","19 Dec, 2023 @ 9:48am","2023-12-19 09:48","","2875587269|107","107","False","21 Dec, 2023 at 06:18 UTC","2023-12-21 06:18","https://modsbase.com/dbfplaoq2uoz/2875587269_A_Special_World___40_MA__UBP___MB__COW3__MA-MSB__RICE_and_More_Compatch__41_.zip.html","2","44,5","","False","False","False","False","WEAK_TIME_CANDIDATE"
"2875587269|338","Special-World","SW","2875587269","338","19 Dec, 2023 @ 9:48am","2023-12-19 09:48","","2875587269|108","108","False","19 Dec, 2023 at 17:48 UTC","2023-12-19 17:48","https://modsbase.com/xuvheimdmfaf/2875587269_A_Special_World___40_MA__UBP___MB__COW3__MA-MSB__RICE_and_More_Compatch__41_.zip.html","0","8","8","True","True","True","True","BIDIRECTIONAL_UNIQUE"
"2875587269|339","Special-World","SW","2875587269","339","16 Dec, 2023 @ 10:27am","2023-12-16 10:27","","2875587269|109","109","False","16 Dec, 2023 at 18:27 UTC","2023-12-16 18:27","https://modsbase.com/77kh8x6lynhe/2875587269_A_Special_World___40_MA__UBP___MB__COW3__MA-MSB__RICE_and_More_Compatch__41_.zip.html","0","8","8","True","True","True","True","BIDIRECTIONAL_UNIQUE"
"2875587269|340","Special-World","SW","2875587269","340","15 Dec, 2023 @ 3:07pm","2023-12-15 15:07","","2875587269|109","109","False","16 Dec, 2023 at 18:27 UTC","2023-12-16 18:27","https://modsbase.com/77kh8x6lynhe/2875587269_A_Special_World___40_MA__UBP___MB__COW3__MA-MSB__RICE_and_More_Compatch__41_.zip.html","1","27,33","","False","False","False","False","WEAK_TIME_CANDIDATE"
"2875587269|341","Special-World","SW","2875587269","341","15 Dec, 2023 @ 11:00am","2023-12-15 11:00","","2875587269|109","109","False","16 Dec, 2023 at 18:27 UTC","2023-12-16 18:27","https://modsbase.com/77kh8x6lynhe/2875587269_A_Special_World___40_MA__UBP___MB__COW3__MA-MSB__RICE_and_More_Compatch__41_.zip.html","1","31,45","","False","False","False","False","WEAK_TIME_CANDIDATE"
"2875587269|342","Special-World","SW","2875587269","342","8 Dec, 2023 @ 11:17am","2023-12-08 11:17","","2875587269|110","110","False","6 Dec, 2023 at 23:12 UTC","2023-12-06 23:12","https://modsbase.com/ofa1wbkok1jy/2875587269_A_Special_World___40_MA__UBP___MB__COW3__MA-MSB__RICE_and_More_Compatch__41_.zip.html","-2","-36,08","","False","False","False","False","WEAK_TIME_CANDIDATE"
"2875587269|343","Special-World","SW","2875587269","343","6 Dec, 2023 @ 3:12pm","2023-12-06 15:12","","2875587269|110","110","False","6 Dec, 2023 at 23:12 UTC","2023-12-06 23:12","https://modsbase.com/ofa1wbkok1jy/2875587269_A_Special_World___40_MA__UBP___MB__COW3__MA-MSB__RICE_and_More_Compatch__41_.zip.html","0","8","8","True","True","True","True","BIDIRECTIONAL_UNIQUE"
"2875587269|344","Special-World","SW","2875587269","344","4 Dec, 2023 @ 6:02pm","2023-12-04 18:02","","2875587269|110","110","False","6 Dec, 2023 at 23:12 UTC","2023-12-06 23:12","https://modsbase.com/ofa1wbkok1jy/2875587269_A_Special_World___40_MA__UBP___MB__COW3__MA-MSB__RICE_and_More_Compatch__41_.zip.html","2","53,17","","False","False","False","False","WEAK_TIME_CANDIDATE"
"2875587269|345","Special-World","SW","2875587269","345","4 Dec, 2023 @ 4:28pm","2023-12-04 16:28","","2875587269|110","110","False","6 Dec, 2023 at 23:12 UTC","2023-12-06 23:12","https://modsbase.com/ofa1wbkok1jy/2875587269_A_Special_World___40_MA__UBP___MB__COW3__MA-MSB__RICE_and_More_Compatch__41_.zip.html","2","54,73","","False","False","False","False","WEAK_TIME_CANDIDATE"
"2875587269|346","Special-World","SW","2875587269","346","27 Nov, 2023 @ 5:43pm","2023-11-27 17:43","","2875587269|111","111","False","28 Nov, 2023 at 01:43 UTC","2023-11-28 01:43","https://modsbase.com/mom4ch85pu0n/2875587269_A_Special_World___40_MA__UBP___MB__COW3__MA-MSB__RICE_and_More_Compatch__41_.zip.html","1","8","8","True","True","True","True","BIDIRECTIONAL_UNIQUE"
"2875587269|347","Special-World","SW","2875587269","347","21 Nov, 2023 @ 7:55pm","2023-11-21 19:55","","2875587269|112","112","False","22 Nov, 2023 at 03:55 UTC","2023-11-22 03:55","https://modsbase.com/zl6knv5z6qp2/2875587269_A_Special_World___40_MA__UBP___MB__COW3__MA-MSB__RICE_and_More_Compatch__41_.zip.html","1","8","8","True","True","True","True","BIDIRECTIONAL_UNIQUE"
"2875587269|348","Special-World","SW","2875587269","348","21 Nov, 2023 @ 6:49pm","2023-11-21 18:49","","2875587269|112","112","False","22 Nov, 2023 at 03:55 UTC","2023-11-22 03:55","https://modsbase.com/zl6knv5z6qp2/2875587269_A_Special_World___40_MA__UBP___MB__COW3__MA-MSB__RICE_and_More_Compatch__41_.zip.html","1","9,1","","False","False","False","False","WEAK_TIME_CANDIDATE"
"2875587269|349","Special-World","SW","2875587269","349","18 Nov, 2023 @ 12:35am","2023-11-18 00:35","","2875587269|113","113","False","18 Nov, 2023 at 08:35 UTC","2023-11-18 08:35","https://modsbase.com/uo7757qk0dli/2875587269_A_Special_World___40_MA__UBP___MB__COW3__MA-MSB__RICE_and_More_Compatch__41_.zip.html","0","8","8","True","True","True","True","BIDIRECTIONAL_UNIQUE"
"2875587269|350","Special-World","SW","2875587269","350","16 Nov, 2023 @ 2:29pm","2023-11-16 14:29","","2875587269|113","113","False","18 Nov, 2023 at 08:35 UTC","2023-11-18 08:35","https://modsbase.com/uo7757qk0dli/2875587269_A_Special_World___40_MA__UBP___MB__COW3__MA-MSB__RICE_and_More_Compatch__41_.zip.html","2","42,1","","False","False","False","False","WEAK_TIME_CANDIDATE"
"2875587269|352","Special-World","SW","2875587269","352","9 Oct, 2023 @ 3:22pm","2023-10-09 15:22","","2875587269|114","114","False","9 Oct, 2023 at 22:22 UTC","2023-10-09 22:22","https://modsbase.com/pul69bxgbm6i/2875587269_A_Special_World___40_MA__UBP___MB__COW3__MA-MSB__RICE_and_More_Compatch__41_.zip.html","0","7","7","True","True","True","True","BIDIRECTIONAL_UNIQUE"
"2875587269|353","Special-World","SW","2875587269","353","9 Oct, 2023 @ 11:31am","2023-10-09 11:31","","2875587269|114","114","False","9 Oct, 2023 at 22:22 UTC","2023-10-09 22:22","https://modsbase.com/pul69bxgbm6i/2875587269_A_Special_World___40_MA__UBP___MB__COW3__MA-MSB__RICE_and_More_Compatch__41_.zip.html","0","10,85","","False","False","False","False","WEAK_TIME_CANDIDATE"
"2875587269|354","Special-World","SW","2875587269","354","9 Oct, 2023 @ 10:21am","2023-10-09 10:21","","2875587269|114","114","False","9 Oct, 2023 at 22:22 UTC","2023-10-09 22:22","https://modsbase.com/pul69bxgbm6i/2875587269_A_Special_World___40_MA__UBP___MB__COW3__MA-MSB__RICE_and_More_Compatch__41_.zip.html","0","12,02","","False","False","False","False","WEAK_TIME_CANDIDATE"
"2875587269|355","Special-World","SW","2875587269","355","6 Oct, 2023 @ 10:04am","2023-10-06 10:04","","2875587269|115","115","False","6 Oct, 2023 at 17:04 UTC","2023-10-06 17:04","https://modsbase.com/0jvwyrsv6zih/2875587269_A_Special_World___40_MA__UBP___MB__COW3__MA-MSB__RICE_and_More_Compatch__41_.zip.html","0","7","7","True","True","True","True","BIDIRECTIONAL_UNIQUE"
"2875587269|356","Special-World","SW","2875587269","356","4 Oct, 2023 @ 2:23pm","2023-10-04 14:23","","2875587269|115","115","False","6 Oct, 2023 at 17:04 UTC","2023-10-06 17:04","https://modsbase.com/0jvwyrsv6zih/2875587269_A_Special_World___40_MA__UBP___MB__COW3__MA-MSB__RICE_and_More_Compatch__41_.zip.html","2","50,68","","False","False","False","False","WEAK_TIME_CANDIDATE"
"2875587269|356","Special-World","SW","2875587269","356","4 Oct, 2023 @ 2:23pm","2023-10-04 14:23","","2875587269|116","116","False","3 Oct, 2023 at 15:32 UTC","2023-10-03 15:32","https://modsbase.com/lb1mlt2p6aem/2875587269_A_Special_World___40_MA__UBP___MB__COW3__MA-MSB__RICE_and_More_Compatch__41_.zip.html","-1","-22,85","","False","False","False","False","WEAK_TIME_CANDIDATE"
"2875587269|357","Special-World","SW","2875587269","357","4 Oct, 2023 @ 11:34am","2023-10-04 11:34","","2875587269|115","115","False","6 Oct, 2023 at 17:04 UTC","2023-10-06 17:04","https://modsbase.com/0jvwyrsv6zih/2875587269_A_Special_World___40_MA__UBP___MB__COW3__MA-MSB__RICE_and_More_Compatch__41_.zip.html","2","53,5","","False","False","False","False","WEAK_TIME_CANDIDATE"
"2875587269|357","Special-World","SW","2875587269","357","4 Oct, 2023 @ 11:34am","2023-10-04 11:34","","2875587269|116","116","False","3 Oct, 2023 at 15:32 UTC","2023-10-03 15:32","https://modsbase.com/lb1mlt2p6aem/2875587269_A_Special_World___40_MA__UBP___MB__COW3__MA-MSB__RICE_and_More_Compatch__41_.zip.html","-1","-20,03","","False","False","False","False","WEAK_TIME_CANDIDATE"
"2875587269|358","Special-World","SW","2875587269","358","3 Oct, 2023 @ 8:32am","2023-10-03 08:32","","2875587269|116","116","False","3 Oct, 2023 at 15:32 UTC","2023-10-03 15:32","https://modsbase.com/lb1mlt2p6aem/2875587269_A_Special_World___40_MA__UBP___MB__COW3__MA-MSB__RICE_and_More_Compatch__41_.zip.html","0","7","7","True","True","True","True","BIDIRECTIONAL_UNIQUE"
"2875587269|359","Special-World","SW","2875587269","359","28 Sep, 2023 @ 3:23pm","2023-09-28 15:23","","2875587269|117","117","False","28 Sep, 2023 at 22:23 UTC","2023-09-28 22:23","https://modsbase.com/9n7f97sdrxq2/2875587269_A_Special_World___40_MA__UBP___MB__COW3__MA-MSB__RICE_and_More_Compatch__41_.zip.html","0","7","7","True","True","True","True","BIDIRECTIONAL_UNIQUE"
"2875587269|368","Special-World","SW","2875587269","368","6 Aug, 2023 @ 3:10pm","2023-08-06 15:10","","2875587269|118","118","False","6 Aug, 2023 at 22:10 UTC","2023-08-06 22:10","https://modsbase.com/i3af0s2hg5y1/2875587269_A_Special_World___40_MA__UBP___MB__COW3__MA-MSB__RICE_and_More_Compatch__41_.zip.html","0","7","7","True","True","True","True","BIDIRECTIONAL_UNIQUE"
"2875587269|370","Special-World","SW","2875587269","370","2 Aug, 2023 @ 5:46pm","2023-08-02 17:46","","2875587269|119","119","False","31 Jul, 2023 at 21:09 UTC","2023-07-31 21:09","https://modsbase.com/95qb2eddfa25/2875587269_A_Special_World___40_MA__UBP___MB__COW3__MA-MSB__RICE_and_More_Compatch__41_.zip.html","-2","-44,62","","False","False","False","False","WEAK_TIME_CANDIDATE"
"2875587269|371","Special-World","SW","2875587269","371","31 Jul, 2023 @ 2:09pm","2023-07-31 14:09","","2875587269|119","119","False","31 Jul, 2023 at 21:09 UTC","2023-07-31 21:09","https://modsbase.com/95qb2eddfa25/2875587269_A_Special_World___40_MA__UBP___MB__COW3__MA-MSB__RICE_and_More_Compatch__41_.zip.html","0","7","7","True","True","True","True","BIDIRECTIONAL_UNIQUE"
"2875587269|372","Special-World","SW","2875587269","372","27 Jul, 2023 @ 10:21am","2023-07-27 10:21","","2875587269|120","120","False","27 Jul, 2023 at 17:21 UTC","2023-07-27 17:21","https://modsbase.com/lye0dzvthfpi/2875587269_A_Special_World___40_MA__UBP___MB__COW3__MA-MSB__RICE_and_More_Compatch__41_.zip.html","0","7","7","True","True","True","True","BIDIRECTIONAL_UNIQUE"
"2875587269|374","Special-World","SW","2875587269","374","2 Jul, 2023 @ 7:24pm","2023-07-02 19:24","","2875587269|121","121","False","3 Jul, 2023 at 02:24 UTC","2023-07-03 02:24","https://modsbase.com/ltedci12ibo1/2875587269_A_Special_World___40_MA__UBP___MB__COW3__MA-MSB__RICE_and_More_Compatch__41_.zip.html","1","7","7","True","True","True","True","BIDIRECTIONAL_UNIQUE"
"2875587269|375","Special-World","SW","2875587269","375","29 Jun, 2023 @ 8:57am","2023-06-29 08:57","","2875587269|122","122","False","29 Jun, 2023 at 15:57 UTC","2023-06-29 15:57","https://modsbase.com/yv1wgdypt4j5/2875587269_A_Special_World___40_MA__UBP___MB__COW3__MA-MSB__RICE_and_More_Compatch__41_.zip.html","0","7","7","True","True","True","True","BIDIRECTIONAL_UNIQUE"
"2875587269|376","Special-World","SW","2875587269","376","29 Jun, 2023 @ 8:01am","2023-06-29 08:01","","2875587269|122","122","False","29 Jun, 2023 at 15:57 UTC","2023-06-29 15:57","https://modsbase.com/yv1wgdypt4j5/2875587269_A_Special_World___40_MA__UBP___MB__COW3__MA-MSB__RICE_and_More_Compatch__41_.zip.html","0","7,93","","False","False","False","False","WEAK_TIME_CANDIDATE"
"2875587269|377","Special-World","SW","2875587269","377","28 Jun, 2023 @ 1:13pm","2023-06-28 13:13","","2875587269|122","122","False","29 Jun, 2023 at 15:57 UTC","2023-06-29 15:57","https://modsbase.com/yv1wgdypt4j5/2875587269_A_Special_World___40_MA__UBP___MB__COW3__MA-MSB__RICE_and_More_Compatch__41_.zip.html","1","26,73","","False","False","False","False","WEAK_TIME_CANDIDATE"
"2875587269|378","Special-World","SW","2875587269","378","28 Jun, 2023 @ 9:20am","2023-06-28 09:20","","2875587269|122","122","False","29 Jun, 2023 at 15:57 UTC","2023-06-29 15:57","https://modsbase.com/yv1wgdypt4j5/2875587269_A_Special_World___40_MA__UBP___MB__COW3__MA-MSB__RICE_and_More_Compatch__41_.zip.html","1","30,62","","False","False","False","False","WEAK_TIME_CANDIDATE"
"2875587269|379","Special-World","SW","2875587269","379","22 Jun, 2023 @ 5:38pm","2023-06-22 17:38","","2875587269|123","123","False","23 Jun, 2023 at 00:38 UTC","2023-06-23 00:38","https://modsbase.com/q5t39e9pj8o3/2875587269_A_Special_World___40_MA__UBP___MB__COW3__MA-MSB__RICE_and_More_Compatch__41_.zip.html","1","7","7","True","True","True","True","BIDIRECTIONAL_UNIQUE"
"2875587269|379","Special-World","SW","2875587269","379","22 Jun, 2023 @ 5:38pm","2023-06-22 17:38","","2875587269|124","124","False","20 Jun, 2023 at 21:24 UTC","2023-06-20 21:24","https://modsbase.com/wil5to90o2pb/2875587269_A_Special_World___40_MA__UBP___MB__COW3__MA-MSB__RICE_and_More_Compatch__41_.zip.html","-2","-44,23","","False","False","False","False","WEAK_TIME_CANDIDATE"
"2875587269|380","Special-World","SW","2875587269","380","22 Jun, 2023 @ 5:13pm","2023-06-22 17:13","","2875587269|123","123","False","23 Jun, 2023 at 00:38 UTC","2023-06-23 00:38","https://modsbase.com/q5t39e9pj8o3/2875587269_A_Special_World___40_MA__UBP___MB__COW3__MA-MSB__RICE_and_More_Compatch__41_.zip.html","1","7,42","","False","False","False","False","WEAK_TIME_CANDIDATE"
"2875587269|380","Special-World","SW","2875587269","380","22 Jun, 2023 @ 5:13pm","2023-06-22 17:13","","2875587269|124","124","False","20 Jun, 2023 at 21:24 UTC","2023-06-20 21:24","https://modsbase.com/wil5to90o2pb/2875587269_A_Special_World___40_MA__UBP___MB__COW3__MA-MSB__RICE_and_More_Compatch__41_.zip.html","-2","-43,82","","False","False","False","False","WEAK_TIME_CANDIDATE"
"2875587269|381","Special-World","SW","2875587269","381","22 Jun, 2023 @ 10:00am","2023-06-22 10:00","","2875587269|123","123","False","23 Jun, 2023 at 00:38 UTC","2023-06-23 00:38","https://modsbase.com/q5t39e9pj8o3/2875587269_A_Special_World___40_MA__UBP___MB__COW3__MA-MSB__RICE_and_More_Compatch__41_.zip.html","1","14,63","","False","False","False","False","WEAK_TIME_CANDIDATE"
"2875587269|381","Special-World","SW","2875587269","381","22 Jun, 2023 @ 10:00am","2023-06-22 10:00","","2875587269|124","124","False","20 Jun, 2023 at 21:24 UTC","2023-06-20 21:24","https://modsbase.com/wil5to90o2pb/2875587269_A_Special_World___40_MA__UBP___MB__COW3__MA-MSB__RICE_and_More_Compatch__41_.zip.html","-2","-36,6","","False","False","False","False","WEAK_TIME_CANDIDATE"
"2875587269|382","Special-World","SW","2875587269","382","21 Jun, 2023 @ 3:20pm","2023-06-21 15:20","","2875587269|123","123","False","23 Jun, 2023 at 00:38 UTC","2023-06-23 00:38","https://modsbase.com/q5t39e9pj8o3/2875587269_A_Special_World___40_MA__UBP___MB__COW3__MA-MSB__RICE_and_More_Compatch__41_.zip.html","2","33,3","","False","False","False","False","WEAK_TIME_CANDIDATE"
"2875587269|382","Special-World","SW","2875587269","382","21 Jun, 2023 @ 3:20pm","2023-06-21 15:20","","2875587269|124","124","False","20 Jun, 2023 at 21:24 UTC","2023-06-20 21:24","https://modsbase.com/wil5to90o2pb/2875587269_A_Special_World___40_MA__UBP___MB__COW3__MA-MSB__RICE_and_More_Compatch__41_.zip.html","-1","-17,93","","False","False","False","False","WEAK_TIME_CANDIDATE"
"2875587269|383","Special-World","SW","2875587269","383","20 Jun, 2023 @ 2:24pm","2023-06-20 14:24","","2875587269|124","124","False","20 Jun, 2023 at 21:24 UTC","2023-06-20 21:24","https://modsbase.com/wil5to90o2pb/2875587269_A_Special_World___40_MA__UBP___MB__COW3__MA-MSB__RICE_and_More_Compatch__41_.zip.html","0","7","7","True","True","True","True","BIDIRECTIONAL_UNIQUE"
"2875587269|384","Special-World","SW","2875587269","384","20 Jun, 2023 @ 12:55pm","2023-06-20 12:55","","2875587269|124","124","False","20 Jun, 2023 at 21:24 UTC","2023-06-20 21:24","https://modsbase.com/wil5to90o2pb/2875587269_A_Special_World___40_MA__UBP___MB__COW3__MA-MSB__RICE_and_More_Compatch__41_.zip.html","0","8,48","","False","False","False","False","WEAK_TIME_CANDIDATE"
"2875587269|385","Special-World","SW","2875587269","385","20 Jun, 2023 @ 12:19pm","2023-06-20 12:19","","2875587269|124","124","False","20 Jun, 2023 at 21:24 UTC","2023-06-20 21:24","https://modsbase.com/wil5to90o2pb/2875587269_A_Special_World___40_MA__UBP___MB__COW3__MA-MSB__RICE_and_More_Compatch__41_.zip.html","0","9,08","","False","False","False","False","WEAK_TIME_CANDIDATE"
"2875587269|386","Special-World","SW","2875587269","386","19 Jun, 2023 @ 3:31pm","2023-06-19 15:31","","2875587269|124","124","False","20 Jun, 2023 at 21:24 UTC","2023-06-20 21:24","https://modsbase.com/wil5to90o2pb/2875587269_A_Special_World___40_MA__UBP___MB__COW3__MA-MSB__RICE_and_More_Compatch__41_.zip.html","1","29,88","","False","False","False","False","WEAK_TIME_CANDIDATE"
"2875587269|387","Special-World","SW","2875587269","387","16 Jun, 2023 @ 9:40am","2023-06-16 09:40","","2875587269|125","125","False","16 Jun, 2023 at 16:40 UTC","2023-06-16 16:40","https://modsbase.com/wv0stcgru12w/2875587269_A_Special_World___40_MA__UBP___MB__COW3__MA-MSB__RICE_and_More_Compatch__41_.zip.html","0","7","7","True","True","True","True","BIDIRECTIONAL_UNIQUE"
"2875587269|388","Special-World","SW","2875587269","388","15 Jun, 2023 @ 8:48am","2023-06-15 08:48","","2875587269|125","125","False","16 Jun, 2023 at 16:40 UTC","2023-06-16 16:40","https://modsbase.com/wv0stcgru12w/2875587269_A_Special_World___40_MA__UBP___MB__COW3__MA-MSB__RICE_and_More_Compatch__41_.zip.html","1","31,87","","False","False","False","False","WEAK_TIME_CANDIDATE"
"2875587269|388","Special-World","SW","2875587269","388","15 Jun, 2023 @ 8:48am","2023-06-15 08:48","","2875587269|126","126","False","13 Jun, 2023 at 15:07 UTC","2023-06-13 15:07","https://modsbase.com/82rwm37wh6t0/2875587269_A_Special_World___40_MA__UBP___MB__COW3__MA-MSB__RICE_and_More_Compatch__41_.zip.html","-2","-41,68","","False","False","False","False","WEAK_TIME_CANDIDATE"
"2875587269|389","Special-World","SW","2875587269","389","13 Jun, 2023 @ 8:07am","2023-06-13 08:07","","2875587269|126","126","False","13 Jun, 2023 at 15:07 UTC","2023-06-13 15:07","https://modsbase.com/82rwm37wh6t0/2875587269_A_Special_World___40_MA__UBP___MB__COW3__MA-MSB__RICE_and_More_Compatch__41_.zip.html","0","7","7","True","True","True","True","BIDIRECTIONAL_UNIQUE"
"2875587269|389","Special-World","SW","2875587269","389","13 Jun, 2023 @ 8:07am","2023-06-13 08:07","","2875587269|127","127","False","11 Jun, 2023 at 17:34 UTC","2023-06-11 17:34","https://modsbase.com/vgk2a1r4w61h/2875587269_A_Special_World___40_MA__UBP___MB__COW3__MA-MSB__RICE_and_More_Compatch__41_.zip.html","-2","-38,55","","False","False","False","False","WEAK_TIME_CANDIDATE"
"2875587269|390","Special-World","SW","2875587269","390","12 Jun, 2023 @ 6:57pm","2023-06-12 18:57","","2875587269|126","126","False","13 Jun, 2023 at 15:07 UTC","2023-06-13 15:07","https://modsbase.com/82rwm37wh6t0/2875587269_A_Special_World___40_MA__UBP___MB__COW3__MA-MSB__RICE_and_More_Compatch__41_.zip.html","1","20,17","","False","False","False","False","WEAK_TIME_CANDIDATE"
"2875587269|390","Special-World","SW","2875587269","390","12 Jun, 2023 @ 6:57pm","2023-06-12 18:57","","2875587269|127","127","False","11 Jun, 2023 at 17:34 UTC","2023-06-11 17:34","https://modsbase.com/vgk2a1r4w61h/2875587269_A_Special_World___40_MA__UBP___MB__COW3__MA-MSB__RICE_and_More_Compatch__41_.zip.html","-1","-25,38","","False","False","False","False","WEAK_TIME_CANDIDATE"
"2875587269|391","Special-World","SW","2875587269","391","11 Jun, 2023 @ 10:34am","2023-06-11 10:34","","2875587269|126","126","False","13 Jun, 2023 at 15:07 UTC","2023-06-13 15:07","https://modsbase.com/82rwm37wh6t0/2875587269_A_Special_World___40_MA__UBP___MB__COW3__MA-MSB__RICE_and_More_Compatch__41_.zip.html","2","52,55","","False","False","False","False","WEAK_TIME_CANDIDATE"
"2875587269|391","Special-World","SW","2875587269","391","11 Jun, 2023 @ 10:34am","2023-06-11 10:34","","2875587269|127","127","False","11 Jun, 2023 at 17:34 UTC","2023-06-11 17:34","https://modsbase.com/vgk2a1r4w61h/2875587269_A_Special_World___40_MA__UBP___MB__COW3__MA-MSB__RICE_and_More_Compatch__41_.zip.html","0","7","7","True","True","True","True","BIDIRECTIONAL_UNIQUE"
"2875587269|392","Special-World","SW","2875587269","392","9 Jun, 2023 @ 4:11pm","2023-06-09 16:11","","2875587269|127","127","False","11 Jun, 2023 at 17:34 UTC","2023-06-11 17:34","https://modsbase.com/vgk2a1r4w61h/2875587269_A_Special_World___40_MA__UBP___MB__COW3__MA-MSB__RICE_and_More_Compatch__41_.zip.html","2","49,38","","False","False","False","False","WEAK_TIME_CANDIDATE"
"2875587269|393","Special-World","SW","2875587269","393","9 Jun, 2023 @ 3:49pm","2023-06-09 15:49","","2875587269|127","127","False","11 Jun, 2023 at 17:34 UTC","2023-06-11 17:34","https://modsbase.com/vgk2a1r4w61h/2875587269_A_Special_World___40_MA__UBP___MB__COW3__MA-MSB__RICE_and_More_Compatch__41_.zip.html","2","49,75","","False","False","False","False","WEAK_TIME_CANDIDATE"
"2875587269|394","Special-World","SW","2875587269","394","9 Jun, 2023 @ 1:45pm","2023-06-09 13:45","","2875587269|127","127","False","11 Jun, 2023 at 17:34 UTC","2023-06-11 17:34","https://modsbase.com/vgk2a1r4w61h/2875587269_A_Special_World___40_MA__UBP___MB__COW3__MA-MSB__RICE_and_More_Compatch__41_.zip.html","2","51,82","","False","False","False","False","WEAK_TIME_CANDIDATE"
"2875587269|395","Special-World","SW","2875587269","395","9 Jun, 2023 @ 9:49am","2023-06-09 09:49","","2875587269|127","127","False","11 Jun, 2023 at 17:34 UTC","2023-06-11 17:34","https://modsbase.com/vgk2a1r4w61h/2875587269_A_Special_World___40_MA__UBP___MB__COW3__MA-MSB__RICE_and_More_Compatch__41_.zip.html","2","55,75","","False","False","False","False","WEAK_TIME_CANDIDATE"
"2875587269|397","Special-World","SW","2875587269","397","5 Jun, 2023 @ 12:00pm","2023-06-05 12:00","","2875587269|128","128","False","5 Jun, 2023 at 19:00 UTC","2023-06-05 19:00","https://modsbase.com/wsmnx6bpnn9k/2875587269_A_Special_World___40_MA__UBP___MB__COW3__MA-MSB__RICE_and_More_Compatch__41_.zip.html","0","7","7","True","True","True","True","BIDIRECTIONAL_UNIQUE"
"2875587269|398","Special-World","SW","2875587269","398","5 Jun, 2023 @ 11:50am","2023-06-05 11:50","","2875587269|128","128","False","5 Jun, 2023 at 19:00 UTC","2023-06-05 19:00","https://modsbase.com/wsmnx6bpnn9k/2875587269_A_Special_World___40_MA__UBP___MB__COW3__MA-MSB__RICE_and_More_Compatch__41_.zip.html","0","7,17","","False","False","False","False","WEAK_TIME_CANDIDATE"
"2875587269|399","Special-World","SW","2875587269","399","22 May, 2023 @ 1:05pm","2023-05-22 13:05","","2875587269|129","129","False","22 May, 2023 at 20:05 UTC","2023-05-22 20:05","https://modsbase.com/pmq0w1wgaalw/2875587269_A_Special_World___40_MA__UBP___MB__COW3__MA-MSB__RICE_and_More_Compatch__41_.zip.html","0","7","7","True","True","True","True","BIDIRECTIONAL_UNIQUE"
"2875587269|400","Special-World","SW","2875587269","400","22 May, 2023 @ 12:11pm","2023-05-22 12:11","","2875587269|129","129","False","22 May, 2023 at 20:05 UTC","2023-05-22 20:05","https://modsbase.com/pmq0w1wgaalw/2875587269_A_Special_World___40_MA__UBP___MB__COW3__MA-MSB__RICE_and_More_Compatch__41_.zip.html","0","7,9","","False","False","False","False","WEAK_TIME_CANDIDATE"
"2875587269|401","Special-World","SW","2875587269","401","22 May, 2023 @ 11:47am","2023-05-22 11:47","","2875587269|129","129","False","22 May, 2023 at 20:05 UTC","2023-05-22 20:05","https://modsbase.com/pmq0w1wgaalw/2875587269_A_Special_World___40_MA__UBP___MB__COW3__MA-MSB__RICE_and_More_Compatch__41_.zip.html","0","8,3","","False","False","False","False","WEAK_TIME_CANDIDATE"
"2875587269|402","Special-World","SW","2875587269","402","22 May, 2023 @ 11:07am","2023-05-22 11:07","","2875587269|129","129","False","22 May, 2023 at 20:05 UTC","2023-05-22 20:05","https://modsbase.com/pmq0w1wgaalw/2875587269_A_Special_World___40_MA__UBP___MB__COW3__MA-MSB__RICE_and_More_Compatch__41_.zip.html","0","8,97","","False","False","False","False","WEAK_TIME_CANDIDATE"
"2875587269|403","Special-World","SW","2875587269","403","22 May, 2023 @ 11:06am","2023-05-22 11:06","","2875587269|129","129","False","22 May, 2023 at 20:05 UTC","2023-05-22 20:05","https://modsbase.com/pmq0w1wgaalw/2875587269_A_Special_World___40_MA__UBP___MB__COW3__MA-MSB__RICE_and_More_Compatch__41_.zip.html","0","8,98","","False","False","False","False","WEAK_TIME_CANDIDATE"
"2875587269|404","Special-World","SW","2875587269","404","22 May, 2023 @ 9:43am","2023-05-22 09:43","","2875587269|129","129","False","22 May, 2023 at 20:05 UTC","2023-05-22 20:05","https://modsbase.com/pmq0w1wgaalw/2875587269_A_Special_World___40_MA__UBP___MB__COW3__MA-MSB__RICE_and_More_Compatch__41_.zip.html","0","10,37","","False","False","False","False","WEAK_TIME_CANDIDATE"
"2875587269|410","Special-World","SW","2875587269","410","25 Apr, 2023 @ 8:28am","2023-04-25 08:28","","2875587269|130","130","False","25 Apr, 2023 at 15:28 UTC","2023-04-25 15:28","https://modsbase.com/tqixgp9760uo/2875587269_A_Special_World___40_MA__UBP___MB__COW3__MA-MSB__RICE_and_More_Compatch__41_.zip.html","0","7","7","True","True","True","True","BIDIRECTIONAL_UNIQUE"
"2875587269|411","Special-World","SW","2875587269","411","24 Apr, 2023 @ 10:51pm","2023-04-24 22:51","","2875587269|130","130","False","25 Apr, 2023 at 15:28 UTC","2023-04-25 15:28","https://modsbase.com/tqixgp9760uo/2875587269_A_Special_World___40_MA__UBP___MB__COW3__MA-MSB__RICE_and_More_Compatch__41_.zip.html","1","16,62","","False","False","False","False","WEAK_TIME_CANDIDATE"
"2875587269|412","Special-World","SW","2875587269","412","24 Apr, 2023 @ 7:18pm","2023-04-24 19:18","","2875587269|130","130","False","25 Apr, 2023 at 15:28 UTC","2023-04-25 15:28","https://modsbase.com/tqixgp9760uo/2875587269_A_Special_World___40_MA__UBP___MB__COW3__MA-MSB__RICE_and_More_Compatch__41_.zip.html","1","20,17","","False","False","False","False","WEAK_TIME_CANDIDATE"
"2875587269|413","Special-World","SW","2875587269","413","4 Apr, 2023 @ 10:07am","2023-04-04 10:07","","2875587269|131","131","False","4 Apr, 2023 at 17:07 UTC","2023-04-04 17:07","https://modsbase.com/i8182g9upxbk/2875587269_A_Special_World___40_MA__UBP___MB__COW3__MA-MSB__RICE_and_More_Compatch__41_.zip.html","0","7","7","True","True","True","True","BIDIRECTIONAL_UNIQUE"
"2875587269|415","Special-World","SW","2875587269","415","9 Mar, 2023 @ 1:53pm","2023-03-09 13:53","","2875587269|132","132","False","9 Mar, 2023 at 21:53 UTC","2023-03-09 21:53","https://modsbase.com/84d9qmp3nbiw/2875587269_A_Special_World___40_MA__UBP___MB__COW3__MA-MSB__RICE_and_More_Compatch__41_.zip.html","0","8","8","True","True","True","True","BIDIRECTIONAL_UNIQUE"
"2875587269|416","Special-World","SW","2875587269","416","8 Mar, 2023 @ 7:06pm","2023-03-08 19:06","","2875587269|132","132","False","9 Mar, 2023 at 21:53 UTC","2023-03-09 21:53","https://modsbase.com/84d9qmp3nbiw/2875587269_A_Special_World___40_MA__UBP___MB__COW3__MA-MSB__RICE_and_More_Compatch__41_.zip.html","1","26,78","","False","False","False","False","WEAK_TIME_CANDIDATE"
"2875587269|417","Special-World","SW","2875587269","417","5 Mar, 2023 @ 11:12am","2023-03-05 11:12","","2875587269|133","133","False","5 Mar, 2023 at 19:12 UTC","2023-03-05 19:12","https://modsbase.com/q3o0rng5nkf7/2875587269_A_Special_World___40_MA__UBP___MB__COW3__MA-MSB__RICE_and_More_Compatch__41_.zip.html","0","8","8","True","True","True","True","BIDIRECTIONAL_UNIQUE"
"2875587269|418","Special-World","SW","2875587269","418","4 Mar, 2023 @ 12:14pm","2023-03-04 12:14","","2875587269|133","133","False","5 Mar, 2023 at 19:12 UTC","2023-03-05 19:12","https://modsbase.com/q3o0rng5nkf7/2875587269_A_Special_World___40_MA__UBP___MB__COW3__MA-MSB__RICE_and_More_Compatch__41_.zip.html","1","30,97","","False","False","False","False","WEAK_TIME_CANDIDATE"
"2875587269|419","Special-World","SW","2875587269","419","2 Mar, 2023 @ 8:21am","2023-03-02 08:21","","2875587269|134","134","False","28 Feb, 2023 at 03:27 UTC","2023-02-28 03:27","https://modsbase.com/qynnluf1h1z3/2875587269_A_Special_World___40_MA__UBP___MB__COW3__MA-MSB__RICE_and_More_Compatch__41_.zip.html","-2","-52,9","","False","False","False","False","WEAK_TIME_CANDIDATE"
"2875587269|420","Special-World","SW","2875587269","420","1 Mar, 2023 @ 9:44pm","2023-03-01 21:44","","2875587269|134","134","False","28 Feb, 2023 at 03:27 UTC","2023-02-28 03:27","https://modsbase.com/qynnluf1h1z3/2875587269_A_Special_World___40_MA__UBP___MB__COW3__MA-MSB__RICE_and_More_Compatch__41_.zip.html","-1","-42,28","","False","False","False","False","WEAK_TIME_CANDIDATE"
"2875587269|421","Special-World","SW","2875587269","421","27 Feb, 2023 @ 7:27pm","2023-02-27 19:27","","2875587269|134","134","False","28 Feb, 2023 at 03:27 UTC","2023-02-28 03:27","https://modsbase.com/qynnluf1h1z3/2875587269_A_Special_World___40_MA__UBP___MB__COW3__MA-MSB__RICE_and_More_Compatch__41_.zip.html","1","8","8","True","True","True","True","BIDIRECTIONAL_UNIQUE"
"2875587269|422","Special-World","SW","2875587269","422","26 Feb, 2023 @ 1:35pm","2023-02-26 13:35","","2875587269|134","134","False","28 Feb, 2023 at 03:27 UTC","2023-02-28 03:27","https://modsbase.com/qynnluf1h1z3/2875587269_A_Special_World___40_MA__UBP___MB__COW3__MA-MSB__RICE_and_More_Compatch__41_.zip.html","2","37,87","","False","False","False","False","WEAK_TIME_CANDIDATE"
"2875587269|423","Special-World","SW","2875587269","423","17 Feb, 2023 @ 11:28am","2023-02-17 11:28","","2875587269|135","135","False","17 Feb, 2023 at 19:28 UTC","2023-02-17 19:28","https://modsbase.com/ueqxuhstex9y/2875587269_A_Special_World___40_MA__UBP___MB__COW3__MA-MSB__RICE_and_More_Compatch__41_.zip.html","0","8","8","True","True","True","True","BIDIRECTIONAL_UNIQUE"
"2875587269|424","Special-World","SW","2875587269","424","6 Feb, 2023 @ 3:02pm","2023-02-06 15:02","","2875587269|136","136","False","6 Feb, 2023 at 23:02 UTC","2023-02-06 23:02","https://modsbase.com/aeudplocy4d1/2875587269_A_Special_World___40_MA__UBP___MB__COW3__MA-MSB__RICE_and_More_Compatch__41_.zip.html","0","8","8","True","True","True","True","BIDIRECTIONAL_UNIQUE"
"2875587269|424","Special-World","SW","2875587269","424","6 Feb, 2023 @ 3:02pm","2023-02-06 15:02","","2875587269|137","137","False","5 Feb, 2023 at 18:35 UTC","2023-02-05 18:35","https://modsbase.com/vsn28kn0g1pf/2875587269_A_Special_World___40_MA__UBP___MB__COW3__MA-MSB__RICE_and_More_Compatch__41_.zip.html","-1","-20,45","","False","False","False","False","WEAK_TIME_CANDIDATE"
"2875587269|425","Special-World","SW","2875587269","425","6 Feb, 2023 @ 11:41am","2023-02-06 11:41","","2875587269|136","136","False","6 Feb, 2023 at 23:02 UTC","2023-02-06 23:02","https://modsbase.com/aeudplocy4d1/2875587269_A_Special_World___40_MA__UBP___MB__COW3__MA-MSB__RICE_and_More_Compatch__41_.zip.html","0","11,35","","False","False","False","False","WEAK_TIME_CANDIDATE"
"2875587269|425","Special-World","SW","2875587269","425","6 Feb, 2023 @ 11:41am","2023-02-06 11:41","","2875587269|137","137","False","5 Feb, 2023 at 18:35 UTC","2023-02-05 18:35","https://modsbase.com/vsn28kn0g1pf/2875587269_A_Special_World___40_MA__UBP___MB__COW3__MA-MSB__RICE_and_More_Compatch__41_.zip.html","-1","-17,1","","False","False","False","False","WEAK_TIME_CANDIDATE"
"2875587269|426","Special-World","SW","2875587269","426","5 Feb, 2023 @ 10:35am","2023-02-05 10:35","","2875587269|136","136","False","6 Feb, 2023 at 23:02 UTC","2023-02-06 23:02","https://modsbase.com/aeudplocy4d1/2875587269_A_Special_World___40_MA__UBP___MB__COW3__MA-MSB__RICE_and_More_Compatch__41_.zip.html","1","36,45","","False","False","False","False","WEAK_TIME_CANDIDATE"
"2875587269|426","Special-World","SW","2875587269","426","5 Feb, 2023 @ 10:35am","2023-02-05 10:35","","2875587269|137","137","False","5 Feb, 2023 at 18:35 UTC","2023-02-05 18:35","https://modsbase.com/vsn28kn0g1pf/2875587269_A_Special_World___40_MA__UBP___MB__COW3__MA-MSB__RICE_and_More_Compatch__41_.zip.html","0","8","8","True","True","True","True","BIDIRECTIONAL_UNIQUE"
"2875587269|427","Special-World","SW","2875587269","427","4 Feb, 2023 @ 4:38pm","2023-02-04 16:38","","2875587269|136","136","False","6 Feb, 2023 at 23:02 UTC","2023-02-06 23:02","https://modsbase.com/aeudplocy4d1/2875587269_A_Special_World___40_MA__UBP___MB__COW3__MA-MSB__RICE_and_More_Compatch__41_.zip.html","2","54,4","","False","False","False","False","WEAK_TIME_CANDIDATE"
"2875587269|427","Special-World","SW","2875587269","427","4 Feb, 2023 @ 4:38pm","2023-02-04 16:38","","2875587269|137","137","False","5 Feb, 2023 at 18:35 UTC","2023-02-05 18:35","https://modsbase.com/vsn28kn0g1pf/2875587269_A_Special_World___40_MA__UBP___MB__COW3__MA-MSB__RICE_and_More_Compatch__41_.zip.html","1","25,95","","False","False","False","False","WEAK_TIME_CANDIDATE"
"2875587269|428","Special-World","SW","2875587269","428","3 Feb, 2023 @ 11:03pm","2023-02-03 23:03","","2875587269|137","137","False","5 Feb, 2023 at 18:35 UTC","2023-02-05 18:35","https://modsbase.com/vsn28kn0g1pf/2875587269_A_Special_World___40_MA__UBP___MB__COW3__MA-MSB__RICE_and_More_Compatch__41_.zip.html","2","43,53","","False","False","False","False","WEAK_TIME_CANDIDATE"
"2875587269|428","Special-World","SW","2875587269","428","3 Feb, 2023 @ 11:03pm","2023-02-03 23:03","","2875587269|138","138","False","1 Feb, 2023 at 18:32 UTC","2023-02-01 18:32","https://modsbase.com/sgd6d3zyejys/2875587269_A_Special_World___40_MA__UBP___MB__COW3__MA-MSB__RICE_and_More_Compatch__41_.zip.html","-2","-52,52","","False","False","False","False","WEAK_TIME_CANDIDATE"
"2875587269|428","Special-World","SW","2875587269","428","3 Feb, 2023 @ 11:03pm","2023-02-03 23:03","","2875587269|139","139","False","1 Feb, 2023 at 00:23 UTC","2023-02-01 00:23","https://modsbase.com/mah4w59d9l1b/2875587269_Medieval_Arts__Unique_Buldings___40_Tweaked__41___More_Bookmarks___RICE_and_more_Merged.zip.html","-2","-70,67","","False","False","False","False","WEAK_TIME_CANDIDATE"
"2875587269|429","Special-World","SW","2875587269","429","3 Feb, 2023 @ 4:25pm","2023-02-03 16:25","","2875587269|137","137","False","5 Feb, 2023 at 18:35 UTC","2023-02-05 18:35","https://modsbase.com/vsn28kn0g1pf/2875587269_A_Special_World___40_MA__UBP___MB__COW3__MA-MSB__RICE_and_More_Compatch__41_.zip.html","2","50,17","","False","False","False","False","WEAK_TIME_CANDIDATE"
"2875587269|429","Special-World","SW","2875587269","429","3 Feb, 2023 @ 4:25pm","2023-02-03 16:25","","2875587269|138","138","False","1 Feb, 2023 at 18:32 UTC","2023-02-01 18:32","https://modsbase.com/sgd6d3zyejys/2875587269_A_Special_World___40_MA__UBP___MB__COW3__MA-MSB__RICE_and_More_Compatch__41_.zip.html","-2","-45,88","","False","False","False","False","WEAK_TIME_CANDIDATE"
"2875587269|429","Special-World","SW","2875587269","429","3 Feb, 2023 @ 4:25pm","2023-02-03 16:25","","2875587269|139","139","False","1 Feb, 2023 at 00:23 UTC","2023-02-01 00:23","https://modsbase.com/mah4w59d9l1b/2875587269_Medieval_Arts__Unique_Buldings___40_Tweaked__41___More_Bookmarks___RICE_and_more_Merged.zip.html","-2","-64,03","","False","False","False","False","WEAK_TIME_CANDIDATE"
"2875587269|430","Special-World","SW","2875587269","430","3 Feb, 2023 @ 1:20pm","2023-02-03 13:20","","2875587269|137","137","False","5 Feb, 2023 at 18:35 UTC","2023-02-05 18:35","https://modsbase.com/vsn28kn0g1pf/2875587269_A_Special_World___40_MA__UBP___MB__COW3__MA-MSB__RICE_and_More_Compatch__41_.zip.html","2","53,25","","False","False","False","False","WEAK_TIME_CANDIDATE"
"2875587269|430","Special-World","SW","2875587269","430","3 Feb, 2023 @ 1:20pm","2023-02-03 13:20","","2875587269|138","138","False","1 Feb, 2023 at 18:32 UTC","2023-02-01 18:32","https://modsbase.com/sgd6d3zyejys/2875587269_A_Special_World___40_MA__UBP___MB__COW3__MA-MSB__RICE_and_More_Compatch__41_.zip.html","-2","-42,8","","False","False","False","False","WEAK_TIME_CANDIDATE"
"2875587269|430","Special-World","SW","2875587269","430","3 Feb, 2023 @ 1:20pm","2023-02-03 13:20","","2875587269|139","139","False","1 Feb, 2023 at 00:23 UTC","2023-02-01 00:23","https://modsbase.com/mah4w59d9l1b/2875587269_Medieval_Arts__Unique_Buldings___40_Tweaked__41___More_Bookmarks___RICE_and_more_Merged.zip.html","-2","-60,95","","False","False","False","False","WEAK_TIME_CANDIDATE"
"2875587269|431","Special-World","SW","2875587269","431","3 Feb, 2023 @ 12:08pm","2023-02-03 12:08","","2875587269|137","137","False","5 Feb, 2023 at 18:35 UTC","2023-02-05 18:35","https://modsbase.com/vsn28kn0g1pf/2875587269_A_Special_World___40_MA__UBP___MB__COW3__MA-MSB__RICE_and_More_Compatch__41_.zip.html","2","54,45","","False","False","False","False","WEAK_TIME_CANDIDATE"
"2875587269|431","Special-World","SW","2875587269","431","3 Feb, 2023 @ 12:08pm","2023-02-03 12:08","","2875587269|138","138","False","1 Feb, 2023 at 18:32 UTC","2023-02-01 18:32","https://modsbase.com/sgd6d3zyejys/2875587269_A_Special_World___40_MA__UBP___MB__COW3__MA-MSB__RICE_and_More_Compatch__41_.zip.html","-2","-41,6","","False","False","False","False","WEAK_TIME_CANDIDATE"
"2875587269|431","Special-World","SW","2875587269","431","3 Feb, 2023 @ 12:08pm","2023-02-03 12:08","","2875587269|139","139","False","1 Feb, 2023 at 00:23 UTC","2023-02-01 00:23","https://modsbase.com/mah4w59d9l1b/2875587269_Medieval_Arts__Unique_Buldings___40_Tweaked__41___More_Bookmarks___RICE_and_more_Merged.zip.html","-2","-59,75","","False","False","False","False","WEAK_TIME_CANDIDATE"
"2875587269|432","Special-World","SW","2875587269","432","1 Feb, 2023 @ 10:32am","2023-02-01 10:32","","2875587269|138","138","False","1 Feb, 2023 at 18:32 UTC","2023-02-01 18:32","https://modsbase.com/sgd6d3zyejys/2875587269_A_Special_World___40_MA__UBP___MB__COW3__MA-MSB__RICE_and_More_Compatch__41_.zip.html","0","8","8","True","True","True","True","BIDIRECTIONAL_UNIQUE"
"2875587269|432","Special-World","SW","2875587269","432","1 Feb, 2023 @ 10:32am","2023-02-01 10:32","","2875587269|139","139","False","1 Feb, 2023 at 00:23 UTC","2023-02-01 00:23","https://modsbase.com/mah4w59d9l1b/2875587269_Medieval_Arts__Unique_Buldings___40_Tweaked__41___More_Bookmarks___RICE_and_more_Merged.zip.html","0","-10,15","","False","False","False","False","WEAK_TIME_CANDIDATE"
"2875587269|433","Special-World","SW","2875587269","433","1 Feb, 2023 @ 10:14am","2023-02-01 10:14","","2875587269|138","138","False","1 Feb, 2023 at 18:32 UTC","2023-02-01 18:32","https://modsbase.com/sgd6d3zyejys/2875587269_A_Special_World___40_MA__UBP___MB__COW3__MA-MSB__RICE_and_More_Compatch__41_.zip.html","0","8,3","","False","False","False","False","WEAK_TIME_CANDIDATE"
"2875587269|433","Special-World","SW","2875587269","433","1 Feb, 2023 @ 10:14am","2023-02-01 10:14","","2875587269|139","139","False","1 Feb, 2023 at 00:23 UTC","2023-02-01 00:23","https://modsbase.com/mah4w59d9l1b/2875587269_Medieval_Arts__Unique_Buldings___40_Tweaked__41___More_Bookmarks___RICE_and_more_Merged.zip.html","0","-9,85","","False","False","False","False","WEAK_TIME_CANDIDATE"
"2875587269|434","Special-World","SW","2875587269","434","1 Feb, 2023 @ 8:29am","2023-02-01 08:29","","2875587269|138","138","False","1 Feb, 2023 at 18:32 UTC","2023-02-01 18:32","https://modsbase.com/sgd6d3zyejys/2875587269_A_Special_World___40_MA__UBP___MB__COW3__MA-MSB__RICE_and_More_Compatch__41_.zip.html","0","10,05","","False","False","False","False","WEAK_TIME_CANDIDATE"
"2875587269|434","Special-World","SW","2875587269","434","1 Feb, 2023 @ 8:29am","2023-02-01 08:29","","2875587269|139","139","False","1 Feb, 2023 at 00:23 UTC","2023-02-01 00:23","https://modsbase.com/mah4w59d9l1b/2875587269_Medieval_Arts__Unique_Buldings___40_Tweaked__41___More_Bookmarks___RICE_and_more_Merged.zip.html","0","-8,1","","False","False","False","False","WEAK_TIME_CANDIDATE"
"2875587269|435","Special-World","SW","2875587269","435","1 Feb, 2023 @ 8:26am","2023-02-01 08:26","","2875587269|138","138","False","1 Feb, 2023 at 18:32 UTC","2023-02-01 18:32","https://modsbase.com/sgd6d3zyejys/2875587269_A_Special_World___40_MA__UBP___MB__COW3__MA-MSB__RICE_and_More_Compatch__41_.zip.html","0","10,1","","False","False","False","False","WEAK_TIME_CANDIDATE"
"2875587269|435","Special-World","SW","2875587269","435","1 Feb, 2023 @ 8:26am","2023-02-01 08:26","","2875587269|139","139","False","1 Feb, 2023 at 00:23 UTC","2023-02-01 00:23","https://modsbase.com/mah4w59d9l1b/2875587269_Medieval_Arts__Unique_Buldings___40_Tweaked__41___More_Bookmarks___RICE_and_more_Merged.zip.html","0","-8,05","","False","False","False","False","WEAK_TIME_CANDIDATE"
"2875587269|436","Special-World","SW","2875587269","436","31 Jan, 2023 @ 4:23pm","2023-01-31 16:23","","2875587269|138","138","False","1 Feb, 2023 at 18:32 UTC","2023-02-01 18:32","https://modsbase.com/sgd6d3zyejys/2875587269_A_Special_World___40_MA__UBP___MB__COW3__MA-MSB__RICE_and_More_Compatch__41_.zip.html","1","26,15","","False","False","False","False","WEAK_TIME_CANDIDATE"
"2875587269|436","Special-World","SW","2875587269","436","31 Jan, 2023 @ 4:23pm","2023-01-31 16:23","","2875587269|139","139","False","1 Feb, 2023 at 00:23 UTC","2023-02-01 00:23","https://modsbase.com/mah4w59d9l1b/2875587269_Medieval_Arts__Unique_Buldings___40_Tweaked__41___More_Bookmarks___RICE_and_more_Merged.zip.html","1","8","8","True","True","True","True","BIDIRECTIONAL_UNIQUE"
"2875587269|437","Special-World","SW","2875587269","437","31 Jan, 2023 @ 11:45am","2023-01-31 11:45","","2875587269|138","138","False","1 Feb, 2023 at 18:32 UTC","2023-02-01 18:32","https://modsbase.com/sgd6d3zyejys/2875587269_A_Special_World___40_MA__UBP___MB__COW3__MA-MSB__RICE_and_More_Compatch__41_.zip.html","1","30,78","","False","False","False","False","WEAK_TIME_CANDIDATE"
"2875587269|437","Special-World","SW","2875587269","437","31 Jan, 2023 @ 11:45am","2023-01-31 11:45","","2875587269|139","139","False","1 Feb, 2023 at 00:23 UTC","2023-02-01 00:23","https://modsbase.com/mah4w59d9l1b/2875587269_Medieval_Arts__Unique_Buldings___40_Tweaked__41___More_Bookmarks___RICE_and_more_Merged.zip.html","1","12,63","","False","False","False","False","WEAK_TIME_CANDIDATE"
"2875587269|438","Special-World","SW","2875587269","438","30 Jan, 2023 @ 11:03pm","2023-01-30 23:03","","2875587269|138","138","False","1 Feb, 2023 at 18:32 UTC","2023-02-01 18:32","https://modsbase.com/sgd6d3zyejys/2875587269_A_Special_World___40_MA__UBP___MB__COW3__MA-MSB__RICE_and_More_Compatch__41_.zip.html","2","43,48","","False","False","False","False","WEAK_TIME_CANDIDATE"
"2875587269|438","Special-World","SW","2875587269","438","30 Jan, 2023 @ 11:03pm","2023-01-30 23:03","","2875587269|139","139","False","1 Feb, 2023 at 00:23 UTC","2023-02-01 00:23","https://modsbase.com/mah4w59d9l1b/2875587269_Medieval_Arts__Unique_Buldings___40_Tweaked__41___More_Bookmarks___RICE_and_more_Merged.zip.html","2","25,33","","False","False","False","False","WEAK_TIME_CANDIDATE"
"2875587269|439","Special-World","SW","2875587269","439","30 Jan, 2023 @ 10:05pm","2023-01-30 22:05","","2875587269|138","138","False","1 Feb, 2023 at 18:32 UTC","2023-02-01 18:32","https://modsbase.com/sgd6d3zyejys/2875587269_A_Special_World___40_MA__UBP___MB__COW3__MA-MSB__RICE_and_More_Compatch__41_.zip.html","2","44,45","","False","False","False","False","WEAK_TIME_CANDIDATE"
"2875587269|439","Special-World","SW","2875587269","439","30 Jan, 2023 @ 10:05pm","2023-01-30 22:05","","2875587269|139","139","False","1 Feb, 2023 at 00:23 UTC","2023-02-01 00:23","https://modsbase.com/mah4w59d9l1b/2875587269_Medieval_Arts__Unique_Buldings___40_Tweaked__41___More_Bookmarks___RICE_and_more_Merged.zip.html","2","26,3","","False","False","False","False","WEAK_TIME_CANDIDATE"
"2875587269|440","Special-World","SW","2875587269","440","30 Jan, 2023 @ 10:02pm","2023-01-30 22:02","","2875587269|138","138","False","1 Feb, 2023 at 18:32 UTC","2023-02-01 18:32","https://modsbase.com/sgd6d3zyejys/2875587269_A_Special_World___40_MA__UBP___MB__COW3__MA-MSB__RICE_and_More_Compatch__41_.zip.html","2","44,5","","False","False","False","False","WEAK_TIME_CANDIDATE"
"2875587269|440","Special-World","SW","2875587269","440","30 Jan, 2023 @ 10:02pm","2023-01-30 22:02","","2875587269|139","139","False","1 Feb, 2023 at 00:23 UTC","2023-02-01 00:23","https://modsbase.com/mah4w59d9l1b/2875587269_Medieval_Arts__Unique_Buldings___40_Tweaked__41___More_Bookmarks___RICE_and_more_Merged.zip.html","2","26,35","","False","False","False","False","WEAK_TIME_CANDIDATE"
"2875587269|441","Special-World","SW","2875587269","441","30 Jan, 2023 @ 9:58pm","2023-01-30 21:58","","2875587269|138","138","False","1 Feb, 2023 at 18:32 UTC","2023-02-01 18:32","https://modsbase.com/sgd6d3zyejys/2875587269_A_Special_World___40_MA__UBP___MB__COW3__MA-MSB__RICE_and_More_Compatch__41_.zip.html","2","44,57","","False","False","False","False","WEAK_TIME_CANDIDATE"
"2875587269|441","Special-World","SW","2875587269","441","30 Jan, 2023 @ 9:58pm","2023-01-30 21:58","","2875587269|139","139","False","1 Feb, 2023 at 00:23 UTC","2023-02-01 00:23","https://modsbase.com/mah4w59d9l1b/2875587269_Medieval_Arts__Unique_Buldings___40_Tweaked__41___More_Bookmarks___RICE_and_more_Merged.zip.html","2","26,42","","False","False","False","False","WEAK_TIME_CANDIDATE"
"2875587269|442","Special-World","SW","2875587269","442","30 Jan, 2023 @ 7:20pm","2023-01-30 19:20","","2875587269|138","138","False","1 Feb, 2023 at 18:32 UTC","2023-02-01 18:32","https://modsbase.com/sgd6d3zyejys/2875587269_A_Special_World___40_MA__UBP___MB__COW3__MA-MSB__RICE_and_More_Compatch__41_.zip.html","2","47,2","","False","False","False","False","WEAK_TIME_CANDIDATE"
"2875587269|442","Special-World","SW","2875587269","442","30 Jan, 2023 @ 7:20pm","2023-01-30 19:20","","2875587269|139","139","False","1 Feb, 2023 at 00:23 UTC","2023-02-01 00:23","https://modsbase.com/mah4w59d9l1b/2875587269_Medieval_Arts__Unique_Buldings___40_Tweaked__41___More_Bookmarks___RICE_and_more_Merged.zip.html","2","29,05","","False","False","False","False","WEAK_TIME_CANDIDATE"
"2875587269|443","Special-World","SW","2875587269","443","30 Jan, 2023 @ 7:06pm","2023-01-30 19:06","","2875587269|138","138","False","1 Feb, 2023 at 18:32 UTC","2023-02-01 18:32","https://modsbase.com/sgd6d3zyejys/2875587269_A_Special_World___40_MA__UBP___MB__COW3__MA-MSB__RICE_and_More_Compatch__41_.zip.html","2","47,43","","False","False","False","False","WEAK_TIME_CANDIDATE"
"2875587269|443","Special-World","SW","2875587269","443","30 Jan, 2023 @ 7:06pm","2023-01-30 19:06","","2875587269|139","139","False","1 Feb, 2023 at 00:23 UTC","2023-02-01 00:23","https://modsbase.com/mah4w59d9l1b/2875587269_Medieval_Arts__Unique_Buldings___40_Tweaked__41___More_Bookmarks___RICE_and_more_Merged.zip.html","2","29,28","","False","False","False","False","WEAK_TIME_CANDIDATE"
"2875587269|444","Special-World","SW","2875587269","444","25 Jan, 2023 @ 4:12pm","2023-01-25 16:12","","2875587269|140","140","False","26 Jan, 2023 at 00:12 UTC","2023-01-26 00:12","https://modsbase.com/lp9q1jq2quzu/2875587269_Medieval_Arts__Unique_Buldings___40_Tweaked__41___More_Bookmarks___RICE_and_more_Merged.zip.html","1","8","8","True","True","True","True","BIDIRECTIONAL_UNIQUE"
"2875587269|444","Special-World","SW","2875587269","444","25 Jan, 2023 @ 4:12pm","2023-01-25 16:12","","2875587269|141","141","False","24 Jan, 2023 at 23:39 UTC","2023-01-24 23:39","https://modsbase.com/s3x2dyon2jwx/2875587269_Medieval_Arts__Unique_Buldings___40_Tweaked__41___More_Bookmarks___RICE_and_more_Merged.zip.html","-1","-16,55","","False","False","False","False","WEAK_TIME_CANDIDATE"
"2875587269|444","Special-World","SW","2875587269","444","25 Jan, 2023 @ 4:12pm","2023-01-25 16:12","","2875587269|142","142","False","23 Jan, 2023 at 07:46 UTC","2023-01-23 07:46","https://modsbase.com/ek7i612wh8na/2875587269_Medieval_Arts__Unique_Buldings___40_Tweaked__41___More_Bookmarks___RICE_and_more_Merged.zip.html","-2","-56,43","","False","False","False","False","WEAK_TIME_CANDIDATE"
"2875587269|445","Special-World","SW","2875587269","445","24 Jan, 2023 @ 3:39pm","2023-01-24 15:39","","2875587269|140","140","False","26 Jan, 2023 at 00:12 UTC","2023-01-26 00:12","https://modsbase.com/lp9q1jq2quzu/2875587269_Medieval_Arts__Unique_Buldings___40_Tweaked__41___More_Bookmarks___RICE_and_more_Merged.zip.html","2","32,55","","False","False","False","False","WEAK_TIME_CANDIDATE"
"2875587269|445","Special-World","SW","2875587269","445","24 Jan, 2023 @ 3:39pm","2023-01-24 15:39","","2875587269|141","141","False","24 Jan, 2023 at 23:39 UTC","2023-01-24 23:39","https://modsbase.com/s3x2dyon2jwx/2875587269_Medieval_Arts__Unique_Buldings___40_Tweaked__41___More_Bookmarks___RICE_and_more_Merged.zip.html","0","8","8","True","True","True","True","BIDIRECTIONAL_UNIQUE"
"2875587269|445","Special-World","SW","2875587269","445","24 Jan, 2023 @ 3:39pm","2023-01-24 15:39","","2875587269|142","142","False","23 Jan, 2023 at 07:46 UTC","2023-01-23 07:46","https://modsbase.com/ek7i612wh8na/2875587269_Medieval_Arts__Unique_Buldings___40_Tweaked__41___More_Bookmarks___RICE_and_more_Merged.zip.html","-1","-31,88","","False","False","False","False","WEAK_TIME_CANDIDATE"
"2875587269|446","Special-World","SW","2875587269","446","22 Jan, 2023 @ 11:46pm","2023-01-22 23:46","","2875587269|141","141","False","24 Jan, 2023 at 23:39 UTC","2023-01-24 23:39","https://modsbase.com/s3x2dyon2jwx/2875587269_Medieval_Arts__Unique_Buldings___40_Tweaked__41___More_Bookmarks___RICE_and_more_Merged.zip.html","2","47,88","","False","False","False","False","WEAK_TIME_CANDIDATE"
"2875587269|446","Special-World","SW","2875587269","446","22 Jan, 2023 @ 11:46pm","2023-01-22 23:46","","2875587269|142","142","False","23 Jan, 2023 at 07:46 UTC","2023-01-23 07:46","https://modsbase.com/ek7i612wh8na/2875587269_Medieval_Arts__Unique_Buldings___40_Tweaked__41___More_Bookmarks___RICE_and_more_Merged.zip.html","1","8","8","True","True","True","True","BIDIRECTIONAL_UNIQUE"
"2875587269|447","Special-World","SW","2875587269","447","21 Jan, 2023 @ 12:45pm","2023-01-21 12:45","","2875587269|142","142","False","23 Jan, 2023 at 07:46 UTC","2023-01-23 07:46","https://modsbase.com/ek7i612wh8na/2875587269_Medieval_Arts__Unique_Buldings___40_Tweaked__41___More_Bookmarks___RICE_and_more_Merged.zip.html","2","43,02","","False","False","False","False","WEAK_TIME_CANDIDATE"
"2875587269|448","Special-World","SW","2875587269","448","21 Jan, 2023 @ 9:10am","2023-01-21 09:10","","2875587269|142","142","False","23 Jan, 2023 at 07:46 UTC","2023-01-23 07:46","https://modsbase.com/ek7i612wh8na/2875587269_Medieval_Arts__Unique_Buldings___40_Tweaked__41___More_Bookmarks___RICE_and_more_Merged.zip.html","2","46,6","","False","False","False","False","WEAK_TIME_CANDIDATE"
"2875587269|451","Special-World","SW","2875587269","451","17 Jan, 2023 @ 2:10pm","2023-01-17 14:10","","2875587269|143","143","False","17 Jan, 2023 at 22:10 UTC","2023-01-17 22:10","https://modsbase.com/8jt7ai9fqhar/2875587269_Medieval_Arts__Unique_Buldings___40_Tweaked__41___More_Bookmarks___RICE_and_more_Merged.zip.html","0","8","8","True","True","True","True","BIDIRECTIONAL_UNIQUE"
"2875587269|451","Special-World","SW","2875587269","451","17 Jan, 2023 @ 2:10pm","2023-01-17 14:10","","2875587269|144","144","False","15 Jan, 2023 at 22:17 UTC","2023-01-15 22:17","https://modsbase.com/0310w9r73lz0/2875587269_Medieval_Arts__Unique_Buldings___40_Tweaked__41___More_Bookmarks___RICE_and_more_Merged.zip.html","-2","-39,88","","False","False","False","False","WEAK_TIME_CANDIDATE"
"2875587269|452","Special-World","SW","2875587269","452","17 Jan, 2023 @ 1:10pm","2023-01-17 13:10","","2875587269|143","143","False","17 Jan, 2023 at 22:10 UTC","2023-01-17 22:10","https://modsbase.com/8jt7ai9fqhar/2875587269_Medieval_Arts__Unique_Buldings___40_Tweaked__41___More_Bookmarks___RICE_and_more_Merged.zip.html","0","9","9","True","True","True","False","WEAK_TIME_CANDIDATE"
"2875587269|452","Special-World","SW","2875587269","452","17 Jan, 2023 @ 1:10pm","2023-01-17 13:10","","2875587269|144","144","False","15 Jan, 2023 at 22:17 UTC","2023-01-15 22:17","https://modsbase.com/0310w9r73lz0/2875587269_Medieval_Arts__Unique_Buldings___40_Tweaked__41___More_Bookmarks___RICE_and_more_Merged.zip.html","-2","-38,88","","False","False","False","False","WEAK_TIME_CANDIDATE"
"2875587269|453","Special-World","SW","2875587269","453","15 Jan, 2023 @ 2:17pm","2023-01-15 14:17","","2875587269|143","143","False","17 Jan, 2023 at 22:10 UTC","2023-01-17 22:10","https://modsbase.com/8jt7ai9fqhar/2875587269_Medieval_Arts__Unique_Buldings___40_Tweaked__41___More_Bookmarks___RICE_and_more_Merged.zip.html","2","55,88","","False","False","False","False","WEAK_TIME_CANDIDATE"
"2875587269|453","Special-World","SW","2875587269","453","15 Jan, 2023 @ 2:17pm","2023-01-15 14:17","","2875587269|144","144","False","15 Jan, 2023 at 22:17 UTC","2023-01-15 22:17","https://modsbase.com/0310w9r73lz0/2875587269_Medieval_Arts__Unique_Buldings___40_Tweaked__41___More_Bookmarks___RICE_and_more_Merged.zip.html","0","8","8","True","True","True","True","BIDIRECTIONAL_UNIQUE"
"2875587269|454","Special-World","SW","2875587269","454","9 Jan, 2023 @ 7:51am","2023-01-09 07:51","","2875587269|145","145","False","9 Jan, 2023 at 15:51 UTC","2023-01-09 15:51","https://modsbase.com/eczoc8hcoa9v/2875587269_Medieval_Arts__Unique_Buldings___40_Tweaked__41___More_Bookmarks___RICE_and_more_Merged.zip.html","0","8","8","True","True","True","True","BIDIRECTIONAL_UNIQUE"
"2875587269|455","Special-World","SW","2875587269","455","7 Jan, 2023 @ 2:09pm","2023-01-07 14:09","","2875587269|145","145","False","9 Jan, 2023 at 15:51 UTC","2023-01-09 15:51","https://modsbase.com/eczoc8hcoa9v/2875587269_Medieval_Arts__Unique_Buldings___40_Tweaked__41___More_Bookmarks___RICE_and_more_Merged.zip.html","2","49,7","","False","False","False","False","WEAK_TIME_CANDIDATE"
"2875587269|456","Special-World","SW","2875587269","456","2 Jan, 2023 @ 10:14am","2023-01-02 10:14","","2875587269|146","146","False","2 Jan, 2023 at 18:14 UTC","2023-01-02 18:14","https://modsbase.com/i9a63ezh2upd/2875587269_Medieval_Arts__Unique_Buldings___40_Tweaked__41___More_Bookmarks___RICE_and_more_Merged.zip.html","0","8","8","True","True","True","True","BIDIRECTIONAL_UNIQUE"
"2875587269|458","Special-World","SW","2875587269","458","23 Dec, 2022 @ 7:01pm","2022-12-23 19:01","","2875587269|147","147","False","24 Dec, 2022 at 03:01 UTC","2022-12-24 03:01","https://modsbase.com/ldh03n60e73g/2875587269_Medieval_Arts__Unique_Buldings___40_Tweaked__41___More_Bookmarks___RICE_and_more_Merged.zip.html","1","8","8","True","True","True","True","BIDIRECTIONAL_UNIQUE"
"2875587269|459","Special-World","SW","2875587269","459","6 Dec, 2022 @ 10:16am","2022-12-06 10:16","","2875587269|148","148","False","6 Dec, 2022 at 18:16 UTC","2022-12-06 18:16","https://modsbase.com/ns8tk0xardf5/2875587269_Medieval_Arts__Unique_Buldings___40_Tweaked__41___More_Bookmarks___RICE_and_more_Merged.zip.html","0","8","8","True","True","True","True","BIDIRECTIONAL_UNIQUE"
"2875587269|460","Special-World","SW","2875587269","460","30 Nov, 2022 @ 5:16pm","2022-11-30 17:16","","2875587269|149","149","False","1 Dec, 2022 at 01:16 UTC","2022-12-01 01:16","https://modsbase.com/cik0si0whr0t/2875587269_Medieval_Arts__Unique_Buldings___40_Tweaked__41___More_Bookmarks___RICE_and_more_Merged.zip.html","1","8","8","True","True","True","True","BIDIRECTIONAL_UNIQUE"
"2875587269|460","Special-World","SW","2875587269","460","30 Nov, 2022 @ 5:16pm","2022-11-30 17:16","","2875587269|150","150","False","28 Nov, 2022 at 17:30 UTC","2022-11-28 17:30","https://modsbase.com/zyg1xdol5kod/2875587269_Medieval_Arts___Unique_Buldings_____RICE___Merge___Tweak.zip.html","-2","-47,77","","False","False","False","False","WEAK_TIME_CANDIDATE"
"2875587269|461","Special-World","SW","2875587269","461","30 Nov, 2022 @ 4:46pm","2022-11-30 16:46","","2875587269|149","149","False","1 Dec, 2022 at 01:16 UTC","2022-12-01 01:16","https://modsbase.com/cik0si0whr0t/2875587269_Medieval_Arts__Unique_Buldings___40_Tweaked__41___More_Bookmarks___RICE_and_more_Merged.zip.html","1","8,5","","False","False","False","False","WEAK_TIME_CANDIDATE"
"2875587269|461","Special-World","SW","2875587269","461","30 Nov, 2022 @ 4:46pm","2022-11-30 16:46","","2875587269|150","150","False","28 Nov, 2022 at 17:30 UTC","2022-11-28 17:30","https://modsbase.com/zyg1xdol5kod/2875587269_Medieval_Arts___Unique_Buldings_____RICE___Merge___Tweak.zip.html","-2","-47,27","","False","False","False","False","WEAK_TIME_CANDIDATE"
"2875587269|462","Special-World","SW","2875587269","462","30 Nov, 2022 @ 2:18pm","2022-11-30 14:18","","2875587269|149","149","False","1 Dec, 2022 at 01:16 UTC","2022-12-01 01:16","https://modsbase.com/cik0si0whr0t/2875587269_Medieval_Arts__Unique_Buldings___40_Tweaked__41___More_Bookmarks___RICE_and_more_Merged.zip.html","1","10,97","","False","False","False","False","WEAK_TIME_CANDIDATE"
"2875587269|462","Special-World","SW","2875587269","462","30 Nov, 2022 @ 2:18pm","2022-11-30 14:18","","2875587269|150","150","False","28 Nov, 2022 at 17:30 UTC","2022-11-28 17:30","https://modsbase.com/zyg1xdol5kod/2875587269_Medieval_Arts___Unique_Buldings_____RICE___Merge___Tweak.zip.html","-2","-44,8","","False","False","False","False","WEAK_TIME_CANDIDATE"
"2875587269|463","Special-World","SW","2875587269","463","28 Nov, 2022 @ 9:30am","2022-11-28 09:30","","2875587269|150","150","False","28 Nov, 2022 at 17:30 UTC","2022-11-28 17:30","https://modsbase.com/zyg1xdol5kod/2875587269_Medieval_Arts___Unique_Buldings_____RICE___Merge___Tweak.zip.html","0","8","8","True","True","True","True","BIDIRECTIONAL_UNIQUE"
"2875587269|464","Special-World","SW","2875587269","464","28 Nov, 2022 @ 9:15am","2022-11-28 09:15","","2875587269|150","150","False","28 Nov, 2022 at 17:30 UTC","2022-11-28 17:30","https://modsbase.com/zyg1xdol5kod/2875587269_Medieval_Arts___Unique_Buldings_____RICE___Merge___Tweak.zip.html","0","8,25","","False","False","False","False","WEAK_TIME_CANDIDATE"
"2875587269|465","Special-World","SW","2875587269","465","17 Oct, 2022 @ 5:39pm","2022-10-17 17:39","","2875587269|151","151","False","18 Oct, 2022 at 00:39 UTC","2022-10-18 00:39","https://modsbase.com/rc3v5ac70c0o/2875587269_Medieval_Arts___Unique_Buldings___-_Merge___Tweak.zip.html","1","7","7","True","True","True","True","BIDIRECTIONAL_UNIQUE"
"2875587269|466","Special-World","SW","2875587269","466","17 Oct, 2022 @ 3:55pm","2022-10-17 15:55","","2875587269|151","151","False","18 Oct, 2022 at 00:39 UTC","2022-10-18 00:39","https://modsbase.com/rc3v5ac70c0o/2875587269_Medieval_Arts___Unique_Buldings___-_Merge___Tweak.zip.html","1","8,73","","False","False","False","False","WEAK_TIME_CANDIDATE"
"2875587269|467","Special-World","SW","2875587269","467","16 Oct, 2022 @ 6:11am","2022-10-16 06:11","","2875587269|151","151","False","18 Oct, 2022 at 00:39 UTC","2022-10-18 00:39","https://modsbase.com/rc3v5ac70c0o/2875587269_Medieval_Arts___Unique_Buldings___-_Merge___Tweak.zip.html","2","42,47","","False","False","False","False","WEAK_TIME_CANDIDATE"
"3668769244|1","Turkic-World-Expanded","TWE","3668769244","1","1 May @ 1:48pm","2026-05-01 13:48","","3668769244|1","1","True","1 May at 20:48 UTC","2026-05-01 20:48","https://modsbase.com/4fd28fedw2eo/3668769244_Turkic_World_Expanded.zip.html","0","7","7","True","True","True","True","BIDIRECTIONAL_UNIQUE"
"3668769244|2","Turkic-World-Expanded","TWE","3668769244","2","7 Mar @ 11:16am","2026-03-07 11:16","","3668769244|2","2","False","7 Mar at 19:16 UTC","2026-03-07 19:16","https://modsbase.com/ovqru76fiz8w/3668769244_Turkic_World_Expanded.zip.html","0","8","8","True","True","True","True","BIDIRECTIONAL_UNIQUE"
"3490396842|1","Western-Steppe-Expanded","WSE","3490396842","1","20 Apr @ 8:37am","2026-04-20 08:37","","3490396842|1","1","True","20 Apr at 15:37 UTC","2026-04-20 15:37","https://modsbase.com/iryh9g8jcfz2/3490396842_Western_Steppe_Expanded.zip.html","0","7","7","True","True","True","True","BIDIRECTIONAL_UNIQUE"
"3490396842|3","Western-Steppe-Expanded","WSE","3490396842","3","4 Feb @ 12:39pm","2026-02-04 12:39","","3490396842|2","2","False","4 Feb at 20:39 UTC","2026-02-04 20:39","https://modsbase.com/y87gxbd37old/3490396842_Western_Steppe_Expanded.zip.html","0","8","8","True","True","True","True","BIDIRECTIONAL_UNIQUE"
"3490396842|7","Western-Steppe-Expanded","WSE","3490396842","7","17 Dec, 2025 @ 3:04am","2025-12-17 03:04","","3490396842|3","3","False","17 Dec, 2025 at 11:04 UTC","2025-12-17 11:04","https://modsbase.com/sixx0q27g0qn/3490396842_Western_Steppe_Expanded.zip.html","0","8","8","True","True","True","True","BIDIRECTIONAL_UNIQUE"
"3490396842|8","Western-Steppe-Expanded","WSE","3490396842","8","1 Dec, 2025 @ 11:48am","2025-12-01 11:48","","3490396842|4","4","False","1 Dec, 2025 at 19:48 UTC","2025-12-01 19:48","https://modsbase.com/eqyt1p6kemuc/3490396842_Western_Steppe_Expanded.zip.html","0","8","8","True","True","True","True","BIDIRECTIONAL_UNIQUE"
"3490396842|9","Western-Steppe-Expanded","WSE","3490396842","9","1 Dec, 2025 @ 11:26am","2025-12-01 11:26","","3490396842|4","4","False","1 Dec, 2025 at 19:48 UTC","2025-12-01 19:48","https://modsbase.com/eqyt1p6kemuc/3490396842_Western_Steppe_Expanded.zip.html","0","8,37","","False","False","False","False","WEAK_TIME_CANDIDATE"
"3490396842|10","Western-Steppe-Expanded","WSE","3490396842","10","18 Nov, 2025 @ 7:25am","2025-11-18 07:25","","3490396842|5","5","False","18 Nov, 2025 at 15:25 UTC","2025-11-18 15:25","https://modsbase.com/2enkyrhgxhto/3490396842_Western_Steppe_Expanded.zip.html","0","8","8","True","True","True","True","BIDIRECTIONAL_UNIQUE"
"3490396842|12","Western-Steppe-Expanded","WSE","3490396842","12","31 Oct, 2025 @ 2:18pm","2025-10-31 14:18","","3490396842|6","6","False","31 Oct, 2025 at 21:18 UTC","2025-10-31 21:18","https://modsbase.com/urorc681o7fg/3490396842_Western_Steppe_Expanded.zip.html","0","7","7","True","True","True","True","BIDIRECTIONAL_UNIQUE"
"3490396842|13","Western-Steppe-Expanded","WSE","3490396842","13","28 Oct, 2025 @ 12:57pm","2025-10-28 12:57","","3490396842|7","7","False","28 Oct, 2025 at 19:57 UTC","2025-10-28 19:57","https://modsbase.com/e4jj87ocpiqu/3490396842_Western_Steppe_Expanded.zip.html","0","7","7","True","True","True","True","BIDIRECTIONAL_UNIQUE"
"3490396842|14","Western-Steppe-Expanded","WSE","3490396842","14","30 Sep, 2025 @ 11:36am","2025-09-30 11:36","","3490396842|8","8","False","30 Sep, 2025 at 18:36 UTC","2025-09-30 18:36","https://modsbase.com/92tbtrhp0akr/3490396842_Western_Steppe_Expanded.zip.html","0","7","7","True","True","True","True","BIDIRECTIONAL_UNIQUE"
"3490396842|15","Western-Steppe-Expanded","WSE","3490396842","15","14 Sep, 2025 @ 1:38pm","2025-09-14 13:38","","3490396842|9","9","False","14 Sep, 2025 at 20:38 UTC","2025-09-14 20:38","https://modsbase.com/i0i8uclx0uh4/3490396842_Western_Steppe_Expanded.zip.html","0","7","7","True","True","True","True","BIDIRECTIONAL_UNIQUE"
"3490396842|16","Western-Steppe-Expanded","WSE","3490396842","16","9 Sep, 2025 @ 10:10am","2025-09-09 10:10","","3490396842|10","10","False","9 Sep, 2025 at 17:10 UTC","2025-09-09 17:10","https://modsbase.com/5ttnw94x2om8/3490396842_Western_Steppe_Expanded.zip.html","0","7","7","True","True","True","True","BIDIRECTIONAL_UNIQUE"
"3490396842|17","Western-Steppe-Expanded","WSE","3490396842","17","27 Jul, 2025 @ 2:01am","2025-07-27 02:01","","3490396842|11","11","False","27 Jul, 2025 at 09:01 UTC","2025-07-27 09:01","https://modsbase.com/hk6spr5fn5o7/3490396842_Western_Steppe_Expanded.zip.html","0","7","7","True","True","True","True","BIDIRECTIONAL_UNIQUE"
"3490396842|20","Western-Steppe-Expanded","WSE","3490396842","20","7 Jun, 2025 @ 1:50pm","2025-06-07 13:50","","3490396842|12","12","False","7 Jun, 2025 at 20:50 UTC","2025-06-07 20:50","https://modsbase.com/6a8gn6awr9ng/3490396842_Western_Steppe_Expanded.zip.html","0","7","7","True","True","True","True","BIDIRECTIONAL_UNIQUE"
"3490396842|20","Western-Steppe-Expanded","WSE","3490396842","20","7 Jun, 2025 @ 1:50pm","2025-06-07 13:50","","3490396842|13","13","False","5 Jun, 2025 at 20:52 UTC","2025-06-05 20:52","https://modsbase.com/z7robi53h6y7/3490396842_Western_Steppe_Expanded.zip.html","-2","-40,97","","False","False","False","False","WEAK_TIME_CANDIDATE"
"3490396842|21","Western-Steppe-Expanded","WSE","3490396842","21","5 Jun, 2025 @ 1:52pm","2025-06-05 13:52","","3490396842|12","12","False","7 Jun, 2025 at 20:50 UTC","2025-06-07 20:50","https://modsbase.com/6a8gn6awr9ng/3490396842_Western_Steppe_Expanded.zip.html","2","54,97","","False","False","False","False","WEAK_TIME_CANDIDATE"
"3490396842|21","Western-Steppe-Expanded","WSE","3490396842","21","5 Jun, 2025 @ 1:52pm","2025-06-05 13:52","","3490396842|13","13","False","5 Jun, 2025 at 20:52 UTC","2025-06-05 20:52","https://modsbase.com/z7robi53h6y7/3490396842_Western_Steppe_Expanded.zip.html","0","7","7","True","True","True","True","BIDIRECTIONAL_UNIQUE"
"3490396842|22","Western-Steppe-Expanded","WSE","3490396842","22","4 Jun, 2025 @ 1:35pm","2025-06-04 13:35","","3490396842|13","13","False","5 Jun, 2025 at 20:52 UTC","2025-06-05 20:52","https://modsbase.com/z7robi53h6y7/3490396842_Western_Steppe_Expanded.zip.html","1","31,28","","False","False","False","False","WEAK_TIME_CANDIDATE"
"3490396842|23","Western-Steppe-Expanded","WSE","3490396842","23","4 Jun, 2025 @ 3:07am","2025-06-04 03:07","","3490396842|13","13","False","5 Jun, 2025 at 20:52 UTC","2025-06-05 20:52","https://modsbase.com/z7robi53h6y7/3490396842_Western_Steppe_Expanded.zip.html","1","41,75","","False","False","False","False","WEAK_TIME_CANDIDATE"
