"Repo","Abbreviation","WorkshopId","NewestOrdinal","Page","PositionOnPage","RawDisplayedTime","NormalizedFetchedTime","VersionText","Preview","SourceUrl","RawPageSha256","CanonicalTimeVerified"
"Community-Flavor-Pack","CFP","2220098919","1","1","1","21 Apr @ 11:34am","2026-04-21 11:34","Version 3.3.6","Version 3.3.6","https://steamcommunity.com/sharedfiles/filedetails/changelog/2220098919?p=1&l=english","4131cdb75ffe4e34256c0c816b3e4eb22ca9cc62705c3f7accae74f848a78c90","False"
"Community-Flavor-Pack","CFP","2220098919","2","1","2","27 Jan @ 1:24pm","2026-01-27 13:24","Version 3.3.5","Version 3.3.5","https://steamcommunity.com/sharedfiles/filedetails/changelog/2220098919?p=1&l=english","4131cdb75ffe4e34256c0c816b3e4eb22ca9cc62705c3f7accae74f848a78c90","False"
"Community-Flavor-Pack","CFP","2220098919","3","1","3","12 Nov, 2025 @ 12:36pm","2025-11-12 12:36","Version 3.3.4","Version 3.3.4","https://steamcommunity.com/sharedfiles/filedetails/changelog/2220098919?p=1&l=english","4131cdb75ffe4e34256c0c816b3e4eb22ca9cc62705c3f7accae74f848a78c90","False"
"Community-Flavor-Pack","CFP","2220098919","4","1","4","11 Nov, 2025 @ 8:03am","2025-11-11 08:03","Version 3.3.3","Version 3.3.3","https://steamcommunity.com/sharedfiles/filedetails/changelog/2220098919?p=1&l=english","4131cdb75ffe4e34256c0c816b3e4eb22ca9cc62705c3f7accae74f848a78c90","False"
"Community-Flavor-Pack","CFP","2220098919","5","1","5","30 Oct, 2025 @ 3:05pm","2025-10-30 15:05","Version 3.3.2","Version 3.3.2","https://steamcommunity.com/sharedfiles/filedetails/changelog/2220098919?p=1&l=english","4131cdb75ffe4e34256c0c816b3e4eb22ca9cc62705c3f7accae74f848a78c90","False"
"Community-Flavor-Pack","CFP","2220098919","6","1","6","28 Oct, 2025 @ 10:28am","2025-10-28 10:28","Version 3.3.1","Version 3.3.1","https://steamcommunity.com/sharedfiles/filedetails/changelog/2220098919?p=1&l=english","4131cdb75ffe4e34256c0c816b3e4eb22ca9cc62705c3f7accae74f848a78c90","False"
"Community-Flavor-Pack","CFP","2220098919","7","1","7","28 Oct, 2025 @ 10:18am","2025-10-28 10:18","Version 3.3.0 « All Under Heaven » compatibility","Version 3.3.0 « All Under Heaven » compatibility","https://steamcommunity.com/sharedfiles/filedetails/changelog/2220098919?p=1&l=english","4131cdb75ffe4e34256c0c816b3e4eb22ca9cc62705c3f7accae74f848a78c90","False"
"Community-Flavor-Pack","CFP","2220098919","8","1","8","9 Sep, 2025 @ 12:19pm","2025-09-09 12:19","Version 3.2.24","Version 3.2.24","https://steamcommunity.com/sharedfiles/filedetails/changelog/2220098919?p=1&l=english","4131cdb75ffe4e34256c0c816b3e4eb22ca9cc62705c3f7accae74f848a78c90","False"
"Community-Flavor-Pack","CFP","2220098919","9","1","9","21 Jul, 2025 @ 7:51am","2025-07-21 07:51","Version 3.2.23","Version 3.2.23","https://steamcommunity.com/sharedfiles/filedetails/changelog/2220098919?p=1&l=english","4131cdb75ffe4e34256c0c816b3e4eb22ca9cc62705c3f7accae74f848a78c90","False"
"Community-Flavor-Pack","CFP","2220098919","10","1","10","28 Apr, 2025 @ 6:15am","2025-04-28 06:15","Version 3.2.22","Version 3.2.22","https://steamcommunity.com/sharedfiles/filedetails/changelog/2220098919?p=1&l=english","4131cdb75ffe4e34256c0c816b3e4eb22ca9cc62705c3f7accae74f848a78c90","False"
"Community-Flavor-Pack","CFP","2220098919","11","2","1","12 Mar, 2025 @ 10:13am","2025-03-12 10:13","Version 3.2.21","Version 3.2.21","https://steamcommunity.com/sharedfiles/filedetails/changelog/2220098919?p=2&l=english","cdd776607890a3cf0b765cc55f9954e7e0c932f595cef4604e7f9b9beb4c154b","False"
"Community-Flavor-Pack","CFP","2220098919","12","2","2","25 Feb, 2025 @ 6:41am","2025-02-25 06:41","Version 3.2.20","Version 3.2.20","https://steamcommunity.com/sharedfiles/filedetails/changelog/2220098919?p=2&l=english","cdd776607890a3cf0b765cc55f9954e7e0c932f595cef4604e7f9b9beb4c154b","False"
"Community-Flavor-Pack","CFP","2220098919","13","2","3","27 Nov, 2024 @ 9:21am","2024-11-27 09:21","Version 3.2.19","Version 3.2.19","https://steamcommunity.com/sharedfiles/filedetails/changelog/2220098919?p=2&l=english","cdd776607890a3cf0b765cc55f9954e7e0c932f595cef4604e7f9b9beb4c154b","False"
"Community-Flavor-Pack","CFP","2220098919","14","2","4","4 Nov, 2024 @ 9:32am","2024-11-04 09:32","Version 3.2.18","Version 3.2.18","https://steamcommunity.com/sharedfiles/filedetails/changelog/2220098919?p=2&l=english","cdd776607890a3cf0b765cc55f9954e7e0c932f595cef4604e7f9b9beb4c154b","False"
"Community-Flavor-Pack","CFP","2220098919","15","2","5","29 Sep, 2024 @ 11:46pm","2024-09-29 23:46","Version 3.2.17","Version 3.2.17","https://steamcommunity.com/sharedfiles/filedetails/changelog/2220098919?p=2&l=english","cdd776607890a3cf0b765cc55f9954e7e0c932f595cef4604e7f9b9beb4c154b","False"
"Community-Flavor-Pack","CFP","2220098919","16","2","6","29 Sep, 2024 @ 8:17am","2024-09-29 08:17","Version 3.2.16","Version 3.2.16","https://steamcommunity.com/sharedfiles/filedetails/changelog/2220098919?p=2&l=english","cdd776607890a3cf0b765cc55f9954e7e0c932f595cef4604e7f9b9beb4c154b","False"
"Community-Flavor-Pack","CFP","2220098919","17","2","7","24 Sep, 2024 @ 10:59am","2024-09-24 10:59","Version 3.2.15 « Roads to Power »","Version 3.2.15 « Roads to Power »","https://steamcommunity.com/sharedfiles/filedetails/changelog/2220098919?p=2&l=english","cdd776607890a3cf0b765cc55f9954e7e0c932f595cef4604e7f9b9beb4c154b","False"
"Community-Flavor-Pack","CFP","2220098919","18","2","8","4 Mar, 2024 @ 11:54am","2024-03-04 11:54","Version 3.2.14","Version 3.2.14","https://steamcommunity.com/sharedfiles/filedetails/changelog/2220098919?p=2&l=english","cdd776607890a3cf0b765cc55f9954e7e0c932f595cef4604e7f9b9beb4c154b","False"
"Community-Flavor-Pack","CFP","2220098919","19","2","9","6 Feb, 2024 @ 9:33am","2024-02-06 09:33","Version 3.2.13","Version 3.2.13","https://steamcommunity.com/sharedfiles/filedetails/changelog/2220098919?p=2&l=english","cdd776607890a3cf0b765cc55f9954e7e0c932f595cef4604e7f9b9beb4c154b","False"
"Community-Flavor-Pack","CFP","2220098919","20","2","10","23 Jan, 2024 @ 6:51am","2024-01-23 06:51","Version 3.2.12 - Compatibility with North African Attire Content Creator Pack.","Version 3.2.12 - Compatibility with North African Attire Content Creator Pack.","https://steamcommunity.com/sharedfiles/filedetails/changelog/2220098919?p=2&l=english","cdd776607890a3cf0b765cc55f9954e7e0c932f595cef4604e7f9b9beb4c154b","False"
"Community-Flavor-Pack","CFP","2220098919","21","3","1","16 Nov, 2023 @ 2:34am","2023-11-16 02:34","Version 3.2.11","Version 3.2.11","https://steamcommunity.com/sharedfiles/filedetails/changelog/2220098919?p=3&l=english","73c02f9f10a30c04af7ec909c20746b715fb1981ad3ced56d0219e645504b01c","False"
"Community-Flavor-Pack","CFP","2220098919","22","3","2","9 Nov, 2023 @ 10:03am","2023-11-09 10:03","Version 3.2.10","Version 3.2.10","https://steamcommunity.com/sharedfiles/filedetails/changelog/2220098919?p=3&l=english","73c02f9f10a30c04af7ec909c20746b715fb1981ad3ced56d0219e645504b01c","False"
"Community-Flavor-Pack","CFP","2220098919","23","3","3","22 Aug, 2023 @ 8:41am","2023-08-22 08:41","Version 3.2.9","Version 3.2.9","https://steamcommunity.com/sharedfiles/filedetails/changelog/2220098919?p=3&l=english","73c02f9f10a30c04af7ec909c20746b715fb1981ad3ced56d0219e645504b01c","False"
"Community-Flavor-Pack","CFP","2220098919","24","3","4","15 Jun, 2023 @ 5:50am","2023-06-15 05:50","Version 3.2.8","Version 3.2.8","https://steamcommunity.com/sharedfiles/filedetails/changelog/2220098919?p=3&l=english","73c02f9f10a30c04af7ec909c20746b715fb1981ad3ced56d0219e645504b01c","False"
"Community-Flavor-Pack","CFP","2220098919","25","3","5","6 Jun, 2023 @ 10:02am","2023-06-06 10:02","Version 3.2.7","Version 3.2.7","https://steamcommunity.com/sharedfiles/filedetails/changelog/2220098919?p=3&l=english","73c02f9f10a30c04af7ec909c20746b715fb1981ad3ced56d0219e645504b01c","False"
"Community-Flavor-Pack","CFP","2220098919","26","3","6","30 May, 2023 @ 9:43am","2023-05-30 09:43","Version 3.2.6","Version 3.2.6","https://steamcommunity.com/sharedfiles/filedetails/changelog/2220098919?p=3&l=english","73c02f9f10a30c04af7ec909c20746b715fb1981ad3ced56d0219e645504b01c","False"
"Community-Flavor-Pack","CFP","2220098919","27","3","7","16 May, 2023 @ 12:31pm","2023-05-16 12:31","Version 3.2.5","Version 3.2.5","https://steamcommunity.com/sharedfiles/filedetails/changelog/2220098919?p=3&l=english","73c02f9f10a30c04af7ec909c20746b715fb1981ad3ced56d0219e645504b01c","False"
"Community-Flavor-Pack","CFP","2220098919","28","3","8","14 May, 2023 @ 3:31am","2023-05-14 03:31","Version 3.2.4","Version 3.2.4","https://steamcommunity.com/sharedfiles/filedetails/changelog/2220098919?p=3&l=english","73c02f9f10a30c04af7ec909c20746b715fb1981ad3ced56d0219e645504b01c","False"
"Community-Flavor-Pack","CFP","2220098919","29","3","9","13 May, 2023 @ 6:11am","2023-05-13 06:11","Version 3.2.3","Version 3.2.3","https://steamcommunity.com/sharedfiles/filedetails/changelog/2220098919?p=3&l=english","73c02f9f10a30c04af7ec909c20746b715fb1981ad3ced56d0219e645504b01c","False"
"Community-Flavor-Pack","CFP","2220098919","30","3","10","12 May, 2023 @ 5:52am","2023-05-12 05:52",,"~ Fixed: it was impossible to click on the cursed apply button.","https://steamcommunity.com/sharedfiles/filedetails/changelog/2220098919?p=3&l=english","73c02f9f10a30c04af7ec909c20746b715fb1981ad3ced56d0219e645504b01c","False"
"Community-Flavor-Pack","CFP","2220098919","31","4","1","12 May, 2023 @ 5:20am","2023-05-12 05:20","Version 3.2.2","Version 3.2.2","https://steamcommunity.com/sharedfiles/filedetails/changelog/2220098919?p=4&l=english","850e2a997a35e938b3ecdf0560d0d0993046ab4a68a2ffe2e071f1ef47a2937a","False"
"Community-Flavor-Pack","CFP","2220098919","32","4","2","11 May, 2023 @ 11:47am","2023-05-11 11:47","Version 3.2.1","Version 3.2.1","https://steamcommunity.com/sharedfiles/filedetails/changelog/2220098919?p=4&l=english","850e2a997a35e938b3ecdf0560d0d0993046ab4a68a2ffe2e071f1ef47a2937a","False"
"Community-Flavor-Pack","CFP","2220098919","33","4","3","11 May, 2023 @ 10:34am","2023-05-11 10:34","Version 3.2.0","Version 3.2.0","https://steamcommunity.com/sharedfiles/filedetails/changelog/2220098919?p=4&l=english","850e2a997a35e938b3ecdf0560d0d0993046ab4a68a2ffe2e071f1ef47a2937a","False"
"Community-Flavor-Pack","CFP","2220098919","34","4","4","4 Apr, 2023 @ 1:29pm","2023-04-04 13:29","Version 3.1.11","Version 3.1.11","https://steamcommunity.com/sharedfiles/filedetails/changelog/2220098919?p=4&l=english","850e2a997a35e938b3ecdf0560d0d0993046ab4a68a2ffe2e071f1ef47a2937a","False"
"Community-Flavor-Pack","CFP","2220098919","35","4","5","4 Mar, 2023 @ 7:59am","2023-03-04 07:59","Version 3.1.10","Version 3.1.10","https://steamcommunity.com/sharedfiles/filedetails/changelog/2220098919?p=4&l=english","850e2a997a35e938b3ecdf0560d0d0993046ab4a68a2ffe2e071f1ef47a2937a","False"
"Community-Flavor-Pack","CFP","2220098919","36","4","6","3 Mar, 2023 @ 12:47am","2023-03-03 00:47","Version 3.1.9","Version 3.1.9","https://steamcommunity.com/sharedfiles/filedetails/changelog/2220098919?p=4&l=english","850e2a997a35e938b3ecdf0560d0d0993046ab4a68a2ffe2e071f1ef47a2937a","False"
"Community-Flavor-Pack","CFP","2220098919","37","4","7","1 Dec, 2022 @ 11:47am","2022-12-01 11:47","Version 3.1.8","Version 3.1.8","https://steamcommunity.com/sharedfiles/filedetails/changelog/2220098919?p=4&l=english","850e2a997a35e938b3ecdf0560d0d0993046ab4a68a2ffe2e071f1ef47a2937a","False"
"Community-Flavor-Pack","CFP","2220098919","38","4","8","20 Nov, 2022 @ 2:36am","2022-11-20 02:36","Version 3.1.7","Version 3.1.7","https://steamcommunity.com/sharedfiles/filedetails/changelog/2220098919?p=4&l=english","850e2a997a35e938b3ecdf0560d0d0993046ab4a68a2ffe2e071f1ef47a2937a","False"
"Community-Flavor-Pack","CFP","2220098919","39","4","9","1 Nov, 2022 @ 7:22am","2022-11-01 07:22","Version 3.1.6","Version 3.1.6","https://steamcommunity.com/sharedfiles/filedetails/changelog/2220098919?p=4&l=english","850e2a997a35e938b3ecdf0560d0d0993046ab4a68a2ffe2e071f1ef47a2937a","False"
"Community-Flavor-Pack","CFP","2220098919","40","4","10","8 Sep, 2022 @ 12:19pm","2022-09-08 12:19","Version 3.1.5","Version 3.1.5","https://steamcommunity.com/sharedfiles/filedetails/changelog/2220098919?p=4&l=english","850e2a997a35e938b3ecdf0560d0d0993046ab4a68a2ffe2e071f1ef47a2937a","False"
"Community-Flavor-Pack","CFP","2220098919","41","5","1","3 Aug, 2022 @ 1:23am","2022-08-03 01:23","Version 3.1.4","Version 3.1.4","https://steamcommunity.com/sharedfiles/filedetails/changelog/2220098919?p=5&l=english","79ec695bfd353f683ef823b2e4d2f2d0f6018657eba3a9960f1eb4ad515ba3a4","False"
"Community-Flavor-Pack","CFP","2220098919","42","5","2","21 Jun, 2022 @ 7:04am","2022-06-21 07:04","Version 3.1.3","Version 3.1.3","https://steamcommunity.com/sharedfiles/filedetails/changelog/2220098919?p=5&l=english","79ec695bfd353f683ef823b2e4d2f2d0f6018657eba3a9960f1eb4ad515ba3a4","False"
"Community-Flavor-Pack","CFP","2220098919","43","5","3","7 Jun, 2022 @ 3:11am","2022-06-07 03:11","Version 3.1.2","Version 3.1.2","https://steamcommunity.com/sharedfiles/filedetails/changelog/2220098919?p=5&l=english","79ec695bfd353f683ef823b2e4d2f2d0f6018657eba3a9960f1eb4ad515ba3a4","False"
"Community-Flavor-Pack","CFP","2220098919","44","5","4","7 Jun, 2022 @ 1:49am","2022-06-07 01:49","Version 3.1.2","Version 3.1.2","https://steamcommunity.com/sharedfiles/filedetails/changelog/2220098919?p=5&l=english","79ec695bfd353f683ef823b2e4d2f2d0f6018657eba3a9960f1eb4ad515ba3a4","False"
"Community-Flavor-Pack","CFP","2220098919","45","5","5","1 Jun, 2022 @ 10:21am","2022-06-01 10:21","Version 3.1.1","Version 3.1.1","https://steamcommunity.com/sharedfiles/filedetails/changelog/2220098919?p=5&l=english","79ec695bfd353f683ef823b2e4d2f2d0f6018657eba3a9960f1eb4ad515ba3a4","False"
"Community-Flavor-Pack","CFP","2220098919","46","5","6","1 Jun, 2022 @ 10:09am","2022-06-01 10:09","Version 3.1.1","Version 3.1.1","https://steamcommunity.com/sharedfiles/filedetails/changelog/2220098919?p=5&l=english","79ec695bfd353f683ef823b2e4d2f2d0f6018657eba3a9960f1eb4ad515ba3a4","False"
"Community-Flavor-Pack","CFP","2220098919","47","5","7","31 May, 2022 @ 9:32am","2022-05-31 09:32","Version 3.1.0","Version 3.1.0","https://steamcommunity.com/sharedfiles/filedetails/changelog/2220098919?p=5&l=english","79ec695bfd353f683ef823b2e4d2f2d0f6018657eba3a9960f1eb4ad515ba3a4","False"
"Community-Flavor-Pack","CFP","2220098919","48","5","8","16 May, 2022 @ 6:07am","2022-05-16 06:07","Version 3.0.9","Version 3.0.9","https://steamcommunity.com/sharedfiles/filedetails/changelog/2220098919?p=5&l=english","79ec695bfd353f683ef823b2e4d2f2d0f6018657eba3a9960f1eb4ad515ba3a4","False"
"Community-Flavor-Pack","CFP","2220098919","49","5","9","28 Apr, 2022 @ 3:52am","2022-04-28 03:52","Version 3.0.8","Version 3.0.8","https://steamcommunity.com/sharedfiles/filedetails/changelog/2220098919?p=5&l=english","79ec695bfd353f683ef823b2e4d2f2d0f6018657eba3a9960f1eb4ad515ba3a4","False"
"Community-Flavor-Pack","CFP","2220098919","50","5","10","17 Apr, 2022 @ 3:50am","2022-04-17 03:50","Version 3.0.7","Version 3.0.7","https://steamcommunity.com/sharedfiles/filedetails/changelog/2220098919?p=5&l=english","79ec695bfd353f683ef823b2e4d2f2d0f6018657eba3a9960f1eb4ad515ba3a4","False"
"Community-Flavor-Pack","CFP","2220098919","51","6","1","10 Mar, 2022 @ 9:53am","2022-03-10 09:53","Version 3.0.6","Version 3.0.6","https://steamcommunity.com/sharedfiles/filedetails/changelog/2220098919?p=6&l=english","14a0cc46ab791a35d43a191b78379b820b07328eb7d4a7e1952cd18cc1b4778f","False"
"Community-Flavor-Pack","CFP","2220098919","52","6","2","7 Mar, 2022 @ 8:14am","2022-03-07 08:14","Version 3.0.5","Version 3.0.5","https://steamcommunity.com/sharedfiles/filedetails/changelog/2220098919?p=6&l=english","14a0cc46ab791a35d43a191b78379b820b07328eb7d4a7e1952cd18cc1b4778f","False"
"Community-Flavor-Pack","CFP","2220098919","53","6","3","22 Feb, 2022 @ 9:42am","2022-02-22 09:42","Version 3.0.4","Version 3.0.4","https://steamcommunity.com/sharedfiles/filedetails/changelog/2220098919?p=6&l=english","14a0cc46ab791a35d43a191b78379b820b07328eb7d4a7e1952cd18cc1b4778f","False"
"Community-Flavor-Pack","CFP","2220098919","54","6","4","19 Feb, 2022 @ 7:35am","2022-02-19 07:35","Version 3.0.3","Version 3.0.3","https://steamcommunity.com/sharedfiles/filedetails/changelog/2220098919?p=6&l=english","14a0cc46ab791a35d43a191b78379b820b07328eb7d4a7e1952cd18cc1b4778f","False"
"Community-Flavor-Pack","CFP","2220098919","55","6","5","13 Feb, 2022 @ 1:16am","2022-02-13 01:16","Version 3.0.2","Version 3.0.2","https://steamcommunity.com/sharedfiles/filedetails/changelog/2220098919?p=6&l=english","14a0cc46ab791a35d43a191b78379b820b07328eb7d4a7e1952cd18cc1b4778f","False"
"Community-Flavor-Pack","CFP","2220098919","56","6","6","10 Feb, 2022 @ 2:57am","2022-02-10 02:57","Version 3.0.1","Version 3.0.1","https://steamcommunity.com/sharedfiles/filedetails/changelog/2220098919?p=6&l=english","14a0cc46ab791a35d43a191b78379b820b07328eb7d4a7e1952cd18cc1b4778f","False"
"Community-Flavor-Pack","CFP","2220098919","57","6","7","8 Feb, 2022 @ 9:21am","2022-02-08 09:21",,"// Version 3.0 « Royal Court »","https://steamcommunity.com/sharedfiles/filedetails/changelog/2220098919?p=6&l=english","14a0cc46ab791a35d43a191b78379b820b07328eb7d4a7e1952cd18cc1b4778f","False"
"Community-Flavor-Pack","CFP","2220098919","58","6","8","25 Dec, 2021 @ 2:32pm","2021-12-25 14:32","Version 2.11.1","Version 2.11.1","https://steamcommunity.com/sharedfiles/filedetails/changelog/2220098919?p=6&l=english","14a0cc46ab791a35d43a191b78379b820b07328eb7d4a7e1952cd18cc1b4778f","False"
"Community-Flavor-Pack","CFP","2220098919","59","6","9","12 Dec, 2021 @ 5:36am","2021-12-12 05:36","Version 2.11.0","Version 2.11.0","https://steamcommunity.com/sharedfiles/filedetails/changelog/2220098919?p=6&l=english","14a0cc46ab791a35d43a191b78379b820b07328eb7d4a7e1952cd18cc1b4778f","False"
"Community-Flavor-Pack","CFP","2220098919","60","6","10","11 Oct, 2021 @ 4:51am","2021-10-11 04:51","Version 2.10.0","Version 2.10.0","https://steamcommunity.com/sharedfiles/filedetails/changelog/2220098919?p=6&l=english","14a0cc46ab791a35d43a191b78379b820b07328eb7d4a7e1952cd18cc1b4778f","False"
"Community-Flavor-Pack","CFP","2220098919","61","7","1","6 Oct, 2021 @ 10:41am","2021-10-06 10:41","Version 2.93","Version 2.93","https://steamcommunity.com/sharedfiles/filedetails/changelog/2220098919?p=7&l=english","6ffee773cca9654917214a0091d28fefb70a5972deaf2d2086968b9c9d9a9058","False"
"Community-Flavor-Pack","CFP","2220098919","62","7","2","14 Aug, 2021 @ 7:41am","2021-08-14 07:41","Version 2.92","Version 2.92","https://steamcommunity.com/sharedfiles/filedetails/changelog/2220098919?p=7&l=english","6ffee773cca9654917214a0091d28fefb70a5972deaf2d2086968b9c9d9a9058","False"
"Community-Flavor-Pack","CFP","2220098919","63","7","3","13 Aug, 2021 @ 4:14am","2021-08-13 04:14","Version 2.91","Version 2.91","https://steamcommunity.com/sharedfiles/filedetails/changelog/2220098919?p=7&l=english","6ffee773cca9654917214a0091d28fefb70a5972deaf2d2086968b9c9d9a9058","False"
"Community-Flavor-Pack","CFP","2220098919","64","7","4","6 Aug, 2021 @ 7:51am","2021-08-06 07:51","Version 2.9","Version 2.9","https://steamcommunity.com/sharedfiles/filedetails/changelog/2220098919?p=7&l=english","6ffee773cca9654917214a0091d28fefb70a5972deaf2d2086968b9c9d9a9058","False"
"Community-Flavor-Pack","CFP","2220098919","65","7","5","6 Jul, 2021 @ 11:30am","2021-07-06 11:30","Version 2.85","Version 2.85","https://steamcommunity.com/sharedfiles/filedetails/changelog/2220098919?p=7&l=english","6ffee773cca9654917214a0091d28fefb70a5972deaf2d2086968b9c9d9a9058","False"
"Community-Flavor-Pack","CFP","2220098919","66","7","6","30 Jun, 2021 @ 10:18am","2021-06-30 10:18","Version 2.84","Version 2.84","https://steamcommunity.com/sharedfiles/filedetails/changelog/2220098919?p=7&l=english","6ffee773cca9654917214a0091d28fefb70a5972deaf2d2086968b9c9d9a9058","False"
"Community-Flavor-Pack","CFP","2220098919","67","7","7","22 Jun, 2021 @ 1:03am","2021-06-22 01:03","Version 2.83","Version 2.83","https://steamcommunity.com/sharedfiles/filedetails/changelog/2220098919?p=7&l=english","6ffee773cca9654917214a0091d28fefb70a5972deaf2d2086968b9c9d9a9058","False"
"Community-Flavor-Pack","CFP","2220098919","68","7","8","19 Jun, 2021 @ 2:50am","2021-06-19 02:50","Version 2.82","Version 2.82","https://steamcommunity.com/sharedfiles/filedetails/changelog/2220098919?p=7&l=english","6ffee773cca9654917214a0091d28fefb70a5972deaf2d2086968b9c9d9a9058","False"
"Community-Flavor-Pack","CFP","2220098919","69","7","9","14 Jun, 2021 @ 5:12am","2021-06-14 05:12","Version 2.81","Version 2.81","https://steamcommunity.com/sharedfiles/filedetails/changelog/2220098919?p=7&l=english","6ffee773cca9654917214a0091d28fefb70a5972deaf2d2086968b9c9d9a9058","False"
"Community-Flavor-Pack","CFP","2220098919","70","7","10","8 Jun, 2021 @ 6:25am","2021-06-08 06:25","Version 2.8","Version 2.8","https://steamcommunity.com/sharedfiles/filedetails/changelog/2220098919?p=7&l=english","6ffee773cca9654917214a0091d28fefb70a5972deaf2d2086968b9c9d9a9058","False"
"Community-Flavor-Pack","CFP","2220098919","71","8","1","28 Apr, 2021 @ 10:17am","2021-04-28 10:17","Version 2.72","Version 2.72","https://steamcommunity.com/sharedfiles/filedetails/changelog/2220098919?p=8&l=english","f2bfe30f2379c9c6c20de6c14b1d752d73e4a4b9b785f28659e50d42983a157f","False"
"Community-Flavor-Pack","CFP","2220098919","72","8","2","24 Apr, 2021 @ 9:15am","2021-04-24 09:15","Version 2.71","Version 2.71","https://steamcommunity.com/sharedfiles/filedetails/changelog/2220098919?p=8&l=english","f2bfe30f2379c9c6c20de6c14b1d752d73e4a4b9b785f28659e50d42983a157f","False"
"Community-Flavor-Pack","CFP","2220098919","73","8","3","21 Apr, 2021 @ 10:14am","2021-04-21 10:14","Version 2.7","Version 2.7","https://steamcommunity.com/sharedfiles/filedetails/changelog/2220098919?p=8&l=english","f2bfe30f2379c9c6c20de6c14b1d752d73e4a4b9b785f28659e50d42983a157f","False"
"Community-Flavor-Pack","CFP","2220098919","74","8","4","12 Apr, 2021 @ 5:16am","2021-04-12 05:16","Version 2.64","Version 2.64","https://steamcommunity.com/sharedfiles/filedetails/changelog/2220098919?p=8&l=english","f2bfe30f2379c9c6c20de6c14b1d752d73e4a4b9b785f28659e50d42983a157f","False"
"Community-Flavor-Pack","CFP","2220098919","75","8","5","4 Apr, 2021 @ 10:38am","2021-04-04 10:38","Version 2.63","Version 2.63","https://steamcommunity.com/sharedfiles/filedetails/changelog/2220098919?p=8&l=english","f2bfe30f2379c9c6c20de6c14b1d752d73e4a4b9b785f28659e50d42983a157f","False"
"Community-Flavor-Pack","CFP","2220098919","76","8","6","28 Mar, 2021 @ 3:43pm","2021-03-28 15:43","Version 2.62","Version 2.62","https://steamcommunity.com/sharedfiles/filedetails/changelog/2220098919?p=8&l=english","f2bfe30f2379c9c6c20de6c14b1d752d73e4a4b9b785f28659e50d42983a157f","False"
"Community-Flavor-Pack","CFP","2220098919","77","8","7","23 Mar, 2021 @ 5:18am","2021-03-23 05:18","Version 2.61","Version 2.61","https://steamcommunity.com/sharedfiles/filedetails/changelog/2220098919?p=8&l=english","f2bfe30f2379c9c6c20de6c14b1d752d73e4a4b9b785f28659e50d42983a157f","False"
"Community-Flavor-Pack","CFP","2220098919","78","8","8","20 Mar, 2021 @ 9:39am","2021-03-20 09:39","Version 2.6","Version 2.6","https://steamcommunity.com/sharedfiles/filedetails/changelog/2220098919?p=8&l=english","f2bfe30f2379c9c6c20de6c14b1d752d73e4a4b9b785f28659e50d42983a157f","False"
"Community-Flavor-Pack","CFP","2220098919","79","8","9","16 Mar, 2021 @ 4:23pm","2021-03-16 16:23","Version 2.56","Version 2.56","https://steamcommunity.com/sharedfiles/filedetails/changelog/2220098919?p=8&l=english","f2bfe30f2379c9c6c20de6c14b1d752d73e4a4b9b785f28659e50d42983a157f","False"
"Community-Flavor-Pack","CFP","2220098919","80","8","10","16 Mar, 2021 @ 10:36am","2021-03-16 10:36","Version 2.55","Version 2.55","https://steamcommunity.com/sharedfiles/filedetails/changelog/2220098919?p=8&l=english","f2bfe30f2379c9c6c20de6c14b1d752d73e4a4b9b785f28659e50d42983a157f","False"
"Community-Flavor-Pack","CFP","2220098919","81","9","1","27 Feb, 2021 @ 10:04am","2021-02-27 10:04","Version 2.54","Version 2.54","https://steamcommunity.com/sharedfiles/filedetails/changelog/2220098919?p=9&l=english","560e66a868f9c4beb391866663ec2182c41a161d8c142c40d59c4143cd3ef760","False"
"Community-Flavor-Pack","CFP","2220098919","82","9","2","23 Feb, 2021 @ 5:16am","2021-02-23 05:16","Version 2.53","Version 2.53","https://steamcommunity.com/sharedfiles/filedetails/changelog/2220098919?p=9&l=english","560e66a868f9c4beb391866663ec2182c41a161d8c142c40d59c4143cd3ef760","False"
"Community-Flavor-Pack","CFP","2220098919","83","9","3","4 Feb, 2021 @ 7:20am","2021-02-04 07:20","Version 2.52","Version 2.52","https://steamcommunity.com/sharedfiles/filedetails/changelog/2220098919?p=9&l=english","560e66a868f9c4beb391866663ec2182c41a161d8c142c40d59c4143cd3ef760","False"
"Community-Flavor-Pack","CFP","2220098919","84","9","4","4 Feb, 2021 @ 7:20am","2021-02-04 07:20",,,"https://steamcommunity.com/sharedfiles/filedetails/changelog/2220098919?p=9&l=english","560e66a868f9c4beb391866663ec2182c41a161d8c142c40d59c4143cd3ef760","False"
"Community-Flavor-Pack","CFP","2220098919","85","9","5","30 Jan, 2021 @ 6:07am","2021-01-30 06:07","Version 2.51","Version 2.51","https://steamcommunity.com/sharedfiles/filedetails/changelog/2220098919?p=9&l=english","560e66a868f9c4beb391866663ec2182c41a161d8c142c40d59c4143cd3ef760","False"
"Community-Flavor-Pack","CFP","2220098919","86","9","6","24 Jan, 2021 @ 7:45am","2021-01-24 07:45","Version 2.5","Version 2.5","https://steamcommunity.com/sharedfiles/filedetails/changelog/2220098919?p=9&l=english","560e66a868f9c4beb391866663ec2182c41a161d8c142c40d59c4143cd3ef760","False"
"Community-Flavor-Pack","CFP","2220098919","87","9","7","21 Jan, 2021 @ 5:45am","2021-01-21 05:45","Version 2.42","Version 2.42","https://steamcommunity.com/sharedfiles/filedetails/changelog/2220098919?p=9&l=english","560e66a868f9c4beb391866663ec2182c41a161d8c142c40d59c4143cd3ef760","False"
"Community-Flavor-Pack","CFP","2220098919","88","9","8","19 Jan, 2021 @ 11:35am","2021-01-19 11:35","Version 2.41","Version 2.41","https://steamcommunity.com/sharedfiles/filedetails/changelog/2220098919?p=9&l=english","560e66a868f9c4beb391866663ec2182c41a161d8c142c40d59c4143cd3ef760","False"
"Community-Flavor-Pack","CFP","2220098919","89","9","9","15 Jan, 2021 @ 9:07am","2021-01-15 09:07","Version 2.4","Version 2.4","https://steamcommunity.com/sharedfiles/filedetails/changelog/2220098919?p=9&l=english","560e66a868f9c4beb391866663ec2182c41a161d8c142c40d59c4143cd3ef760","False"
"Community-Flavor-Pack","CFP","2220098919","90","9","10","3 Jan, 2021 @ 7:43am","2021-01-03 07:43","Version 2.31","Version 2.31","https://steamcommunity.com/sharedfiles/filedetails/changelog/2220098919?p=9&l=english","560e66a868f9c4beb391866663ec2182c41a161d8c142c40d59c4143cd3ef760","False"
"Community-Flavor-Pack","CFP","2220098919","91","10","1","31 Dec, 2020 @ 6:56am","2020-12-31 06:56","Version 2.3","Version 2.3","https://steamcommunity.com/sharedfiles/filedetails/changelog/2220098919?p=10&l=english","29bf2dcab4d94460d8d297294140ace9e674d974c36f03acf732ce014a84d215","False"
"Community-Flavor-Pack","CFP","2220098919","92","10","2","18 Dec, 2020 @ 1:55am","2020-12-18 01:55","Version 2.22","Version 2.22","https://steamcommunity.com/sharedfiles/filedetails/changelog/2220098919?p=10&l=english","29bf2dcab4d94460d8d297294140ace9e674d974c36f03acf732ce014a84d215","False"
"Community-Flavor-Pack","CFP","2220098919","93","10","3","17 Dec, 2020 @ 11:44am","2020-12-17 11:44","Version 2.21","Version 2.21","https://steamcommunity.com/sharedfiles/filedetails/changelog/2220098919?p=10&l=english","29bf2dcab4d94460d8d297294140ace9e674d974c36f03acf732ce014a84d215","False"
"Community-Flavor-Pack","CFP","2220098919","94","10","4","17 Dec, 2020 @ 3:42am","2020-12-17 03:42","Version 2.2","Version 2.2","https://steamcommunity.com/sharedfiles/filedetails/changelog/2220098919?p=10&l=english","29bf2dcab4d94460d8d297294140ace9e674d974c36f03acf732ce014a84d215","False"
"Community-Flavor-Pack","CFP","2220098919","95","10","5","7 Dec, 2020 @ 8:56am","2020-12-07 08:56","Version 2.12","Version 2.12","https://steamcommunity.com/sharedfiles/filedetails/changelog/2220098919?p=10&l=english","29bf2dcab4d94460d8d297294140ace9e674d974c36f03acf732ce014a84d215","False"
"Community-Flavor-Pack","CFP","2220098919","96","10","6","4 Dec, 2020 @ 7:41am","2020-12-04 07:41",,"~ Fixed: bad version numbering.","https://steamcommunity.com/sharedfiles/filedetails/changelog/2220098919?p=10&l=english","29bf2dcab4d94460d8d297294140ace9e674d974c36f03acf732ce014a84d215","False"
"Community-Flavor-Pack","CFP","2220098919","97","10","7","4 Dec, 2020 @ 7:33am","2020-12-04 07:33","Version 2.11","Version 2.11","https://steamcommunity.com/sharedfiles/filedetails/changelog/2220098919?p=10&l=english","29bf2dcab4d94460d8d297294140ace9e674d974c36f03acf732ce014a84d215","False"
"Community-Flavor-Pack","CFP","2220098919","98","10","8","25 Nov, 2020 @ 10:43am","2020-11-25 10:43","Version 2.1","Version 2.1","https://steamcommunity.com/sharedfiles/filedetails/changelog/2220098919?p=10&l=english","29bf2dcab4d94460d8d297294140ace9e674d974c36f03acf732ce014a84d215","False"
"Community-Flavor-Pack","CFP","2220098919","99","10","9","24 Nov, 2020 @ 5:21am","2020-11-24 05:21","Version 2.03","Version 2.03","https://steamcommunity.com/sharedfiles/filedetails/changelog/2220098919?p=10&l=english","29bf2dcab4d94460d8d297294140ace9e674d974c36f03acf732ce014a84d215","False"
"Community-Flavor-Pack","CFP","2220098919","100","10","10","23 Nov, 2020 @ 4:16pm","2020-11-23 16:16","Version 2.02","Version 2.02","https://steamcommunity.com/sharedfiles/filedetails/changelog/2220098919?p=10&l=english","29bf2dcab4d94460d8d297294140ace9e674d974c36f03acf732ce014a84d215","False"
"Community-Flavor-Pack","CFP","2220098919","101","11","1","16 Nov, 2020 @ 4:29am","2020-11-16 04:29","Version 2.01","Version 2.01","https://steamcommunity.com/sharedfiles/filedetails/changelog/2220098919?p=11&l=english","448836e4d933335f09c1952257c0dfc6d57eac524fc4150c796a2a7ef98d02b4","False"
"Community-Flavor-Pack","CFP","2220098919","102","11","2","12 Nov, 2020 @ 6:56am","2020-11-12 06:56","Version 2.0","Version 2.0","https://steamcommunity.com/sharedfiles/filedetails/changelog/2220098919?p=11&l=english","448836e4d933335f09c1952257c0dfc6d57eac524fc4150c796a2a7ef98d02b4","False"
"Community-Flavor-Pack","CFP","2220098919","103","11","3","1 Nov, 2020 @ 3:38am","2020-11-01 03:38","Version 1.93","Version 1.93","https://steamcommunity.com/sharedfiles/filedetails/changelog/2220098919?p=11&l=english","448836e4d933335f09c1952257c0dfc6d57eac524fc4150c796a2a7ef98d02b4","False"
"Community-Flavor-Pack","CFP","2220098919","104","11","4","29 Oct, 2020 @ 2:28pm","2020-10-29 14:28","Version 1.92","Version 1.92","https://steamcommunity.com/sharedfiles/filedetails/changelog/2220098919?p=11&l=english","448836e4d933335f09c1952257c0dfc6d57eac524fc4150c796a2a7ef98d02b4","False"
"Community-Flavor-Pack","CFP","2220098919","105","11","5","29 Oct, 2020 @ 12:11pm","2020-10-29 12:11","Version 1.91","Version 1.91","https://steamcommunity.com/sharedfiles/filedetails/changelog/2220098919?p=11&l=english","448836e4d933335f09c1952257c0dfc6d57eac524fc4150c796a2a7ef98d02b4","False"
"Community-Flavor-Pack","CFP","2220098919","106","11","6","25 Oct, 2020 @ 8:17am","2020-10-25 08:17","Version 1.9","Version 1.9","https://steamcommunity.com/sharedfiles/filedetails/changelog/2220098919?p=11&l=english","448836e4d933335f09c1952257c0dfc6d57eac524fc4150c796a2a7ef98d02b4","False"
"Community-Flavor-Pack","CFP","2220098919","107","11","7","17 Oct, 2020 @ 6:01am","2020-10-17 06:01","Version 1.81","Version 1.81","https://steamcommunity.com/sharedfiles/filedetails/changelog/2220098919?p=11&l=english","448836e4d933335f09c1952257c0dfc6d57eac524fc4150c796a2a7ef98d02b4","False"
"Community-Flavor-Pack","CFP","2220098919","108","11","8","14 Oct, 2020 @ 7:30am","2020-10-14 07:30","Version 1.8","Version 1.8","https://steamcommunity.com/sharedfiles/filedetails/changelog/2220098919?p=11&l=english","448836e4d933335f09c1952257c0dfc6d57eac524fc4150c796a2a7ef98d02b4","False"
"Community-Flavor-Pack","CFP","2220098919","109","11","9","10 Oct, 2020 @ 3:37am","2020-10-10 03:37","Version 1.72","Version 1.72","https://steamcommunity.com/sharedfiles/filedetails/changelog/2220098919?p=11&l=english","448836e4d933335f09c1952257c0dfc6d57eac524fc4150c796a2a7ef98d02b4","False"
"Community-Flavor-Pack","CFP","2220098919","110","11","10","8 Oct, 2020 @ 1:37pm","2020-10-08 13:37","Version 1.71","Version 1.71","https://steamcommunity.com/sharedfiles/filedetails/changelog/2220098919?p=11&l=english","448836e4d933335f09c1952257c0dfc6d57eac524fc4150c796a2a7ef98d02b4","False"
"Community-Flavor-Pack","CFP","2220098919","111","12","1","8 Oct, 2020 @ 1:37pm","2020-10-08 13:37",,,"https://steamcommunity.com/sharedfiles/filedetails/changelog/2220098919?p=12&l=english","d94a2cda839edff82b222b20469870a51698da9761815bfd7244bb71e783cf2d","False"
"Community-Flavor-Pack","CFP","2220098919","112","12","2","4 Oct, 2020 @ 7:03am","2020-10-04 07:03","Version 1.7","Version 1.7","https://steamcommunity.com/sharedfiles/filedetails/changelog/2220098919?p=12&l=english","d94a2cda839edff82b222b20469870a51698da9761815bfd7244bb71e783cf2d","False"
"Community-Flavor-Pack","CFP","2220098919","113","12","3","1 Oct, 2020 @ 4:15pm","2020-10-01 16:15",,,"https://steamcommunity.com/sharedfiles/filedetails/changelog/2220098919?p=12&l=english","d94a2cda839edff82b222b20469870a51698da9761815bfd7244bb71e783cf2d","False"
"Community-Flavor-Pack","CFP","2220098919","114","12","4","1 Oct, 2020 @ 4:07pm","2020-10-01 16:07","1.1.2 compatibility in the launcher.","1.1.2 compatibility in the launcher.","https://steamcommunity.com/sharedfiles/filedetails/changelog/2220098919?p=12&l=english","d94a2cda839edff82b222b20469870a51698da9761815bfd7244bb71e783cf2d","False"
"Community-Flavor-Pack","CFP","2220098919","115","12","5","29 Sep, 2020 @ 11:46am","2020-09-29 11:46","Version 1.62","Version 1.62","https://steamcommunity.com/sharedfiles/filedetails/changelog/2220098919?p=12&l=english","d94a2cda839edff82b222b20469870a51698da9761815bfd7244bb71e783cf2d","False"
"Community-Flavor-Pack","CFP","2220098919","116","12","6","29 Sep, 2020 @ 9:26am","2020-09-29 09:26","Version 1.61","Version 1.61","https://steamcommunity.com/sharedfiles/filedetails/changelog/2220098919?p=12&l=english","d94a2cda839edff82b222b20469870a51698da9761815bfd7244bb71e783cf2d","False"
"Community-Flavor-Pack","CFP","2220098919","117","12","7","27 Sep, 2020 @ 12:11pm","2020-09-27 12:11","Version 1.6","Version 1.6","https://steamcommunity.com/sharedfiles/filedetails/changelog/2220098919?p=12&l=english","d94a2cda839edff82b222b20469870a51698da9761815bfd7244bb71e783cf2d","False"
"Community-Flavor-Pack","CFP","2220098919","118","12","8","21 Sep, 2020 @ 1:09pm","2020-09-21 13:09","Version 1.5","Version 1.5","https://steamcommunity.com/sharedfiles/filedetails/changelog/2220098919?p=12&l=english","d94a2cda839edff82b222b20469870a51698da9761815bfd7244bb71e783cf2d","False"
"Community-Flavor-Pack","CFP","2220098919","119","12","9","17 Sep, 2020 @ 2:44am","2020-09-17 02:44","Version 1.4","Version 1.4","https://steamcommunity.com/sharedfiles/filedetails/changelog/2220098919?p=12&l=english","d94a2cda839edff82b222b20469870a51698da9761815bfd7244bb71e783cf2d","False"
"Community-Flavor-Pack","CFP","2220098919","120","12","10","14 Sep, 2020 @ 12:39am","2020-09-14 00:39",,"~ Fixed: mail coif usage ratio in Byzantine, Abbasid and Steppe cultural groups reduced to 10% instead of 50%.","https://steamcommunity.com/sharedfiles/filedetails/changelog/2220098919?p=12&l=english","d94a2cda839edff82b222b20469870a51698da9761815bfd7244bb71e783cf2d","False"
"Community-Flavor-Pack","CFP","2220098919","121","13","1","13 Sep, 2020 @ 8:26am","2020-09-13 08:26","Version 1.3","Version 1.3","https://steamcommunity.com/sharedfiles/filedetails/changelog/2220098919?p=13&l=english","776e76f7020006ef619ee4cf8abc8f5945a9572ebb434e31b1a0ce5efd22a17c","False"
"Community-Flavor-Pack","CFP","2220098919","122","13","2","11 Sep, 2020 @ 8:47am","2020-09-11 08:47",,"~ Improved: full plate helmets will hide characters beards in order to avoid weird appearances and collisions.","https://steamcommunity.com/sharedfiles/filedetails/changelog/2220098919?p=13&l=english","776e76f7020006ef619ee4cf8abc8f5945a9572ebb434e31b1a0ce5efd22a17c","False"
"Community-Flavor-Pack","CFP","2220098919","123","13","3","10 Sep, 2020 @ 9:37am","2020-09-10 09:37",,"~ Fixed: mesh has meshes with vertex count incompatible with base object.","https://steamcommunity.com/sharedfiles/filedetails/changelog/2220098919?p=13&l=english","776e76f7020006ef619ee4cf8abc8f5945a9572ebb434e31b1a0ce5efd22a17c","False"
"Community-Flavor-Pack","CFP","2220098919","124","13","4","10 Sep, 2020 @ 8:01am","2020-09-10 08:01","Version 1.2","Version 1.2","https://steamcommunity.com/sharedfiles/filedetails/changelog/2220098919?p=13&l=english","776e76f7020006ef619ee4cf8abc8f5945a9572ebb434e31b1a0ce5efd22a17c","False"
"Community-Flavor-Pack","CFP","2220098919","125","13","5","8 Sep, 2020 @ 12:39pm","2020-09-08 12:39","Version 1.1","Version 1.1","https://steamcommunity.com/sharedfiles/filedetails/changelog/2220098919?p=13&l=english","776e76f7020006ef619ee4cf8abc8f5945a9572ebb434e31b1a0ce5efd22a17c","False"
"Community-Flavor-Pack","CFP","2220098919","126","13","6","6 Sep, 2020 @ 6:20am","2020-09-06 06:20",,"~ Fixed: reverted previous version.","https://steamcommunity.com/sharedfiles/filedetails/changelog/2220098919?p=13&l=english","776e76f7020006ef619ee4cf8abc8f5945a9572ebb434e31b1a0ce5efd22a17c","False"
"Community-Flavor-Pack","CFP","2220098919","127","13","7","6 Sep, 2020 @ 3:41am","2020-09-06 03:41",,,"https://steamcommunity.com/sharedfiles/filedetails/changelog/2220098919?p=13&l=english","776e76f7020006ef619ee4cf8abc8f5945a9572ebb434e31b1a0ce5efd22a17c","False"
"Community-Flavor-Pack","CFP","2220098919","128","13","8","6 Sep, 2020 @ 12:30am","2020-09-06 00:30",,"Changed name from ""Expanded Flavour Pack"" to ""Community Flavour Pack""","https://steamcommunity.com/sharedfiles/filedetails/changelog/2220098919?p=13&l=english","776e76f7020006ef619ee4cf8abc8f5945a9572ebb434e31b1a0ce5efd22a17c","False"
"Community-Flavor-Pack","CFP","2220098919","129","13","9","5 Sep, 2020 @ 5:02am","2020-09-05 05:02",,"V.1.0","https://steamcommunity.com/sharedfiles/filedetails/changelog/2220098919?p=13&l=english","776e76f7020006ef619ee4cf8abc8f5945a9572ebb434e31b1a0ce5efd22a17c","False"
"Culture-and-Faith-Granularity","CFG","3206891770","1","1","1","20 Apr @ 3:37pm","2026-04-20 15:37",,"- Fixed tab icons issue","https://steamcommunity.com/sharedfiles/filedetails/changelog/3206891770?p=1&l=english","b0c9555ce46f9d4fd5de797a4fba4c6c46feef415a3bc9a5c890596db82a1c39","False"
"Culture-and-Faith-Granularity","CFG","3206891770","2","1","2","20 Apr @ 7:57am","2026-04-20 07:57","2.3.1","2.3.1","https://steamcommunity.com/sharedfiles/filedetails/changelog/3206891770?p=1&l=english","b0c9555ce46f9d4fd5de797a4fba4c6c46feef415a3bc9a5c890596db82a1c39","False"
"Culture-and-Faith-Granularity","CFG","3206891770","3","1","3","14 Nov, 2025 @ 11:43am","2025-11-14 11:43","2.3.0","2.3.0","https://steamcommunity.com/sharedfiles/filedetails/changelog/3206891770?p=1&l=english","b0c9555ce46f9d4fd5de797a4fba4c6c46feef415a3bc9a5c890596db82a1c39","False"
"Culture-and-Faith-Granularity","CFG","3206891770","4","1","4","10 Sep, 2025 @ 3:09am","2025-09-10 03:09","2.2.3","2.2.3","https://steamcommunity.com/sharedfiles/filedetails/changelog/3206891770?p=1&l=english","b0c9555ce46f9d4fd5de797a4fba4c6c46feef415a3bc9a5c890596db82a1c39","False"
"Culture-and-Faith-Granularity","CFG","3206891770","5","1","5","4 Aug, 2025 @ 9:28am","2025-08-04 09:28","2.2.2","2.2.2","https://steamcommunity.com/sharedfiles/filedetails/changelog/3206891770?p=1&l=english","b0c9555ce46f9d4fd5de797a4fba4c6c46feef415a3bc9a5c890596db82a1c39","False"
"Culture-and-Faith-Granularity","CFG","3206891770","6","1","6","15 May, 2025 @ 5:57pm","2025-05-15 17:57",,"Updated for CK 1.16.2","https://steamcommunity.com/sharedfiles/filedetails/changelog/3206891770?p=1&l=english","b0c9555ce46f9d4fd5de797a4fba4c6c46feef415a3bc9a5c890596db82a1c39","False"
"Culture-and-Faith-Granularity","CFG","3206891770","7","1","7","8 May, 2025 @ 2:19pm","2025-05-08 14:19","2.1.2","2.1.2","https://steamcommunity.com/sharedfiles/filedetails/changelog/3206891770?p=1&l=english","b0c9555ce46f9d4fd5de797a4fba4c6c46feef415a3bc9a5c890596db82a1c39","False"
"Culture-and-Faith-Granularity","CFG","3206891770","8","1","8","22 Mar, 2025 @ 3:13am","2025-03-22 03:13","2.1.1","2.1.1","https://steamcommunity.com/sharedfiles/filedetails/changelog/3206891770?p=1&l=english","b0c9555ce46f9d4fd5de797a4fba4c6c46feef415a3bc9a5c890596db82a1c39","False"
"Culture-and-Faith-Granularity","CFG","3206891770","9","1","9","3 Dec, 2024 @ 6:27am","2024-12-03 06:27","2.1.0","2.1.0","https://steamcommunity.com/sharedfiles/filedetails/changelog/3206891770?p=1&l=english","b0c9555ce46f9d4fd5de797a4fba4c6c46feef415a3bc9a5c890596db82a1c39","False"
"Culture-and-Faith-Granularity","CFG","3206891770","10","1","10","11 Nov, 2024 @ 4:43am","2024-11-11 04:43","2.0.2","2.0.2","https://steamcommunity.com/sharedfiles/filedetails/changelog/3206891770?p=1&l=english","b0c9555ce46f9d4fd5de797a4fba4c6c46feef415a3bc9a5c890596db82a1c39","False"
"Culture-and-Faith-Granularity","CFG","3206891770","11","2","1","5 Nov, 2024 @ 4:18pm","2024-11-05 16:18","2.0.1","2.0.1","https://steamcommunity.com/sharedfiles/filedetails/changelog/3206891770?p=2&l=english","07ff5f81217cbd63ab4d1d6bc4b1cb4b90702f9b63304c56e7d9f0350f49736d","False"
"Culture-and-Faith-Granularity","CFG","3206891770","12","2","2","4 Nov, 2024 @ 1:54pm","2024-11-04 13:54","2.0.0","2.0.0","https://steamcommunity.com/sharedfiles/filedetails/changelog/3206891770?p=2&l=english","07ff5f81217cbd63ab4d1d6bc4b1cb4b90702f9b63304c56e7d9f0350f49736d","False"
"Culture-and-Faith-Granularity","CFG","3206891770","13","2","3","9 Oct, 2024 @ 11:28am","2024-10-09 11:28","1.4.0","1.4.0","https://steamcommunity.com/sharedfiles/filedetails/changelog/3206891770?p=2&l=english","07ff5f81217cbd63ab4d1d6bc4b1cb4b90702f9b63304c56e7d9f0350f49736d","False"
"Culture-and-Faith-Granularity","CFG","3206891770","14","2","4","2 Oct, 2024 @ 3:10am","2024-10-02 03:10","1.3.1","1.3.1","https://steamcommunity.com/sharedfiles/filedetails/changelog/3206891770?p=2&l=english","07ff5f81217cbd63ab4d1d6bc4b1cb4b90702f9b63304c56e7d9f0350f49736d","False"
"Culture-and-Faith-Granularity","CFG","3206891770","15","2","5","26 Sep, 2024 @ 2:55am","2024-09-26 02:55","1.3.0","1.3.0","https://steamcommunity.com/sharedfiles/filedetails/changelog/3206891770?p=2&l=english","07ff5f81217cbd63ab4d1d6bc4b1cb4b90702f9b63304c56e7d9f0350f49736d","False"
"Culture-and-Faith-Granularity","CFG","3206891770","16","2","6","23 Sep, 2024 @ 9:53am","2024-09-23 09:53",,"Small fixes for ECV mod","https://steamcommunity.com/sharedfiles/filedetails/changelog/3206891770?p=2&l=english","07ff5f81217cbd63ab4d1d6bc4b1cb4b90702f9b63304c56e7d9f0350f49736d","False"
"Culture-and-Faith-Granularity","CFG","3206891770","17","2","7","20 May, 2024 @ 5:17am","2024-05-20 05:17","1.2.4","1.2.4","https://steamcommunity.com/sharedfiles/filedetails/changelog/3206891770?p=2&l=english","07ff5f81217cbd63ab4d1d6bc4b1cb4b90702f9b63304c56e7d9f0350f49736d","False"
"Culture-and-Faith-Granularity","CFG","3206891770","18","2","8","8 May, 2024 @ 1:57am","2024-05-08 01:57","1.2.3","1.2.3","https://steamcommunity.com/sharedfiles/filedetails/changelog/3206891770?p=2&l=english","07ff5f81217cbd63ab4d1d6bc4b1cb4b90702f9b63304c56e7d9f0350f49736d","False"
"Culture-and-Faith-Granularity","CFG","3206891770","19","2","9","7 May, 2024 @ 8:08am","2024-05-07 08:08","1.2.2","1.2.2","https://steamcommunity.com/sharedfiles/filedetails/changelog/3206891770?p=2&l=english","07ff5f81217cbd63ab4d1d6bc4b1cb4b90702f9b63304c56e7d9f0350f49736d","False"
"Culture-and-Faith-Granularity","CFG","3206891770","20","2","10","7 May, 2024 @ 7:30am","2024-05-07 07:30","1.2.1","1.2.1","https://steamcommunity.com/sharedfiles/filedetails/changelog/3206891770?p=2&l=english","07ff5f81217cbd63ab4d1d6bc4b1cb4b90702f9b63304c56e7d9f0350f49736d","False"
"Culture-and-Faith-Granularity","CFG","3206891770","21","3","1","6 May, 2024 @ 9:53am","2024-05-06 09:53","1.2.0","1.2.0","https://steamcommunity.com/sharedfiles/filedetails/changelog/3206891770?p=3&l=english","ed318e7f45c5d6874bbcde76bde242eb7b80309ca040fd9a96e0854800b61659","False"
"Culture-and-Faith-Granularity","CFG","3206891770","22","3","2","11 Apr, 2024 @ 12:56pm","2024-04-11 12:56","1.1.0","1.1.0","https://steamcommunity.com/sharedfiles/filedetails/changelog/3206891770?p=3&l=english","ed318e7f45c5d6874bbcde76bde242eb7b80309ca040fd9a96e0854800b61659","False"
"Culture-and-Faith-Granularity","CFG","3206891770","23","3","3","4 Apr, 2024 @ 7:45am","2024-04-04 07:45","1.0.3","1.0.3","https://steamcommunity.com/sharedfiles/filedetails/changelog/3206891770?p=3&l=english","ed318e7f45c5d6874bbcde76bde242eb7b80309ca040fd9a96e0854800b61659","False"
"Culture-and-Faith-Granularity","CFG","3206891770","24","3","4","30 Mar, 2024 @ 2:58pm","2024-03-30 14:58","1.0.2","1.0.2","https://steamcommunity.com/sharedfiles/filedetails/changelog/3206891770?p=3&l=english","ed318e7f45c5d6874bbcde76bde242eb7b80309ca040fd9a96e0854800b61659","False"
"Culture-and-Faith-Granularity","CFG","3206891770","25","3","5","30 Mar, 2024 @ 2:34pm","2024-03-30 14:34","1.0.1","1.0.1","https://steamcommunity.com/sharedfiles/filedetails/changelog/3206891770?p=3&l=english","ed318e7f45c5d6874bbcde76bde242eb7b80309ca040fd9a96e0854800b61659","False"
"Culture-and-Faith-Granularity","CFG","3206891770","26","3","6","30 Mar, 2024 @ 12:43pm","2024-03-30 12:43","1.0.0","1.0.0","https://steamcommunity.com/sharedfiles/filedetails/changelog/3206891770?p=3&l=english","ed318e7f45c5d6874bbcde76bde242eb7b80309ca040fd9a96e0854800b61659","False"
"Culture-Expanded","CE","2829397295","1","1","1","25 May @ 8:54am","2026-05-25 08:54",,,"https://steamcommunity.com/sharedfiles/filedetails/changelog/2829397295?p=1&l=english","3307d83fe334ac08649d1ec7e9a9d4e21f1a52d6ee74842bb76cf1b272cbe402","False"
"Culture-Expanded","CE","2829397295","2","1","2","9 May @ 10:30pm","2026-05-09 22:30",,,"https://steamcommunity.com/sharedfiles/filedetails/changelog/2829397295?p=1&l=english","3307d83fe334ac08649d1ec7e9a9d4e21f1a52d6ee74842bb76cf1b272cbe402","False"
"Culture-Expanded","CE","2829397295","3","1","3","9 May @ 9:57pm","2026-05-09 21:57",,,"https://steamcommunity.com/sharedfiles/filedetails/changelog/2829397295?p=1&l=english","3307d83fe334ac08649d1ec7e9a9d4e21f1a52d6ee74842bb76cf1b272cbe402","False"
"Culture-Expanded","CE","2829397295","4","1","4","26 Apr @ 11:08am","2026-04-26 11:08",,,"https://steamcommunity.com/sharedfiles/filedetails/changelog/2829397295?p=1&l=english","3307d83fe334ac08649d1ec7e9a9d4e21f1a52d6ee74842bb76cf1b272cbe402","False"
"Culture-Expanded","CE","2829397295","5","1","5","20 Apr @ 4:09pm","2026-04-20 16:09",,,"https://steamcommunity.com/sharedfiles/filedetails/changelog/2829397295?p=1&l=english","3307d83fe334ac08649d1ec7e9a9d4e21f1a52d6ee74842bb76cf1b272cbe402","False"
"Culture-Expanded","CE","2829397295","6","1","6","18 Mar @ 7:50pm","2026-03-18 19:50",,,"https://steamcommunity.com/sharedfiles/filedetails/changelog/2829397295?p=1&l=english","3307d83fe334ac08649d1ec7e9a9d4e21f1a52d6ee74842bb76cf1b272cbe402","False"
"Culture-Expanded","CE","2829397295","7","1","7","12 Feb @ 6:55pm","2026-02-12 18:55",,,"https://steamcommunity.com/sharedfiles/filedetails/changelog/2829397295?p=1&l=english","3307d83fe334ac08649d1ec7e9a9d4e21f1a52d6ee74842bb76cf1b272cbe402","False"
"Culture-Expanded","CE","2829397295","8","1","8","15 Dec, 2025 @ 10:32pm","2025-12-15 22:32",,"Fixes unique COA shapes for CE Cultures","https://steamcommunity.com/sharedfiles/filedetails/changelog/2829397295?p=1&l=english","3307d83fe334ac08649d1ec7e9a9d4e21f1a52d6ee74842bb76cf1b272cbe402","False"
"Culture-Expanded","CE","2829397295","9","1","9","15 Dec, 2025 @ 6:44pm","2025-12-15 18:44","1.18.2 Base Compatibility","1.18.2 Base Compatibility","https://steamcommunity.com/sharedfiles/filedetails/changelog/2829397295?p=1&l=english","3307d83fe334ac08649d1ec7e9a9d4e21f1a52d6ee74842bb76cf1b272cbe402","False"
"Culture-Expanded","CE","2829397295","10","1","10","8 Jun, 2025 @ 10:41pm","2025-06-08 22:41",,"Share to your Steam activity feed","https://steamcommunity.com/sharedfiles/filedetails/changelog/2829397295?p=1&l=english","3307d83fe334ac08649d1ec7e9a9d4e21f1a52d6ee74842bb76cf1b272cbe402","False"
"Culture-Expanded","CE","2829397295","11","2","1","4 Jun, 2025 @ 8:09pm","2025-06-04 20:09",,,"https://steamcommunity.com/sharedfiles/filedetails/changelog/2829397295?p=2&l=english","a7aae258e0e1708f32b789e1b838a99e66646e1021ac450eae999d67618ef4cf","False"
"Culture-Expanded","CE","2829397295","12","2","2","1 Jun, 2025 @ 3:59pm","2025-06-01 15:59",,,"https://steamcommunity.com/sharedfiles/filedetails/changelog/2829397295?p=2&l=english","a7aae258e0e1708f32b789e1b838a99e66646e1021ac450eae999d67618ef4cf","False"
"Culture-Expanded","CE","2829397295","13","2","3","23 May, 2025 @ 5:32pm","2025-05-23 17:32",,,"https://steamcommunity.com/sharedfiles/filedetails/changelog/2829397295?p=2&l=english","a7aae258e0e1708f32b789e1b838a99e66646e1021ac450eae999d67618ef4cf","False"
"Culture-Expanded","CE","2829397295","14","2","4","18 May, 2025 @ 11:55am","2025-05-18 11:55",,,"https://steamcommunity.com/sharedfiles/filedetails/changelog/2829397295?p=2&l=english","a7aae258e0e1708f32b789e1b838a99e66646e1021ac450eae999d67618ef4cf","False"
"Culture-Expanded","CE","2829397295","15","2","5","13 Apr, 2025 @ 9:18am","2025-04-13 09:18",,,"https://steamcommunity.com/sharedfiles/filedetails/changelog/2829397295?p=2&l=english","a7aae258e0e1708f32b789e1b838a99e66646e1021ac450eae999d67618ef4cf","False"
"Culture-Expanded","CE","2829397295","16","2","6","15 Mar, 2025 @ 1:12pm","2025-03-15 13:12",,,"https://steamcommunity.com/sharedfiles/filedetails/changelog/2829397295?p=2&l=english","a7aae258e0e1708f32b789e1b838a99e66646e1021ac450eae999d67618ef4cf","False"
"Culture-Expanded","CE","2829397295","17","2","7","26 Feb, 2025 @ 6:39pm","2025-02-26 18:39",,,"https://steamcommunity.com/sharedfiles/filedetails/changelog/2829397295?p=2&l=english","a7aae258e0e1708f32b789e1b838a99e66646e1021ac450eae999d67618ef4cf","False"
"Culture-Expanded","CE","2829397295","18","2","8","19 Feb, 2025 @ 11:47am","2025-02-19 11:47",,,"https://steamcommunity.com/sharedfiles/filedetails/changelog/2829397295?p=2&l=english","a7aae258e0e1708f32b789e1b838a99e66646e1021ac450eae999d67618ef4cf","False"
"Culture-Expanded","CE","2829397295","19","2","9","15 Feb, 2025 @ 9:54pm","2025-02-15 21:54",,,"https://steamcommunity.com/sharedfiles/filedetails/changelog/2829397295?p=2&l=english","a7aae258e0e1708f32b789e1b838a99e66646e1021ac450eae999d67618ef4cf","False"
"Culture-Expanded","CE","2829397295","20","2","10","8 May, 2024 @ 8:14pm","2024-05-08 20:14",,"Share to your Steam activity feed","https://steamcommunity.com/sharedfiles/filedetails/changelog/2829397295?p=2&l=english","a7aae258e0e1708f32b789e1b838a99e66646e1021ac450eae999d67618ef4cf","False"
"Culture-Expanded","CE","2829397295","21","3","1","12 Apr, 2024 @ 9:20pm","2024-04-12 21:20",,"CE Changelog - Scythe 1.12.4","https://steamcommunity.com/sharedfiles/filedetails/changelog/2829397295?p=3&l=english","4ae506673224a630ad30d9a405b9cbb490fe4e393f98a01ec4a0406bc4a59dd5","False"
"Culture-Expanded","CE","2829397295","22","3","2","22 Mar, 2024 @ 9:03pm","2024-03-22 21:03",,"CE Changelog - Scythe","https://steamcommunity.com/sharedfiles/filedetails/changelog/2829397295?p=3&l=english","4ae506673224a630ad30d9a405b9cbb490fe4e393f98a01ec4a0406bc4a59dd5","False"
"Culture-Expanded","CE","2829397295","23","3","3","10 Mar, 2024 @ 8:00pm","2024-03-10 20:00",,,"https://steamcommunity.com/sharedfiles/filedetails/changelog/2829397295?p=3&l=english","4ae506673224a630ad30d9a405b9cbb490fe4e393f98a01ec4a0406bc4a59dd5","False"
"Culture-Expanded","CE","2829397295","24","3","4","9 Mar, 2024 @ 9:15pm","2024-03-09 21:15",,,"https://steamcommunity.com/sharedfiles/filedetails/changelog/2829397295?p=3&l=english","4ae506673224a630ad30d9a405b9cbb490fe4e393f98a01ec4a0406bc4a59dd5","False"
"Culture-Expanded","CE","2829397295","25","3","5","19 Dec, 2023 @ 1:57pm","2023-12-19 13:57",,"CE Changelog:","https://steamcommunity.com/sharedfiles/filedetails/changelog/2829397295?p=3&l=english","4ae506673224a630ad30d9a405b9cbb490fe4e393f98a01ec4a0406bc4a59dd5","False"
"Culture-Expanded","CE","2829397295","26","3","6","2 Dec, 2023 @ 5:54pm","2023-12-02 17:54",,,"https://steamcommunity.com/sharedfiles/filedetails/changelog/2829397295?p=3&l=english","4ae506673224a630ad30d9a405b9cbb490fe4e393f98a01ec4a0406bc4a59dd5","False"
"Culture-Expanded","CE","2829397295","27","3","7","20 Nov, 2023 @ 7:19pm","2023-11-20 19:19","1.11 Culture Expanded Hotfix #1","1.11 Culture Expanded Hotfix #1","https://steamcommunity.com/sharedfiles/filedetails/changelog/2829397295?p=3&l=english","4ae506673224a630ad30d9a405b9cbb490fe4e393f98a01ec4a0406bc4a59dd5","False"
"Culture-Expanded","CE","2829397295","28","3","8","19 Nov, 2023 @ 11:08am","2023-11-19 11:08","1.11.0.1 Peacock Expanded Series Patch Notes","1.11.0.1 Peacock Expanded Series Patch Notes","https://steamcommunity.com/sharedfiles/filedetails/changelog/2829397295?p=3&l=english","4ae506673224a630ad30d9a405b9cbb490fe4e393f98a01ec4a0406bc4a59dd5","False"
"Culture-Expanded","CE","2829397295","29","3","9","1 Oct, 2023 @ 5:34pm","2023-10-01 17:34",,,"https://steamcommunity.com/sharedfiles/filedetails/changelog/2829397295?p=3&l=english","4ae506673224a630ad30d9a405b9cbb490fe4e393f98a01ec4a0406bc4a59dd5","False"
"Culture-Expanded","CE","2829397295","30","3","10","24 Sep, 2023 @ 8:34pm","2023-09-24 20:34",,"Share to your Steam activity feed","https://steamcommunity.com/sharedfiles/filedetails/changelog/2829397295?p=3&l=english","4ae506673224a630ad30d9a405b9cbb490fe4e393f98a01ec4a0406bc4a59dd5","False"
"Culture-Expanded","CE","2829397295","31","4","1","23 Sep, 2023 @ 5:43pm","2023-09-23 17:43",,,"https://steamcommunity.com/sharedfiles/filedetails/changelog/2829397295?p=4&l=english","a7ffb7c0f987f3cf2c2f012eda10eff5158aa04ba345a5c76dba17a29049cff8","False"
"Culture-Expanded","CE","2829397295","32","4","2","25 Jun, 2023 @ 12:04pm","2023-06-25 12:04",,"#######################################","https://steamcommunity.com/sharedfiles/filedetails/changelog/2829397295?p=4&l=english","a7ffb7c0f987f3cf2c2f012eda10eff5158aa04ba345a5c76dba17a29049cff8","False"
"Culture-Expanded","CE","2829397295","33","4","3","18 Jun, 2023 @ 10:24am","2023-06-18 10:24",,,"https://steamcommunity.com/sharedfiles/filedetails/changelog/2829397295?p=4&l=english","a7ffb7c0f987f3cf2c2f012eda10eff5158aa04ba345a5c76dba17a29049cff8","False"
"Culture-Expanded","CE","2829397295","34","4","4","7 Apr, 2023 @ 10:22am","2023-04-07 10:22",,,"https://steamcommunity.com/sharedfiles/filedetails/changelog/2829397295?p=4&l=english","a7ffb7c0f987f3cf2c2f012eda10eff5158aa04ba345a5c76dba17a29049cff8","False"
"Culture-Expanded","CE","2829397295","35","4","5","21 Jan, 2023 @ 6:26pm","2023-01-21 18:26","1.8.1 Misc Patch Notes for Expanded Series","1.8.1 Misc Patch Notes for Expanded Series","https://steamcommunity.com/sharedfiles/filedetails/changelog/2829397295?p=4&l=english","a7ffb7c0f987f3cf2c2f012eda10eff5158aa04ba345a5c76dba17a29049cff8","False"
"Culture-Expanded","CE","2829397295","36","4","6","15 Dec, 2022 @ 8:00pm","2022-12-15 20:00",,"CULTURE EXPANDED PATCH NOTES: 1.8.1","https://steamcommunity.com/sharedfiles/filedetails/changelog/2829397295?p=4&l=english","a7ffb7c0f987f3cf2c2f012eda10eff5158aa04ba345a5c76dba17a29049cff8","False"
"Culture-Expanded","CE","2829397295","37","4","7","2 Dec, 2022 @ 5:38pm","2022-12-02 17:38",,"CULTURE EXPANDED PATCH NOTES:","https://steamcommunity.com/sharedfiles/filedetails/changelog/2829397295?p=4&l=english","a7ffb7c0f987f3cf2c2f012eda10eff5158aa04ba345a5c76dba17a29049cff8","False"
"Culture-Expanded","CE","2829397295","38","4","8","30 Sep, 2022 @ 8:44pm","2022-09-30 20:44","Version # Update","Version # Update","https://steamcommunity.com/sharedfiles/filedetails/changelog/2829397295?p=4&l=english","a7ffb7c0f987f3cf2c2f012eda10eff5158aa04ba345a5c76dba17a29049cff8","False"
"Culture-Expanded","CE","2829397295","39","4","9","15 Sep, 2022 @ 5:01pm","2022-09-15 17:01",,"- Version # Fix","https://steamcommunity.com/sharedfiles/filedetails/changelog/2829397295?p=4&l=english","a7ffb7c0f987f3cf2c2f012eda10eff5158aa04ba345a5c76dba17a29049cff8","False"
"Culture-Expanded","CE","2829397295","40","4","10","11 Sep, 2022 @ 10:08am","2022-09-11 10:08",,"-Fixed Landed Title color error.","https://steamcommunity.com/sharedfiles/filedetails/changelog/2829397295?p=4&l=english","a7ffb7c0f987f3cf2c2f012eda10eff5158aa04ba345a5c76dba17a29049cff8","False"
"Culture-Expanded","CE","2829397295","41","5","1","8 Sep, 2022 @ 9:56pm","2022-09-08 21:56",,"-Court Language of Croatia has been fixed.","https://steamcommunity.com/sharedfiles/filedetails/changelog/2829397295?p=5&l=english","1b176c14a24bd1bea936266bcd70e855eadd7c5cc435b17bdde580f0c5a1b36a","False"
"Culture-Expanded","CE","2829397295","42","5","2","21 Jul, 2022 @ 12:31am","2022-07-21 00:31",,"Hotfix #11","https://steamcommunity.com/sharedfiles/filedetails/changelog/2829397295?p=5&l=english","1b176c14a24bd1bea936266bcd70e855eadd7c5cc435b17bdde580f0c5a1b36a","False"
"Culture-Expanded","CE","2829397295","43","5","3","12 Jul, 2022 @ 12:26am","2022-07-12 00:26",,"- Quick fix for Leonese in 1066.","https://steamcommunity.com/sharedfiles/filedetails/changelog/2829397295?p=5&l=english","1b176c14a24bd1bea936266bcd70e855eadd7c5cc435b17bdde580f0c5a1b36a","False"
"Culture-Expanded","CE","2829397295","44","5","4","12 Jul, 2022 @ 12:12am","2022-07-12 00:12",,"Hotfix #10","https://steamcommunity.com/sharedfiles/filedetails/changelog/2829397295?p=5&l=english","1b176c14a24bd1bea936266bcd70e855eadd7c5cc435b17bdde580f0c5a1b36a","False"
"Culture-Expanded","CE","2829397295","45","5","5","8 Jul, 2022 @ 7:16pm","2022-07-08 19:16",,"Hotfix #9","https://steamcommunity.com/sharedfiles/filedetails/changelog/2829397295?p=5&l=english","1b176c14a24bd1bea936266bcd70e855eadd7c5cc435b17bdde580f0c5a1b36a","False"
"Culture-Expanded","CE","2829397295","46","5","6","6 Jul, 2022 @ 7:18pm","2022-07-06 19:18",,"Hotfix #8","https://steamcommunity.com/sharedfiles/filedetails/changelog/2829397295?p=5&l=english","1b176c14a24bd1bea936266bcd70e855eadd7c5cc435b17bdde580f0c5a1b36a","False"
"Culture-Expanded","CE","2829397295","47","5","7","6 Jul, 2022 @ 12:36am","2022-07-06 00:36",,"Hotfix #7","https://steamcommunity.com/sharedfiles/filedetails/changelog/2829397295?p=5&l=english","1b176c14a24bd1bea936266bcd70e855eadd7c5cc435b17bdde580f0c5a1b36a","False"
"Culture-Expanded","CE","2829397295","48","5","8","4 Jul, 2022 @ 11:29am","2022-07-04 11:29",,"Hotfix #6","https://steamcommunity.com/sharedfiles/filedetails/changelog/2829397295?p=5&l=english","1b176c14a24bd1bea936266bcd70e855eadd7c5cc435b17bdde580f0c5a1b36a","False"
"Culture-Expanded","CE","2829397295","49","5","9","3 Jul, 2022 @ 6:27pm","2022-07-03 18:27",,"Hotfix #5","https://steamcommunity.com/sharedfiles/filedetails/changelog/2829397295?p=5&l=english","1b176c14a24bd1bea936266bcd70e855eadd7c5cc435b17bdde580f0c5a1b36a","False"
"Culture-Expanded","CE","2829397295","50","5","10","2 Jul, 2022 @ 10:40pm","2022-07-02 22:40",,"Hotfix #4","https://steamcommunity.com/sharedfiles/filedetails/changelog/2829397295?p=5&l=english","1b176c14a24bd1bea936266bcd70e855eadd7c5cc435b17bdde580f0c5a1b36a","False"
"Culture-Expanded","CE","2829397295","51","6","1","2 Jul, 2022 @ 9:11pm","2022-07-02 21:11",,"Hotfix #3","https://steamcommunity.com/sharedfiles/filedetails/changelog/2829397295?p=6&l=english","33c2d6efa582e687eb0e4e7b278f62c539b58750af8cf2b00f878a0a67b517ab","False"
"Culture-Expanded","CE","2829397295","52","6","2","2 Jul, 2022 @ 1:05pm","2022-07-02 13:05",,"Hotfix #2","https://steamcommunity.com/sharedfiles/filedetails/changelog/2829397295?p=6&l=english","33c2d6efa582e687eb0e4e7b278f62c539b58750af8cf2b00f878a0a67b517ab","False"
"Culture-Expanded","CE","2829397295","53","6","3","2 Jul, 2022 @ 11:55am","2022-07-02 11:55",,"Hotfix #1","https://steamcommunity.com/sharedfiles/filedetails/changelog/2829397295?p=6&l=english","33c2d6efa582e687eb0e4e7b278f62c539b58750af8cf2b00f878a0a67b517ab","False"
"Culture-Expanded","CE","2829397295","54","6","4","2 Jul, 2022 @ 10:41am","2022-07-02 10:41",,"Initial Release - 1.0","https://steamcommunity.com/sharedfiles/filedetails/changelog/2829397295?p=6&l=english","33c2d6efa582e687eb0e4e7b278f62c539b58750af8cf2b00f878a0a67b517ab","False"
"Demand-Tribute","DT","3473488611","1","1","1","29 Oct, 2025 @ 3:52am","2025-10-29 03:52",,,"https://steamcommunity.com/sharedfiles/filedetails/changelog/3473488611?p=1&l=english","7f3b8e736c659aa7de7a1ce97edde3b89bda535f758b203ad1b4db6f7ef5933b","False"
"Demand-Tribute","DT","3473488611","2","1","2","9 Sep, 2025 @ 8:58am","2025-09-09 08:58",,,"https://steamcommunity.com/sharedfiles/filedetails/changelog/3473488611?p=1&l=english","7f3b8e736c659aa7de7a1ce97edde3b89bda535f758b203ad1b4db6f7ef5933b","False"
"Demand-Tribute","DT","3473488611","3","1","3","17 May, 2025 @ 12:43pm","2025-05-17 12:43",,,"https://steamcommunity.com/sharedfiles/filedetails/changelog/3473488611?p=1&l=english","7f3b8e736c659aa7de7a1ce97edde3b89bda535f758b203ad1b4db6f7ef5933b","False"
"Demand-Tribute","DT","3473488611","4","1","4","11 May, 2025 @ 9:41am","2025-05-11 09:41",,,"https://steamcommunity.com/sharedfiles/filedetails/changelog/3473488611?p=1&l=english","7f3b8e736c659aa7de7a1ce97edde3b89bda535f758b203ad1b4db6f7ef5933b","False"
"Demand-Tribute","DT","3473488611","5","1","5","7 May, 2025 @ 9:56am","2025-05-07 09:56",,,"https://steamcommunity.com/sharedfiles/filedetails/changelog/3473488611?p=1&l=english","7f3b8e736c659aa7de7a1ce97edde3b89bda535f758b203ad1b4db6f7ef5933b","False"
"Demand-Tribute","DT","3473488611","6","1","6","6 May, 2025 @ 9:31am","2025-05-06 09:31",,,"https://steamcommunity.com/sharedfiles/filedetails/changelog/3473488611?p=1&l=english","7f3b8e736c659aa7de7a1ce97edde3b89bda535f758b203ad1b4db6f7ef5933b","False"
"Demand-Tribute","DT","3473488611","7","1","7","5 May, 2025 @ 8:09am","2025-05-05 08:09",,,"https://steamcommunity.com/sharedfiles/filedetails/changelog/3473488611?p=1&l=english","7f3b8e736c659aa7de7a1ce97edde3b89bda535f758b203ad1b4db6f7ef5933b","False"
"Demand-Tribute","DT","3473488611","8","1","8","2 May, 2025 @ 12:31pm","2025-05-02 12:31",,,"https://steamcommunity.com/sharedfiles/filedetails/changelog/3473488611?p=1&l=english","7f3b8e736c659aa7de7a1ce97edde3b89bda535f758b203ad1b4db6f7ef5933b","False"
"Demand-Tribute","DT","3473488611","9","1","9","30 Apr, 2025 @ 3:08pm","2025-04-30 15:08",,,"https://steamcommunity.com/sharedfiles/filedetails/changelog/3473488611?p=1&l=english","7f3b8e736c659aa7de7a1ce97edde3b89bda535f758b203ad1b4db6f7ef5933b","False"
"Demand-Tribute","DT","3473488611","10","1","10","30 Apr, 2025 @ 2:57pm","2025-04-30 14:57",,"Share to your Steam activity feed","https://steamcommunity.com/sharedfiles/filedetails/changelog/3473488611?p=1&l=english","7f3b8e736c659aa7de7a1ce97edde3b89bda535f758b203ad1b4db6f7ef5933b","False"
"Demand-Tribute","DT","3473488611","11","2","1","30 Apr, 2025 @ 2:47pm","2025-04-30 14:47",,"Share to your Steam activity feed","https://steamcommunity.com/sharedfiles/filedetails/changelog/3473488611?p=2&l=english","752177919dbc3943f95cd661cd942a2adceafb0087469679ff58615ad41406e4","False"
"EPE-CFP","EPE-CFP","2996881191","1","1","1","7 Jun @ 12:39pm","2026-06-07 12:39",,,"https://steamcommunity.com/sharedfiles/filedetails/changelog/2996881191?p=1&l=english","3cda8b81c0e72b0a3dfa7bbacc19a2e7c3440f9a288baf09c172a06bd9f9257b","False"
"EPE-CFP","EPE-CFP","2996881191","2","1","2","11 May @ 4:49am","2026-05-11 04:49",,,"https://steamcommunity.com/sharedfiles/filedetails/changelog/2996881191?p=1&l=english","3cda8b81c0e72b0a3dfa7bbacc19a2e7c3440f9a288baf09c172a06bd9f9257b","False"
"EPE-CFP","EPE-CFP","2996881191","3","1","3","28 Apr @ 5:48am","2026-04-28 05:48",,,"https://steamcommunity.com/sharedfiles/filedetails/changelog/2996881191?p=1&l=english","3cda8b81c0e72b0a3dfa7bbacc19a2e7c3440f9a288baf09c172a06bd9f9257b","False"
"EPE-CFP","EPE-CFP","2996881191","4","1","4","26 Apr @ 2:10pm","2026-04-26 14:10",,,"https://steamcommunity.com/sharedfiles/filedetails/changelog/2996881191?p=1&l=english","3cda8b81c0e72b0a3dfa7bbacc19a2e7c3440f9a288baf09c172a06bd9f9257b","False"
"EPE-CFP","EPE-CFP","2996881191","5","1","5","20 Mar @ 1:18pm","2026-03-20 13:18","1.18.4","1.18.4","https://steamcommunity.com/sharedfiles/filedetails/changelog/2996881191?p=1&l=english","3cda8b81c0e72b0a3dfa7bbacc19a2e7c3440f9a288baf09c172a06bd9f9257b","False"
"EPE-CFP","EPE-CFP","2996881191","6","1","6","5 Feb @ 4:16am","2026-02-05 04:16",,,"https://steamcommunity.com/sharedfiles/filedetails/changelog/2996881191?p=1&l=english","3cda8b81c0e72b0a3dfa7bbacc19a2e7c3440f9a288baf09c172a06bd9f9257b","False"
"EPE-CFP","EPE-CFP","2996881191","7","1","7","15 Dec, 2025 @ 4:53am","2025-12-15 04:53",,,"https://steamcommunity.com/sharedfiles/filedetails/changelog/2996881191?p=1&l=english","3cda8b81c0e72b0a3dfa7bbacc19a2e7c3440f9a288baf09c172a06bd9f9257b","False"
"EPE-CFP","EPE-CFP","2996881191","8","1","8","14 Dec, 2025 @ 1:13pm","2025-12-14 13:13",,,"https://steamcommunity.com/sharedfiles/filedetails/changelog/2996881191?p=1&l=english","3cda8b81c0e72b0a3dfa7bbacc19a2e7c3440f9a288baf09c172a06bd9f9257b","False"
"EPE-CFP","EPE-CFP","2996881191","9","1","9","18 Nov, 2025 @ 11:39am","2025-11-18 11:39",,,"https://steamcommunity.com/sharedfiles/filedetails/changelog/2996881191?p=1&l=english","3cda8b81c0e72b0a3dfa7bbacc19a2e7c3440f9a288baf09c172a06bd9f9257b","False"
"EPE-CFP","EPE-CFP","2996881191","10","1","10","17 Nov, 2025 @ 4:33am","2025-11-17 04:33",,"Share to your Steam activity feed","https://steamcommunity.com/sharedfiles/filedetails/changelog/2996881191?p=1&l=english","3cda8b81c0e72b0a3dfa7bbacc19a2e7c3440f9a288baf09c172a06bd9f9257b","False"
"EPE-CFP","EPE-CFP","2996881191","11","2","1","16 Nov, 2025 @ 5:12am","2025-11-16 05:12",,,"https://steamcommunity.com/sharedfiles/filedetails/changelog/2996881191?p=2&l=english","8ec5bb9517796e0ec6cd511611b35001e7d6309105400447955847c468a8297d","False"
"EPE-CFP","EPE-CFP","2996881191","12","2","2","12 Nov, 2025 @ 5:52am","2025-11-12 05:52",,,"https://steamcommunity.com/sharedfiles/filedetails/changelog/2996881191?p=2&l=english","8ec5bb9517796e0ec6cd511611b35001e7d6309105400447955847c468a8297d","False"
"EPE-CFP","EPE-CFP","2996881191","13","2","3","25 May, 2025 @ 2:09am","2025-05-25 02:09",,,"https://steamcommunity.com/sharedfiles/filedetails/changelog/2996881191?p=2&l=english","8ec5bb9517796e0ec6cd511611b35001e7d6309105400447955847c468a8297d","False"
"EPE-CFP","EPE-CFP","2996881191","14","2","4","24 May, 2025 @ 11:19am","2025-05-24 11:19",,,"https://steamcommunity.com/sharedfiles/filedetails/changelog/2996881191?p=2&l=english","8ec5bb9517796e0ec6cd511611b35001e7d6309105400447955847c468a8297d","False"
"EPE-CFP","EPE-CFP","2996881191","15","2","5","16 May, 2025 @ 11:12am","2025-05-16 11:12",,,"https://steamcommunity.com/sharedfiles/filedetails/changelog/2996881191?p=2&l=english","8ec5bb9517796e0ec6cd511611b35001e7d6309105400447955847c468a8297d","False"
"EPE-CFP","EPE-CFP","2996881191","16","2","6","16 May, 2025 @ 5:53am","2025-05-16 05:53",,,"https://steamcommunity.com/sharedfiles/filedetails/changelog/2996881191?p=2&l=english","8ec5bb9517796e0ec6cd511611b35001e7d6309105400447955847c468a8297d","False"
"EPE-CFP","EPE-CFP","2996881191","17","2","7","4 Apr, 2025 @ 12:59pm","2025-04-04 12:59",,,"https://steamcommunity.com/sharedfiles/filedetails/changelog/2996881191?p=2&l=english","8ec5bb9517796e0ec6cd511611b35001e7d6309105400447955847c468a8297d","False"
"EPE-CFP","EPE-CFP","2996881191","18","2","8","27 Mar, 2025 @ 1:39am","2025-03-27 01:39",,,"https://steamcommunity.com/sharedfiles/filedetails/changelog/2996881191?p=2&l=english","8ec5bb9517796e0ec6cd511611b35001e7d6309105400447955847c468a8297d","False"
"EPE-CFP","EPE-CFP","2996881191","19","2","9","27 Feb, 2025 @ 1:30pm","2025-02-27 13:30",,,"https://steamcommunity.com/sharedfiles/filedetails/changelog/2996881191?p=2&l=english","8ec5bb9517796e0ec6cd511611b35001e7d6309105400447955847c468a8297d","False"
"EPE-CFP","EPE-CFP","2996881191","20","2","10","27 Feb, 2025 @ 12:00am","2025-02-27 00:00",,"Share to your Steam activity feed","https://steamcommunity.com/sharedfiles/filedetails/changelog/2996881191?p=2&l=english","8ec5bb9517796e0ec6cd511611b35001e7d6309105400447955847c468a8297d","False"
"EPE-CFP","EPE-CFP","2996881191","21","3","1","11 Jan, 2025 @ 1:20am","2025-01-11 01:20",,,"https://steamcommunity.com/sharedfiles/filedetails/changelog/2996881191?p=3&l=english","0af82a64f813907b06126e4eb913af860ce84f61116e77426ba03f7a1d13975c","False"
"EPE-CFP","EPE-CFP","2996881191","22","3","2","10 Jan, 2025 @ 2:01pm","2025-01-10 14:01",,,"https://steamcommunity.com/sharedfiles/filedetails/changelog/2996881191?p=3&l=english","0af82a64f813907b06126e4eb913af860ce84f61116e77426ba03f7a1d13975c","False"
"EPE-CFP","EPE-CFP","2996881191","23","3","3","3 Dec, 2024 @ 12:00pm","2024-12-03 12:00",,,"https://steamcommunity.com/sharedfiles/filedetails/changelog/2996881191?p=3&l=english","0af82a64f813907b06126e4eb913af860ce84f61116e77426ba03f7a1d13975c","False"
"EPE-CFP","EPE-CFP","2996881191","24","3","4","2 May, 2024 @ 2:30am","2024-05-02 02:30",,,"https://steamcommunity.com/sharedfiles/filedetails/changelog/2996881191?p=3&l=english","0af82a64f813907b06126e4eb913af860ce84f61116e77426ba03f7a1d13975c","False"
"EPE-CFP","EPE-CFP","2996881191","25","3","5","13 Apr, 2024 @ 8:36am","2024-04-13 08:36",,,"https://steamcommunity.com/sharedfiles/filedetails/changelog/2996881191?p=3&l=english","0af82a64f813907b06126e4eb913af860ce84f61116e77426ba03f7a1d13975c","False"
"EPE-CFP","EPE-CFP","2996881191","26","3","6","10 Mar, 2024 @ 2:21pm","2024-03-10 14:21",,"Updated to 1.12","https://steamcommunity.com/sharedfiles/filedetails/changelog/2996881191?p=3&l=english","0af82a64f813907b06126e4eb913af860ce84f61116e77426ba03f7a1d13975c","False"
"EPE-CFP","EPE-CFP","2996881191","27","3","7","6 Feb, 2024 @ 10:36am","2024-02-06 10:36",,"Updated to 1.11.5 Couture of the Capets","https://steamcommunity.com/sharedfiles/filedetails/changelog/2996881191?p=3&l=english","0af82a64f813907b06126e4eb913af860ce84f61116e77426ba03f7a1d13975c","False"
"EPE-CFP","EPE-CFP","2996881191","28","3","8","25 Jan, 2024 @ 1:02pm","2024-01-25 13:02",,,"https://steamcommunity.com/sharedfiles/filedetails/changelog/2996881191?p=3&l=english","0af82a64f813907b06126e4eb913af860ce84f61116e77426ba03f7a1d13975c","False"
"EPE-CFP","EPE-CFP","2996881191","29","3","9","25 Jan, 2024 @ 12:13pm","2024-01-25 12:13",,"Added missing Berber Clothes","https://steamcommunity.com/sharedfiles/filedetails/changelog/2996881191?p=3&l=english","0af82a64f813907b06126e4eb913af860ce84f61116e77426ba03f7a1d13975c","False"
"EPE-CFP","EPE-CFP","2996881191","30","3","10","25 Jan, 2024 @ 10:57am","2024-01-25 10:57",,"Updated to 1.11.4 Northern African Attire","https://steamcommunity.com/sharedfiles/filedetails/changelog/2996881191?p=3&l=english","0af82a64f813907b06126e4eb913af860ce84f61116e77426ba03f7a1d13975c","False"
"EPE-CFP","EPE-CFP","2996881191","31","4","1","4 Dec, 2023 @ 2:03am","2023-12-04 02:03",,,"https://steamcommunity.com/sharedfiles/filedetails/changelog/2996881191?p=4&l=english","a91d524c79bf2779c0bf1be79449552436d99adb9dc1f003f0d692915f8e06fc","False"
"EPE-CFP","EPE-CFP","2996881191","32","4","2","19 Nov, 2023 @ 11:19am","2023-11-19 11:19",,,"https://steamcommunity.com/sharedfiles/filedetails/changelog/2996881191?p=4&l=english","a91d524c79bf2779c0bf1be79449552436d99adb9dc1f003f0d692915f8e06fc","False"
"EPE-CFP","EPE-CFP","2996881191","33","4","3","18 Oct, 2023 @ 1:16am","2023-10-18 01:16",,"Enabled war gear for Iranian and Seljuk characters (thanks Muhammadonov!)","https://steamcommunity.com/sharedfiles/filedetails/changelog/2996881191?p=4&l=english","a91d524c79bf2779c0bf1be79449552436d99adb9dc1f003f0d692915f8e06fc","False"
"EPE-CFP","EPE-CFP","2996881191","34","4","4","4 Oct, 2023 @ 1:30pm","2023-10-04 13:30",,,"https://steamcommunity.com/sharedfiles/filedetails/changelog/2996881191?p=4&l=english","a91d524c79bf2779c0bf1be79449552436d99adb9dc1f003f0d692915f8e06fc","False"
"EPE-CFP","EPE-CFP","2996881191","35","4","5","3 Oct, 2023 @ 4:01am","2023-10-03 04:01",,,"https://steamcommunity.com/sharedfiles/filedetails/changelog/2996881191?p=4&l=english","a91d524c79bf2779c0bf1be79449552436d99adb9dc1f003f0d692915f8e06fc","False"
"EPE-CFP","EPE-CFP","2996881191","36","4","6","2 Oct, 2023 @ 8:52am","2023-10-02 08:52",,,"https://steamcommunity.com/sharedfiles/filedetails/changelog/2996881191?p=4&l=english","a91d524c79bf2779c0bf1be79449552436d99adb9dc1f003f0d692915f8e06fc","False"
"EPE-CFP","EPE-CFP","2996881191","37","4","7","30 Sep, 2023 @ 1:11am","2023-09-30 01:11",,"Optimized asset distribution","https://steamcommunity.com/sharedfiles/filedetails/changelog/2996881191?p=4&l=english","a91d524c79bf2779c0bf1be79449552436d99adb9dc1f003f0d692915f8e06fc","False"
"EPE-CFP","EPE-CFP","2996881191","38","4","8","25 Sep, 2023 @ 1:52pm","2023-09-25 13:52",,"Fixed a user reported bug, save game compatible","https://steamcommunity.com/sharedfiles/filedetails/changelog/2996881191?p=4&l=english","a91d524c79bf2779c0bf1be79449552436d99adb9dc1f003f0d692915f8e06fc","False"
"EPE-CFP","EPE-CFP","2996881191","39","4","9","24 Sep, 2023 @ 7:02am","2023-09-24 07:02",,"Updated to 1.10 Quill","https://steamcommunity.com/sharedfiles/filedetails/changelog/2996881191?p=4&l=english","a91d524c79bf2779c0bf1be79449552436d99adb9dc1f003f0d692915f8e06fc","False"
"EPE-CFP","EPE-CFP","2996881191","40","4","10","8 Jul, 2023 @ 8:59am","2023-07-08 08:59",,"Rearranged files for greater sustainability","https://steamcommunity.com/sharedfiles/filedetails/changelog/2996881191?p=4&l=english","a91d524c79bf2779c0bf1be79449552436d99adb9dc1f003f0d692915f8e06fc","False"
"EPE-CFP","EPE-CFP","2996881191","41","5","1","7 Jul, 2023 @ 10:38am","2023-07-07 10:38",,"Returned Doge of Venice his hat","https://steamcommunity.com/sharedfiles/filedetails/changelog/2996881191?p=5&l=english","af8eb7bf0b1ea07411e33b7d4d71bfb4bf491bb70b2ca91012151638dafeff2b","False"
"EPE-CFP","EPE-CFP","2996881191","42","5","2","5 Jul, 2023 @ 10:12am","2023-07-05 10:12",,"This should fix all duplicate headwears and barbershop functionality.","https://steamcommunity.com/sharedfiles/filedetails/changelog/2996881191?p=5&l=english","af8eb7bf0b1ea07411e33b7d4d71bfb4bf491bb70b2ca91012151638dafeff2b","False"
"EPE-CFP","EPE-CFP","2996881191","43","5","3","1 Jul, 2023 @ 3:03am","2023-07-01 03:03",,"Fixed duplicate headwear for some characters and holy order tabards for western rulers at war","https://steamcommunity.com/sharedfiles/filedetails/changelog/2996881191?p=5&l=english","af8eb7bf0b1ea07411e33b7d4d71bfb4bf491bb70b2ca91012151638dafeff2b","False"
"EPE-CFP","EPE-CFP","2996881191","44","5","4","30 Jun, 2023 @ 12:18pm","2023-06-30 12:18",,"Share to your Steam activity feed","https://steamcommunity.com/sharedfiles/filedetails/changelog/2996881191?p=5&l=english","af8eb7bf0b1ea07411e33b7d4d71bfb4bf491bb70b2ca91012151638dafeff2b","False"
"Ethnicities-and-Portraits-Expanded","EPE","2507209632","1","1","1","25 May @ 8:54am","2026-05-25 08:54",,,"https://steamcommunity.com/sharedfiles/filedetails/changelog/2507209632?p=1&l=english","43f3e37a54dffa2826bbd6e9ee64ee03ad105905b76381261cdc7345b42c40d3","False"
"Ethnicities-and-Portraits-Expanded","EPE","2507209632","2","1","2","9 May @ 1:40pm","2026-05-09 13:40",,,"https://steamcommunity.com/sharedfiles/filedetails/changelog/2507209632?p=1&l=english","43f3e37a54dffa2826bbd6e9ee64ee03ad105905b76381261cdc7345b42c40d3","False"
"Ethnicities-and-Portraits-Expanded","EPE","2507209632","3","1","3","27 Apr @ 9:05pm","2026-04-27 21:05",,,"https://steamcommunity.com/sharedfiles/filedetails/changelog/2507209632?p=1&l=english","43f3e37a54dffa2826bbd6e9ee64ee03ad105905b76381261cdc7345b42c40d3","False"
"Ethnicities-and-Portraits-Expanded","EPE","2507209632","4","1","4","26 Apr @ 11:08am","2026-04-26 11:08",,,"https://steamcommunity.com/sharedfiles/filedetails/changelog/2507209632?p=1&l=english","43f3e37a54dffa2826bbd6e9ee64ee03ad105905b76381261cdc7345b42c40d3","False"
"Ethnicities-and-Portraits-Expanded","EPE","2507209632","5","1","5","20 Apr @ 9:35pm","2026-04-20 21:35",,,"https://steamcommunity.com/sharedfiles/filedetails/changelog/2507209632?p=1&l=english","43f3e37a54dffa2826bbd6e9ee64ee03ad105905b76381261cdc7345b42c40d3","False"
"Ethnicities-and-Portraits-Expanded","EPE","2507209632","6","1","6","20 Apr @ 4:08pm","2026-04-20 16:08",,,"https://steamcommunity.com/sharedfiles/filedetails/changelog/2507209632?p=1&l=english","43f3e37a54dffa2826bbd6e9ee64ee03ad105905b76381261cdc7345b42c40d3","False"
"Ethnicities-and-Portraits-Expanded","EPE","2507209632","7","1","7","18 Mar @ 7:48pm","2026-03-18 19:48",,,"https://steamcommunity.com/sharedfiles/filedetails/changelog/2507209632?p=1&l=english","43f3e37a54dffa2826bbd6e9ee64ee03ad105905b76381261cdc7345b42c40d3","False"
"Ethnicities-and-Portraits-Expanded","EPE","2507209632","8","1","8","3 Feb @ 5:01pm","2026-02-03 17:01",,,"https://steamcommunity.com/sharedfiles/filedetails/changelog/2507209632?p=1&l=english","43f3e37a54dffa2826bbd6e9ee64ee03ad105905b76381261cdc7345b42c40d3","False"
"Ethnicities-and-Portraits-Expanded","EPE","2507209632","9","1","9","19 Jan @ 9:51pm","2026-01-19 21:51",,,"https://steamcommunity.com/sharedfiles/filedetails/changelog/2507209632?p=1&l=english","43f3e37a54dffa2826bbd6e9ee64ee03ad105905b76381261cdc7345b42c40d3","False"
"Ethnicities-and-Portraits-Expanded","EPE","2507209632","10","1","10","14 Dec, 2025 @ 6:59pm","2025-12-14 18:59",,"Share to your Steam activity feed","https://steamcommunity.com/sharedfiles/filedetails/changelog/2507209632?p=1&l=english","43f3e37a54dffa2826bbd6e9ee64ee03ad105905b76381261cdc7345b42c40d3","False"
"Ethnicities-and-Portraits-Expanded","EPE","2507209632","11","2","1","13 Dec, 2025 @ 12:47pm","2025-12-13 12:47",,,"https://steamcommunity.com/sharedfiles/filedetails/changelog/2507209632?p=2&l=english","3374c7638ebd331d8220561f88e969ca330cb809bc3b57be74564272cc8c9c98","False"
"Ethnicities-and-Portraits-Expanded","EPE","2507209632","12","2","2","17 Nov, 2025 @ 7:25pm","2025-11-17 19:25",,,"https://steamcommunity.com/sharedfiles/filedetails/changelog/2507209632?p=2&l=english","3374c7638ebd331d8220561f88e969ca330cb809bc3b57be74564272cc8c9c98","False"
"Ethnicities-and-Portraits-Expanded","EPE","2507209632","13","2","3","16 Nov, 2025 @ 10:18pm","2025-11-16 22:18",,,"https://steamcommunity.com/sharedfiles/filedetails/changelog/2507209632?p=2&l=english","3374c7638ebd331d8220561f88e969ca330cb809bc3b57be74564272cc8c9c98","False"
"Ethnicities-and-Portraits-Expanded","EPE","2507209632","14","2","4","15 Nov, 2025 @ 11:29am","2025-11-15 11:29",,,"https://steamcommunity.com/sharedfiles/filedetails/changelog/2507209632?p=2&l=english","3374c7638ebd331d8220561f88e969ca330cb809bc3b57be74564272cc8c9c98","False"
"Ethnicities-and-Portraits-Expanded","EPE","2507209632","15","2","5","10 Nov, 2025 @ 2:47pm","2025-11-10 14:47",,,"https://steamcommunity.com/sharedfiles/filedetails/changelog/2507209632?p=2&l=english","3374c7638ebd331d8220561f88e969ca330cb809bc3b57be74564272cc8c9c98","False"
"Ethnicities-and-Portraits-Expanded","EPE","2507209632","16","2","6","10 Nov, 2025 @ 2:43pm","2025-11-10 14:43",,,"https://steamcommunity.com/sharedfiles/filedetails/changelog/2507209632?p=2&l=english","3374c7638ebd331d8220561f88e969ca330cb809bc3b57be74564272cc8c9c98","False"
"Ethnicities-and-Portraits-Expanded","EPE","2507209632","17","2","7","8 Jun, 2025 @ 10:41pm","2025-06-08 22:41",,,"https://steamcommunity.com/sharedfiles/filedetails/changelog/2507209632?p=2&l=english","3374c7638ebd331d8220561f88e969ca330cb809bc3b57be74564272cc8c9c98","False"
"Ethnicities-and-Portraits-Expanded","EPE","2507209632","18","2","8","4 Jun, 2025 @ 8:08pm","2025-06-04 20:08",,,"https://steamcommunity.com/sharedfiles/filedetails/changelog/2507209632?p=2&l=english","3374c7638ebd331d8220561f88e969ca330cb809bc3b57be74564272cc8c9c98","False"
"Ethnicities-and-Portraits-Expanded","EPE","2507209632","19","2","9","1 Jun, 2025 @ 3:58pm","2025-06-01 15:58",,,"https://steamcommunity.com/sharedfiles/filedetails/changelog/2507209632?p=2&l=english","3374c7638ebd331d8220561f88e969ca330cb809bc3b57be74564272cc8c9c98","False"
"Ethnicities-and-Portraits-Expanded","EPE","2507209632","20","2","10","23 May, 2025 @ 5:32pm","2025-05-23 17:32",,"Share to your Steam activity feed","https://steamcommunity.com/sharedfiles/filedetails/changelog/2507209632?p=2&l=english","3374c7638ebd331d8220561f88e969ca330cb809bc3b57be74564272cc8c9c98","False"
"Ethnicities-and-Portraits-Expanded","EPE","2507209632","21","3","1","13 May, 2025 @ 9:03pm","2025-05-13 21:03",,,"https://steamcommunity.com/sharedfiles/filedetails/changelog/2507209632?p=3&l=english","a79797909bc86b7ce81bff5bf7621ca4f2b16238632442dab4103c2f2df38fec","False"
"Ethnicities-and-Portraits-Expanded","EPE","2507209632","22","3","2","11 May, 2025 @ 10:35pm","2025-05-11 22:35",,,"https://steamcommunity.com/sharedfiles/filedetails/changelog/2507209632?p=3&l=english","a79797909bc86b7ce81bff5bf7621ca4f2b16238632442dab4103c2f2df38fec","False"
"Ethnicities-and-Portraits-Expanded","EPE","2507209632","23","3","3","13 Apr, 2025 @ 9:19am","2025-04-13 09:19",,,"https://steamcommunity.com/sharedfiles/filedetails/changelog/2507209632?p=3&l=english","a79797909bc86b7ce81bff5bf7621ca4f2b16238632442dab4103c2f2df38fec","False"
"Ethnicities-and-Portraits-Expanded","EPE","2507209632","24","3","4","15 Mar, 2025 @ 1:11pm","2025-03-15 13:11",,,"https://steamcommunity.com/sharedfiles/filedetails/changelog/2507209632?p=3&l=english","a79797909bc86b7ce81bff5bf7621ca4f2b16238632442dab4103c2f2df38fec","False"
"Ethnicities-and-Portraits-Expanded","EPE","2507209632","25","3","5","26 Feb, 2025 @ 6:38pm","2025-02-26 18:38",,,"https://steamcommunity.com/sharedfiles/filedetails/changelog/2507209632?p=3&l=english","a79797909bc86b7ce81bff5bf7621ca4f2b16238632442dab4103c2f2df38fec","False"
"Ethnicities-and-Portraits-Expanded","EPE","2507209632","26","3","6","19 Feb, 2025 @ 1:32pm","2025-02-19 13:32",,,"https://steamcommunity.com/sharedfiles/filedetails/changelog/2507209632?p=3&l=english","a79797909bc86b7ce81bff5bf7621ca4f2b16238632442dab4103c2f2df38fec","False"
"Ethnicities-and-Portraits-Expanded","EPE","2507209632","27","3","7","15 Feb, 2025 @ 9:53pm","2025-02-15 21:53",,,"https://steamcommunity.com/sharedfiles/filedetails/changelog/2507209632?p=3&l=english","a79797909bc86b7ce81bff5bf7621ca4f2b16238632442dab4103c2f2df38fec","False"
"Ethnicities-and-Portraits-Expanded","EPE","2507209632","28","3","8","5 Jan, 2025 @ 8:27pm","2025-01-05 20:27",,,"https://steamcommunity.com/sharedfiles/filedetails/changelog/2507209632?p=3&l=english","a79797909bc86b7ce81bff5bf7621ca4f2b16238632442dab4103c2f2df38fec","False"
"Ethnicities-and-Portraits-Expanded","EPE","2507209632","29","3","9","1 Dec, 2024 @ 11:47am","2024-12-01 11:47",,,"https://steamcommunity.com/sharedfiles/filedetails/changelog/2507209632?p=3&l=english","a79797909bc86b7ce81bff5bf7621ca4f2b16238632442dab4103c2f2df38fec","False"
"Ethnicities-and-Portraits-Expanded","EPE","2507209632","30","3","10","8 May, 2024 @ 8:13pm","2024-05-08 20:13",,"Share to your Steam activity feed","https://steamcommunity.com/sharedfiles/filedetails/changelog/2507209632?p=3&l=english","a79797909bc86b7ce81bff5bf7621ca4f2b16238632442dab4103c2f2df38fec","False"
"Ethnicities-and-Portraits-Expanded","EPE","2507209632","31","4","1","12 Apr, 2024 @ 9:20pm","2024-04-12 21:20",,"EPE Changelog - 1.12.4 Scythe","https://steamcommunity.com/sharedfiles/filedetails/changelog/2507209632?p=4&l=english","71cda2e922491ab75d44b6981a4174360d9228fb5f7e92d5a0021ffd39883b56","False"
"Ethnicities-and-Portraits-Expanded","EPE","2507209632","32","4","2","22 Mar, 2024 @ 9:03pm","2024-03-22 21:03",,"EPE Changelog - 1.12.3 Scythe","https://steamcommunity.com/sharedfiles/filedetails/changelog/2507209632?p=4&l=english","71cda2e922491ab75d44b6981a4174360d9228fb5f7e92d5a0021ffd39883b56","False"
"Ethnicities-and-Portraits-Expanded","EPE","2507209632","33","4","3","9 Mar, 2024 @ 9:14pm","2024-03-09 21:14",,,"https://steamcommunity.com/sharedfiles/filedetails/changelog/2507209632?p=4&l=english","71cda2e922491ab75d44b6981a4174360d9228fb5f7e92d5a0021ffd39883b56","False"
"Ethnicities-and-Portraits-Expanded","EPE","2507209632","34","4","4","19 Dec, 2023 @ 1:56pm","2023-12-19 13:56",,"EPE Changelog:","https://steamcommunity.com/sharedfiles/filedetails/changelog/2507209632?p=4&l=english","71cda2e922491ab75d44b6981a4174360d9228fb5f7e92d5a0021ffd39883b56","False"
"Ethnicities-and-Portraits-Expanded","EPE","2507209632","35","4","5","2 Dec, 2023 @ 5:53pm","2023-12-02 17:53",,,"https://steamcommunity.com/sharedfiles/filedetails/changelog/2507209632?p=4&l=english","71cda2e922491ab75d44b6981a4174360d9228fb5f7e92d5a0021ffd39883b56","False"
"Ethnicities-and-Portraits-Expanded","EPE","2507209632","36","4","6","22 Nov, 2023 @ 7:18pm","2023-11-22 19:18",,,"https://steamcommunity.com/sharedfiles/filedetails/changelog/2507209632?p=4&l=english","71cda2e922491ab75d44b6981a4174360d9228fb5f7e92d5a0021ffd39883b56","False"
"Ethnicities-and-Portraits-Expanded","EPE","2507209632","37","4","7","20 Nov, 2023 @ 7:18pm","2023-11-20 19:18","1.11 Ethnicities & Portraits Expanded Hotfix #1","1.11 Ethnicities & Portraits Expanded Hotfix #1","https://steamcommunity.com/sharedfiles/filedetails/changelog/2507209632?p=4&l=english","71cda2e922491ab75d44b6981a4174360d9228fb5f7e92d5a0021ffd39883b56","False"
"Ethnicities-and-Portraits-Expanded","EPE","2507209632","38","4","8","19 Nov, 2023 @ 11:09am","2023-11-19 11:09","1.11.0.1 Peacock Expanded Series Patch Notes","1.11.0.1 Peacock Expanded Series Patch Notes","https://steamcommunity.com/sharedfiles/filedetails/changelog/2507209632?p=4&l=english","71cda2e922491ab75d44b6981a4174360d9228fb5f7e92d5a0021ffd39883b56","False"
"Ethnicities-and-Portraits-Expanded","EPE","2507209632","39","4","9","1 Oct, 2023 @ 5:33pm","2023-10-01 17:33",,,"https://steamcommunity.com/sharedfiles/filedetails/changelog/2507209632?p=4&l=english","71cda2e922491ab75d44b6981a4174360d9228fb5f7e92d5a0021ffd39883b56","False"
"Ethnicities-and-Portraits-Expanded","EPE","2507209632","40","4","10","24 Sep, 2023 @ 8:33pm","2023-09-24 20:33",,"Share to your Steam activity feed","https://steamcommunity.com/sharedfiles/filedetails/changelog/2507209632?p=4&l=english","71cda2e922491ab75d44b6981a4174360d9228fb5f7e92d5a0021ffd39883b56","False"
"Ethnicities-and-Portraits-Expanded","EPE","2507209632","41","5","1","23 Sep, 2023 @ 5:42pm","2023-09-23 17:42",,,"https://steamcommunity.com/sharedfiles/filedetails/changelog/2507209632?p=5&l=english","5ba6fb4ca4831f2946c2487a71304b53cf3ab90ef2504162f555130c7d3b0641","False"
"Ethnicities-and-Portraits-Expanded","EPE","2507209632","42","5","2","25 Jun, 2023 @ 12:03pm","2023-06-25 12:03","1.9.X - Lance Full Patch Notes","######################################","https://steamcommunity.com/sharedfiles/filedetails/changelog/2507209632?p=5&l=english","5ba6fb4ca4831f2946c2487a71304b53cf3ab90ef2504162f555130c7d3b0641","False"
"Ethnicities-and-Portraits-Expanded","EPE","2507209632","43","5","3","18 Jun, 2023 @ 10:22am","2023-06-18 10:22",,,"https://steamcommunity.com/sharedfiles/filedetails/changelog/2507209632?p=5&l=english","5ba6fb4ca4831f2946c2487a71304b53cf3ab90ef2504162f555130c7d3b0641","False"
"Ethnicities-and-Portraits-Expanded","EPE","2507209632","44","5","4","9 Apr, 2023 @ 9:56pm","2023-04-09 21:56","1.8.2 EPE Elegance of the Empire Updated","1.8.2 EPE Elegance of the Empire Updated","https://steamcommunity.com/sharedfiles/filedetails/changelog/2507209632?p=5&l=english","5ba6fb4ca4831f2946c2487a71304b53cf3ab90ef2504162f555130c7d3b0641","False"
"Ethnicities-and-Portraits-Expanded","EPE","2507209632","45","5","5","21 Jan, 2023 @ 6:24pm","2023-01-21 18:24","1.8.1 Misc Patch Notes for Expanded Series","1.8.1 Misc Patch Notes for Expanded Series","https://steamcommunity.com/sharedfiles/filedetails/changelog/2507209632?p=5&l=english","5ba6fb4ca4831f2946c2487a71304b53cf3ab90ef2504162f555130c7d3b0641","False"
"Ethnicities-and-Portraits-Expanded","EPE","2507209632","46","5","6","15 Dec, 2022 @ 7:59pm","2022-12-15 19:59","1.8.1 Update","1.8.1 Update","https://steamcommunity.com/sharedfiles/filedetails/changelog/2507209632?p=5&l=english","5ba6fb4ca4831f2946c2487a71304b53cf3ab90ef2504162f555130c7d3b0641","False"
"Ethnicities-and-Portraits-Expanded","EPE","2507209632","47","5","7","8 Dec, 2022 @ 6:06pm","2022-12-08 18:06","1.8.0 “Robe” Hotfix Patch Notes for Expanded Series","1.8.0 “Robe” Hotfix Patch Notes for Expanded Series","https://steamcommunity.com/sharedfiles/filedetails/changelog/2507209632?p=5&l=english","5ba6fb4ca4831f2946c2487a71304b53cf3ab90ef2504162f555130c7d3b0641","False"
"Ethnicities-and-Portraits-Expanded","EPE","2507209632","48","5","8","2 Dec, 2022 @ 5:34pm","2022-12-02 17:34","1.8.0 “Robe” Patch Notes for Expanded Series","1.8.0 “Robe” Patch Notes for Expanded Series","https://steamcommunity.com/sharedfiles/filedetails/changelog/2507209632?p=5&l=english","5ba6fb4ca4831f2946c2487a71304b53cf3ab90ef2504162f555130c7d3b0641","False"
"Ethnicities-and-Portraits-Expanded","EPE","2507209632","49","5","9","29 Sep, 2022 @ 4:40pm","2022-09-29 16:40",,"Just Version # Updated","https://steamcommunity.com/sharedfiles/filedetails/changelog/2507209632?p=5&l=english","5ba6fb4ca4831f2946c2487a71304b53cf3ab90ef2504162f555130c7d3b0641","False"
"Ethnicities-and-Portraits-Expanded","EPE","2507209632","50","5","10","18 Sep, 2022 @ 2:41pm","2022-09-18 14:41",,"BUG FIXES","https://steamcommunity.com/sharedfiles/filedetails/changelog/2507209632?p=5&l=english","5ba6fb4ca4831f2946c2487a71304b53cf3ab90ef2504162f555130c7d3b0641","False"
"Ethnicities-and-Portraits-Expanded","EPE","2507209632","51","6","1","17 Sep, 2022 @ 10:41pm","2022-09-17 22:41",,"ADDITIONS:","https://steamcommunity.com/sharedfiles/filedetails/changelog/2507209632?p=6&l=english","d8bf6d002d099ca9e9c4f5bd624713315ab26b6498e5df55d36ccd8049e32510","False"
"Ethnicities-and-Portraits-Expanded","EPE","2507209632","52","6","2","11 Sep, 2022 @ 6:11pm","2022-09-11 18:11",,"BUG FIXES/CHANGES:","https://steamcommunity.com/sharedfiles/filedetails/changelog/2507209632?p=6&l=english","d8bf6d002d099ca9e9c4f5bd624713315ab26b6498e5df55d36ccd8049e32510","False"
"Ethnicities-and-Portraits-Expanded","EPE","2507209632","53","6","3","8 Sep, 2022 @ 9:55pm","2022-09-08 21:55",,"COMPATIBILITY:","https://steamcommunity.com/sharedfiles/filedetails/changelog/2507209632?p=6&l=english","d8bf6d002d099ca9e9c4f5bd624713315ab26b6498e5df55d36ccd8049e32510","False"
"Ethnicities-and-Portraits-Expanded","EPE","2507209632","54","6","4","29 Jun, 2022 @ 12:42pm","2022-06-29 12:42",,"@everyone - Remember to Unsub and Resub if the update doesnt trigger for you!","https://steamcommunity.com/sharedfiles/filedetails/changelog/2507209632?p=6&l=english","d8bf6d002d099ca9e9c4f5bd624713315ab26b6498e5df55d36ccd8049e32510","False"
"Ethnicities-and-Portraits-Expanded","EPE","2507209632","55","6","5","26 Jun, 2022 @ 8:39pm","2022-06-26 20:39",,"Patch is live for EPE and EPE + CFP Compatch","https://steamcommunity.com/sharedfiles/filedetails/changelog/2507209632?p=6&l=english","d8bf6d002d099ca9e9c4f5bd624713315ab26b6498e5df55d36ccd8049e32510","False"
"Ethnicities-and-Portraits-Expanded","EPE","2507209632","56","6","6","26 Jun, 2022 @ 8:32pm","2022-06-26 20:32",,,"https://steamcommunity.com/sharedfiles/filedetails/changelog/2507209632?p=6&l=english","d8bf6d002d099ca9e9c4f5bd624713315ab26b6498e5df55d36ccd8049e32510","False"
"Ethnicities-and-Portraits-Expanded","EPE","2507209632","57","6","7","12 Jun, 2022 @ 7:03pm","2022-06-12 19:03",,"Another Hotfix with some small additions.","https://steamcommunity.com/sharedfiles/filedetails/changelog/2507209632?p=6&l=english","d8bf6d002d099ca9e9c4f5bd624713315ab26b6498e5df55d36ccd8049e32510","False"
"Ethnicities-and-Portraits-Expanded","EPE","2507209632","58","6","8","9 Jun, 2022 @ 3:24pm","2022-06-09 15:24",,"Another patch for EPE and the CFP patch for 1.6.0.1 with some additions and bug fixes.","https://steamcommunity.com/sharedfiles/filedetails/changelog/2507209632?p=6&l=english","d8bf6d002d099ca9e9c4f5bd624713315ab26b6498e5df55d36ccd8049e32510","False"
"Ethnicities-and-Portraits-Expanded","EPE","2507209632","59","6","9","5 Jun, 2022 @ 9:08pm","2022-06-05 21:08",,"##############################","https://steamcommunity.com/sharedfiles/filedetails/changelog/2507209632?p=6&l=english","d8bf6d002d099ca9e9c4f5bd624713315ab26b6498e5df55d36ccd8049e32510","False"
"Ethnicities-and-Portraits-Expanded","EPE","2507209632","60","6","10","4 Jun, 2022 @ 11:30pm","2022-06-04 23:30",,"Update - Small Hotfix for the missing barbershop items.","https://steamcommunity.com/sharedfiles/filedetails/changelog/2507209632?p=6&l=english","d8bf6d002d099ca9e9c4f5bd624713315ab26b6498e5df55d36ccd8049e32510","False"
"Ethnicities-and-Portraits-Expanded","EPE","2507209632","61","7","1","4 Jun, 2022 @ 7:39pm","2022-06-04 19:39",,"##############################","https://steamcommunity.com/sharedfiles/filedetails/changelog/2507209632?p=7&l=english","a67ba258e67c85258a99d22bd19c367ac84a89a6a2241800bac934ea358332c0","False"
"Ethnicities-and-Portraits-Expanded","EPE","2507209632","62","7","2","23 Mar, 2022 @ 1:27pm","2022-03-23 13:27",,"-Removed GUI file for portrait freezes fix as it is no longer necessary.","https://steamcommunity.com/sharedfiles/filedetails/changelog/2507209632?p=7&l=english","a67ba258e67c85258a99d22bd19c367ac84a89a6a2241800bac934ea358332c0","False"
"Ethnicities-and-Portraits-Expanded","EPE","2507209632","63","7","3","22 Mar, 2022 @ 3:15pm","2022-03-22 15:15","1.5.1.1 Version #","1.5.1.1 Version #","https://steamcommunity.com/sharedfiles/filedetails/changelog/2507209632?p=7&l=english","a67ba258e67c85258a99d22bd19c367ac84a89a6a2241800bac934ea358332c0","False"
"Ethnicities-and-Portraits-Expanded","EPE","2507209632","64","7","4","14 Mar, 2022 @ 9:19am","2022-03-14 09:19",,"New Update with Bug Fixes and couple new things!","https://steamcommunity.com/sharedfiles/filedetails/changelog/2507209632?p=7&l=english","a67ba258e67c85258a99d22bd19c367ac84a89a6a2241800bac934ea358332c0","False"
"Ethnicities-and-Portraits-Expanded","EPE","2507209632","65","7","5","10 Mar, 2022 @ 11:22pm","2022-03-10 23:22",,"##############################","https://steamcommunity.com/sharedfiles/filedetails/changelog/2507209632?p=7&l=english","a67ba258e67c85258a99d22bd19c367ac84a89a6a2241800bac934ea358332c0","False"
"Ethnicities-and-Portraits-Expanded","EPE","2507209632","66","7","6","10 Mar, 2022 @ 10:54pm","2022-03-10 22:54",,,"https://steamcommunity.com/sharedfiles/filedetails/changelog/2507209632?p=7&l=english","a67ba258e67c85258a99d22bd19c367ac84a89a6a2241800bac934ea358332c0","False"
"Ethnicities-and-Portraits-Expanded","EPE","2507209632","67","7","7","5 Mar, 2022 @ 1:33am","2022-03-05 01:33",,"Small Update! Notes Below! @everyone","https://steamcommunity.com/sharedfiles/filedetails/changelog/2507209632?p=7&l=english","a67ba258e67c85258a99d22bd19c367ac84a89a6a2241800bac934ea358332c0","False"
"Ethnicities-and-Portraits-Expanded","EPE","2507209632","68","7","8","18 Feb, 2022 @ 8:58pm","2022-02-18 20:58",,"Hotfix for Patch 1.5.0.2! Patch Notes Below! @everyone","https://steamcommunity.com/sharedfiles/filedetails/changelog/2507209632?p=7&l=english","a67ba258e67c85258a99d22bd19c367ac84a89a6a2241800bac934ea358332c0","False"
"Ethnicities-and-Portraits-Expanded","EPE","2507209632","69","7","9","14 Feb, 2022 @ 8:24pm","2022-02-14 20:24",,"We are happy to announce a content update for EPE! Patch Notes Below! @everyone","https://steamcommunity.com/sharedfiles/filedetails/changelog/2507209632?p=7&l=english","a67ba258e67c85258a99d22bd19c367ac84a89a6a2241800bac934ea358332c0","False"
"Ethnicities-and-Portraits-Expanded","EPE","2507209632","70","7","10","10 Feb, 2022 @ 9:39pm","2022-02-10 21:39",,"##############################","https://steamcommunity.com/sharedfiles/filedetails/changelog/2507209632?p=7&l=english","a67ba258e67c85258a99d22bd19c367ac84a89a6a2241800bac934ea358332c0","False"
"Ethnicities-and-Portraits-Expanded","EPE","2507209632","71","8","1","8 Feb, 2022 @ 4:54pm","2022-02-08 16:54",,"##############################","https://steamcommunity.com/sharedfiles/filedetails/changelog/2507209632?p=8&l=english","be93e4a07e672f4ca3359ee169ac96389be300ad619f7f35846b14b4bae7f558","False"
"Ethnicities-and-Portraits-Expanded","EPE","2507209632","72","8","2","9 Jan, 2022 @ 10:01pm","2022-01-09 22:01",,"##############################","https://steamcommunity.com/sharedfiles/filedetails/changelog/2507209632?p=8&l=english","be93e4a07e672f4ca3359ee169ac96389be300ad619f7f35846b14b4bae7f558","False"
"Ethnicities-and-Portraits-Expanded","EPE","2507209632","73","8","3","27 Oct, 2021 @ 8:14pm","2021-10-27 20:14",,"##############################","https://steamcommunity.com/sharedfiles/filedetails/changelog/2507209632?p=8&l=english","be93e4a07e672f4ca3359ee169ac96389be300ad619f7f35846b14b4bae7f558","False"
"Ethnicities-and-Portraits-Expanded","EPE","2507209632","74","8","4","27 Oct, 2021 @ 6:37pm","2021-10-27 18:37",,"Errors still Present, Another Update Coming Soon.","https://steamcommunity.com/sharedfiles/filedetails/changelog/2507209632?p=8&l=english","be93e4a07e672f4ca3359ee169ac96389be300ad619f7f35846b14b4bae7f558","False"
"Ethnicities-and-Portraits-Expanded","EPE","2507209632","75","8","5","9 Oct, 2021 @ 11:34pm","2021-10-09 23:34",,"##############################","https://steamcommunity.com/sharedfiles/filedetails/changelog/2507209632?p=8&l=english","be93e4a07e672f4ca3359ee169ac96389be300ad619f7f35846b14b4bae7f558","False"
"Ethnicities-and-Portraits-Expanded","EPE","2507209632","76","8","6","11 Sep, 2021 @ 9:27am","2021-09-11 09:27",,"Mini Fix:","https://steamcommunity.com/sharedfiles/filedetails/changelog/2507209632?p=8&l=english","be93e4a07e672f4ca3359ee169ac96389be300ad619f7f35846b14b4bae7f558","False"
"Ethnicities-and-Portraits-Expanded","EPE","2507209632","77","8","7","9 Sep, 2021 @ 12:21pm","2021-09-09 12:21",,"##############################","https://steamcommunity.com/sharedfiles/filedetails/changelog/2507209632?p=8&l=english","be93e4a07e672f4ca3359ee169ac96389be300ad619f7f35846b14b4bae7f558","False"
"Ethnicities-and-Portraits-Expanded","EPE","2507209632","78","8","8","29 Aug, 2021 @ 9:13pm","2021-08-29 21:13",,"##############################","https://steamcommunity.com/sharedfiles/filedetails/changelog/2507209632?p=8&l=english","be93e4a07e672f4ca3359ee169ac96389be300ad619f7f35846b14b4bae7f558","False"
"Ethnicities-and-Portraits-Expanded","EPE","2507209632","79","8","9","9 Jul, 2021 @ 10:07am","2021-07-09 10:07",,"##############################","https://steamcommunity.com/sharedfiles/filedetails/changelog/2507209632?p=8&l=english","be93e4a07e672f4ca3359ee169ac96389be300ad619f7f35846b14b4bae7f558","False"
"Ethnicities-and-Portraits-Expanded","EPE","2507209632","80","8","10","29 Jun, 2021 @ 8:48am","2021-06-29 08:48",,"Just a version update, no file changes.","https://steamcommunity.com/sharedfiles/filedetails/changelog/2507209632?p=8&l=english","be93e4a07e672f4ca3359ee169ac96389be300ad619f7f35846b14b4bae7f558","False"
"Ethnicities-and-Portraits-Expanded","EPE","2507209632","81","9","1","22 Jun, 2021 @ 9:48pm","2021-06-22 21:48",,"##############################","https://steamcommunity.com/sharedfiles/filedetails/changelog/2507209632?p=9&l=english","81553d95da95cae083804f45bf2d3ebac52e460278a06b6b7ff47c54f6bf4628","False"
"Ethnicities-and-Portraits-Expanded","EPE","2507209632","82","9","2","22 Jun, 2021 @ 5:10pm","2021-06-22 17:10",,"##############################","https://steamcommunity.com/sharedfiles/filedetails/changelog/2507209632?p=9&l=english","81553d95da95cae083804f45bf2d3ebac52e460278a06b6b7ff47c54f6bf4628","False"
"Ethnicities-and-Portraits-Expanded","EPE","2507209632","83","9","3","11 Jun, 2021 @ 10:57pm","2021-06-11 22:57",,"Patch Notes: Hotfix 2 - 1.0.3","https://steamcommunity.com/sharedfiles/filedetails/changelog/2507209632?p=9&l=english","81553d95da95cae083804f45bf2d3ebac52e460278a06b6b7ff47c54f6bf4628","False"
"Ethnicities-and-Portraits-Expanded","EPE","2507209632","84","9","4","10 Jun, 2021 @ 9:23pm","2021-06-10 21:23",,"Patch Notes: Azure Patch 1.0.2","https://steamcommunity.com/sharedfiles/filedetails/changelog/2507209632?p=9&l=english","81553d95da95cae083804f45bf2d3ebac52e460278a06b6b7ff47c54f6bf4628","False"
"Ethnicities-and-Portraits-Expanded","EPE","2507209632","85","9","5","7 Jun, 2021 @ 2:03am","2021-06-07 02:03",,"EPE Hotfix 1.0.1","https://steamcommunity.com/sharedfiles/filedetails/changelog/2507209632?p=9&l=english","81553d95da95cae083804f45bf2d3ebac52e460278a06b6b7ff47c54f6bf4628","False"
"Ethnicities-and-Portraits-Expanded","EPE","2507209632","86","9","6","4 Jun, 2021 @ 8:32am","2021-06-04 08:32",,"Initial 1.0 Release.","https://steamcommunity.com/sharedfiles/filedetails/changelog/2507209632?p=9&l=english","81553d95da95cae083804f45bf2d3ebac52e460278a06b6b7ff47c54f6bf4628","False"
"MBP-EPE-CFP","MBP-EPE-CFP","2543865921","1","1","1","24 Jul @ 7:40am","2026-07-24 07:40",,,"https://steamcommunity.com/sharedfiles/filedetails/changelog/2543865921?p=1&l=english","40c4e128987d1eaef5ccfd9979f9dfa6c721da37a4fd96e3d90c7a86c19341b9","False"
"MBP-EPE-CFP","MBP-EPE-CFP","2543865921","2","1","2","1 May @ 11:37am","2026-05-01 11:37",,,"https://steamcommunity.com/sharedfiles/filedetails/changelog/2543865921?p=1&l=english","40c4e128987d1eaef5ccfd9979f9dfa6c721da37a4fd96e3d90c7a86c19341b9","False"
"MBP-EPE-CFP","MBP-EPE-CFP","2543865921","3","1","3","20 Apr @ 9:20am","2026-04-20 09:20",,,"https://steamcommunity.com/sharedfiles/filedetails/changelog/2543865921?p=1&l=english","40c4e128987d1eaef5ccfd9979f9dfa6c721da37a4fd96e3d90c7a86c19341b9","False"
"MBP-EPE-CFP","MBP-EPE-CFP","2543865921","4","1","4","30 Mar @ 2:20pm","2026-03-30 14:20",,,"https://steamcommunity.com/sharedfiles/filedetails/changelog/2543865921?p=1&l=english","40c4e128987d1eaef5ccfd9979f9dfa6c721da37a4fd96e3d90c7a86c19341b9","False"
"MBP-EPE-CFP","MBP-EPE-CFP","2543865921","5","1","5","12 Mar @ 9:46pm","2026-03-12 21:46",,,"https://steamcommunity.com/sharedfiles/filedetails/changelog/2543865921?p=1&l=english","40c4e128987d1eaef5ccfd9979f9dfa6c721da37a4fd96e3d90c7a86c19341b9","False"
"MBP-EPE-CFP","MBP-EPE-CFP","2543865921","6","1","6","12 Mar @ 8:18pm","2026-03-12 20:18",,,"https://steamcommunity.com/sharedfiles/filedetails/changelog/2543865921?p=1&l=english","40c4e128987d1eaef5ccfd9979f9dfa6c721da37a4fd96e3d90c7a86c19341b9","False"
"MBP-EPE-CFP","MBP-EPE-CFP","2543865921","7","1","7","26 Feb @ 3:29pm","2026-02-26 15:29",,,"https://steamcommunity.com/sharedfiles/filedetails/changelog/2543865921?p=1&l=english","40c4e128987d1eaef5ccfd9979f9dfa6c721da37a4fd96e3d90c7a86c19341b9","False"
"MBP-EPE-CFP","MBP-EPE-CFP","2543865921","8","1","8","14 Feb @ 4:01pm","2026-02-14 16:01",,,"https://steamcommunity.com/sharedfiles/filedetails/changelog/2543865921?p=1&l=english","40c4e128987d1eaef5ccfd9979f9dfa6c721da37a4fd96e3d90c7a86c19341b9","False"
"MBP-EPE-CFP","MBP-EPE-CFP","2543865921","9","1","9","9 Feb @ 6:04pm","2026-02-09 18:04",,,"https://steamcommunity.com/sharedfiles/filedetails/changelog/2543865921?p=1&l=english","40c4e128987d1eaef5ccfd9979f9dfa6c721da37a4fd96e3d90c7a86c19341b9","False"
"MBP-EPE-CFP","MBP-EPE-CFP","2543865921","10","1","10","12 Dec, 2025 @ 7:03am","2025-12-12 07:03",,"Share to your Steam activity feed","https://steamcommunity.com/sharedfiles/filedetails/changelog/2543865921?p=1&l=english","40c4e128987d1eaef5ccfd9979f9dfa6c721da37a4fd96e3d90c7a86c19341b9","False"
"MBP-EPE-CFP","MBP-EPE-CFP","2543865921","11","2","1","8 Dec, 2025 @ 1:15pm","2025-12-08 13:15",,,"https://steamcommunity.com/sharedfiles/filedetails/changelog/2543865921?p=2&l=english","7a9fcd39995a9451944454cc61893be118a3af5d0fe6ae8fd3c55b0d4a2b7b65","False"
"MBP-EPE-CFP","MBP-EPE-CFP","2543865921","12","2","2","7 Dec, 2025 @ 3:08pm","2025-12-07 15:08",,,"https://steamcommunity.com/sharedfiles/filedetails/changelog/2543865921?p=2&l=english","7a9fcd39995a9451944454cc61893be118a3af5d0fe6ae8fd3c55b0d4a2b7b65","False"
"MBP-EPE-CFP","MBP-EPE-CFP","2543865921","13","2","3","6 Dec, 2025 @ 4:09pm","2025-12-06 16:09",,,"https://steamcommunity.com/sharedfiles/filedetails/changelog/2543865921?p=2&l=english","7a9fcd39995a9451944454cc61893be118a3af5d0fe6ae8fd3c55b0d4a2b7b65","False"
"MBP-EPE-CFP","MBP-EPE-CFP","2543865921","14","2","4","17 Sep, 2025 @ 7:30pm","2025-09-17 19:30",,,"https://steamcommunity.com/sharedfiles/filedetails/changelog/2543865921?p=2&l=english","7a9fcd39995a9451944454cc61893be118a3af5d0fe6ae8fd3c55b0d4a2b7b65","False"
"MBP-EPE-CFP","MBP-EPE-CFP","2543865921","15","2","5","10 Sep, 2025 @ 1:52pm","2025-09-10 13:52",,,"https://steamcommunity.com/sharedfiles/filedetails/changelog/2543865921?p=2&l=english","7a9fcd39995a9451944454cc61893be118a3af5d0fe6ae8fd3c55b0d4a2b7b65","False"
"MBP-EPE-CFP","MBP-EPE-CFP","2543865921","16","2","6","9 Sep, 2025 @ 7:12pm","2025-09-09 19:12",,,"https://steamcommunity.com/sharedfiles/filedetails/changelog/2543865921?p=2&l=english","7a9fcd39995a9451944454cc61893be118a3af5d0fe6ae8fd3c55b0d4a2b7b65","False"
"MBP-EPE-CFP","MBP-EPE-CFP","2543865921","17","2","7","6 Jul, 2025 @ 5:54pm","2025-07-06 17:54",,,"https://steamcommunity.com/sharedfiles/filedetails/changelog/2543865921?p=2&l=english","7a9fcd39995a9451944454cc61893be118a3af5d0fe6ae8fd3c55b0d4a2b7b65","False"
"MBP-EPE-CFP","MBP-EPE-CFP","2543865921","18","2","8","11 Jun, 2025 @ 3:42pm","2025-06-11 15:42",,,"https://steamcommunity.com/sharedfiles/filedetails/changelog/2543865921?p=2&l=english","7a9fcd39995a9451944454cc61893be118a3af5d0fe6ae8fd3c55b0d4a2b7b65","False"
"MBP-EPE-CFP","MBP-EPE-CFP","2543865921","19","2","9","6 Jun, 2025 @ 7:24pm","2025-06-06 19:24",,,"https://steamcommunity.com/sharedfiles/filedetails/changelog/2543865921?p=2&l=english","7a9fcd39995a9451944454cc61893be118a3af5d0fe6ae8fd3c55b0d4a2b7b65","False"
"MBP-EPE-CFP","MBP-EPE-CFP","2543865921","20","2","10","5 Jun, 2025 @ 8:00pm","2025-06-05 20:00",,"Share to your Steam activity feed","https://steamcommunity.com/sharedfiles/filedetails/changelog/2543865921?p=2&l=english","7a9fcd39995a9451944454cc61893be118a3af5d0fe6ae8fd3c55b0d4a2b7b65","False"
"MBP-EPE-CFP","MBP-EPE-CFP","2543865921","21","3","1","1 Jun, 2025 @ 7:24pm","2025-06-01 19:24",,,"https://steamcommunity.com/sharedfiles/filedetails/changelog/2543865921?p=3&l=english","3845d2106d8bbab8fb86f9b9f1927e1ba4c57d461104b6562e458194a3767fa8","False"
"MBP-EPE-CFP","MBP-EPE-CFP","2543865921","22","3","2","25 May, 2025 @ 9:16am","2025-05-25 09:16",,,"https://steamcommunity.com/sharedfiles/filedetails/changelog/2543865921?p=3&l=english","3845d2106d8bbab8fb86f9b9f1927e1ba4c57d461104b6562e458194a3767fa8","False"
"MBP-EPE-CFP","MBP-EPE-CFP","2543865921","23","3","3","24 May, 2025 @ 11:00am","2025-05-24 11:00",,,"https://steamcommunity.com/sharedfiles/filedetails/changelog/2543865921?p=3&l=english","3845d2106d8bbab8fb86f9b9f1927e1ba4c57d461104b6562e458194a3767fa8","False"
"MBP-EPE-CFP","MBP-EPE-CFP","2543865921","24","3","4","24 May, 2025 @ 10:56am","2025-05-24 10:56",,,"https://steamcommunity.com/sharedfiles/filedetails/changelog/2543865921?p=3&l=english","3845d2106d8bbab8fb86f9b9f1927e1ba4c57d461104b6562e458194a3767fa8","False"
"MBP-EPE-CFP","MBP-EPE-CFP","2543865921","25","3","5","5 Apr, 2025 @ 3:20pm","2025-04-05 15:20",,,"https://steamcommunity.com/sharedfiles/filedetails/changelog/2543865921?p=3&l=english","3845d2106d8bbab8fb86f9b9f1927e1ba4c57d461104b6562e458194a3767fa8","False"
"MBP-EPE-CFP","MBP-EPE-CFP","2543865921","26","3","6","29 Mar, 2025 @ 10:46pm","2025-03-29 22:46",,,"https://steamcommunity.com/sharedfiles/filedetails/changelog/2543865921?p=3&l=english","3845d2106d8bbab8fb86f9b9f1927e1ba4c57d461104b6562e458194a3767fa8","False"
"MBP-EPE-CFP","MBP-EPE-CFP","2543865921","27","3","7","27 Mar, 2025 @ 9:51pm","2025-03-27 21:51",,,"https://steamcommunity.com/sharedfiles/filedetails/changelog/2543865921?p=3&l=english","3845d2106d8bbab8fb86f9b9f1927e1ba4c57d461104b6562e458194a3767fa8","False"
"MBP-EPE-CFP","MBP-EPE-CFP","2543865921","28","3","8","27 Mar, 2025 @ 9:45pm","2025-03-27 21:45",,,"https://steamcommunity.com/sharedfiles/filedetails/changelog/2543865921?p=3&l=english","3845d2106d8bbab8fb86f9b9f1927e1ba4c57d461104b6562e458194a3767fa8","False"
"MBP-EPE-CFP","MBP-EPE-CFP","2543865921","29","3","9","27 Mar, 2025 @ 9:35pm","2025-03-27 21:35",,,"https://steamcommunity.com/sharedfiles/filedetails/changelog/2543865921?p=3&l=english","3845d2106d8bbab8fb86f9b9f1927e1ba4c57d461104b6562e458194a3767fa8","False"
"MBP-EPE-CFP","MBP-EPE-CFP","2543865921","30","3","10","9 Mar, 2025 @ 4:11pm","2025-03-09 16:11",,"Share to your Steam activity feed","https://steamcommunity.com/sharedfiles/filedetails/changelog/2543865921?p=3&l=english","3845d2106d8bbab8fb86f9b9f1927e1ba4c57d461104b6562e458194a3767fa8","False"
"MBP-EPE-CFP","MBP-EPE-CFP","2543865921","31","4","1","8 Mar, 2025 @ 4:16pm","2025-03-08 16:16",,,"https://steamcommunity.com/sharedfiles/filedetails/changelog/2543865921?p=4&l=english","4f7324fc3967335a144ceb8ebe2b9ec5b3475819cc841870842c4f8dec9a995f","False"
"MBP-EPE-CFP","MBP-EPE-CFP","2543865921","32","4","2","2 Mar, 2025 @ 9:31pm","2025-03-02 21:31",,,"https://steamcommunity.com/sharedfiles/filedetails/changelog/2543865921?p=4&l=english","4f7324fc3967335a144ceb8ebe2b9ec5b3475819cc841870842c4f8dec9a995f","False"
"MBP-EPE-CFP","MBP-EPE-CFP","2543865921","33","4","3","27 Feb, 2025 @ 8:39pm","2025-02-27 20:39",,,"https://steamcommunity.com/sharedfiles/filedetails/changelog/2543865921?p=4&l=english","4f7324fc3967335a144ceb8ebe2b9ec5b3475819cc841870842c4f8dec9a995f","False"
"MBP-EPE-CFP","MBP-EPE-CFP","2543865921","34","4","4","22 Feb, 2025 @ 11:03pm","2025-02-22 23:03",,,"https://steamcommunity.com/sharedfiles/filedetails/changelog/2543865921?p=4&l=english","4f7324fc3967335a144ceb8ebe2b9ec5b3475819cc841870842c4f8dec9a995f","False"
"MBP-EPE-CFP","MBP-EPE-CFP","2543865921","35","4","5","16 Feb, 2025 @ 11:09pm","2025-02-16 23:09",,,"https://steamcommunity.com/sharedfiles/filedetails/changelog/2543865921?p=4&l=english","4f7324fc3967335a144ceb8ebe2b9ec5b3475819cc841870842c4f8dec9a995f","False"
"MBP-EPE-CFP","MBP-EPE-CFP","2543865921","36","4","6","21 Jan, 2025 @ 6:02am","2025-01-21 06:02",,,"https://steamcommunity.com/sharedfiles/filedetails/changelog/2543865921?p=4&l=english","4f7324fc3967335a144ceb8ebe2b9ec5b3475819cc841870842c4f8dec9a995f","False"
"MBP-EPE-CFP","MBP-EPE-CFP","2543865921","37","4","7","15 Jan, 2025 @ 2:06pm","2025-01-15 14:06",,,"https://steamcommunity.com/sharedfiles/filedetails/changelog/2543865921?p=4&l=english","4f7324fc3967335a144ceb8ebe2b9ec5b3475819cc841870842c4f8dec9a995f","False"
"MBP-EPE-CFP","MBP-EPE-CFP","2543865921","38","4","8","12 Jan, 2025 @ 5:03pm","2025-01-12 17:03",,,"https://steamcommunity.com/sharedfiles/filedetails/changelog/2543865921?p=4&l=english","4f7324fc3967335a144ceb8ebe2b9ec5b3475819cc841870842c4f8dec9a995f","False"
"MBP-EPE-CFP","MBP-EPE-CFP","2543865921","39","4","9","12 Jan, 2025 @ 4:20pm","2025-01-12 16:20",,,"https://steamcommunity.com/sharedfiles/filedetails/changelog/2543865921?p=4&l=english","4f7324fc3967335a144ceb8ebe2b9ec5b3475819cc841870842c4f8dec9a995f","False"
"MBP-EPE-CFP","MBP-EPE-CFP","2543865921","40","4","10","5 Jan, 2025 @ 4:48pm","2025-01-05 16:48",,"Share to your Steam activity feed","https://steamcommunity.com/sharedfiles/filedetails/changelog/2543865921?p=4&l=english","4f7324fc3967335a144ceb8ebe2b9ec5b3475819cc841870842c4f8dec9a995f","False"
"MBP-EPE-CFP","MBP-EPE-CFP","2543865921","41","5","1","1 Jan, 2025 @ 7:55pm","2025-01-01 19:55",,,"https://steamcommunity.com/sharedfiles/filedetails/changelog/2543865921?p=5&l=english","edbea1e3d3d728a12646d7e18f98095a36e905feca80348577a717626f26d6c5","False"
"MBP-EPE-CFP","MBP-EPE-CFP","2543865921","42","5","2","1 Jan, 2025 @ 12:10am","2025-01-01 00:10",,,"https://steamcommunity.com/sharedfiles/filedetails/changelog/2543865921?p=5&l=english","edbea1e3d3d728a12646d7e18f98095a36e905feca80348577a717626f26d6c5","False"
"MBP-EPE-CFP","MBP-EPE-CFP","2543865921","43","5","3","31 Dec, 2024 @ 12:33am","2024-12-31 00:33",,,"https://steamcommunity.com/sharedfiles/filedetails/changelog/2543865921?p=5&l=english","edbea1e3d3d728a12646d7e18f98095a36e905feca80348577a717626f26d6c5","False"
"MBP-EPE-CFP","MBP-EPE-CFP","2543865921","44","5","4","27 Dec, 2024 @ 9:59pm","2024-12-27 21:59",,,"https://steamcommunity.com/sharedfiles/filedetails/changelog/2543865921?p=5&l=english","edbea1e3d3d728a12646d7e18f98095a36e905feca80348577a717626f26d6c5","False"
"MBP-EPE-CFP","MBP-EPE-CFP","2543865921","45","5","5","27 Dec, 2024 @ 9:56am","2024-12-27 09:56",,,"https://steamcommunity.com/sharedfiles/filedetails/changelog/2543865921?p=5&l=english","edbea1e3d3d728a12646d7e18f98095a36e905feca80348577a717626f26d6c5","False"
"MBP-EPE-CFP","MBP-EPE-CFP","2543865921","46","5","6","27 Dec, 2024 @ 1:36am","2024-12-27 01:36",,,"https://steamcommunity.com/sharedfiles/filedetails/changelog/2543865921?p=5&l=english","edbea1e3d3d728a12646d7e18f98095a36e905feca80348577a717626f26d6c5","False"
"MBP-EPE-CFP","MBP-EPE-CFP","2543865921","47","5","7","27 Dec, 2024 @ 1:18am","2024-12-27 01:18",,,"https://steamcommunity.com/sharedfiles/filedetails/changelog/2543865921?p=5&l=english","edbea1e3d3d728a12646d7e18f98095a36e905feca80348577a717626f26d6c5","False"
"MBP-EPE-CFP","MBP-EPE-CFP","2543865921","48","5","8","27 Dec, 2024 @ 12:43am","2024-12-27 00:43",,,"https://steamcommunity.com/sharedfiles/filedetails/changelog/2543865921?p=5&l=english","edbea1e3d3d728a12646d7e18f98095a36e905feca80348577a717626f26d6c5","False"
"MBP-EPE-CFP","MBP-EPE-CFP","2543865921","49","5","9","26 Dec, 2024 @ 8:22pm","2024-12-26 20:22",,,"https://steamcommunity.com/sharedfiles/filedetails/changelog/2543865921?p=5&l=english","edbea1e3d3d728a12646d7e18f98095a36e905feca80348577a717626f26d6c5","False"
"MBP-EPE-CFP","MBP-EPE-CFP","2543865921","50","5","10","18 Dec, 2024 @ 4:04pm","2024-12-18 16:04",,"Share to your Steam activity feed","https://steamcommunity.com/sharedfiles/filedetails/changelog/2543865921?p=5&l=english","edbea1e3d3d728a12646d7e18f98095a36e905feca80348577a717626f26d6c5","False"
"MBP-EPE-CFP","MBP-EPE-CFP","2543865921","51","6","1","9 Dec, 2024 @ 3:16pm","2024-12-09 15:16",,,"https://steamcommunity.com/sharedfiles/filedetails/changelog/2543865921?p=6&l=english","4b8e121947eafa3c975b32110e3053f668e1862193066b91db5723cb2a6cc1f7","False"
"MBP-EPE-CFP","MBP-EPE-CFP","2543865921","52","6","2","9 Dec, 2024 @ 3:10pm","2024-12-09 15:10",,,"https://steamcommunity.com/sharedfiles/filedetails/changelog/2543865921?p=6&l=english","4b8e121947eafa3c975b32110e3053f668e1862193066b91db5723cb2a6cc1f7","False"
"MBP-EPE-CFP","MBP-EPE-CFP","2543865921","53","6","3","8 Dec, 2024 @ 8:52pm","2024-12-08 20:52",,,"https://steamcommunity.com/sharedfiles/filedetails/changelog/2543865921?p=6&l=english","4b8e121947eafa3c975b32110e3053f668e1862193066b91db5723cb2a6cc1f7","False"
"MBP-EPE-CFP","MBP-EPE-CFP","2543865921","54","6","4","13 Sep, 2024 @ 6:43am","2024-09-13 06:43",,,"https://steamcommunity.com/sharedfiles/filedetails/changelog/2543865921?p=6&l=english","4b8e121947eafa3c975b32110e3053f668e1862193066b91db5723cb2a6cc1f7","False"
"MBP-EPE-CFP","MBP-EPE-CFP","2543865921","55","6","5","30 Jul, 2024 @ 8:49am","2024-07-30 08:49",,,"https://steamcommunity.com/sharedfiles/filedetails/changelog/2543865921?p=6&l=english","4b8e121947eafa3c975b32110e3053f668e1862193066b91db5723cb2a6cc1f7","False"
"MBP-EPE-CFP","MBP-EPE-CFP","2543865921","56","6","6","20 Jun, 2024 @ 6:07pm","2024-06-20 18:07",,,"https://steamcommunity.com/sharedfiles/filedetails/changelog/2543865921?p=6&l=english","4b8e121947eafa3c975b32110e3053f668e1862193066b91db5723cb2a6cc1f7","False"
"MBP-EPE-CFP","MBP-EPE-CFP","2543865921","57","6","7","18 Jun, 2024 @ 6:08pm","2024-06-18 18:08",,,"https://steamcommunity.com/sharedfiles/filedetails/changelog/2543865921?p=6&l=english","4b8e121947eafa3c975b32110e3053f668e1862193066b91db5723cb2a6cc1f7","False"
"MBP-EPE-CFP","MBP-EPE-CFP","2543865921","58","6","8","12 Jun, 2024 @ 5:25pm","2024-06-12 17:25",,,"https://steamcommunity.com/sharedfiles/filedetails/changelog/2543865921?p=6&l=english","4b8e121947eafa3c975b32110e3053f668e1862193066b91db5723cb2a6cc1f7","False"
"MBP-EPE-CFP","MBP-EPE-CFP","2543865921","59","6","9","24 May, 2024 @ 11:48pm","2024-05-24 23:48",,,"https://steamcommunity.com/sharedfiles/filedetails/changelog/2543865921?p=6&l=english","4b8e121947eafa3c975b32110e3053f668e1862193066b91db5723cb2a6cc1f7","False"
"MBP-EPE-CFP","MBP-EPE-CFP","2543865921","60","6","10","14 May, 2024 @ 10:06pm","2024-05-14 22:06",,"Share to your Steam activity feed","https://steamcommunity.com/sharedfiles/filedetails/changelog/2543865921?p=6&l=english","4b8e121947eafa3c975b32110e3053f668e1862193066b91db5723cb2a6cc1f7","False"
"MBP-EPE-CFP","MBP-EPE-CFP","2543865921","61","7","1","14 May, 2024 @ 5:56pm","2024-05-14 17:56",,,"https://steamcommunity.com/sharedfiles/filedetails/changelog/2543865921?p=7&l=english","382c9ca8e1dfbc04b1b980d26c1270fb744bbf8bfc6647943cded720e1576655","False"
"MBP-EPE-CFP","MBP-EPE-CFP","2543865921","62","7","2","8 May, 2024 @ 7:17pm","2024-05-08 19:17",,,"https://steamcommunity.com/sharedfiles/filedetails/changelog/2543865921?p=7&l=english","382c9ca8e1dfbc04b1b980d26c1270fb744bbf8bfc6647943cded720e1576655","False"
"MBP-EPE-CFP","MBP-EPE-CFP","2543865921","63","7","3","3 May, 2024 @ 8:14pm","2024-05-03 20:14",,,"https://steamcommunity.com/sharedfiles/filedetails/changelog/2543865921?p=7&l=english","382c9ca8e1dfbc04b1b980d26c1270fb744bbf8bfc6647943cded720e1576655","False"
"MBP-EPE-CFP","MBP-EPE-CFP","2543865921","64","7","4","3 May, 2024 @ 8:03pm","2024-05-03 20:03",,,"https://steamcommunity.com/sharedfiles/filedetails/changelog/2543865921?p=7&l=english","382c9ca8e1dfbc04b1b980d26c1270fb744bbf8bfc6647943cded720e1576655","False"
"MBP-EPE-CFP","MBP-EPE-CFP","2543865921","65","7","5","18 Apr, 2024 @ 12:24pm","2024-04-18 12:24",,,"https://steamcommunity.com/sharedfiles/filedetails/changelog/2543865921?p=7&l=english","382c9ca8e1dfbc04b1b980d26c1270fb744bbf8bfc6647943cded720e1576655","False"
"MBP-EPE-CFP","MBP-EPE-CFP","2543865921","66","7","6","9 Apr, 2024 @ 7:40pm","2024-04-09 19:40",,,"https://steamcommunity.com/sharedfiles/filedetails/changelog/2543865921?p=7&l=english","382c9ca8e1dfbc04b1b980d26c1270fb744bbf8bfc6647943cded720e1576655","False"
"MBP-EPE-CFP","MBP-EPE-CFP","2543865921","67","7","7","1 Apr, 2024 @ 2:17pm","2024-04-01 14:17",,,"https://steamcommunity.com/sharedfiles/filedetails/changelog/2543865921?p=7&l=english","382c9ca8e1dfbc04b1b980d26c1270fb744bbf8bfc6647943cded720e1576655","False"
"MBP-EPE-CFP","MBP-EPE-CFP","2543865921","68","7","8","30 Mar, 2024 @ 7:15pm","2024-03-30 19:15",,,"https://steamcommunity.com/sharedfiles/filedetails/changelog/2543865921?p=7&l=english","382c9ca8e1dfbc04b1b980d26c1270fb744bbf8bfc6647943cded720e1576655","False"
"MBP-EPE-CFP","MBP-EPE-CFP","2543865921","69","7","9","27 Mar, 2024 @ 12:59pm","2024-03-27 12:59",,,"https://steamcommunity.com/sharedfiles/filedetails/changelog/2543865921?p=7&l=english","382c9ca8e1dfbc04b1b980d26c1270fb744bbf8bfc6647943cded720e1576655","False"
"MBP-EPE-CFP","MBP-EPE-CFP","2543865921","70","7","10","22 Mar, 2024 @ 2:46am","2024-03-22 02:46",,"Share to your Steam activity feed","https://steamcommunity.com/sharedfiles/filedetails/changelog/2543865921?p=7&l=english","382c9ca8e1dfbc04b1b980d26c1270fb744bbf8bfc6647943cded720e1576655","False"
"MBP-EPE-CFP","MBP-EPE-CFP","2543865921","71","8","1","19 Mar, 2024 @ 12:28pm","2024-03-19 12:28",,,"https://steamcommunity.com/sharedfiles/filedetails/changelog/2543865921?p=8&l=english","0302f84ee5a10f42eda87f3c80bb967a0b29c6777803a1b97c30a098a6cbac22","False"
"MBP-EPE-CFP","MBP-EPE-CFP","2543865921","72","8","2","16 Mar, 2024 @ 12:26pm","2024-03-16 12:26",,,"https://steamcommunity.com/sharedfiles/filedetails/changelog/2543865921?p=8&l=english","0302f84ee5a10f42eda87f3c80bb967a0b29c6777803a1b97c30a098a6cbac22","False"
"MBP-EPE-CFP","MBP-EPE-CFP","2543865921","73","8","3","11 Mar, 2024 @ 6:37pm","2024-03-11 18:37",,,"https://steamcommunity.com/sharedfiles/filedetails/changelog/2543865921?p=8&l=english","0302f84ee5a10f42eda87f3c80bb967a0b29c6777803a1b97c30a098a6cbac22","False"
"MBP-EPE-CFP","MBP-EPE-CFP","2543865921","74","8","4","10 Mar, 2024 @ 8:02pm","2024-03-10 20:02",,,"https://steamcommunity.com/sharedfiles/filedetails/changelog/2543865921?p=8&l=english","0302f84ee5a10f42eda87f3c80bb967a0b29c6777803a1b97c30a098a6cbac22","False"
"MBP-EPE-CFP","MBP-EPE-CFP","2543865921","75","8","5","10 Mar, 2024 @ 7:38pm","2024-03-10 19:38",,,"https://steamcommunity.com/sharedfiles/filedetails/changelog/2543865921?p=8&l=english","0302f84ee5a10f42eda87f3c80bb967a0b29c6777803a1b97c30a098a6cbac22","False"
"MBP-EPE-CFP","MBP-EPE-CFP","2543865921","76","8","6","10 Mar, 2024 @ 7:24pm","2024-03-10 19:24",,,"https://steamcommunity.com/sharedfiles/filedetails/changelog/2543865921?p=8&l=english","0302f84ee5a10f42eda87f3c80bb967a0b29c6777803a1b97c30a098a6cbac22","False"
"MBP-EPE-CFP","MBP-EPE-CFP","2543865921","77","8","7","10 Mar, 2024 @ 7:19pm","2024-03-10 19:19",,,"https://steamcommunity.com/sharedfiles/filedetails/changelog/2543865921?p=8&l=english","0302f84ee5a10f42eda87f3c80bb967a0b29c6777803a1b97c30a098a6cbac22","False"
"MBP-EPE-CFP","MBP-EPE-CFP","2543865921","78","8","8","10 Mar, 2024 @ 5:24pm","2024-03-10 17:24",,,"https://steamcommunity.com/sharedfiles/filedetails/changelog/2543865921?p=8&l=english","0302f84ee5a10f42eda87f3c80bb967a0b29c6777803a1b97c30a098a6cbac22","False"
"MBP-EPE-CFP","MBP-EPE-CFP","2543865921","79","8","9","21 Feb, 2024 @ 1:16am","2024-02-21 01:16",,,"https://steamcommunity.com/sharedfiles/filedetails/changelog/2543865921?p=8&l=english","0302f84ee5a10f42eda87f3c80bb967a0b29c6777803a1b97c30a098a6cbac22","False"
"MBP-EPE-CFP","MBP-EPE-CFP","2543865921","80","8","10","10 Feb, 2024 @ 12:03pm","2024-02-10 12:03",,"Share to your Steam activity feed","https://steamcommunity.com/sharedfiles/filedetails/changelog/2543865921?p=8&l=english","0302f84ee5a10f42eda87f3c80bb967a0b29c6777803a1b97c30a098a6cbac22","False"
"MBP-EPE-CFP","MBP-EPE-CFP","2543865921","81","9","1","10 Feb, 2024 @ 12:56am","2024-02-10 00:56",,,"https://steamcommunity.com/sharedfiles/filedetails/changelog/2543865921?p=9&l=english","f0fd54792b0b250afc2b531910f78e5a75d68cf0a203691f6e453431c61a5ee3","False"
"MBP-EPE-CFP","MBP-EPE-CFP","2543865921","82","9","2","9 Feb, 2024 @ 11:17am","2024-02-09 11:17",,,"https://steamcommunity.com/sharedfiles/filedetails/changelog/2543865921?p=9&l=english","f0fd54792b0b250afc2b531910f78e5a75d68cf0a203691f6e453431c61a5ee3","False"
"MBP-EPE-CFP","MBP-EPE-CFP","2543865921","83","9","3","7 Feb, 2024 @ 8:23pm","2024-02-07 20:23",,,"https://steamcommunity.com/sharedfiles/filedetails/changelog/2543865921?p=9&l=english","f0fd54792b0b250afc2b531910f78e5a75d68cf0a203691f6e453431c61a5ee3","False"
"MBP-EPE-CFP","MBP-EPE-CFP","2543865921","84","9","4","7 Feb, 2024 @ 8:15pm","2024-02-07 20:15",,,"https://steamcommunity.com/sharedfiles/filedetails/changelog/2543865921?p=9&l=english","f0fd54792b0b250afc2b531910f78e5a75d68cf0a203691f6e453431c61a5ee3","False"
"MBP-EPE-CFP","MBP-EPE-CFP","2543865921","85","9","5","25 Jan, 2024 @ 9:05pm","2024-01-25 21:05",,,"https://steamcommunity.com/sharedfiles/filedetails/changelog/2543865921?p=9&l=english","f0fd54792b0b250afc2b531910f78e5a75d68cf0a203691f6e453431c61a5ee3","False"
"MBP-EPE-CFP","MBP-EPE-CFP","2543865921","86","9","6","25 Jan, 2024 @ 8:42pm","2024-01-25 20:42",,,"https://steamcommunity.com/sharedfiles/filedetails/changelog/2543865921?p=9&l=english","f0fd54792b0b250afc2b531910f78e5a75d68cf0a203691f6e453431c61a5ee3","False"
"MBP-EPE-CFP","MBP-EPE-CFP","2543865921","87","9","7","15 Jan, 2024 @ 2:04pm","2024-01-15 14:04",,,"https://steamcommunity.com/sharedfiles/filedetails/changelog/2543865921?p=9&l=english","f0fd54792b0b250afc2b531910f78e5a75d68cf0a203691f6e453431c61a5ee3","False"
"MBP-EPE-CFP","MBP-EPE-CFP","2543865921","88","9","8","12 Jan, 2024 @ 12:17am","2024-01-12 00:17",,,"https://steamcommunity.com/sharedfiles/filedetails/changelog/2543865921?p=9&l=english","f0fd54792b0b250afc2b531910f78e5a75d68cf0a203691f6e453431c61a5ee3","False"
"MBP-EPE-CFP","MBP-EPE-CFP","2543865921","89","9","9","4 Jan, 2024 @ 11:59pm","2024-01-04 23:59",,,"https://steamcommunity.com/sharedfiles/filedetails/changelog/2543865921?p=9&l=english","f0fd54792b0b250afc2b531910f78e5a75d68cf0a203691f6e453431c61a5ee3","False"
"MBP-EPE-CFP","MBP-EPE-CFP","2543865921","90","9","10","28 Dec, 2023 @ 2:46pm","2023-12-28 14:46",,"Share to your Steam activity feed","https://steamcommunity.com/sharedfiles/filedetails/changelog/2543865921?p=9&l=english","f0fd54792b0b250afc2b531910f78e5a75d68cf0a203691f6e453431c61a5ee3","False"
"MBP-EPE-CFP","MBP-EPE-CFP","2543865921","91","10","1","26 Dec, 2023 @ 8:10pm","2023-12-26 20:10",,,"https://steamcommunity.com/sharedfiles/filedetails/changelog/2543865921?p=10&l=english","444aeab556f49c9b914eac6e9173f33ae38af9d98073e88e275d36912ceee80f","False"
"MBP-EPE-CFP","MBP-EPE-CFP","2543865921","92","10","2","10 Dec, 2023 @ 11:28pm","2023-12-10 23:28",,,"https://steamcommunity.com/sharedfiles/filedetails/changelog/2543865921?p=10&l=english","444aeab556f49c9b914eac6e9173f33ae38af9d98073e88e275d36912ceee80f","False"
"MBP-EPE-CFP","MBP-EPE-CFP","2543865921","93","10","3","8 Dec, 2023 @ 2:08pm","2023-12-08 14:08",,,"https://steamcommunity.com/sharedfiles/filedetails/changelog/2543865921?p=10&l=english","444aeab556f49c9b914eac6e9173f33ae38af9d98073e88e275d36912ceee80f","False"
"MBP-EPE-CFP","MBP-EPE-CFP","2543865921","94","10","4","6 Dec, 2023 @ 4:24pm","2023-12-06 16:24",,,"https://steamcommunity.com/sharedfiles/filedetails/changelog/2543865921?p=10&l=english","444aeab556f49c9b914eac6e9173f33ae38af9d98073e88e275d36912ceee80f","False"
"MBP-EPE-CFP","MBP-EPE-CFP","2543865921","95","10","5","4 Dec, 2023 @ 11:37pm","2023-12-04 23:37",,,"https://steamcommunity.com/sharedfiles/filedetails/changelog/2543865921?p=10&l=english","444aeab556f49c9b914eac6e9173f33ae38af9d98073e88e275d36912ceee80f","False"
"MBP-EPE-CFP","MBP-EPE-CFP","2543865921","96","10","6","4 Dec, 2023 @ 1:28am","2023-12-04 01:28",,,"https://steamcommunity.com/sharedfiles/filedetails/changelog/2543865921?p=10&l=english","444aeab556f49c9b914eac6e9173f33ae38af9d98073e88e275d36912ceee80f","False"
"MBP-EPE-CFP","MBP-EPE-CFP","2543865921","97","10","7","3 Dec, 2023 @ 2:04am","2023-12-03 02:04",,,"https://steamcommunity.com/sharedfiles/filedetails/changelog/2543865921?p=10&l=english","444aeab556f49c9b914eac6e9173f33ae38af9d98073e88e275d36912ceee80f","False"
"MBP-EPE-CFP","MBP-EPE-CFP","2543865921","98","10","8","2 Dec, 2023 @ 12:27am","2023-12-02 00:27",,,"https://steamcommunity.com/sharedfiles/filedetails/changelog/2543865921?p=10&l=english","444aeab556f49c9b914eac6e9173f33ae38af9d98073e88e275d36912ceee80f","False"
"MBP-EPE-CFP","MBP-EPE-CFP","2543865921","99","10","9","25 Nov, 2023 @ 5:41pm","2023-11-25 17:41",,,"https://steamcommunity.com/sharedfiles/filedetails/changelog/2543865921?p=10&l=english","444aeab556f49c9b914eac6e9173f33ae38af9d98073e88e275d36912ceee80f","False"
"MBP-EPE-CFP","MBP-EPE-CFP","2543865921","100","10","10","23 Nov, 2023 @ 5:37pm","2023-11-23 17:37",,"Share to your Steam activity feed","https://steamcommunity.com/sharedfiles/filedetails/changelog/2543865921?p=10&l=english","444aeab556f49c9b914eac6e9173f33ae38af9d98073e88e275d36912ceee80f","False"
"MBP-EPE-CFP","MBP-EPE-CFP","2543865921","101","11","1","21 Nov, 2023 @ 3:17pm","2023-11-21 15:17",,,"https://steamcommunity.com/sharedfiles/filedetails/changelog/2543865921?p=11&l=english","bb01ec476a154335c1f795ccab106475b51f1090b5b164cc82e8b9fc86e17a96","False"
"MBP-EPE-CFP","MBP-EPE-CFP","2543865921","102","11","2","20 Nov, 2023 @ 11:26am","2023-11-20 11:26",,,"https://steamcommunity.com/sharedfiles/filedetails/changelog/2543865921?p=11&l=english","bb01ec476a154335c1f795ccab106475b51f1090b5b164cc82e8b9fc86e17a96","False"
"MBP-EPE-CFP","MBP-EPE-CFP","2543865921","103","11","3","19 Nov, 2023 @ 8:45pm","2023-11-19 20:45",,,"https://steamcommunity.com/sharedfiles/filedetails/changelog/2543865921?p=11&l=english","bb01ec476a154335c1f795ccab106475b51f1090b5b164cc82e8b9fc86e17a96","False"
"MBP-EPE-CFP","MBP-EPE-CFP","2543865921","104","11","4","19 Nov, 2023 @ 5:01pm","2023-11-19 17:01",,,"https://steamcommunity.com/sharedfiles/filedetails/changelog/2543865921?p=11&l=english","bb01ec476a154335c1f795ccab106475b51f1090b5b164cc82e8b9fc86e17a96","False"
"MBP-EPE-CFP","MBP-EPE-CFP","2543865921","105","11","5","23 Oct, 2023 @ 11:40am","2023-10-23 11:40",,,"https://steamcommunity.com/sharedfiles/filedetails/changelog/2543865921?p=11&l=english","bb01ec476a154335c1f795ccab106475b51f1090b5b164cc82e8b9fc86e17a96","False"
"MBP-EPE-CFP","MBP-EPE-CFP","2543865921","106","11","6","15 Oct, 2023 @ 8:08pm","2023-10-15 20:08",,,"https://steamcommunity.com/sharedfiles/filedetails/changelog/2543865921?p=11&l=english","bb01ec476a154335c1f795ccab106475b51f1090b5b164cc82e8b9fc86e17a96","False"
"MBP-EPE-CFP","MBP-EPE-CFP","2543865921","107","11","7","4 Oct, 2023 @ 6:41pm","2023-10-04 18:41",,,"https://steamcommunity.com/sharedfiles/filedetails/changelog/2543865921?p=11&l=english","bb01ec476a154335c1f795ccab106475b51f1090b5b164cc82e8b9fc86e17a96","False"
"MBP-EPE-CFP","MBP-EPE-CFP","2543865921","108","11","8","3 Oct, 2023 @ 7:27pm","2023-10-03 19:27",,,"https://steamcommunity.com/sharedfiles/filedetails/changelog/2543865921?p=11&l=english","bb01ec476a154335c1f795ccab106475b51f1090b5b164cc82e8b9fc86e17a96","False"
"MBP-EPE-CFP","MBP-EPE-CFP","2543865921","109","11","9","3 Oct, 2023 @ 3:20pm","2023-10-03 15:20",,,"https://steamcommunity.com/sharedfiles/filedetails/changelog/2543865921?p=11&l=english","bb01ec476a154335c1f795ccab106475b51f1090b5b164cc82e8b9fc86e17a96","False"
"MBP-EPE-CFP","MBP-EPE-CFP","2543865921","110","11","10","1 Oct, 2023 @ 9:18pm","2023-10-01 21:18",,"Share to your Steam activity feed","https://steamcommunity.com/sharedfiles/filedetails/changelog/2543865921?p=11&l=english","bb01ec476a154335c1f795ccab106475b51f1090b5b164cc82e8b9fc86e17a96","False"
"MBP-EPE-CFP","MBP-EPE-CFP","2543865921","111","12","1","1 Oct, 2023 @ 9:08pm","2023-10-01 21:08",,,"https://steamcommunity.com/sharedfiles/filedetails/changelog/2543865921?p=12&l=english","df8a4b8c495e62bedd6175637c41590e812a58b07922554d7228eeb0cb662153","False"
"MBP-EPE-CFP","MBP-EPE-CFP","2543865921","112","12","2","1 Oct, 2023 @ 11:27am","2023-10-01 11:27",,,"https://steamcommunity.com/sharedfiles/filedetails/changelog/2543865921?p=12&l=english","df8a4b8c495e62bedd6175637c41590e812a58b07922554d7228eeb0cb662153","False"
"MBP-EPE-CFP","MBP-EPE-CFP","2543865921","113","12","3","28 Sep, 2023 @ 10:14pm","2023-09-28 22:14",,,"https://steamcommunity.com/sharedfiles/filedetails/changelog/2543865921?p=12&l=english","df8a4b8c495e62bedd6175637c41590e812a58b07922554d7228eeb0cb662153","False"
"MBP-EPE-CFP","MBP-EPE-CFP","2543865921","114","12","4","27 Sep, 2023 @ 10:14pm","2023-09-27 22:14",,"- Partly updated. Will take a bit longer for the full update","https://steamcommunity.com/sharedfiles/filedetails/changelog/2543865921?p=12&l=english","df8a4b8c495e62bedd6175637c41590e812a58b07922554d7228eeb0cb662153","False"
"MBP-EPE-CFP","MBP-EPE-CFP","2543865921","115","12","5","22 Aug, 2023 @ 2:23pm","2023-08-22 14:23",,,"https://steamcommunity.com/sharedfiles/filedetails/changelog/2543865921?p=12&l=english","df8a4b8c495e62bedd6175637c41590e812a58b07922554d7228eeb0cb662153","False"
"MBP-EPE-CFP","MBP-EPE-CFP","2543865921","116","12","6","7 Aug, 2023 @ 10:38am","2023-08-07 10:38",,,"https://steamcommunity.com/sharedfiles/filedetails/changelog/2543865921?p=12&l=english","df8a4b8c495e62bedd6175637c41590e812a58b07922554d7228eeb0cb662153","False"
"MBP-EPE-CFP","MBP-EPE-CFP","2543865921","117","12","7","5 Aug, 2023 @ 7:24pm","2023-08-05 19:24",,,"https://steamcommunity.com/sharedfiles/filedetails/changelog/2543865921?p=12&l=english","df8a4b8c495e62bedd6175637c41590e812a58b07922554d7228eeb0cb662153","False"
"MBP-EPE-CFP","MBP-EPE-CFP","2543865921","118","12","8","2 Aug, 2023 @ 3:07pm","2023-08-02 15:07",,,"https://steamcommunity.com/sharedfiles/filedetails/changelog/2543865921?p=12&l=english","df8a4b8c495e62bedd6175637c41590e812a58b07922554d7228eeb0cb662153","False"
"MBP-EPE-CFP","MBP-EPE-CFP","2543865921","119","12","9","29 Jul, 2023 @ 10:07am","2023-07-29 10:07",,,"https://steamcommunity.com/sharedfiles/filedetails/changelog/2543865921?p=12&l=english","df8a4b8c495e62bedd6175637c41590e812a58b07922554d7228eeb0cb662153","False"
"MBP-EPE-CFP","MBP-EPE-CFP","2543865921","120","12","10","24 Jul, 2023 @ 11:25am","2023-07-24 11:25",,"Share to your Steam activity feed","https://steamcommunity.com/sharedfiles/filedetails/changelog/2543865921?p=12&l=english","df8a4b8c495e62bedd6175637c41590e812a58b07922554d7228eeb0cb662153","False"
"MBP-EPE-CFP","MBP-EPE-CFP","2543865921","121","13","1","24 Jul, 2023 @ 1:54am","2023-07-24 01:54",,,"https://steamcommunity.com/sharedfiles/filedetails/changelog/2543865921?p=13&l=english","a2db9c639b3271f540916dd20653dd99f240aa5375ab765acd66ec3e6bbaab7d","False"
"MBP-EPE-CFP","MBP-EPE-CFP","2543865921","122","13","2","24 Jul, 2023 @ 1:40am","2023-07-24 01:40",,,"https://steamcommunity.com/sharedfiles/filedetails/changelog/2543865921?p=13&l=english","a2db9c639b3271f540916dd20653dd99f240aa5375ab765acd66ec3e6bbaab7d","False"
"MBP-EPE-CFP","MBP-EPE-CFP","2543865921","123","13","3","24 Jul, 2023 @ 1:18am","2023-07-24 01:18",,,"https://steamcommunity.com/sharedfiles/filedetails/changelog/2543865921?p=13&l=english","a2db9c639b3271f540916dd20653dd99f240aa5375ab765acd66ec3e6bbaab7d","False"
"MBP-EPE-CFP","MBP-EPE-CFP","2543865921","124","13","4","24 Jul, 2023 @ 1:02am","2023-07-24 01:02",,,"https://steamcommunity.com/sharedfiles/filedetails/changelog/2543865921?p=13&l=english","a2db9c639b3271f540916dd20653dd99f240aa5375ab765acd66ec3e6bbaab7d","False"
"MBP-EPE-CFP","MBP-EPE-CFP","2543865921","125","13","5","20 Jul, 2023 @ 9:36pm","2023-07-20 21:36",,,"https://steamcommunity.com/sharedfiles/filedetails/changelog/2543865921?p=13&l=english","a2db9c639b3271f540916dd20653dd99f240aa5375ab765acd66ec3e6bbaab7d","False"
"MBP-EPE-CFP","MBP-EPE-CFP","2543865921","126","13","6","20 Jul, 2023 @ 9:25pm","2023-07-20 21:25",,"- Basic update. There will be issues.","https://steamcommunity.com/sharedfiles/filedetails/changelog/2543865921?p=13&l=english","a2db9c639b3271f540916dd20653dd99f240aa5375ab765acd66ec3e6bbaab7d","False"
"MBP-EPE-CFP","MBP-EPE-CFP","2543865921","127","13","7","17 Apr, 2023 @ 5:13pm","2023-04-17 17:13",,,"https://steamcommunity.com/sharedfiles/filedetails/changelog/2543865921?p=13&l=english","a2db9c639b3271f540916dd20653dd99f240aa5375ab765acd66ec3e6bbaab7d","False"
"MBP-EPE-CFP","MBP-EPE-CFP","2543865921","128","13","8","15 Mar, 2023 @ 5:51pm","2023-03-15 17:51",,,"https://steamcommunity.com/sharedfiles/filedetails/changelog/2543865921?p=13&l=english","a2db9c639b3271f540916dd20653dd99f240aa5375ab765acd66ec3e6bbaab7d","False"
"MBP-EPE-CFP","MBP-EPE-CFP","2543865921","129","13","9","15 Mar, 2023 @ 5:33pm","2023-03-15 17:33",,,"https://steamcommunity.com/sharedfiles/filedetails/changelog/2543865921?p=13&l=english","a2db9c639b3271f540916dd20653dd99f240aa5375ab765acd66ec3e6bbaab7d","False"
"MBP-EPE-CFP","MBP-EPE-CFP","2543865921","130","13","10","15 Mar, 2023 @ 12:21am","2023-03-15 00:21",,"Share to your Steam activity feed","https://steamcommunity.com/sharedfiles/filedetails/changelog/2543865921?p=13&l=english","a2db9c639b3271f540916dd20653dd99f240aa5375ab765acd66ec3e6bbaab7d","False"
"MBP-EPE-CFP","MBP-EPE-CFP","2543865921","131","14","1","12 Mar, 2023 @ 7:15pm","2023-03-12 19:15",,,"https://steamcommunity.com/sharedfiles/filedetails/changelog/2543865921?p=14&l=english","48d9c1f049bcdc5a3efbc3ed46fd274dcf86b610f99a7cd1dbd5e35429712100","False"
"MBP-EPE-CFP","MBP-EPE-CFP","2543865921","132","14","2","5 Mar, 2023 @ 8:36pm","2023-03-05 20:36",,,"https://steamcommunity.com/sharedfiles/filedetails/changelog/2543865921?p=14&l=english","48d9c1f049bcdc5a3efbc3ed46fd274dcf86b610f99a7cd1dbd5e35429712100","False"
"MBP-EPE-CFP","MBP-EPE-CFP","2543865921","133","14","3","4 Feb, 2023 @ 8:06pm","2023-02-04 20:06",,,"https://steamcommunity.com/sharedfiles/filedetails/changelog/2543865921?p=14&l=english","48d9c1f049bcdc5a3efbc3ed46fd274dcf86b610f99a7cd1dbd5e35429712100","False"
"MBP-EPE-CFP","MBP-EPE-CFP","2543865921","134","14","4","21 Jan, 2023 @ 7:37pm","2023-01-21 19:37",,,"https://steamcommunity.com/sharedfiles/filedetails/changelog/2543865921?p=14&l=english","48d9c1f049bcdc5a3efbc3ed46fd274dcf86b610f99a7cd1dbd5e35429712100","False"
"MBP-EPE-CFP","MBP-EPE-CFP","2543865921","135","14","5","13 Jan, 2023 @ 11:32pm","2023-01-13 23:32",,,"https://steamcommunity.com/sharedfiles/filedetails/changelog/2543865921?p=14&l=english","48d9c1f049bcdc5a3efbc3ed46fd274dcf86b610f99a7cd1dbd5e35429712100","False"
"MBP-EPE-CFP","MBP-EPE-CFP","2543865921","136","14","6","13 Dec, 2022 @ 12:48pm","2022-12-13 12:48",,,"https://steamcommunity.com/sharedfiles/filedetails/changelog/2543865921?p=14&l=english","48d9c1f049bcdc5a3efbc3ed46fd274dcf86b610f99a7cd1dbd5e35429712100","False"
"MBP-EPE-CFP","MBP-EPE-CFP","2543865921","137","14","7","3 Dec, 2022 @ 12:38pm","2022-12-03 12:38",,,"https://steamcommunity.com/sharedfiles/filedetails/changelog/2543865921?p=14&l=english","48d9c1f049bcdc5a3efbc3ed46fd274dcf86b610f99a7cd1dbd5e35429712100","False"
"MBP-EPE-CFP","MBP-EPE-CFP","2543865921","138","14","8","2 Dec, 2022 @ 7:20pm","2022-12-02 19:20",,,"https://steamcommunity.com/sharedfiles/filedetails/changelog/2543865921?p=14&l=english","48d9c1f049bcdc5a3efbc3ed46fd274dcf86b610f99a7cd1dbd5e35429712100","False"
"MBP-EPE-CFP","MBP-EPE-CFP","2543865921","139","14","9","29 Sep, 2022 @ 9:55am","2022-09-29 09:55",,,"https://steamcommunity.com/sharedfiles/filedetails/changelog/2543865921?p=14&l=english","48d9c1f049bcdc5a3efbc3ed46fd274dcf86b610f99a7cd1dbd5e35429712100","False"
"MBP-EPE-CFP","MBP-EPE-CFP","2543865921","140","14","10","22 Sep, 2022 @ 3:33pm","2022-09-22 15:33",,"Share to your Steam activity feed","https://steamcommunity.com/sharedfiles/filedetails/changelog/2543865921?p=14&l=english","48d9c1f049bcdc5a3efbc3ed46fd274dcf86b610f99a7cd1dbd5e35429712100","False"
"MBP-EPE-CFP","MBP-EPE-CFP","2543865921","141","15","1","18 Sep, 2022 @ 2:13am","2022-09-18 02:13",,,"https://steamcommunity.com/sharedfiles/filedetails/changelog/2543865921?p=15&l=english","43ea3163a8f3e110c136bd22eb517a3356678bcc98f5c0aa4f28c152389a9cdf","False"
"MBP-EPE-CFP","MBP-EPE-CFP","2543865921","142","15","2","15 Sep, 2022 @ 6:21pm","2022-09-15 18:21",,,"https://steamcommunity.com/sharedfiles/filedetails/changelog/2543865921?p=15&l=english","43ea3163a8f3e110c136bd22eb517a3356678bcc98f5c0aa4f28c152389a9cdf","False"
"MBP-EPE-CFP","MBP-EPE-CFP","2543865921","143","15","3","11 Sep, 2022 @ 6:22pm","2022-09-11 18:22",,,"https://steamcommunity.com/sharedfiles/filedetails/changelog/2543865921?p=15&l=english","43ea3163a8f3e110c136bd22eb517a3356678bcc98f5c0aa4f28c152389a9cdf","False"
"MBP-EPE-CFP","MBP-EPE-CFP","2543865921","144","15","4","9 Sep, 2022 @ 1:59pm","2022-09-09 13:59",,,"https://steamcommunity.com/sharedfiles/filedetails/changelog/2543865921?p=15&l=english","43ea3163a8f3e110c136bd22eb517a3356678bcc98f5c0aa4f28c152389a9cdf","False"
"MBP-EPE-CFP","MBP-EPE-CFP","2543865921","145","15","5","9 Sep, 2022 @ 12:32pm","2022-09-09 12:32",,,"https://steamcommunity.com/sharedfiles/filedetails/changelog/2543865921?p=15&l=english","43ea3163a8f3e110c136bd22eb517a3356678bcc98f5c0aa4f28c152389a9cdf","False"
"MBP-EPE-CFP","MBP-EPE-CFP","2543865921","146","15","6","9 Sep, 2022 @ 12:27pm","2022-09-09 12:27",,,"https://steamcommunity.com/sharedfiles/filedetails/changelog/2543865921?p=15&l=english","43ea3163a8f3e110c136bd22eb517a3356678bcc98f5c0aa4f28c152389a9cdf","False"
"MBP-EPE-CFP","MBP-EPE-CFP","2543865921","147","15","7","9 Sep, 2022 @ 2:23am","2022-09-09 02:23",,,"https://steamcommunity.com/sharedfiles/filedetails/changelog/2543865921?p=15&l=english","43ea3163a8f3e110c136bd22eb517a3356678bcc98f5c0aa4f28c152389a9cdf","False"
"MBP-EPE-CFP","MBP-EPE-CFP","2543865921","148","15","8","28 Jul, 2022 @ 7:08pm","2022-07-28 19:08",,,"https://steamcommunity.com/sharedfiles/filedetails/changelog/2543865921?p=15&l=english","43ea3163a8f3e110c136bd22eb517a3356678bcc98f5c0aa4f28c152389a9cdf","False"
"MBP-EPE-CFP","MBP-EPE-CFP","2543865921","149","15","9","12 Jul, 2022 @ 12:43pm","2022-07-12 12:43",,,"https://steamcommunity.com/sharedfiles/filedetails/changelog/2543865921?p=15&l=english","43ea3163a8f3e110c136bd22eb517a3356678bcc98f5c0aa4f28c152389a9cdf","False"
"MBP-EPE-CFP","MBP-EPE-CFP","2543865921","150","15","10","7 Jul, 2022 @ 12:27pm","2022-07-07 12:27",,"Share to your Steam activity feed","https://steamcommunity.com/sharedfiles/filedetails/changelog/2543865921?p=15&l=english","43ea3163a8f3e110c136bd22eb517a3356678bcc98f5c0aa4f28c152389a9cdf","False"
"MBP-EPE-CFP","MBP-EPE-CFP","2543865921","151","16","1","29 Jun, 2022 @ 12:54pm","2022-06-29 12:54",,,"https://steamcommunity.com/sharedfiles/filedetails/changelog/2543865921?p=16&l=english","ea43591b7fb7efd50c4ef86dce1998656fed34b458b515651f4d790078de7f4c","False"
"MBP-EPE-CFP","MBP-EPE-CFP","2543865921","152","16","2","29 Jun, 2022 @ 12:43pm","2022-06-29 12:43",,,"https://steamcommunity.com/sharedfiles/filedetails/changelog/2543865921?p=16&l=english","ea43591b7fb7efd50c4ef86dce1998656fed34b458b515651f4d790078de7f4c","False"
"MBP-EPE-CFP","MBP-EPE-CFP","2543865921","153","16","3","26 Jun, 2022 @ 9:06pm","2022-06-26 21:06",,,"https://steamcommunity.com/sharedfiles/filedetails/changelog/2543865921?p=16&l=english","ea43591b7fb7efd50c4ef86dce1998656fed34b458b515651f4d790078de7f4c","False"
"MBP-EPE-CFP","MBP-EPE-CFP","2543865921","154","16","4","12 Jun, 2022 @ 8:34pm","2022-06-12 20:34",,,"https://steamcommunity.com/sharedfiles/filedetails/changelog/2543865921?p=16&l=english","ea43591b7fb7efd50c4ef86dce1998656fed34b458b515651f4d790078de7f4c","False"
"MBP-EPE-CFP","MBP-EPE-CFP","2543865921","155","16","5","12 Jun, 2022 @ 3:16pm","2022-06-12 15:16",,,"https://steamcommunity.com/sharedfiles/filedetails/changelog/2543865921?p=16&l=english","ea43591b7fb7efd50c4ef86dce1998656fed34b458b515651f4d790078de7f4c","False"
"MBP-EPE-CFP","MBP-EPE-CFP","2543865921","156","16","6","9 Jun, 2022 @ 4:03pm","2022-06-09 16:03",,,"https://steamcommunity.com/sharedfiles/filedetails/changelog/2543865921?p=16&l=english","ea43591b7fb7efd50c4ef86dce1998656fed34b458b515651f4d790078de7f4c","False"
"MBP-EPE-CFP","MBP-EPE-CFP","2543865921","157","16","7","9 Jun, 2022 @ 1:56pm","2022-06-09 13:56",,,"https://steamcommunity.com/sharedfiles/filedetails/changelog/2543865921?p=16&l=english","ea43591b7fb7efd50c4ef86dce1998656fed34b458b515651f4d790078de7f4c","False"
"MBP-EPE-CFP","MBP-EPE-CFP","2543865921","158","16","8","6 Jun, 2022 @ 12:41am","2022-06-06 00:41",,,"https://steamcommunity.com/sharedfiles/filedetails/changelog/2543865921?p=16&l=english","ea43591b7fb7efd50c4ef86dce1998656fed34b458b515651f4d790078de7f4c","False"
"MBP-EPE-CFP","MBP-EPE-CFP","2543865921","159","16","9","6 Jun, 2022 @ 12:24am","2022-06-06 00:24",,,"https://steamcommunity.com/sharedfiles/filedetails/changelog/2543865921?p=16&l=english","ea43591b7fb7efd50c4ef86dce1998656fed34b458b515651f4d790078de7f4c","False"
"MBP-EPE-CFP","MBP-EPE-CFP","2543865921","160","16","10","6 Jun, 2022 @ 12:14am","2022-06-06 00:14",,"Share to your Steam activity feed","https://steamcommunity.com/sharedfiles/filedetails/changelog/2543865921?p=16&l=english","ea43591b7fb7efd50c4ef86dce1998656fed34b458b515651f4d790078de7f4c","False"
"MBP-EPE-CFP","MBP-EPE-CFP","2543865921","161","17","1","5 Jun, 2022 @ 12:36am","2022-06-05 00:36",,,"https://steamcommunity.com/sharedfiles/filedetails/changelog/2543865921?p=17&l=english","6e7fb128f60d8ef32cad049f7cb56d287f44be292a8504cc09cd48f02da959ba","False"
"MBP-EPE-CFP","MBP-EPE-CFP","2543865921","162","17","2","22 Mar, 2022 @ 3:37pm","2022-03-22 15:37",,,"https://steamcommunity.com/sharedfiles/filedetails/changelog/2543865921?p=17&l=english","6e7fb128f60d8ef32cad049f7cb56d287f44be292a8504cc09cd48f02da959ba","False"
"MBP-EPE-CFP","MBP-EPE-CFP","2543865921","163","17","3","14 Mar, 2022 @ 11:52am","2022-03-14 11:52",,,"https://steamcommunity.com/sharedfiles/filedetails/changelog/2543865921?p=17&l=english","6e7fb128f60d8ef32cad049f7cb56d287f44be292a8504cc09cd48f02da959ba","False"
"MBP-EPE-CFP","MBP-EPE-CFP","2543865921","164","17","4","11 Mar, 2022 @ 1:19pm","2022-03-11 13:19",,,"https://steamcommunity.com/sharedfiles/filedetails/changelog/2543865921?p=17&l=english","6e7fb128f60d8ef32cad049f7cb56d287f44be292a8504cc09cd48f02da959ba","False"
"MBP-EPE-CFP","MBP-EPE-CFP","2543865921","165","17","5","5 Mar, 2022 @ 1:53pm","2022-03-05 13:53",,,"https://steamcommunity.com/sharedfiles/filedetails/changelog/2543865921?p=17&l=english","6e7fb128f60d8ef32cad049f7cb56d287f44be292a8504cc09cd48f02da959ba","False"
"MBP-EPE-CFP","MBP-EPE-CFP","2543865921","166","17","6","5 Mar, 2022 @ 1:33pm","2022-03-05 13:33",,,"https://steamcommunity.com/sharedfiles/filedetails/changelog/2543865921?p=17&l=english","6e7fb128f60d8ef32cad049f7cb56d287f44be292a8504cc09cd48f02da959ba","False"
"MBP-EPE-CFP","MBP-EPE-CFP","2543865921","167","17","7","22 Feb, 2022 @ 9:38am","2022-02-22 09:38",,,"https://steamcommunity.com/sharedfiles/filedetails/changelog/2543865921?p=17&l=english","6e7fb128f60d8ef32cad049f7cb56d287f44be292a8504cc09cd48f02da959ba","False"
"MBP-EPE-CFP","MBP-EPE-CFP","2543865921","168","17","8","14 Feb, 2022 @ 8:37pm","2022-02-14 20:37",,,"https://steamcommunity.com/sharedfiles/filedetails/changelog/2543865921?p=17&l=english","6e7fb128f60d8ef32cad049f7cb56d287f44be292a8504cc09cd48f02da959ba","False"
"MBP-EPE-CFP","MBP-EPE-CFP","2543865921","169","17","9","12 Feb, 2022 @ 1:34am","2022-02-12 01:34",,,"https://steamcommunity.com/sharedfiles/filedetails/changelog/2543865921?p=17&l=english","6e7fb128f60d8ef32cad049f7cb56d287f44be292a8504cc09cd48f02da959ba","False"
"MBP-EPE-CFP","MBP-EPE-CFP","2543865921","170","17","10","10 Feb, 2022 @ 9:59pm","2022-02-10 21:59",,"Share to your Steam activity feed","https://steamcommunity.com/sharedfiles/filedetails/changelog/2543865921?p=17&l=english","6e7fb128f60d8ef32cad049f7cb56d287f44be292a8504cc09cd48f02da959ba","False"
"MBP-EPE-CFP","MBP-EPE-CFP","2543865921","171","18","1","10 Feb, 2022 @ 9:48pm","2022-02-10 21:48",,,"https://steamcommunity.com/sharedfiles/filedetails/changelog/2543865921?p=18&l=english","ffe41a0cd9969c2cd971f3c5992b21e13c3a4eaaa8bc50d819106fbceabd07ed","False"
"MBP-EPE-CFP","MBP-EPE-CFP","2543865921","172","18","2","10 Feb, 2022 @ 8:21pm","2022-02-10 20:21",,,"https://steamcommunity.com/sharedfiles/filedetails/changelog/2543865921?p=18&l=english","ffe41a0cd9969c2cd971f3c5992b21e13c3a4eaaa8bc50d819106fbceabd07ed","False"
"MBP-EPE-CFP","MBP-EPE-CFP","2543865921","173","18","3","10 Feb, 2022 @ 3:12pm","2022-02-10 15:12",,,"https://steamcommunity.com/sharedfiles/filedetails/changelog/2543865921?p=18&l=english","ffe41a0cd9969c2cd971f3c5992b21e13c3a4eaaa8bc50d819106fbceabd07ed","False"
"MBP-EPE-CFP","MBP-EPE-CFP","2543865921","174","18","4","9 Jan, 2022 @ 11:17pm","2022-01-09 23:17",,,"https://steamcommunity.com/sharedfiles/filedetails/changelog/2543865921?p=18&l=english","ffe41a0cd9969c2cd971f3c5992b21e13c3a4eaaa8bc50d819106fbceabd07ed","False"
"MBP-EPE-CFP","MBP-EPE-CFP","2543865921","175","18","5","9 Jan, 2022 @ 11:07pm","2022-01-09 23:07",,,"https://steamcommunity.com/sharedfiles/filedetails/changelog/2543865921?p=18&l=english","ffe41a0cd9969c2cd971f3c5992b21e13c3a4eaaa8bc50d819106fbceabd07ed","False"
"MBP-EPE-CFP","MBP-EPE-CFP","2543865921","176","18","6","1 Dec, 2021 @ 4:39pm","2021-12-01 16:39",,,"https://steamcommunity.com/sharedfiles/filedetails/changelog/2543865921?p=18&l=english","ffe41a0cd9969c2cd971f3c5992b21e13c3a4eaaa8bc50d819106fbceabd07ed","False"
"MBP-EPE-CFP","MBP-EPE-CFP","2543865921","177","18","7","1 Dec, 2021 @ 11:41am","2021-12-01 11:41",,,"https://steamcommunity.com/sharedfiles/filedetails/changelog/2543865921?p=18&l=english","ffe41a0cd9969c2cd971f3c5992b21e13c3a4eaaa8bc50d819106fbceabd07ed","False"
"MBP-EPE-CFP","MBP-EPE-CFP","2543865921","178","18","8","1 Dec, 2021 @ 11:40am","2021-12-01 11:40",,,"https://steamcommunity.com/sharedfiles/filedetails/changelog/2543865921?p=18&l=english","ffe41a0cd9969c2cd971f3c5992b21e13c3a4eaaa8bc50d819106fbceabd07ed","False"
"MBP-EPE-CFP","MBP-EPE-CFP","2543865921","179","18","9","30 Nov, 2021 @ 2:33pm","2021-11-30 14:33",,,"https://steamcommunity.com/sharedfiles/filedetails/changelog/2543865921?p=18&l=english","ffe41a0cd9969c2cd971f3c5992b21e13c3a4eaaa8bc50d819106fbceabd07ed","False"
"MBP-EPE-CFP","MBP-EPE-CFP","2543865921","180","18","10","30 Nov, 2021 @ 2:20pm","2021-11-30 14:20",,"Share to your Steam activity feed","https://steamcommunity.com/sharedfiles/filedetails/changelog/2543865921?p=18&l=english","ffe41a0cd9969c2cd971f3c5992b21e13c3a4eaaa8bc50d819106fbceabd07ed","False"
"MBP-EPE-CFP","MBP-EPE-CFP","2543865921","181","19","1","30 Nov, 2021 @ 12:57am","2021-11-30 00:57",,,"https://steamcommunity.com/sharedfiles/filedetails/changelog/2543865921?p=19&l=english","be2a53a899f263215c591c950854840644130a2852cf8d15e54ef76e7038eeb0","False"
"MBP-EPE-CFP","MBP-EPE-CFP","2543865921","182","19","2","27 Oct, 2021 @ 9:58pm","2021-10-27 21:58",,,"https://steamcommunity.com/sharedfiles/filedetails/changelog/2543865921?p=19&l=english","be2a53a899f263215c591c950854840644130a2852cf8d15e54ef76e7038eeb0","False"
"MBP-EPE-CFP","MBP-EPE-CFP","2543865921","183","19","3","18 Oct, 2021 @ 1:58pm","2021-10-18 13:58",,,"https://steamcommunity.com/sharedfiles/filedetails/changelog/2543865921?p=19&l=english","be2a53a899f263215c591c950854840644130a2852cf8d15e54ef76e7038eeb0","False"
"MBP-EPE-CFP","MBP-EPE-CFP","2543865921","184","19","4","11 Oct, 2021 @ 2:23pm","2021-10-11 14:23",,,"https://steamcommunity.com/sharedfiles/filedetails/changelog/2543865921?p=19&l=english","be2a53a899f263215c591c950854840644130a2852cf8d15e54ef76e7038eeb0","False"
"MBP-EPE-CFP","MBP-EPE-CFP","2543865921","185","19","5","9 Sep, 2021 @ 9:59pm","2021-09-09 21:59",,,"https://steamcommunity.com/sharedfiles/filedetails/changelog/2543865921?p=19&l=english","be2a53a899f263215c591c950854840644130a2852cf8d15e54ef76e7038eeb0","False"
"MBP-EPE-CFP","MBP-EPE-CFP","2543865921","186","19","6","9 Sep, 2021 @ 1:48pm","2021-09-09 13:48",,,"https://steamcommunity.com/sharedfiles/filedetails/changelog/2543865921?p=19&l=english","be2a53a899f263215c591c950854840644130a2852cf8d15e54ef76e7038eeb0","False"
"MBP-EPE-CFP","MBP-EPE-CFP","2543865921","187","19","7","6 Sep, 2021 @ 12:53pm","2021-09-06 12:53",,,"https://steamcommunity.com/sharedfiles/filedetails/changelog/2543865921?p=19&l=english","be2a53a899f263215c591c950854840644130a2852cf8d15e54ef76e7038eeb0","False"
"MBP-EPE-CFP","MBP-EPE-CFP","2543865921","188","19","8","3 Sep, 2021 @ 9:14pm","2021-09-03 21:14",,,"https://steamcommunity.com/sharedfiles/filedetails/changelog/2543865921?p=19&l=english","be2a53a899f263215c591c950854840644130a2852cf8d15e54ef76e7038eeb0","False"
"MBP-EPE-CFP","MBP-EPE-CFP","2543865921","189","19","9","30 Aug, 2021 @ 8:17pm","2021-08-30 20:17",,,"https://steamcommunity.com/sharedfiles/filedetails/changelog/2543865921?p=19&l=english","be2a53a899f263215c591c950854840644130a2852cf8d15e54ef76e7038eeb0","False"
"MBP-EPE-CFP","MBP-EPE-CFP","2543865921","190","19","10","11 Jul, 2021 @ 2:12am","2021-07-11 02:12",,"Share to your Steam activity feed","https://steamcommunity.com/sharedfiles/filedetails/changelog/2543865921?p=19&l=english","be2a53a899f263215c591c950854840644130a2852cf8d15e54ef76e7038eeb0","False"
"MBP-EPE-CFP","MBP-EPE-CFP","2543865921","191","20","1","11 Jul, 2021 @ 12:17am","2021-07-11 00:17",,"Share to your Steam activity feed","https://steamcommunity.com/sharedfiles/filedetails/changelog/2543865921?p=20&l=english","6179a5bac3ee16b5943f9cafd9d2686b7182f9dfd86ac3882bf324b9e3c89de1","False"
"MedievalImmersion","MI","3268020725","1","1","1","21 Jul @ 12:12pm","2026-07-21 12:12",,,"https://steamcommunity.com/sharedfiles/filedetails/changelog/3268020725?p=1&l=english","826b06fb5f0c202771f5a08ab102a0caa2ba33323f11a5855ed9e255dfd26857","False"
"MedievalImmersion","MI","3268020725","2","1","2","19 Jul @ 4:53pm","2026-07-19 16:53",,"*Updated for latest patch","https://steamcommunity.com/sharedfiles/filedetails/changelog/3268020725?p=1&l=english","826b06fb5f0c202771f5a08ab102a0caa2ba33323f11a5855ed9e255dfd26857","False"
"MedievalImmersion","MI","3268020725","3","1","3","30 Dec, 2025 @ 12:43pm","2025-12-30 12:43",,"Fixed bug that caused CTD","https://steamcommunity.com/sharedfiles/filedetails/changelog/3268020725?p=1&l=english","826b06fb5f0c202771f5a08ab102a0caa2ba33323f11a5855ed9e255dfd26857","False"
"MedievalImmersion","MI","3268020725","4","1","4","21 Dec, 2025 @ 1:27pm","2025-12-21 13:27",,"Added Hexi culture to Hexi corridor","https://steamcommunity.com/sharedfiles/filedetails/changelog/3268020725?p=1&l=english","826b06fb5f0c202771f5a08ab102a0caa2ba33323f11a5855ed9e255dfd26857","False"
"MedievalImmersion","MI","3268020725","5","1","5","16 Dec, 2025 @ 2:50pm","2025-12-16 14:50",,"Removed redundant file","https://steamcommunity.com/sharedfiles/filedetails/changelog/3268020725?p=1&l=english","826b06fb5f0c202771f5a08ab102a0caa2ba33323f11a5855ed9e255dfd26857","False"
"MedievalImmersion","MI","3268020725","6","1","6","16 Dec, 2025 @ 2:35pm","2025-12-16 14:35",,"Fixed Spelling Error","https://steamcommunity.com/sharedfiles/filedetails/changelog/3268020725?p=1&l=english","826b06fb5f0c202771f5a08ab102a0caa2ba33323f11a5855ed9e255dfd26857","False"
"MedievalImmersion","MI","3268020725","7","1","7","13 Dec, 2025 @ 11:53am","2025-12-13 11:53",,"Updated descriptor","https://steamcommunity.com/sharedfiles/filedetails/changelog/3268020725?p=1&l=english","826b06fb5f0c202771f5a08ab102a0caa2ba33323f11a5855ed9e255dfd26857","False"
"MedievalImmersion","MI","3268020725","8","1","8","12 Dec, 2025 @ 9:47pm","2025-12-12 21:47",,"Updated to latest patch plus minor bugfixes","https://steamcommunity.com/sharedfiles/filedetails/changelog/3268020725?p=1&l=english","826b06fb5f0c202771f5a08ab102a0caa2ba33323f11a5855ed9e255dfd26857","False"
"MedievalImmersion","MI","3268020725","9","1","9","8 Dec, 2025 @ 4:58pm","2025-12-08 16:58",,"bug fixes","https://steamcommunity.com/sharedfiles/filedetails/changelog/3268020725?p=1&l=english","826b06fb5f0c202771f5a08ab102a0caa2ba33323f11a5855ed9e255dfd26857","False"
"MedievalImmersion","MI","3268020725","10","1","10","8 Dec, 2025 @ 4:56pm","2025-12-08 16:56",,"Share to your Steam activity feed","https://steamcommunity.com/sharedfiles/filedetails/changelog/3268020725?p=1&l=english","826b06fb5f0c202771f5a08ab102a0caa2ba33323f11a5855ed9e255dfd26857","False"
"MedievalImmersion","MI","3268020725","11","2","1","27 Nov, 2025 @ 5:52pm","2025-11-27 17:52",,"minor bugfixes I forgot to include in the last main update","https://steamcommunity.com/sharedfiles/filedetails/changelog/3268020725?p=2&l=english","0f0be02dfd4da1e781689cbf30afb4ded08abdeae159273124b6771265612502","False"
"MedievalImmersion","MI","3268020725","12","2","2","27 Nov, 2025 @ 5:08pm","2025-11-27 17:08",,"-added Tamna culture","https://steamcommunity.com/sharedfiles/filedetails/changelog/3268020725?p=2&l=english","0f0be02dfd4da1e781689cbf30afb4ded08abdeae159273124b6771265612502","False"
"MedievalImmersion","MI","3268020725","13","2","3","15 Nov, 2025 @ 9:31am","2025-11-15 09:31",,"Minor bugfix","https://steamcommunity.com/sharedfiles/filedetails/changelog/3268020725?p=2&l=english","0f0be02dfd4da1e781689cbf30afb4ded08abdeae159273124b6771265612502","False"
"MedievalImmersion","MI","3268020725","14","2","4","14 Nov, 2025 @ 6:01pm","2025-11-14 18:01",,"Fixed bug that did not allow members of the Robertians to form the house of Capet when they controlled the Kingdom of France","https://steamcommunity.com/sharedfiles/filedetails/changelog/3268020725?p=2&l=english","0f0be02dfd4da1e781689cbf30afb4ded08abdeae159273124b6771265612502","False"
"MedievalImmersion","MI","3268020725","15","2","5","14 Nov, 2025 @ 4:55pm","2025-11-14 16:55",,"Minor bugfix","https://steamcommunity.com/sharedfiles/filedetails/changelog/3268020725?p=2&l=english","0f0be02dfd4da1e781689cbf30afb4ded08abdeae159273124b6771265612502","False"
"MedievalImmersion","MI","3268020725","16","2","6","14 Nov, 2025 @ 4:51pm","2025-11-14 16:51",,"Minor bugfix","https://steamcommunity.com/sharedfiles/filedetails/changelog/3268020725?p=2&l=english","0f0be02dfd4da1e781689cbf30afb4ded08abdeae159273124b6771265612502","False"
"MedievalImmersion","MI","3268020725","17","2","7","14 Nov, 2025 @ 2:40pm","2025-11-14 14:40",,"Updated for 1.18.1.1","https://steamcommunity.com/sharedfiles/filedetails/changelog/3268020725?p=2&l=english","0f0be02dfd4da1e781689cbf30afb4ded08abdeae159273124b6771265612502","False"
"MedievalImmersion","MI","3268020725","18","2","8","12 Nov, 2025 @ 7:23pm","2025-11-12 19:23",,"Forgot about Siam. Updated for its decision to work.","https://steamcommunity.com/sharedfiles/filedetails/changelog/3268020725?p=2&l=english","0f0be02dfd4da1e781689cbf30afb4ded08abdeae159273124b6771265612502","False"
"MedievalImmersion","MI","3268020725","19","2","9","12 Nov, 2025 @ 6:44pm","2025-11-12 18:44",,"General Changes:","https://steamcommunity.com/sharedfiles/filedetails/changelog/3268020725?p=2&l=english","0f0be02dfd4da1e781689cbf30afb4ded08abdeae159273124b6771265612502","False"
"MedievalImmersion","MI","3268020725","20","2","10","13 Aug, 2025 @ 9:38am","2025-08-13 09:38",,"Split Indo-Aryan culture group into West Aryan, East Aryan, and Insular Aryan. Added Dhivehi and Bihari cultures. Updated faith icons.","https://steamcommunity.com/sharedfiles/filedetails/changelog/3268020725?p=2&l=english","0f0be02dfd4da1e781689cbf30afb4ded08abdeae159273124b6771265612502","False"
"MedievalImmersion","MI","3268020725","21","3","1","27 May, 2025 @ 4:23pm","2025-05-27 16:23",,"-Updated for latest patch","https://steamcommunity.com/sharedfiles/filedetails/changelog/3268020725?p=3&l=english","98063fa96a340d3b1d1115ebd6cc23d52b95adfcb6e6be47bbb6527902108e99","False"
"MedievalImmersion","MI","3268020725","22","3","2","8 Apr, 2025 @ 1:50pm","2025-04-08 13:50",,"-Updated culture groups to incorporate those from recent updates.","https://steamcommunity.com/sharedfiles/filedetails/changelog/3268020725?p=3&l=english","98063fa96a340d3b1d1115ebd6cc23d52b95adfcb6e6be47bbb6527902108e99","False"
"MedievalImmersion","MI","3268020725","23","3","3","22 Jun, 2024 @ 3:25pm","2024-06-22 15:25",,"Fixed a bug in which the duchy of Istria is not a de-jure part of Carinthia in the 1066 startdate","https://steamcommunity.com/sharedfiles/filedetails/changelog/3268020725?p=3&l=english","98063fa96a340d3b1d1115ebd6cc23d52b95adfcb6e6be47bbb6527902108e99","False"
"MedievalImmersion","MI","3268020725","24","3","4","22 Jun, 2024 @ 2:59pm","2024-06-22 14:59",,"Added many historical titles from late antiquity (not playable just for flavor), as well as their rulers","https://steamcommunity.com/sharedfiles/filedetails/changelog/3268020725?p=3&l=english","98063fa96a340d3b1d1115ebd6cc23d52b95adfcb6e6be47bbb6527902108e99","False"
"MedievalImmersion","MI","3268020725","25","3","5","19 Jun, 2024 @ 5:22pm","2024-06-19 17:22",,"Fixed an issue in which some counties had the wrong names or were assigned the wrong duchies.","https://steamcommunity.com/sharedfiles/filedetails/changelog/3268020725?p=3&l=english","98063fa96a340d3b1d1115ebd6cc23d52b95adfcb6e6be47bbb6527902108e99","False"
"MedievalImmersion","MI","3268020725","26","3","6","15 Jun, 2024 @ 11:04am","2024-06-15 11:04",,"Fixed an issue with the county of Hereford not being in the Welsh Marches duchy in the 1066 start.","https://steamcommunity.com/sharedfiles/filedetails/changelog/3268020725?p=3&l=english","98063fa96a340d3b1d1115ebd6cc23d52b95adfcb6e6be47bbb6527902108e99","False"
"MedievalImmersion","MI","3268020725","27","3","7","14 Jun, 2024 @ 9:05pm","2024-06-14 21:05",,"Share to your Steam activity feed","https://steamcommunity.com/sharedfiles/filedetails/changelog/3268020725?p=3&l=english","98063fa96a340d3b1d1115ebd6cc23d52b95adfcb6e6be47bbb6527902108e99","False"
"MPE","MPE","3726274827","1","1","1","7 Aug @ 7:03pm","2026-08-07 19:03",,"Various fixes,","https://steamcommunity.com/sharedfiles/filedetails/changelog/3726274827?p=1&l=english","f6f0a5996cc1484b177858cf47f2b143ead034b919e6399607b66f3dddf7a9eb","False"
"MPE","MPE","3726274827","2","1","2","10 Jul @ 12:39am","2026-07-10 00:39",,"Africa, Middle Kingdom, Land of Juche, and Riben Guizi.","https://steamcommunity.com/sharedfiles/filedetails/changelog/3726274827?p=1&l=english","f6f0a5996cc1484b177858cf47f2b143ead034b919e6399607b66f3dddf7a9eb","False"
"MPE","MPE","3726274827","3","1","3","10 Jul @ 12:34am","2026-07-10 00:34",,,"https://steamcommunity.com/sharedfiles/filedetails/changelog/3726274827?p=1&l=english","f6f0a5996cc1484b177858cf47f2b143ead034b919e6399607b66f3dddf7a9eb","False"
"MPE","MPE","3726274827","4","1","4","18 Jun @ 4:31am","2026-06-18 04:31",,"South East Asia massive rework.","https://steamcommunity.com/sharedfiles/filedetails/changelog/3726274827?p=1&l=english","f6f0a5996cc1484b177858cf47f2b143ead034b919e6399607b66f3dddf7a9eb","False"
"MPE","MPE","3726274827","5","1","5","20 May @ 10:40pm","2026-05-20 22:40",,"Medieval Arts fixes","https://steamcommunity.com/sharedfiles/filedetails/changelog/3726274827?p=1&l=english","f6f0a5996cc1484b177858cf47f2b143ead034b919e6399607b66f3dddf7a9eb","False"
"MPE","MPE","3726274827","6","1","6","17 May @ 11:36pm","2026-05-17 23:36",,"Winter severity","https://steamcommunity.com/sharedfiles/filedetails/changelog/3726274827?p=1&l=english","f6f0a5996cc1484b177858cf47f2b143ead034b919e6399607b66f3dddf7a9eb","False"
"MPE","MPE","3726274827","7","1","7","17 May @ 2:34am","2026-05-17 02:34",,,"https://steamcommunity.com/sharedfiles/filedetails/changelog/3726274827?p=1&l=english","f6f0a5996cc1484b177858cf47f2b143ead034b919e6399607b66f3dddf7a9eb","False"
"MPE","MPE","3726274827","8","1","8","16 May @ 3:46am","2026-05-16 03:46",,"RICE files in COMPATCH folder","https://steamcommunity.com/sharedfiles/filedetails/changelog/3726274827?p=1&l=english","f6f0a5996cc1484b177858cf47f2b143ead034b919e6399607b66f3dddf7a9eb","False"
"MPE","MPE","3726274827","9","1","9","15 May @ 1:28am","2026-05-15 01:28",,"Share to your Steam activity feed","https://steamcommunity.com/sharedfiles/filedetails/changelog/3726274827?p=1&l=english","f6f0a5996cc1484b177858cf47f2b143ead034b919e6399607b66f3dddf7a9eb","False"
"RICE","RICE","2273832430","1","1","1","14 Aug @ 12:14pm","2026-08-14 12:14","Version 1.19.2.a Hotfix for ""Al-Andalus""","Version 1.19.2.a Hotfix for ""Al-Andalus""","https://steamcommunity.com/sharedfiles/filedetails/changelog/2273832430?p=1&l=english","53476c523bdbe032fa01aec6f34e85823b4da89cc2fa1d650b1d9cdcda1fa0b8","False"
"RICE","RICE","2273832430","2","1","2","26 Jul @ 12:25pm","2026-07-26 12:25","Version 1.19.2 ""Al-Andalus""","Version 1.19.2 ""Al-Andalus""","https://steamcommunity.com/sharedfiles/filedetails/changelog/2273832430?p=1&l=english","53476c523bdbe032fa01aec6f34e85823b4da89cc2fa1d650b1d9cdcda1fa0b8","False"
"RICE","RICE","2273832430","3","1","3","10 Jul @ 11:40am","2026-07-10 11:40","Version 1.19.1 ""Pacific""","Version 1.19.1 ""Pacific""","https://steamcommunity.com/sharedfiles/filedetails/changelog/2273832430?p=1&l=english","53476c523bdbe032fa01aec6f34e85823b4da89cc2fa1d650b1d9cdcda1fa0b8","False"
"RICE","RICE","2273832430","4","1","4","15 May @ 1:16pm","2026-05-15 13:16","Version 1.19.0.b Hotfix for ""Strait of Malacca""","Version 1.19.0.b Hotfix for ""Strait of Malacca""","https://steamcommunity.com/sharedfiles/filedetails/changelog/2273832430?p=1&l=english","53476c523bdbe032fa01aec6f34e85823b4da89cc2fa1d650b1d9cdcda1fa0b8","False"
"RICE","RICE","2273832430","5","1","5","2 May @ 3:53pm","2026-05-02 15:53","Version 1.19.0.a Hotfix for ""Strait of Malacca""","Version 1.19.0.a Hotfix for ""Strait of Malacca""","https://steamcommunity.com/sharedfiles/filedetails/changelog/2273832430?p=1&l=english","53476c523bdbe032fa01aec6f34e85823b4da89cc2fa1d650b1d9cdcda1fa0b8","False"
"RICE","RICE","2273832430","6","1","6","28 Apr @ 12:04pm","2026-04-28 12:04",,"“All the merchants from above the winds and below the winds came to Melaka [...] It was named Malakat by all the Arabs, meaning the meeting place of all merchants, because there are many different types of commerce there.”","https://steamcommunity.com/sharedfiles/filedetails/changelog/2273832430?p=1&l=english","53476c523bdbe032fa01aec6f34e85823b4da89cc2fa1d650b1d9cdcda1fa0b8","False"
"RICE","RICE","2273832430","7","1","7","28 Mar @ 11:29am","2026-03-28 11:29",,"“Whoever is bound for the Land of the Zanj sails past Socotra. The majority of its population are Christian Arabs. Thence are delivered aloe and the resin of a tree which grows only on this island.”","https://steamcommunity.com/sharedfiles/filedetails/changelog/2273832430?p=1&l=english","53476c523bdbe032fa01aec6f34e85823b4da89cc2fa1d650b1d9cdcda1fa0b8","False"
"RICE","RICE","2273832430","8","1","8","9 Feb @ 10:48pm","2026-02-09 22:48","Version 1.18.1.b Hotfix for ""Saint Patrick""","Version 1.18.1.b Hotfix for ""Saint Patrick""","https://steamcommunity.com/sharedfiles/filedetails/changelog/2273832430?p=1&l=english","53476c523bdbe032fa01aec6f34e85823b4da89cc2fa1d650b1d9cdcda1fa0b8","False"
"RICE","RICE","2273832430","9","1","9","7 Feb @ 1:01pm","2026-02-07 13:01","Version 1.18.1.a Hotfix for ""Saint Patrick""","Version 1.18.1.a Hotfix for ""Saint Patrick""","https://steamcommunity.com/sharedfiles/filedetails/changelog/2273832430?p=1&l=english","53476c523bdbe032fa01aec6f34e85823b4da89cc2fa1d650b1d9cdcda1fa0b8","False"
"RICE","RICE","2273832430","10","1","10","2 Feb @ 12:04am","2026-02-02 00:04","Version 1.18.1 ""Saint Patrick""","Version 1.18.1 ""Saint Patrick""","https://steamcommunity.com/sharedfiles/filedetails/changelog/2273832430?p=1&l=english","53476c523bdbe032fa01aec6f34e85823b4da89cc2fa1d650b1d9cdcda1fa0b8","False"
"RICE","RICE","2273832430","11","2","1","17 Dec, 2025 @ 10:03pm","2025-12-17 22:03","Version 1.18.0.c Hotfix ""Scholar-Gentry""","Version 1.18.0.c Hotfix ""Scholar-Gentry""","https://steamcommunity.com/sharedfiles/filedetails/changelog/2273832430?p=2&l=english","cc909fed6e0b41df2cc35882852eecd7b188bcca5504ad5b9b7d35b55a16fddb","False"
"RICE","RICE","2273832430","12","2","2","13 Dec, 2025 @ 10:59pm","2025-12-13 22:59","Version 1.18.0.b Hotfix ""Scholar-Gentry""","Version 1.18.0.b Hotfix ""Scholar-Gentry""","https://steamcommunity.com/sharedfiles/filedetails/changelog/2273832430?p=2&l=english","cc909fed6e0b41df2cc35882852eecd7b188bcca5504ad5b9b7d35b55a16fddb","False"
"RICE","RICE","2273832430","13","2","3","9 Dec, 2025 @ 9:39pm","2025-12-09 21:39","Version 1.18.0.a Hotfix ""Scholar-Gentry""","Version 1.18.0.a Hotfix ""Scholar-Gentry""","https://steamcommunity.com/sharedfiles/filedetails/changelog/2273832430?p=2&l=english","cc909fed6e0b41df2cc35882852eecd7b188bcca5504ad5b9b7d35b55a16fddb","False"
"RICE","RICE","2273832430","14","2","4","9 Dec, 2025 @ 12:27am","2025-12-09 00:27","Version 1.18.0 ""Scholar-Gentry""","Version 1.18.0 ""Scholar-Gentry""","https://steamcommunity.com/sharedfiles/filedetails/changelog/2273832430?p=2&l=english","cc909fed6e0b41df2cc35882852eecd7b188bcca5504ad5b9b7d35b55a16fddb","False"
"RICE","RICE","2273832430","15","2","5","3 Oct, 2025 @ 10:34pm","2025-10-03 22:34","Version 1.17.0.a Hotfix for ""Makuria""","Version 1.17.0.a Hotfix for ""Makuria""","https://steamcommunity.com/sharedfiles/filedetails/changelog/2273832430?p=2&l=english","cc909fed6e0b41df2cc35882852eecd7b188bcca5504ad5b9b7d35b55a16fddb","False"
"RICE","RICE","2273832430","16","2","6","30 Sep, 2025 @ 12:24am","2025-09-30 00:24","Version 1.17.0 ""Makuria""","Version 1.17.0 ""Makuria""","https://steamcommunity.com/sharedfiles/filedetails/changelog/2273832430?p=2&l=english","cc909fed6e0b41df2cc35882852eecd7b188bcca5504ad5b9b7d35b55a16fddb","False"
"RICE","RICE","2273832430","17","2","7","3 Jul, 2025 @ 6:30pm","2025-07-03 18:30",,"Fixed issues with the Spanish translation of the Manichean localization by fixing the relevant file's encoding","https://steamcommunity.com/sharedfiles/filedetails/changelog/2273832430?p=2&l=english","cc909fed6e0b41df2cc35882852eecd7b188bcca5504ad5b9b7d35b55a16fddb","False"
"RICE","RICE","2273832430","18","2","8","28 Jun, 2025 @ 9:07pm","2025-06-28 21:07","Version 1.16.1.b Hotfix for ""Cao'an","Version 1.16.1.b Hotfix for ""Cao'an","https://steamcommunity.com/sharedfiles/filedetails/changelog/2273832430?p=2&l=english","cc909fed6e0b41df2cc35882852eecd7b188bcca5504ad5b9b7d35b55a16fddb","False"
"RICE","RICE","2273832430","19","2","9","24 Jun, 2025 @ 8:52pm","2025-06-24 20:52","Version 1.16.1.a Hotfix for ""Cao'an","Version 1.16.1.a Hotfix for ""Cao'an","https://steamcommunity.com/sharedfiles/filedetails/changelog/2273832430?p=2&l=english","cc909fed6e0b41df2cc35882852eecd7b188bcca5504ad5b9b7d35b55a16fddb","False"
"RICE","RICE","2273832430","20","2","10","17 Jun, 2025 @ 9:01pm","2025-06-17 21:01","Version 1.16.1 ""Cao'an","Version 1.16.1 ""Cao'an","https://steamcommunity.com/sharedfiles/filedetails/changelog/2273832430?p=2&l=english","cc909fed6e0b41df2cc35882852eecd7b188bcca5504ad5b9b7d35b55a16fddb","False"
"RICE","RICE","2273832430","21","3","1","31 May, 2025 @ 1:33pm","2025-05-31 13:33","Version 1.16.0.b Hotfix for ""Buddha of Light""","Version 1.16.0.b Hotfix for ""Buddha of Light""","https://steamcommunity.com/sharedfiles/filedetails/changelog/2273832430?p=3&l=english","9c686615dc1799836640c5a5e7c05d57d3ef73274f42a1b780dc63f2fbca0987","False"
"RICE","RICE","2273832430","22","3","2","20 May, 2025 @ 9:10pm","2025-05-20 21:10","Version 1.16.0.a Hotfix for ""Buddha of Light""","Version 1.16.0.a Hotfix for ""Buddha of Light""","https://steamcommunity.com/sharedfiles/filedetails/changelog/2273832430?p=3&l=english","9c686615dc1799836640c5a5e7c05d57d3ef73274f42a1b780dc63f2fbca0987","False"
"RICE","RICE","2273832430","23","3","3","19 May, 2025 @ 12:47am","2025-05-19 00:47","Version 1.16.0 ""Buddha of Light""","Version 1.16.0 ""Buddha of Light""","https://steamcommunity.com/sharedfiles/filedetails/changelog/2273832430?p=3&l=english","9c686615dc1799836640c5a5e7c05d57d3ef73274f42a1b780dc63f2fbca0987","False"
"RICE","RICE","2273832430","24","3","4","28 Mar, 2025 @ 9:44pm","2025-03-28 21:44","Version 1.15.0 ""Ladakh""","Version 1.15.0 ""Ladakh""","https://steamcommunity.com/sharedfiles/filedetails/changelog/2273832430?p=3&l=english","9c686615dc1799836640c5a5e7c05d57d3ef73274f42a1b780dc63f2fbca0987","False"
"RICE","RICE","2273832430","25","3","5","7 Mar, 2025 @ 10:13pm","2025-03-07 22:13","Version 1.14.2.a Hotfix for ""Rus""","Version 1.14.2.a Hotfix for ""Rus""","https://steamcommunity.com/sharedfiles/filedetails/changelog/2273832430?p=3&l=english","9c686615dc1799836640c5a5e7c05d57d3ef73274f42a1b780dc63f2fbca0987","False"
"RICE","RICE","2273832430","26","3","6","4 Mar, 2025 @ 12:10am","2025-03-04 00:10","Version 1.14.2 ""Rus""","Version 1.14.2 ""Rus""","https://steamcommunity.com/sharedfiles/filedetails/changelog/2273832430?p=3&l=english","9c686615dc1799836640c5a5e7c05d57d3ef73274f42a1b780dc63f2fbca0987","False"
"RICE","RICE","2273832430","27","3","7","16 Feb, 2025 @ 12:44am","2025-02-16 00:44","Version 1.14.1.b Hotfix for ""Padmasambhava""","Version 1.14.1.b Hotfix for ""Padmasambhava""","https://steamcommunity.com/sharedfiles/filedetails/changelog/2273832430?p=3&l=english","9c686615dc1799836640c5a5e7c05d57d3ef73274f42a1b780dc63f2fbca0987","False"
"RICE","RICE","2273832430","28","3","8","10 Feb, 2025 @ 10:52pm","2025-02-10 22:52","Version 1.14.1.a Hotfix for ""Padmasambhava""","Version 1.14.1.a Hotfix for ""Padmasambhava""","https://steamcommunity.com/sharedfiles/filedetails/changelog/2273832430?p=3&l=english","9c686615dc1799836640c5a5e7c05d57d3ef73274f42a1b780dc63f2fbca0987","False"
"RICE","RICE","2273832430","29","3","9","5 Feb, 2025 @ 11:22pm","2025-02-05 23:22","Version 1.14.1 ""Padmasambhava""","Version 1.14.1 ""Padmasambhava""","https://steamcommunity.com/sharedfiles/filedetails/changelog/2273832430?p=3&l=english","9c686615dc1799836640c5a5e7c05d57d3ef73274f42a1b780dc63f2fbca0987","False"
"RICE","RICE","2273832430","30","3","10","2 Dec, 2024 @ 12:10am","2024-12-02 00:10","Version 1.14.0.a Hotfix for ""Hyecho""","Version 1.14.0.a Hotfix for ""Hyecho""","https://steamcommunity.com/sharedfiles/filedetails/changelog/2273832430?p=3&l=english","9c686615dc1799836640c5a5e7c05d57d3ef73274f42a1b780dc63f2fbca0987","False"
"RICE","RICE","2273832430","31","4","1","21 Nov, 2024 @ 12:00pm","2024-11-21 12:00","Version 1.14.0 ""Hyecho""","Version 1.14.0 ""Hyecho""","https://steamcommunity.com/sharedfiles/filedetails/changelog/2273832430?p=4&l=english","73793d8dbdfd443d89ea42b169f9b9ec04ca968b4dcf1fa90f313e82e7206036","False"
"RICE","RICE","2273832430","32","4","2","21 Nov, 2024 @ 11:57am","2024-11-21 11:57",,"Missed a few things","https://steamcommunity.com/sharedfiles/filedetails/changelog/2273832430?p=4&l=english","73793d8dbdfd443d89ea42b169f9b9ec04ca968b4dcf1fa90f313e82e7206036","False"
"RICE","RICE","2273832430","33","4","3","21 Nov, 2024 @ 11:56am","2024-11-21 11:56",,,"https://steamcommunity.com/sharedfiles/filedetails/changelog/2273832430?p=4&l=english","73793d8dbdfd443d89ea42b169f9b9ec04ca968b4dcf1fa90f313e82e7206036","False"
"RICE","RICE","2273832430","34","4","4","29 Oct, 2024 @ 9:49pm","2024-10-29 21:49","Version 1.13.1 ""Alexiad""","Version 1.13.1 ""Alexiad""","https://steamcommunity.com/sharedfiles/filedetails/changelog/2273832430?p=4&l=english","73793d8dbdfd443d89ea42b169f9b9ec04ca968b4dcf1fa90f313e82e7206036","False"
"RICE","RICE","2273832430","35","4","5","12 Oct, 2024 @ 10:35pm","2024-10-12 22:35","Version 1.13.0.a Hotfix for ""Anna Komnene""","Version 1.13.0.a Hotfix for ""Anna Komnene""","https://steamcommunity.com/sharedfiles/filedetails/changelog/2273832430?p=4&l=english","73793d8dbdfd443d89ea42b169f9b9ec04ca968b4dcf1fa90f313e82e7206036","False"
"RICE","RICE","2273832430","36","4","6","6 Oct, 2024 @ 3:11am","2024-10-06 03:11","Version 1.3.0 Mini-Hotfix","Version 1.3.0 Mini-Hotfix","https://steamcommunity.com/sharedfiles/filedetails/changelog/2273832430?p=4&l=english","73793d8dbdfd443d89ea42b169f9b9ec04ca968b4dcf1fa90f313e82e7206036","False"
"RICE","RICE","2273832430","37","4","7","5 Oct, 2024 @ 11:08pm","2024-10-05 23:08","Version 1.13.0 ""Anna Komnene""","Version 1.13.0 ""Anna Komnene""","https://steamcommunity.com/sharedfiles/filedetails/changelog/2273832430?p=4&l=english","73793d8dbdfd443d89ea42b169f9b9ec04ca968b4dcf1fa90f313e82e7206036","False"
"RICE","RICE","2273832430","38","4","8","8 Sep, 2024 @ 10:44pm","2024-09-08 22:44","Version 1.12.3 ""Syracuse""","Version 1.12.3 ""Syracuse""","https://steamcommunity.com/sharedfiles/filedetails/changelog/2273832430?p=4&l=english","73793d8dbdfd443d89ea42b169f9b9ec04ca968b4dcf1fa90f313e82e7206036","False"
"RICE","RICE","2273832430","39","4","9","31 Aug, 2024 @ 11:14pm","2024-08-31 23:14","Version 1.12.2.b Hotfix for ""Palermo""","Version 1.12.2.b Hotfix for ""Palermo""","https://steamcommunity.com/sharedfiles/filedetails/changelog/2273832430?p=4&l=english","73793d8dbdfd443d89ea42b169f9b9ec04ca968b4dcf1fa90f313e82e7206036","False"
"RICE","RICE","2273832430","40","4","10","30 Aug, 2024 @ 12:51am","2024-08-30 00:51","Version 1.12.2.a Hotfix for ""Palermo""","Version 1.12.2.a Hotfix for ""Palermo""","https://steamcommunity.com/sharedfiles/filedetails/changelog/2273832430?p=4&l=english","73793d8dbdfd443d89ea42b169f9b9ec04ca968b4dcf1fa90f313e82e7206036","False"
"RICE","RICE","2273832430","41","5","1","28 Aug, 2024 @ 12:35am","2024-08-28 00:35","Version 1.12.2 ""Palermo""","Version 1.12.2 ""Palermo""","https://steamcommunity.com/sharedfiles/filedetails/changelog/2273832430?p=5&l=english","b8bff7d0453cb1713908b0d8d035692e5c48389fd0dd2d169e4548f98ed7c717","False"
"RICE","RICE","2273832430","42","5","2","30 Mar, 2024 @ 12:05pm","2024-03-30 12:05","Version 1.12.1.a Hotfix for ""Dioscorida""","Version 1.12.1.a Hotfix for ""Dioscorida""","https://steamcommunity.com/sharedfiles/filedetails/changelog/2273832430?p=5&l=english","b8bff7d0453cb1713908b0d8d035692e5c48389fd0dd2d169e4548f98ed7c717","False"
"RICE","RICE","2273832430","43","5","3","16 Mar, 2024 @ 10:21pm","2024-03-16 22:21","Version 1.12.1 ""Dioscorida""","Version 1.12.1 ""Dioscorida""","https://steamcommunity.com/sharedfiles/filedetails/changelog/2273832430?p=5&l=english","b8bff7d0453cb1713908b0d8d035692e5c48389fd0dd2d169e4548f98ed7c717","False"
"RICE","RICE","2273832430","44","5","4","10 Mar, 2024 @ 12:32pm","2024-03-10 12:32","Version 1.12.0.a Hotfix for ""Omotic""","Version 1.12.0.a Hotfix for ""Omotic""","https://steamcommunity.com/sharedfiles/filedetails/changelog/2273832430?p=5&l=english","b8bff7d0453cb1713908b0d8d035692e5c48389fd0dd2d169e4548f98ed7c717","False"
"RICE","RICE","2273832430","45","5","5","7 Mar, 2024 @ 12:58am","2024-03-07 00:58","Version 1.12.0 ""Omotic""","Version 1.12.0 ""Omotic""","https://steamcommunity.com/sharedfiles/filedetails/changelog/2273832430?p=5&l=english","b8bff7d0453cb1713908b0d8d035692e5c48389fd0dd2d169e4548f98ed7c717","False"
"RICE","RICE","2273832430","46","5","6","24 Feb, 2024 @ 2:17am","2024-02-24 02:17","Version 1.11.3 ""Nuraghe""","Version 1.11.3 ""Nuraghe""","https://steamcommunity.com/sharedfiles/filedetails/changelog/2273832430?p=5&l=english","b8bff7d0453cb1713908b0d8d035692e5c48389fd0dd2d169e4548f98ed7c717","False"
"RICE","RICE","2273832430","47","5","7","8 Feb, 2024 @ 11:39pm","2024-02-08 23:39","Version 1.11.2 ""Eleanor of Arborea""","Version 1.11.2 ""Eleanor of Arborea""","https://steamcommunity.com/sharedfiles/filedetails/changelog/2273832430?p=5&l=english","b8bff7d0453cb1713908b0d8d035692e5c48389fd0dd2d169e4548f98ed7c717","False"
"RICE","RICE","2273832430","48","5","8","12 Dec, 2023 @ 12:34am","2023-12-12 00:34","Version 1.11.1 ""Hindu Kush""","Version 1.11.1 ""Hindu Kush""","https://steamcommunity.com/sharedfiles/filedetails/changelog/2273832430?p=5&l=english","b8bff7d0453cb1713908b0d8d035692e5c48389fd0dd2d169e4548f98ed7c717","False"
"RICE","RICE","2273832430","49","5","9","20 Nov, 2023 @ 1:15am","2023-11-20 01:15","Version 1.11.0.a Hotfix for ""Melek Taus""","Version 1.11.0.a Hotfix for ""Melek Taus""","https://steamcommunity.com/sharedfiles/filedetails/changelog/2273832430?p=5&l=english","b8bff7d0453cb1713908b0d8d035692e5c48389fd0dd2d169e4548f98ed7c717","False"
"RICE","RICE","2273832430","50","5","10","11 Nov, 2023 @ 9:36pm","2023-11-11 21:36","Version 1.11.0 ""Melek taus""","Version 1.11.0 ""Melek taus""","https://steamcommunity.com/sharedfiles/filedetails/changelog/2273832430?p=5&l=english","b8bff7d0453cb1713908b0d8d035692e5c48389fd0dd2d169e4548f98ed7c717","False"
"RICE","RICE","2273832430","51","6","1","23 Oct, 2023 @ 1:12am","2023-10-23 01:12","Version 1.10.2 ""Arkona""","Version 1.10.2 ""Arkona""","https://steamcommunity.com/sharedfiles/filedetails/changelog/2273832430?p=6&l=english","1875f0192efead26fd9b7c69b4775761bea43247eb79ed58fdba9f0a7f5d7810","False"
"RICE","RICE","2273832430","52","6","2","24 Sep, 2023 @ 12:49am","2023-09-24 00:49","Version 1.10.1 ""Sri Pada""","Version 1.10.1 ""Sri Pada""","https://steamcommunity.com/sharedfiles/filedetails/changelog/2273832430?p=6&l=english","1875f0192efead26fd9b7c69b4775761bea43247eb79ed58fdba9f0a7f5d7810","False"
"RICE","RICE","2273832430","53","6","3","31 Aug, 2023 @ 6:55pm","2023-08-31 18:55","Version 1.10.0.a Hotfix for ""Pali""","Version 1.10.0.a Hotfix for ""Pali""","https://steamcommunity.com/sharedfiles/filedetails/changelog/2273832430?p=6&l=english","1875f0192efead26fd9b7c69b4775761bea43247eb79ed58fdba9f0a7f5d7810","False"
"RICE","RICE","2273832430","54","6","4","28 Aug, 2023 @ 11:02pm","2023-08-28 23:02","Version 1.10.0 ""Pali""","Version 1.10.0 ""Pali""","https://steamcommunity.com/sharedfiles/filedetails/changelog/2273832430?p=6&l=english","1875f0192efead26fd9b7c69b4775761bea43247eb79ed58fdba9f0a7f5d7810","False"
"RICE","RICE","2273832430","55","6","5","28 Jun, 2023 @ 11:17pm","2023-06-28 23:17","Version 1.9.2 ""Rouen""","Version 1.9.2 ""Rouen""","https://steamcommunity.com/sharedfiles/filedetails/changelog/2273832430?p=6&l=english","1875f0192efead26fd9b7c69b4775761bea43247eb79ed58fdba9f0a7f5d7810","False"
"RICE","RICE","2273832430","56","6","6","20 Jun, 2023 @ 11:07pm","2023-06-20 23:07","Version 1.9.1 ""Agadez""","Version 1.9.1 ""Agadez""","https://steamcommunity.com/sharedfiles/filedetails/changelog/2273832430?p=6&l=english","1875f0192efead26fd9b7c69b4775761bea43247eb79ed58fdba9f0a7f5d7810","False"
"RICE","RICE","2273832430","57","6","7","12 Jun, 2023 @ 6:23pm","2023-06-12 18:23","Version 1.9.0 ""Tagelmust""","Version 1.9.0 ""Tagelmust""","https://steamcommunity.com/sharedfiles/filedetails/changelog/2273832430?p=6&l=english","1875f0192efead26fd9b7c69b4775761bea43247eb79ed58fdba9f0a7f5d7810","False"
"RICE","RICE","2273832430","58","6","8","18 Apr, 2023 @ 11:00pm","2023-04-18 23:00","Version 1.8.6 ""Jenne""","Version 1.8.6 ""Jenne""","https://steamcommunity.com/sharedfiles/filedetails/changelog/2273832430?p=6&l=english","1875f0192efead26fd9b7c69b4775761bea43247eb79ed58fdba9f0a7f5d7810","False"
"RICE","RICE","2273832430","59","6","9","11 Apr, 2023 @ 11:12pm","2023-04-11 23:12","Version 1.8.5.b Hotfix for ""William the Conqueror""","Version 1.8.5.b Hotfix for ""William the Conqueror""","https://steamcommunity.com/sharedfiles/filedetails/changelog/2273832430?p=6&l=english","1875f0192efead26fd9b7c69b4775761bea43247eb79ed58fdba9f0a7f5d7810","False"
"RICE","RICE","2273832430","60","6","10","5 Apr, 2023 @ 10:23pm","2023-04-05 22:23","Version 1.8.5.a Hotfix for ""William the Conqueror""","Version 1.8.5.a Hotfix for ""William the Conqueror""","https://steamcommunity.com/sharedfiles/filedetails/changelog/2273832430?p=6&l=english","1875f0192efead26fd9b7c69b4775761bea43247eb79ed58fdba9f0a7f5d7810","False"
"RICE","RICE","2273832430","61","7","1","3 Apr, 2023 @ 11:09pm","2023-04-03 23:09","Version 1.8.5 ""William the Conqueror""","Version 1.8.5 ""William the Conqueror""","https://steamcommunity.com/sharedfiles/filedetails/changelog/2273832430?p=7&l=english","0b7beb003d3f6bba4109ec8502f07717d17b0d8d76d1d32b651325a097b34fc8","False"
"RICE","RICE","2273832430","62","7","2","20 Jan, 2023 @ 9:51pm","2023-01-20 21:51","Version 1.8.4 ""Al-Biruni""","Version 1.8.4 ""Al-Biruni""","https://steamcommunity.com/sharedfiles/filedetails/changelog/2273832430?p=7&l=english","0b7beb003d3f6bba4109ec8502f07717d17b0d8d76d1d32b651325a097b34fc8","False"
"RICE","RICE","2273832430","63","7","3","15 Jan, 2023 @ 10:03pm","2023-01-15 22:03",,"Added missing icon for Lowly Menials innovation","https://steamcommunity.com/sharedfiles/filedetails/changelog/2273832430?p=7&l=english","0b7beb003d3f6bba4109ec8502f07717d17b0d8d76d1d32b651325a097b34fc8","False"
"RICE","RICE","2273832430","64","7","4","15 Jan, 2023 @ 7:25pm","2023-01-15 19:25","Version 1.8.3 ""Šuš""","Version 1.8.3 ""Šuš""","https://steamcommunity.com/sharedfiles/filedetails/changelog/2273832430?p=7&l=english","0b7beb003d3f6bba4109ec8502f07717d17b0d8d76d1d32b651325a097b34fc8","False"
"RICE","RICE","2273832430","65","7","5","19 Dec, 2022 @ 2:53am","2022-12-19 02:53","Version 1.8.2 ""Tyushtya""","Version 1.8.2 ""Tyushtya""","https://steamcommunity.com/sharedfiles/filedetails/changelog/2273832430?p=7&l=english","0b7beb003d3f6bba4109ec8502f07717d17b0d8d76d1d32b651325a097b34fc8","False"
"RICE","RICE","2273832430","66","7","6","7 Dec, 2022 @ 12:32am","2022-12-07 00:32","Version 1.8.1 ""Erik the Red""","Version 1.8.1 ""Erik the Red""","https://steamcommunity.com/sharedfiles/filedetails/changelog/2273832430?p=7&l=english","0b7beb003d3f6bba4109ec8502f07717d17b0d8d76d1d32b651325a097b34fc8","False"
"RICE","RICE","2273832430","67","7","7","1 Dec, 2022 @ 12:29pm","2022-12-01 12:29",,"Version: 1.8.0 ""Tuniit""","https://steamcommunity.com/sharedfiles/filedetails/changelog/2273832430?p=7&l=english","0b7beb003d3f6bba4109ec8502f07717d17b0d8d76d1d32b651325a097b34fc8","False"
"RICE","RICE","2273832430","68","7","8","31 Oct, 2022 @ 10:55pm","2022-10-31 22:55","Version 1.7.2.b Hotfix for ""Leif Erikson""","Version 1.7.2.b Hotfix for ""Leif Erikson""","https://steamcommunity.com/sharedfiles/filedetails/changelog/2273832430?p=7&l=english","0b7beb003d3f6bba4109ec8502f07717d17b0d8d76d1d32b651325a097b34fc8","False"
"RICE","RICE","2273832430","69","7","9","31 Oct, 2022 @ 2:32am","2022-10-31 02:32","Version 1.7.2.a Hotfix for ""Leif Erikson""","Version 1.7.2.a Hotfix for ""Leif Erikson""","https://steamcommunity.com/sharedfiles/filedetails/changelog/2273832430?p=7&l=english","0b7beb003d3f6bba4109ec8502f07717d17b0d8d76d1d32b651325a097b34fc8","False"
"RICE","RICE","2273832430","70","7","10","30 Oct, 2022 @ 2:40am","2022-10-30 02:40","Version 1.7.2 ""Leif Erikson""","Version 1.7.2 ""Leif Erikson""","https://steamcommunity.com/sharedfiles/filedetails/changelog/2273832430?p=7&l=english","0b7beb003d3f6bba4109ec8502f07717d17b0d8d76d1d32b651325a097b34fc8","False"
"RICE","RICE","2273832430","71","8","1","3 Oct, 2022 @ 7:01pm","2022-10-03 19:01","Version 1.7.1 ""Hunza""","Version 1.7.1 ""Hunza""","https://steamcommunity.com/sharedfiles/filedetails/changelog/2273832430?p=8&l=english","8ab1dc936b92b75b1cecf2a28c5baa291fcc9934667000e3a71fbad995f1dfad","False"
"RICE","RICE","2273832430","72","8","2","8 Sep, 2022 @ 6:34pm","2022-09-08 18:34","Version 1.7.0 ""Igbo-Ukwu""","Version 1.7.0 ""Igbo-Ukwu""","https://steamcommunity.com/sharedfiles/filedetails/changelog/2273832430?p=8&l=english","8ab1dc936b92b75b1cecf2a28c5baa291fcc9934667000e3a71fbad995f1dfad","False"
"RICE","RICE","2273832430","73","8","3","22 Aug, 2022 @ 9:55pm","2022-08-22 21:55","Version 1.6.4.b Hotfix for ""Ile-Ife""","Version 1.6.4.b Hotfix for ""Ile-Ife""","https://steamcommunity.com/sharedfiles/filedetails/changelog/2273832430?p=8&l=english","8ab1dc936b92b75b1cecf2a28c5baa291fcc9934667000e3a71fbad995f1dfad","False"
"RICE","RICE","2273832430","74","8","4","18 Aug, 2022 @ 1:46am","2022-08-18 01:46","Version 1.6.4.a Hotfix for ""Ile-Ife""","Version 1.6.4.a Hotfix for ""Ile-Ife""","https://steamcommunity.com/sharedfiles/filedetails/changelog/2273832430?p=8&l=english","8ab1dc936b92b75b1cecf2a28c5baa291fcc9934667000e3a71fbad995f1dfad","False"
"RICE","RICE","2273832430","75","8","5","17 Aug, 2022 @ 10:36pm","2022-08-17 22:36",,"(See Above)","https://steamcommunity.com/sharedfiles/filedetails/changelog/2273832430?p=8&l=english","8ab1dc936b92b75b1cecf2a28c5baa291fcc9934667000e3a71fbad995f1dfad","False"
"RICE","RICE","2273832430","76","8","6","17 Aug, 2022 @ 12:41am","2022-08-17 00:41","Version 1.6.4 ""Ile-Ife""","Version 1.6.4 ""Ile-Ife""","https://steamcommunity.com/sharedfiles/filedetails/changelog/2273832430?p=8&l=english","8ab1dc936b92b75b1cecf2a28c5baa291fcc9934667000e3a71fbad995f1dfad","False"
"RICE","RICE","2273832430","77","8","7","5 Jul, 2022 @ 9:52pm","2022-07-05 21:52","Version 1.6.3.a Hotfix for ""Cantiga""","Version 1.6.3.a Hotfix for ""Cantiga""","https://steamcommunity.com/sharedfiles/filedetails/changelog/2273832430?p=8&l=english","8ab1dc936b92b75b1cecf2a28c5baa291fcc9934667000e3a71fbad995f1dfad","False"
"RICE","RICE","2273832430","78","8","8","30 Jun, 2022 @ 10:52pm","2022-06-30 22:52","Version 1.6.3 ""Cantiga""","Version 1.6.3 ""Cantiga""","https://steamcommunity.com/sharedfiles/filedetails/changelog/2273832430?p=8&l=english","8ab1dc936b92b75b1cecf2a28c5baa291fcc9934667000e3a71fbad995f1dfad","False"
"RICE","RICE","2273832430","79","8","9","21 Jun, 2022 @ 9:49pm","2022-06-21 21:49","Version 1.6.2 ""Wakhan""","Version 1.6.2 ""Wakhan""","https://steamcommunity.com/sharedfiles/filedetails/changelog/2273832430?p=8&l=english","8ab1dc936b92b75b1cecf2a28c5baa291fcc9934667000e3a71fbad995f1dfad","False"
"RICE","RICE","2273832430","80","8","10","19 Jun, 2022 @ 10:11pm","2022-06-19 22:11","Version 1.6.1.a Hotfix for ""Darro""","Version 1.6.1.a Hotfix for ""Darro""","https://steamcommunity.com/sharedfiles/filedetails/changelog/2273832430?p=8&l=english","8ab1dc936b92b75b1cecf2a28c5baa291fcc9934667000e3a71fbad995f1dfad","False"
"RICE","RICE","2273832430","81","9","1","11 Jun, 2022 @ 10:33pm","2022-06-11 22:33","Version 1.6.1 ""Darro""","Version 1.6.1 ""Darro""","https://steamcommunity.com/sharedfiles/filedetails/changelog/2273832430?p=9&l=english","8396d62cd9c54e38666fddb2c4170f8c055385816306f267ba0f979ce332fda0","False"
"RICE","RICE","2273832430","82","9","2","4 Jun, 2022 @ 9:40pm","2022-06-04 21:40","Version 1.6.0.b Hotfix","Version 1.6.0.b Hotfix","https://steamcommunity.com/sharedfiles/filedetails/changelog/2273832430?p=9&l=english","8396d62cd9c54e38666fddb2c4170f8c055385816306f267ba0f979ce332fda0","False"
"RICE","RICE","2273832430","83","9","3","2 Jun, 2022 @ 10:23pm","2022-06-02 22:23","Version 1.6.0.a Hotfix","Version 1.6.0.a Hotfix","https://steamcommunity.com/sharedfiles/filedetails/changelog/2273832430?p=9&l=english","8396d62cd9c54e38666fddb2c4170f8c055385816306f267ba0f979ce332fda0","False"
"RICE","RICE","2273832430","84","9","4","1 Jun, 2022 @ 3:09am","2022-06-01 03:09","Version 1.6.0 ""Alhambra""","Version 1.6.0 ""Alhambra""","https://steamcommunity.com/sharedfiles/filedetails/changelog/2273832430?p=9&l=english","8396d62cd9c54e38666fddb2c4170f8c055385816306f267ba0f979ce332fda0","False"
"RICE","RICE","2273832430","85","9","5","25 May, 2022 @ 10:38pm","2022-05-25 22:38","Version 1.5.6 ""Zhai Fengda""","Version 1.5.6 ""Zhai Fengda""","https://steamcommunity.com/sharedfiles/filedetails/changelog/2273832430?p=9&l=english","8396d62cd9c54e38666fddb2c4170f8c055385816306f267ba0f979ce332fda0","False"
"RICE","RICE","2273832430","86","9","6","17 May, 2022 @ 2:03am","2022-05-17 02:03","Version 1.5.5 ""Silk Road""","Version 1.5.5 ""Silk Road""","https://steamcommunity.com/sharedfiles/filedetails/changelog/2273832430?p=9&l=english","8396d62cd9c54e38666fddb2c4170f8c055385816306f267ba0f979ce332fda0","False"
"RICE","RICE","2273832430","87","9","7","27 Mar, 2022 @ 6:40pm","2022-03-27 18:40","Version 1.5.4 ""Philae""","Version 1.5.4 ""Philae""","https://steamcommunity.com/sharedfiles/filedetails/changelog/2273832430?p=9&l=english","8396d62cd9c54e38666fddb2c4170f8c055385816306f267ba0f979ce332fda0","False"
"RICE","RICE","2273832430","88","9","8","15 Mar, 2022 @ 1:16pm","2022-03-15 13:16","Version 1.5.3 ""Nile""","Version 1.5.3 ""Nile""","https://steamcommunity.com/sharedfiles/filedetails/changelog/2273832430?p=9&l=english","8396d62cd9c54e38666fddb2c4170f8c055385816306f267ba0f979ce332fda0","False"
"RICE","RICE","2273832430","89","9","9","10 Mar, 2022 @ 7:04pm","2022-03-10 19:04","Version 1.5.2.b Hotfix","Version 1.5.2.b Hotfix","https://steamcommunity.com/sharedfiles/filedetails/changelog/2273832430?p=9&l=english","8396d62cd9c54e38666fddb2c4170f8c055385816306f267ba0f979ce332fda0","False"
"RICE","RICE","2273832430","90","9","10","24 Feb, 2022 @ 6:53pm","2022-02-24 18:53",,"Share to your Steam activity feed","https://steamcommunity.com/sharedfiles/filedetails/changelog/2273832430?p=9&l=english","8396d62cd9c54e38666fddb2c4170f8c055385816306f267ba0f979ce332fda0","False"
"RICE","RICE","2273832430","91","10","1","23 Feb, 2022 @ 10:55pm","2022-02-23 22:55","Version 1.5.2.a Hotfix","Version 1.5.2.a Hotfix","https://steamcommunity.com/sharedfiles/filedetails/changelog/2273832430?p=10&l=english","c5665013fe125e0168b5b1ed5e590e4acc1c2a1ff9128dd1f7b44edcb4b6e10d","False"
"RICE","RICE","2273832430","92","10","2","20 Feb, 2022 @ 10:07pm","2022-02-20 22:07","Version 1.5.2 ""Mount Teide""","Version 1.5.2 ""Mount Teide""","https://steamcommunity.com/sharedfiles/filedetails/changelog/2273832430?p=10&l=english","c5665013fe125e0168b5b1ed5e590e4acc1c2a1ff9128dd1f7b44edcb4b6e10d","False"
"RICE","RICE","2273832430","93","10","3","12 Feb, 2022 @ 9:44pm","2022-02-12 21:44","Version 1.5.1 ""Faxian""","Version 1.5.1 ""Faxian""","https://steamcommunity.com/sharedfiles/filedetails/changelog/2273832430?p=10&l=english","c5665013fe125e0168b5b1ed5e590e4acc1c2a1ff9128dd1f7b44edcb4b6e10d","False"
"RICE","RICE","2273832430","94","10","4","8 Feb, 2022 @ 9:33am","2022-02-08 09:33","Version 1.5.0 ""Nalanda""","Version 1.5.0 ""Nalanda""","https://steamcommunity.com/sharedfiles/filedetails/changelog/2273832430?p=10&l=english","c5665013fe125e0168b5b1ed5e590e4acc1c2a1ff9128dd1f7b44edcb4b6e10d","False"
"RICE","RICE","2273832430","95","10","5","16 Jan, 2022 @ 1:54am","2022-01-16 01:54","Version 1.4.6 ""Dhow""","Version 1.4.6 ""Dhow""","https://steamcommunity.com/sharedfiles/filedetails/changelog/2273832430?p=10&l=english","c5665013fe125e0168b5b1ed5e590e4acc1c2a1ff9128dd1f7b44edcb4b6e10d","False"
"RICE","RICE","2273832430","96","10","6","10 Jan, 2022 @ 12:45am","2022-01-10 00:45","Version 1.4.5 ""Avesta""","Version 1.4.5 ""Avesta""","https://steamcommunity.com/sharedfiles/filedetails/changelog/2273832430?p=10&l=english","c5665013fe125e0168b5b1ed5e590e4acc1c2a1ff9128dd1f7b44edcb4b6e10d","False"
"RICE","RICE","2273832430","97","10","7","22 Dec, 2021 @ 9:59pm","2021-12-22 21:59","Version 1.4.4.a Hotfix","Version 1.4.4.a Hotfix","https://steamcommunity.com/sharedfiles/filedetails/changelog/2273832430?p=10&l=english","c5665013fe125e0168b5b1ed5e590e4acc1c2a1ff9128dd1f7b44edcb4b6e10d","False"
"RICE","RICE","2273832430","98","10","8","16 Dec, 2021 @ 1:36am","2021-12-16 01:36","Version 1.4.4 ""Amazigh""","Version 1.4.4 ""Amazigh""","https://steamcommunity.com/sharedfiles/filedetails/changelog/2273832430?p=10&l=english","c5665013fe125e0168b5b1ed5e590e4acc1c2a1ff9128dd1f7b44edcb4b6e10d","False"
"RICE","RICE","2273832430","99","10","9","31 Oct, 2021 @ 9:46pm","2021-10-31 21:46","Version 1.4.3.a Hotfix","Version 1.4.3.a Hotfix","https://steamcommunity.com/sharedfiles/filedetails/changelog/2273832430?p=10&l=english","c5665013fe125e0168b5b1ed5e590e4acc1c2a1ff9128dd1f7b44edcb4b6e10d","False"
"RICE","RICE","2273832430","100","10","10","24 Oct, 2021 @ 9:31pm","2021-10-24 21:31","Version 1.4.3 ""Scarborough Fair""","Version 1.4.3 ""Scarborough Fair""","https://steamcommunity.com/sharedfiles/filedetails/changelog/2273832430?p=10&l=english","c5665013fe125e0168b5b1ed5e590e4acc1c2a1ff9128dd1f7b44edcb4b6e10d","False"
"RICE","RICE","2273832430","101","11","1","20 Sep, 2021 @ 12:47am","2021-09-20 00:47","Version 1.4.2 ""Samos""","Version 1.4.2 ""Samos""","https://steamcommunity.com/sharedfiles/filedetails/changelog/2273832430?p=11&l=english","e72f37ca759dbecf08e5fcba63a72f10b6de66c4b043888026873fe229becd8f","False"
"RICE","RICE","2273832430","102","11","2","17 Sep, 2021 @ 12:44am","2021-09-17 00:44","Version 1.4.1.a Hotfix","Version 1.4.1.a Hotfix","https://steamcommunity.com/sharedfiles/filedetails/changelog/2273832430?p=11&l=english","e72f37ca759dbecf08e5fcba63a72f10b6de66c4b043888026873fe229becd8f","False"
"RICE","RICE","2273832430","103","11","3","10 Sep, 2021 @ 8:56pm","2021-09-10 20:56","Version 1.4.1 ""Zun""","Version 1.4.1 ""Zun""","https://steamcommunity.com/sharedfiles/filedetails/changelog/2273832430?p=11&l=english","e72f37ca759dbecf08e5fcba63a72f10b6de66c4b043888026873fe229becd8f","False"
"RICE","RICE","2273832430","104","11","4","23 Aug, 2021 @ 10:19pm","2021-08-23 22:19","Version 1.4.0 ""Badakhshan""","Version 1.4.0 ""Badakhshan""","https://steamcommunity.com/sharedfiles/filedetails/changelog/2273832430?p=11&l=english","e72f37ca759dbecf08e5fcba63a72f10b6de66c4b043888026873fe229becd8f","False"
"RICE","RICE","2273832430","105","11","5","5 Aug, 2021 @ 1:14am","2021-08-05 01:14","Version 1.3.2 ""Aydhab""","Version 1.3.2 ""Aydhab""","https://steamcommunity.com/sharedfiles/filedetails/changelog/2273832430?p=11&l=english","e72f37ca759dbecf08e5fcba63a72f10b6de66c4b043888026873fe229becd8f","False"
"RICE","RICE","2273832430","106","11","6","20 Jul, 2021 @ 9:35pm","2021-07-20 21:35","Version 1.3.1 ""Suakin""","Version 1.3.1 ""Suakin""","https://steamcommunity.com/sharedfiles/filedetails/changelog/2273832430?p=11&l=english","e72f37ca759dbecf08e5fcba63a72f10b6de66c4b043888026873fe229becd8f","False"
"RICE","RICE","2273832430","107","11","7","17 Jun, 2021 @ 9:50pm","2021-06-17 21:50","Version 1.3.0.1 Hotfix","Version 1.3.0.1 Hotfix","https://steamcommunity.com/sharedfiles/filedetails/changelog/2273832430?p=11&l=english","e72f37ca759dbecf08e5fcba63a72f10b6de66c4b043888026873fe229becd8f","False"
"RICE","RICE","2273832430","108","11","8","10 Jun, 2021 @ 6:42pm","2021-06-10 18:42","Version 1.3.0 ""Tammuz""","Version 1.3.0 ""Tammuz""","https://steamcommunity.com/sharedfiles/filedetails/changelog/2273832430?p=11&l=english","e72f37ca759dbecf08e5fcba63a72f10b6de66c4b043888026873fe229becd8f","False"
"RICE","RICE","2273832430","109","11","9","30 May, 2021 @ 9:16pm","2021-05-30 21:16","Version 1.2.4 ""Plotinus""","Version 1.2.4 ""Plotinus""","https://steamcommunity.com/sharedfiles/filedetails/changelog/2273832430?p=11&l=english","e72f37ca759dbecf08e5fcba63a72f10b6de66c4b043888026873fe229becd8f","False"
"RICE","RICE","2273832430","110","11","10","22 May, 2021 @ 9:58pm","2021-05-22 21:58","Version 1.2.3 ""Thabit ibn Qurra""","Version 1.2.3 ""Thabit ibn Qurra""","https://steamcommunity.com/sharedfiles/filedetails/changelog/2273832430?p=11&l=english","e72f37ca759dbecf08e5fcba63a72f10b6de66c4b043888026873fe229becd8f","False"
"RICE","RICE","2273832430","111","12","1","15 May, 2021 @ 7:06pm","2021-05-15 19:06","Version 1.2.2 ""Carolus Magnus""","Version 1.2.2 ""Carolus Magnus""","https://steamcommunity.com/sharedfiles/filedetails/changelog/2273832430?p=12&l=english","fa2479783a13893bf088013f151aa23881c032e142665174a2cad56d36cb5a48","False"
"RICE","RICE","2273832430","112","12","2","1 May, 2021 @ 9:56pm","2021-05-01 21:56","Version 1.2.1 ""Qinghaicong""","Version 1.2.1 ""Qinghaicong""","https://steamcommunity.com/sharedfiles/filedetails/changelog/2273832430?p=12&l=english","fa2479783a13893bf088013f151aa23881c032e142665174a2cad56d36cb5a48","False"
"RICE","RICE","2273832430","113","12","3","12 Apr, 2021 @ 6:22pm","2021-04-12 18:22","Version 1.2.0.a Hotfix","Version 1.2.0.a Hotfix","https://steamcommunity.com/sharedfiles/filedetails/changelog/2273832430?p=12&l=english","fa2479783a13893bf088013f151aa23881c032e142665174a2cad56d36cb5a48","False"
"RICE","RICE","2273832430","114","12","4","11 Apr, 2021 @ 9:27pm","2021-04-11 21:27","Version 1.2.0 ""Dragon's Blood""","Version 1.2.0 ""Dragon's Blood""","https://steamcommunity.com/sharedfiles/filedetails/changelog/2273832430?p=12&l=english","fa2479783a13893bf088013f151aa23881c032e142665174a2cad56d36cb5a48","False"
"RICE","RICE","2273832430","115","12","5","21 Mar, 2021 @ 6:36pm","2021-03-21 18:36","Version 1.1.2 ""Bard""","Version 1.1.2 ""Bard""","https://steamcommunity.com/sharedfiles/filedetails/changelog/2273832430?p=12&l=english","fa2479783a13893bf088013f151aa23881c032e142665174a2cad56d36cb5a48","False"
"RICE","RICE","2273832430","116","12","6","16 Mar, 2021 @ 11:02pm","2021-03-16 23:02","Version 1.1.1 ""Brocéliande""","Version 1.1.1 ""Brocéliande""","https://steamcommunity.com/sharedfiles/filedetails/changelog/2273832430?p=12&l=english","fa2479783a13893bf088013f151aa23881c032e142665174a2cad56d36cb5a48","False"
"RICE","RICE","2273832430","117","12","7","28 Dec, 2020 @ 9:51pm","2020-12-28 21:51","Version 1.1.0 ""Reindeer""","Version 1.1.0 ""Reindeer""","https://steamcommunity.com/sharedfiles/filedetails/changelog/2273832430?p=12&l=english","fa2479783a13893bf088013f151aa23881c032e142665174a2cad56d36cb5a48","False"
"RICE","RICE","2273832430","118","12","8","24 Nov, 2020 @ 11:01pm","2020-11-24 23:01",,,"https://steamcommunity.com/sharedfiles/filedetails/changelog/2273832430?p=12&l=english","fa2479783a13893bf088013f151aa23881c032e142665174a2cad56d36cb5a48","False"
"RICE","RICE","2273832430","119","12","9","15 Nov, 2020 @ 6:48pm","2020-11-15 18:48","Version 1.0.1 ""Iliad""","Version 1.0.1 ""Iliad""","https://steamcommunity.com/sharedfiles/filedetails/changelog/2273832430?p=12&l=english","fa2479783a13893bf088013f151aa23881c032e142665174a2cad56d36cb5a48","False"
"RICE","RICE","2273832430","120","12","10","31 Oct, 2020 @ 10:21pm","2020-10-31 22:21","Version 1.0.0 ""Odyssey""","Version 1.0.0 ""Odyssey""","https://steamcommunity.com/sharedfiles/filedetails/changelog/2273832430?p=12&l=english","fa2479783a13893bf088013f151aa23881c032e142665174a2cad56d36cb5a48","False"
"Special-World","SW","2875587269","1","1","1","1 Aug @ 8:11am","2026-08-01 08:11",,,"https://steamcommunity.com/sharedfiles/filedetails/changelog/2875587269?p=1&l=english","64f8c1888cb038fd96069a1996adc367f7b545a2fc922332144feedd3dc41553","False"
"Special-World","SW","2875587269","2","1","2","29 Jul @ 12:36pm","2026-07-29 12:36",,,"https://steamcommunity.com/sharedfiles/filedetails/changelog/2875587269?p=1&l=english","64f8c1888cb038fd96069a1996adc367f7b545a2fc922332144feedd3dc41553","False"
"Special-World","SW","2875587269","3","1","3","29 Jul @ 10:11am","2026-07-29 10:11",,,"https://steamcommunity.com/sharedfiles/filedetails/changelog/2875587269?p=1&l=english","64f8c1888cb038fd96069a1996adc367f7b545a2fc922332144feedd3dc41553","False"
"Special-World","SW","2875587269","4","1","4","26 Jul @ 8:47pm","2026-07-26 20:47",,,"https://steamcommunity.com/sharedfiles/filedetails/changelog/2875587269?p=1&l=english","64f8c1888cb038fd96069a1996adc367f7b545a2fc922332144feedd3dc41553","False"
"Special-World","SW","2875587269","5","1","5","24 Jul @ 8:52am","2026-07-24 08:52",,,"https://steamcommunity.com/sharedfiles/filedetails/changelog/2875587269?p=1&l=english","64f8c1888cb038fd96069a1996adc367f7b545a2fc922332144feedd3dc41553","False"
"Special-World","SW","2875587269","6","1","6","21 Jul @ 6:16pm","2026-07-21 18:16",,,"https://steamcommunity.com/sharedfiles/filedetails/changelog/2875587269?p=1&l=english","64f8c1888cb038fd96069a1996adc367f7b545a2fc922332144feedd3dc41553","False"
"Special-World","SW","2875587269","7","1","7","21 Jul @ 5:46pm","2026-07-21 17:46",,,"https://steamcommunity.com/sharedfiles/filedetails/changelog/2875587269?p=1&l=english","64f8c1888cb038fd96069a1996adc367f7b545a2fc922332144feedd3dc41553","False"
"Special-World","SW","2875587269","8","1","8","21 Jul @ 11:37am","2026-07-21 11:37",,,"https://steamcommunity.com/sharedfiles/filedetails/changelog/2875587269?p=1&l=english","64f8c1888cb038fd96069a1996adc367f7b545a2fc922332144feedd3dc41553","False"
"Special-World","SW","2875587269","9","1","9","20 Jul @ 10:42pm","2026-07-20 22:42",,,"https://steamcommunity.com/sharedfiles/filedetails/changelog/2875587269?p=1&l=english","64f8c1888cb038fd96069a1996adc367f7b545a2fc922332144feedd3dc41553","False"
"Special-World","SW","2875587269","10","1","10","20 Jul @ 9:56pm","2026-07-20 21:56",,"Share to your Steam activity feed","https://steamcommunity.com/sharedfiles/filedetails/changelog/2875587269?p=1&l=english","64f8c1888cb038fd96069a1996adc367f7b545a2fc922332144feedd3dc41553","False"
"Special-World","SW","2875587269","11","2","1","19 Jul @ 9:52pm","2026-07-19 21:52",,,"https://steamcommunity.com/sharedfiles/filedetails/changelog/2875587269?p=2&l=english","9dc10c5a289385417d858f7283b70b3fb92794d4d7567e14598b4de52588fc2b","False"
"Special-World","SW","2875587269","12","2","2","19 Jul @ 3:20pm","2026-07-19 15:20",,,"https://steamcommunity.com/sharedfiles/filedetails/changelog/2875587269?p=2&l=english","9dc10c5a289385417d858f7283b70b3fb92794d4d7567e14598b4de52588fc2b","False"
"Special-World","SW","2875587269","13","2","3","19 Jul @ 11:10am","2026-07-19 11:10",,"Update:","https://steamcommunity.com/sharedfiles/filedetails/changelog/2875587269?p=2&l=english","9dc10c5a289385417d858f7283b70b3fb92794d4d7567e14598b4de52588fc2b","False"
"Special-World","SW","2875587269","14","2","4","19 Jul @ 11:05am","2026-07-19 11:05",,,"https://steamcommunity.com/sharedfiles/filedetails/changelog/2875587269?p=2&l=english","9dc10c5a289385417d858f7283b70b3fb92794d4d7567e14598b4de52588fc2b","False"
"Special-World","SW","2875587269","15","2","5","19 Jul @ 10:44am","2026-07-19 10:44",,"Update:","https://steamcommunity.com/sharedfiles/filedetails/changelog/2875587269?p=2&l=english","9dc10c5a289385417d858f7283b70b3fb92794d4d7567e14598b4de52588fc2b","False"
"Special-World","SW","2875587269","16","2","6","10 Jul @ 12:12pm","2026-07-10 12:12",,"Fixed Blank Character and Holding backgrounds for certain Turkish instances.","https://steamcommunity.com/sharedfiles/filedetails/changelog/2875587269?p=2&l=english","9dc10c5a289385417d858f7283b70b3fb92794d4d7567e14598b4de52588fc2b","False"
"Special-World","SW","2875587269","17","2","7","8 Jul @ 6:05pm","2026-07-08 18:05",,,"https://steamcommunity.com/sharedfiles/filedetails/changelog/2875587269?p=2&l=english","9dc10c5a289385417d858f7283b70b3fb92794d4d7567e14598b4de52588fc2b","False"
"Special-World","SW","2875587269","18","2","8","7 Jul @ 1:41pm","2026-07-07 13:41",,"Updated for MA Updates with additional tweaks and updated.","https://steamcommunity.com/sharedfiles/filedetails/changelog/2875587269?p=2&l=english","9dc10c5a289385417d858f7283b70b3fb92794d4d7567e14598b4de52588fc2b","False"
"Special-World","SW","2875587269","19","2","9","29 May @ 1:46pm","2026-05-29 13:46",,,"https://steamcommunity.com/sharedfiles/filedetails/changelog/2875587269?p=2&l=english","9dc10c5a289385417d858f7283b70b3fb92794d4d7567e14598b4de52588fc2b","False"
"Special-World","SW","2875587269","20","2","10","19 May @ 2:00pm","2026-05-19 14:00",,"Minor Fixes","https://steamcommunity.com/sharedfiles/filedetails/changelog/2875587269?p=2&l=english","9dc10c5a289385417d858f7283b70b3fb92794d4d7567e14598b4de52588fc2b","False"
"Special-World","SW","2875587269","21","3","1","15 May @ 2:55pm","2026-05-15 14:55",,"Minor Fixes and Adjustments","https://steamcommunity.com/sharedfiles/filedetails/changelog/2875587269?p=3&l=english","27646752f4e4e1487baae90bd17eca5095ca272aac564cc2a0078509d97ff1c1","False"
"Special-World","SW","2875587269","22","3","2","7 May @ 3:20pm","2026-05-07 15:20","1.19.0.5 Update","1.19.0.5 Update","https://steamcommunity.com/sharedfiles/filedetails/changelog/2875587269?p=3&l=english","27646752f4e4e1487baae90bd17eca5095ca272aac564cc2a0078509d97ff1c1","False"
"Special-World","SW","2875587269","23","3","3","2 May @ 7:37pm","2026-05-02 19:37",,"MA/COW3 Update","https://steamcommunity.com/sharedfiles/filedetails/changelog/2875587269?p=3&l=english","27646752f4e4e1487baae90bd17eca5095ca272aac564cc2a0078509d97ff1c1","False"
"Special-World","SW","2875587269","24","3","4","30 Apr @ 7:50am","2026-04-30 07:50",,"Update:","https://steamcommunity.com/sharedfiles/filedetails/changelog/2875587269?p=3&l=english","27646752f4e4e1487baae90bd17eca5095ca272aac564cc2a0078509d97ff1c1","False"
"Special-World","SW","2875587269","25","3","5","28 Apr @ 6:57pm","2026-04-28 18:57",,"Update:","https://steamcommunity.com/sharedfiles/filedetails/changelog/2875587269?p=3&l=english","27646752f4e4e1487baae90bd17eca5095ca272aac564cc2a0078509d97ff1c1","False"
"Special-World","SW","2875587269","26","3","6","26 Apr @ 9:23pm","2026-04-26 21:23",,,"https://steamcommunity.com/sharedfiles/filedetails/changelog/2875587269?p=3&l=english","27646752f4e4e1487baae90bd17eca5095ca272aac564cc2a0078509d97ff1c1","False"
"Special-World","SW","2875587269","27","3","7","25 Apr @ 3:53am","2026-04-25 03:53",,,"https://steamcommunity.com/sharedfiles/filedetails/changelog/2875587269?p=3&l=english","27646752f4e4e1487baae90bd17eca5095ca272aac564cc2a0078509d97ff1c1","False"
"Special-World","SW","2875587269","28","3","8","24 Apr @ 7:28pm","2026-04-24 19:28",,,"https://steamcommunity.com/sharedfiles/filedetails/changelog/2875587269?p=3&l=english","27646752f4e4e1487baae90bd17eca5095ca272aac564cc2a0078509d97ff1c1","False"
"Special-World","SW","2875587269","29","3","9","24 Apr @ 2:48pm","2026-04-24 14:48","1.19 Update","1.19 Update","https://steamcommunity.com/sharedfiles/filedetails/changelog/2875587269?p=3&l=english","27646752f4e4e1487baae90bd17eca5095ca272aac564cc2a0078509d97ff1c1","False"
"Special-World","SW","2875587269","30","3","10","22 Mar @ 1:03pm","2026-03-22 13:03",,"MA Update","https://steamcommunity.com/sharedfiles/filedetails/changelog/2875587269?p=3&l=english","27646752f4e4e1487baae90bd17eca5095ca272aac564cc2a0078509d97ff1c1","False"
"Special-World","SW","2875587269","31","4","1","20 Mar @ 2:07pm","2026-03-20 14:07",,"Replaced integratation of ""Prosperous Kaifeng"" with ""Yingzao Fashi"" by Pslim","https://steamcommunity.com/sharedfiles/filedetails/changelog/2875587269?p=4&l=english","1494ea8fc6d07f1e8eca36f6d8e2590d12e5d7e0e1c29e2f02dad20c6af410f2","False"
"Special-World","SW","2875587269","32","4","2","14 Mar @ 4:20pm","2026-03-14 16:20",,,"https://steamcommunity.com/sharedfiles/filedetails/changelog/2875587269?p=4&l=english","1494ea8fc6d07f1e8eca36f6d8e2590d12e5d7e0e1c29e2f02dad20c6af410f2","False"
"Special-World","SW","2875587269","33","4","3","14 Mar @ 1:33pm","2026-03-14 13:33",,,"https://steamcommunity.com/sharedfiles/filedetails/changelog/2875587269?p=4&l=english","1494ea8fc6d07f1e8eca36f6d8e2590d12e5d7e0e1c29e2f02dad20c6af410f2","False"
"Special-World","SW","2875587269","34","4","4","13 Mar @ 3:18pm","2026-03-13 15:18",,"Medieval Arts / Locator Update","https://steamcommunity.com/sharedfiles/filedetails/changelog/2875587269?p=4&l=english","1494ea8fc6d07f1e8eca36f6d8e2590d12e5d7e0e1c29e2f02dad20c6af410f2","False"
"Special-World","SW","2875587269","35","4","5","6 Mar @ 2:30pm","2026-03-06 14:30",,"Jerusalem model will now show as COW","https://steamcommunity.com/sharedfiles/filedetails/changelog/2875587269?p=4&l=english","1494ea8fc6d07f1e8eca36f6d8e2590d12e5d7e0e1c29e2f02dad20c6af410f2","False"
"Special-World","SW","2875587269","36","4","6","1 Mar @ 7:42am","2026-03-01 07:42",,,"https://steamcommunity.com/sharedfiles/filedetails/changelog/2875587269?p=4&l=english","1494ea8fc6d07f1e8eca36f6d8e2590d12e5d7e0e1c29e2f02dad20c6af410f2","False"
"Special-World","SW","2875587269","37","4","7","25 Feb @ 3:30pm","2026-02-25 15:30",,"Updated for COW3 Updates","https://steamcommunity.com/sharedfiles/filedetails/changelog/2875587269?p=4&l=english","1494ea8fc6d07f1e8eca36f6d8e2590d12e5d7e0e1c29e2f02dad20c6af410f2","False"
"Special-World","SW","2875587269","38","4","8","21 Feb @ 10:54pm","2026-02-21 22:54",,,"https://steamcommunity.com/sharedfiles/filedetails/changelog/2875587269?p=4&l=english","1494ea8fc6d07f1e8eca36f6d8e2590d12e5d7e0e1c29e2f02dad20c6af410f2","False"
"Special-World","SW","2875587269","39","4","9","17 Feb @ 2:14pm","2026-02-17 14:14",,"Fixed some issues with buildings.","https://steamcommunity.com/sharedfiles/filedetails/changelog/2875587269?p=4&l=english","1494ea8fc6d07f1e8eca36f6d8e2590d12e5d7e0e1c29e2f02dad20c6af410f2","False"
"Special-World","SW","2875587269","40","4","10","15 Feb @ 10:39am","2026-02-15 10:39",,"Share to your Steam activity feed","https://steamcommunity.com/sharedfiles/filedetails/changelog/2875587269?p=4&l=english","1494ea8fc6d07f1e8eca36f6d8e2590d12e5d7e0e1c29e2f02dad20c6af410f2","False"
"Special-World","SW","2875587269","41","5","1","13 Feb @ 4:43pm","2026-02-13 16:43",,"Medieval Arts Update","https://steamcommunity.com/sharedfiles/filedetails/changelog/2875587269?p=5&l=english","684cb6fa2cb454cbbcfa0bcc124b88dab93b93ed00df93ae1e020448526e39e6","False"
"Special-World","SW","2875587269","42","5","2","10 Feb @ 4:52pm","2026-02-10 16:52",,"A Special World Fixes:","https://steamcommunity.com/sharedfiles/filedetails/changelog/2875587269?p=5&l=english","684cb6fa2cb454cbbcfa0bcc124b88dab93b93ed00df93ae1e020448526e39e6","False"
"Special-World","SW","2875587269","43","5","3","3 Feb @ 7:40am","2026-02-03 07:40",,"Update for MA","https://steamcommunity.com/sharedfiles/filedetails/changelog/2875587269?p=5&l=english","684cb6fa2cb454cbbcfa0bcc124b88dab93b93ed00df93ae1e020448526e39e6","False"
"Special-World","SW","2875587269","44","5","4","30 Jan @ 5:13pm","2026-01-30 17:13",,,"https://steamcommunity.com/sharedfiles/filedetails/changelog/2875587269?p=5&l=english","684cb6fa2cb454cbbcfa0bcc124b88dab93b93ed00df93ae1e020448526e39e6","False"
"Special-World","SW","2875587269","45","5","5","26 Jan @ 2:10pm","2026-01-26 14:10",,"- Added Kaifeng city graphics by star","https://steamcommunity.com/sharedfiles/filedetails/changelog/2875587269?p=5&l=english","684cb6fa2cb454cbbcfa0bcc124b88dab93b93ed00df93ae1e020448526e39e6","False"
"Special-World","SW","2875587269","46","5","6","14 Jan @ 3:41pm","2026-01-14 15:41",,,"https://steamcommunity.com/sharedfiles/filedetails/changelog/2875587269?p=5&l=english","684cb6fa2cb454cbbcfa0bcc124b88dab93b93ed00df93ae1e020448526e39e6","False"
"Special-World","SW","2875587269","47","5","7","11 Jan @ 8:30pm","2026-01-11 20:30",,,"https://steamcommunity.com/sharedfiles/filedetails/changelog/2875587269?p=5&l=english","684cb6fa2cb454cbbcfa0bcc124b88dab93b93ed00df93ae1e020448526e39e6","False"
"Special-World","SW","2875587269","48","5","8","31 Dec, 2025 @ 2:43pm","2025-12-31 14:43",,,"https://steamcommunity.com/sharedfiles/filedetails/changelog/2875587269?p=5&l=english","684cb6fa2cb454cbbcfa0bcc124b88dab93b93ed00df93ae1e020448526e39e6","False"
"Special-World","SW","2875587269","49","5","9","29 Dec, 2025 @ 11:57am","2025-12-29 11:57",,,"https://steamcommunity.com/sharedfiles/filedetails/changelog/2875587269?p=5&l=english","684cb6fa2cb454cbbcfa0bcc124b88dab93b93ed00df93ae1e020448526e39e6","False"
"Special-World","SW","2875587269","50","5","10","23 Dec, 2025 @ 4:05pm","2025-12-23 16:05",,"-Updated for 1.18.2","https://steamcommunity.com/sharedfiles/filedetails/changelog/2875587269?p=5&l=english","684cb6fa2cb454cbbcfa0bcc124b88dab93b93ed00df93ae1e020448526e39e6","False"
"Special-World","SW","2875587269","51","6","1","10 Dec, 2025 @ 11:31am","2025-12-10 11:31",,"""Temporarily"" removed some of the UB buildings as they may be causing issues.","https://steamcommunity.com/sharedfiles/filedetails/changelog/2875587269?p=6&l=english","1f2b2c8bf79ad7b372188a7629425f74fecc1335ef74bb03b2a6c4e227d64e66","False"
"Special-World","SW","2875587269","52","6","2","6 Dec, 2025 @ 10:01pm","2025-12-06 22:01",,"Fix to Improperly Loading Buildings","https://steamcommunity.com/sharedfiles/filedetails/changelog/2875587269?p=6&l=english","1f2b2c8bf79ad7b372188a7629425f74fecc1335ef74bb03b2a6c4e227d64e66","False"
"Special-World","SW","2875587269","53","6","3","29 Nov, 2025 @ 10:45pm","2025-11-29 22:45",,"Localization Fixes","https://steamcommunity.com/sharedfiles/filedetails/changelog/2875587269?p=6&l=english","1f2b2c8bf79ad7b372188a7629425f74fecc1335ef74bb03b2a6c4e227d64e66","False"
"Special-World","SW","2875587269","54","6","4","29 Nov, 2025 @ 10:44pm","2025-11-29 22:44",,,"https://steamcommunity.com/sharedfiles/filedetails/changelog/2875587269?p=6&l=english","1f2b2c8bf79ad7b372188a7629425f74fecc1335ef74bb03b2a6c4e227d64e66","False"
"Special-World","SW","2875587269","55","6","5","26 Nov, 2025 @ 2:41pm","2025-11-26 14:41",,"There will likely be a few tweaks that need to be made, especially to the GUI.","https://steamcommunity.com/sharedfiles/filedetails/changelog/2875587269?p=6&l=english","1f2b2c8bf79ad7b372188a7629425f74fecc1335ef74bb03b2a6c4e227d64e66","False"
"Special-World","SW","2875587269","56","6","6","14 Nov, 2025 @ 8:12pm","2025-11-14 20:12",,"Semi Updated for 1.18 - Still uses old UB+ Version.","https://steamcommunity.com/sharedfiles/filedetails/changelog/2875587269?p=6&l=english","1f2b2c8bf79ad7b372188a7629425f74fecc1335ef74bb03b2a6c4e227d64e66","False"
"Special-World","SW","2875587269","57","6","7","14 Nov, 2025 @ 8:06pm","2025-11-14 20:06",,"Temporary Reversion While Working on Update","https://steamcommunity.com/sharedfiles/filedetails/changelog/2875587269?p=6&l=english","1f2b2c8bf79ad7b372188a7629425f74fecc1335ef74bb03b2a6c4e227d64e66","False"
"Special-World","SW","2875587269","58","6","8","26 Oct, 2025 @ 10:02pm","2025-10-26 22:02",,,"https://steamcommunity.com/sharedfiles/filedetails/changelog/2875587269?p=6&l=english","1f2b2c8bf79ad7b372188a7629425f74fecc1335ef74bb03b2a6c4e227d64e66","False"
"Special-World","SW","2875587269","59","6","9","22 Oct, 2025 @ 5:58pm","2025-10-22 17:58",,"Updated for Medieval Arts Update","https://steamcommunity.com/sharedfiles/filedetails/changelog/2875587269?p=6&l=english","1f2b2c8bf79ad7b372188a7629425f74fecc1335ef74bb03b2a6c4e227d64e66","False"
"Special-World","SW","2875587269","60","6","10","17 Sep, 2025 @ 5:13pm","2025-09-17 17:13","1.17 and Medieval Arts Update","1.17 and Medieval Arts Update","https://steamcommunity.com/sharedfiles/filedetails/changelog/2875587269?p=6&l=english","1f2b2c8bf79ad7b372188a7629425f74fecc1335ef74bb03b2a6c4e227d64e66","False"
"Special-World","SW","2875587269","61","7","1","1 Sep, 2025 @ 12:17am","2025-09-01 00:17",,"Medieval Arts Update","https://steamcommunity.com/sharedfiles/filedetails/changelog/2875587269?p=7&l=english","8816527a6bd3e0707347b00cf16d00a1ff149a896f19f5f1c9e0911a00fc0ecb","False"
"Special-World","SW","2875587269","62","7","2","22 Aug, 2025 @ 4:08pm","2025-08-22 16:08",,,"https://steamcommunity.com/sharedfiles/filedetails/changelog/2875587269?p=7&l=english","8816527a6bd3e0707347b00cf16d00a1ff149a896f19f5f1c9e0911a00fc0ecb","False"
"Special-World","SW","2875587269","63","7","3","19 Aug, 2025 @ 3:19pm","2025-08-19 15:19",,,"https://steamcommunity.com/sharedfiles/filedetails/changelog/2875587269?p=7&l=english","8816527a6bd3e0707347b00cf16d00a1ff149a896f19f5f1c9e0911a00fc0ecb","False"
"Special-World","SW","2875587269","64","7","4","14 Aug, 2025 @ 2:46pm","2025-08-14 14:46",,,"https://steamcommunity.com/sharedfiles/filedetails/changelog/2875587269?p=7&l=english","8816527a6bd3e0707347b00cf16d00a1ff149a896f19f5f1c9e0911a00fc0ecb","False"
"Special-World","SW","2875587269","65","7","5","11 Aug, 2025 @ 5:05pm","2025-08-11 17:05",,,"https://steamcommunity.com/sharedfiles/filedetails/changelog/2875587269?p=7&l=english","8816527a6bd3e0707347b00cf16d00a1ff149a896f19f5f1c9e0911a00fc0ecb","False"
"Special-World","SW","2875587269","66","7","6","8 Aug, 2025 @ 11:34am","2025-08-08 11:34",,,"https://steamcommunity.com/sharedfiles/filedetails/changelog/2875587269?p=7&l=english","8816527a6bd3e0707347b00cf16d00a1ff149a896f19f5f1c9e0911a00fc0ecb","False"
"Special-World","SW","2875587269","67","7","7","5 Aug, 2025 @ 10:09pm","2025-08-05 22:09",,"Updated Cultures to Fix issues caused by addition of CE cultures (required EPE)","https://steamcommunity.com/sharedfiles/filedetails/changelog/2875587269?p=7&l=english","8816527a6bd3e0707347b00cf16d00a1ff149a896f19f5f1c9e0911a00fc0ecb","False"
"Special-World","SW","2875587269","68","7","8","2 Aug, 2025 @ 7:05pm","2025-08-02 19:05",,"Medieval Arts Update","https://steamcommunity.com/sharedfiles/filedetails/changelog/2875587269?p=7&l=english","8816527a6bd3e0707347b00cf16d00a1ff149a896f19f5f1c9e0911a00fc0ecb","False"
"Special-World","SW","2875587269","69","7","9","1 Aug, 2025 @ 3:46pm","2025-08-01 15:46",,,"https://steamcommunity.com/sharedfiles/filedetails/changelog/2875587269?p=7&l=english","8816527a6bd3e0707347b00cf16d00a1ff149a896f19f5f1c9e0911a00fc0ecb","False"
"Special-World","SW","2875587269","70","7","10","21 Jul, 2025 @ 9:41pm","2025-07-21 21:41",,"Share to your Steam activity feed","https://steamcommunity.com/sharedfiles/filedetails/changelog/2875587269?p=7&l=english","8816527a6bd3e0707347b00cf16d00a1ff149a896f19f5f1c9e0911a00fc0ecb","False"
"Special-World","SW","2875587269","71","8","1","13 Jul, 2025 @ 8:50pm","2025-07-13 20:50",,"Updated for Medieval Arts Update","https://steamcommunity.com/sharedfiles/filedetails/changelog/2875587269?p=8&l=english","634560cfd852e7b113e58be902dc55d6a2b253675e0e8cb6207391465db185e8","False"
"Special-World","SW","2875587269","72","8","2","13 Jul, 2025 @ 8:26pm","2025-07-13 20:26",,,"https://steamcommunity.com/sharedfiles/filedetails/changelog/2875587269?p=8&l=english","634560cfd852e7b113e58be902dc55d6a2b253675e0e8cb6207391465db185e8","False"
"Special-World","SW","2875587269","73","8","3","13 Jul, 2025 @ 4:36pm","2025-07-13 16:36",,,"https://steamcommunity.com/sharedfiles/filedetails/changelog/2875587269?p=8&l=english","634560cfd852e7b113e58be902dc55d6a2b253675e0e8cb6207391465db185e8","False"
"Special-World","SW","2875587269","74","8","4","9 Jul, 2025 @ 10:18am","2025-07-09 10:18",,"Fixed triggers that would prevent buildings from showing up when COW3 was active","https://steamcommunity.com/sharedfiles/filedetails/changelog/2875587269?p=8&l=english","634560cfd852e7b113e58be902dc55d6a2b253675e0e8cb6207391465db185e8","False"
"Special-World","SW","2875587269","75","8","5","6 Jul, 2025 @ 2:34pm","2025-07-06 14:34",,,"https://steamcommunity.com/sharedfiles/filedetails/changelog/2875587269?p=8&l=english","634560cfd852e7b113e58be902dc55d6a2b253675e0e8cb6207391465db185e8","False"
"Special-World","SW","2875587269","76","8","6","25 Jun, 2025 @ 10:28pm","2025-06-25 22:28",,,"https://steamcommunity.com/sharedfiles/filedetails/changelog/2875587269?p=8&l=english","634560cfd852e7b113e58be902dc55d6a2b253675e0e8cb6207391465db185e8","False"
"Special-World","SW","2875587269","77","8","7","24 Jun, 2025 @ 10:18pm","2025-06-24 22:18",,,"https://steamcommunity.com/sharedfiles/filedetails/changelog/2875587269?p=8&l=english","634560cfd852e7b113e58be902dc55d6a2b253675e0e8cb6207391465db185e8","False"
"Special-World","SW","2875587269","78","8","8","21 Jun, 2025 @ 4:09pm","2025-06-21 16:09",,"Updated for MA updates","https://steamcommunity.com/sharedfiles/filedetails/changelog/2875587269?p=8&l=english","634560cfd852e7b113e58be902dc55d6a2b253675e0e8cb6207391465db185e8","False"
"Special-World","SW","2875587269","79","8","9","21 Jun, 2025 @ 3:19pm","2025-06-21 15:19",,,"https://steamcommunity.com/sharedfiles/filedetails/changelog/2875587269?p=8&l=english","634560cfd852e7b113e58be902dc55d6a2b253675e0e8cb6207391465db185e8","False"
"Special-World","SW","2875587269","80","8","10","20 Jun, 2025 @ 11:24pm","2025-06-20 23:24",,"Share to your Steam activity feed","https://steamcommunity.com/sharedfiles/filedetails/changelog/2875587269?p=8&l=english","634560cfd852e7b113e58be902dc55d6a2b253675e0e8cb6207391465db185e8","False"
"Special-World","SW","2875587269","81","9","1","16 Jun, 2025 @ 11:34pm","2025-06-16 23:34",,,"https://steamcommunity.com/sharedfiles/filedetails/changelog/2875587269?p=9&l=english","0f80e202852378f3fc163160628798078017800c1def43d8779fde59af658648","False"
"Special-World","SW","2875587269","82","9","2","13 Jun, 2025 @ 2:52pm","2025-06-13 14:52",,,"https://steamcommunity.com/sharedfiles/filedetails/changelog/2875587269?p=9&l=english","0f80e202852378f3fc163160628798078017800c1def43d8779fde59af658648","False"
"Special-World","SW","2875587269","83","9","3","12 Jun, 2025 @ 4:28pm","2025-06-12 16:28",,,"https://steamcommunity.com/sharedfiles/filedetails/changelog/2875587269?p=9&l=english","0f80e202852378f3fc163160628798078017800c1def43d8779fde59af658648","False"
"Special-World","SW","2875587269","84","9","4","11 Jun, 2025 @ 11:04am","2025-06-11 11:04",,"Updated the On_action so it works based on rule settings not each individual mod.","https://steamcommunity.com/sharedfiles/filedetails/changelog/2875587269?p=9&l=english","0f80e202852378f3fc163160628798078017800c1def43d8779fde59af658648","False"
"Special-World","SW","2875587269","85","9","5","10 Jun, 2025 @ 11:49am","2025-06-10 11:49",,,"https://steamcommunity.com/sharedfiles/filedetails/changelog/2875587269?p=9&l=english","0f80e202852378f3fc163160628798078017800c1def43d8779fde59af658648","False"
"Special-World","SW","2875587269","86","9","6","10 Jun, 2025 @ 12:12am","2025-06-10 00:12",,,"https://steamcommunity.com/sharedfiles/filedetails/changelog/2875587269?p=9&l=english","0f80e202852378f3fc163160628798078017800c1def43d8779fde59af658648","False"
"Special-World","SW","2875587269","87","9","7","9 Jun, 2025 @ 10:05pm","2025-06-09 22:05",,,"https://steamcommunity.com/sharedfiles/filedetails/changelog/2875587269?p=9&l=english","0f80e202852378f3fc163160628798078017800c1def43d8779fde59af658648","False"
"Special-World","SW","2875587269","88","9","8","9 Jun, 2025 @ 8:10am","2025-06-09 08:10",,,"https://steamcommunity.com/sharedfiles/filedetails/changelog/2875587269?p=9&l=english","0f80e202852378f3fc163160628798078017800c1def43d8779fde59af658648","False"
"Special-World","SW","2875587269","89","9","9","7 Jun, 2025 @ 12:34am","2025-06-07 00:34",,,"https://steamcommunity.com/sharedfiles/filedetails/changelog/2875587269?p=9&l=english","0f80e202852378f3fc163160628798078017800c1def43d8779fde59af658648","False"
"Special-World","SW","2875587269","90","9","10","6 Jun, 2025 @ 11:58pm","2025-06-06 23:58",,"Integrated...","https://steamcommunity.com/sharedfiles/filedetails/changelog/2875587269?p=9&l=english","0f80e202852378f3fc163160628798078017800c1def43d8779fde59af658648","False"
"Special-World","SW","2875587269","91","10","1","6 Jun, 2025 @ 2:12pm","2025-06-06 14:12",,,"https://steamcommunity.com/sharedfiles/filedetails/changelog/2875587269?p=10&l=english","480df87d0d4063e7ca8b7db0754b3c25e5d56df1c6748539ce2adf2b38bb3454","False"
"Special-World","SW","2875587269","92","10","2","6 Jun, 2025 @ 1:05pm","2025-06-06 13:05",,,"https://steamcommunity.com/sharedfiles/filedetails/changelog/2875587269?p=10&l=english","480df87d0d4063e7ca8b7db0754b3c25e5d56df1c6748539ce2adf2b38bb3454","False"
"Special-World","SW","2875587269","93","10","3","4 Jun, 2025 @ 12:31pm","2025-06-04 12:31",,,"https://steamcommunity.com/sharedfiles/filedetails/changelog/2875587269?p=10&l=english","480df87d0d4063e7ca8b7db0754b3c25e5d56df1c6748539ce2adf2b38bb3454","False"
"Special-World","SW","2875587269","94","10","4","4 Jun, 2025 @ 10:52am","2025-06-04 10:52",,,"https://steamcommunity.com/sharedfiles/filedetails/changelog/2875587269?p=10&l=english","480df87d0d4063e7ca8b7db0754b3c25e5d56df1c6748539ce2adf2b38bb3454","False"
"Special-World","SW","2875587269","95","10","5","4 Jun, 2025 @ 8:47am","2025-06-04 08:47",,,"https://steamcommunity.com/sharedfiles/filedetails/changelog/2875587269?p=10&l=english","480df87d0d4063e7ca8b7db0754b3c25e5d56df1c6748539ce2adf2b38bb3454","False"
"Special-World","SW","2875587269","96","10","6","4 Jun, 2025 @ 7:40am","2025-06-04 07:40",,,"https://steamcommunity.com/sharedfiles/filedetails/changelog/2875587269?p=10&l=english","480df87d0d4063e7ca8b7db0754b3c25e5d56df1c6748539ce2adf2b38bb3454","False"
"Special-World","SW","2875587269","97","10","7","3 Jun, 2025 @ 9:10am","2025-06-03 09:10",,,"https://steamcommunity.com/sharedfiles/filedetails/changelog/2875587269?p=10&l=english","480df87d0d4063e7ca8b7db0754b3c25e5d56df1c6748539ce2adf2b38bb3454","False"
"Special-World","SW","2875587269","98","10","8","2 Jun, 2025 @ 3:54pm","2025-06-02 15:54",,,"https://steamcommunity.com/sharedfiles/filedetails/changelog/2875587269?p=10&l=english","480df87d0d4063e7ca8b7db0754b3c25e5d56df1c6748539ce2adf2b38bb3454","False"
"Special-World","SW","2875587269","99","10","9","2 Jun, 2025 @ 11:18am","2025-06-02 11:18",,,"https://steamcommunity.com/sharedfiles/filedetails/changelog/2875587269?p=10&l=english","480df87d0d4063e7ca8b7db0754b3c25e5d56df1c6748539ce2adf2b38bb3454","False"
"Special-World","SW","2875587269","100","10","10","30 May, 2025 @ 5:59pm","2025-05-30 17:59",,"Share to your Steam activity feed","https://steamcommunity.com/sharedfiles/filedetails/changelog/2875587269?p=10&l=english","480df87d0d4063e7ca8b7db0754b3c25e5d56df1c6748539ce2adf2b38bb3454","False"
"Special-World","SW","2875587269","101","11","1","30 May, 2025 @ 4:28pm","2025-05-30 16:28",,,"https://steamcommunity.com/sharedfiles/filedetails/changelog/2875587269?p=11&l=english","0c44ad838ebe28e0eeb6c13a74a127b3930855d1905489df365642bd4d54d7fd","False"
"Special-World","SW","2875587269","102","11","2","30 May, 2025 @ 12:17pm","2025-05-30 12:17",,,"https://steamcommunity.com/sharedfiles/filedetails/changelog/2875587269?p=11&l=english","0c44ad838ebe28e0eeb6c13a74a127b3930855d1905489df365642bd4d54d7fd","False"
"Special-World","SW","2875587269","103","11","3","29 May, 2025 @ 9:58pm","2025-05-29 21:58",,,"https://steamcommunity.com/sharedfiles/filedetails/changelog/2875587269?p=11&l=english","0c44ad838ebe28e0eeb6c13a74a127b3930855d1905489df365642bd4d54d7fd","False"
"Special-World","SW","2875587269","104","11","4","29 May, 2025 @ 6:39pm","2025-05-29 18:39",,,"https://steamcommunity.com/sharedfiles/filedetails/changelog/2875587269?p=11&l=english","0c44ad838ebe28e0eeb6c13a74a127b3930855d1905489df365642bd4d54d7fd","False"
"Special-World","SW","2875587269","105","11","5","29 May, 2025 @ 1:48pm","2025-05-29 13:48",,,"https://steamcommunity.com/sharedfiles/filedetails/changelog/2875587269?p=11&l=english","0c44ad838ebe28e0eeb6c13a74a127b3930855d1905489df365642bd4d54d7fd","False"
"Special-World","SW","2875587269","106","11","6","29 May, 2025 @ 12:17pm","2025-05-29 12:17",,,"https://steamcommunity.com/sharedfiles/filedetails/changelog/2875587269?p=11&l=english","0c44ad838ebe28e0eeb6c13a74a127b3930855d1905489df365642bd4d54d7fd","False"
"Special-World","SW","2875587269","107","11","7","28 May, 2025 @ 4:53pm","2025-05-28 16:53",,,"https://steamcommunity.com/sharedfiles/filedetails/changelog/2875587269?p=11&l=english","0c44ad838ebe28e0eeb6c13a74a127b3930855d1905489df365642bd4d54d7fd","False"
"Special-World","SW","2875587269","108","11","8","28 May, 2025 @ 3:43pm","2025-05-28 15:43",,,"https://steamcommunity.com/sharedfiles/filedetails/changelog/2875587269?p=11&l=english","0c44ad838ebe28e0eeb6c13a74a127b3930855d1905489df365642bd4d54d7fd","False"
"Special-World","SW","2875587269","109","11","9","28 May, 2025 @ 3:19pm","2025-05-28 15:19",,,"https://steamcommunity.com/sharedfiles/filedetails/changelog/2875587269?p=11&l=english","0c44ad838ebe28e0eeb6c13a74a127b3930855d1905489df365642bd4d54d7fd","False"
"Special-World","SW","2875587269","110","11","10","28 May, 2025 @ 12:59pm","2025-05-28 12:59",,"Share to your Steam activity feed","https://steamcommunity.com/sharedfiles/filedetails/changelog/2875587269?p=11&l=english","0c44ad838ebe28e0eeb6c13a74a127b3930855d1905489df365642bd4d54d7fd","False"
"Special-World","SW","2875587269","111","12","1","27 May, 2025 @ 7:09pm","2025-05-27 19:09",,"Updated for 1.16.1.2 and changes to COW3 and MHG.","https://steamcommunity.com/sharedfiles/filedetails/changelog/2875587269?p=12&l=english","5e280446d9629f0cda22a3c1990aec0711f9300cef0283765980fd3a1efe5c19","False"
"Special-World","SW","2875587269","112","12","2","27 May, 2025 @ 7:07pm","2025-05-27 19:07",,,"https://steamcommunity.com/sharedfiles/filedetails/changelog/2875587269?p=12&l=english","5e280446d9629f0cda22a3c1990aec0711f9300cef0283765980fd3a1efe5c19","False"
"Special-World","SW","2875587269","113","12","3","20 May, 2025 @ 3:56pm","2025-05-20 15:56",,,"https://steamcommunity.com/sharedfiles/filedetails/changelog/2875587269?p=12&l=english","5e280446d9629f0cda22a3c1990aec0711f9300cef0283765980fd3a1efe5c19","False"
"Special-World","SW","2875587269","114","12","4","15 May, 2025 @ 10:04pm","2025-05-15 22:04",,,"https://steamcommunity.com/sharedfiles/filedetails/changelog/2875587269?p=12&l=english","5e280446d9629f0cda22a3c1990aec0711f9300cef0283765980fd3a1efe5c19","False"
"Special-World","SW","2875587269","115","12","5","12 May, 2025 @ 9:53am","2025-05-12 09:53",,,"https://steamcommunity.com/sharedfiles/filedetails/changelog/2875587269?p=12&l=english","5e280446d9629f0cda22a3c1990aec0711f9300cef0283765980fd3a1efe5c19","False"
"Special-World","SW","2875587269","116","12","6","2 May, 2025 @ 3:45pm","2025-05-02 15:45",,,"https://steamcommunity.com/sharedfiles/filedetails/changelog/2875587269?p=12&l=english","5e280446d9629f0cda22a3c1990aec0711f9300cef0283765980fd3a1efe5c19","False"
"Special-World","SW","2875587269","117","12","7","12 Apr, 2025 @ 9:31am","2025-04-12 09:31",,,"https://steamcommunity.com/sharedfiles/filedetails/changelog/2875587269?p=12&l=english","5e280446d9629f0cda22a3c1990aec0711f9300cef0283765980fd3a1efe5c19","False"
"Special-World","SW","2875587269","118","12","8","6 Apr, 2025 @ 11:39am","2025-04-06 11:39",,,"https://steamcommunity.com/sharedfiles/filedetails/changelog/2875587269?p=12&l=english","5e280446d9629f0cda22a3c1990aec0711f9300cef0283765980fd3a1efe5c19","False"
"Special-World","SW","2875587269","119","12","9","4 Apr, 2025 @ 5:00pm","2025-04-04 17:00",,"Fixed artifact icon ""bug""","https://steamcommunity.com/sharedfiles/filedetails/changelog/2875587269?p=12&l=english","5e280446d9629f0cda22a3c1990aec0711f9300cef0283765980fd3a1efe5c19","False"
"Special-World","SW","2875587269","120","12","10","4 Apr, 2025 @ 3:49pm","2025-04-04 15:49",,"Share to your Steam activity feed","https://steamcommunity.com/sharedfiles/filedetails/changelog/2875587269?p=12&l=english","5e280446d9629f0cda22a3c1990aec0711f9300cef0283765980fd3a1efe5c19","False"
"Special-World","SW","2875587269","121","13","1","2 Apr, 2025 @ 4:22pm","2025-04-02 16:22",,"University Update","https://steamcommunity.com/sharedfiles/filedetails/changelog/2875587269?p=13&l=english","937944edbb926bcdeea1a8a9ef089aeddb9cdd8ccc2b25412c0b5737add9eed3","False"
"Special-World","SW","2875587269","122","13","2","2 Apr, 2025 @ 2:51pm","2025-04-02 14:51",,"Inadvertent Upload","https://steamcommunity.com/sharedfiles/filedetails/changelog/2875587269?p=13&l=english","937944edbb926bcdeea1a8a9ef089aeddb9cdd8ccc2b25412c0b5737add9eed3","False"
"Special-World","SW","2875587269","123","13","3","2 Apr, 2025 @ 2:00pm","2025-04-02 14:00",,,"https://steamcommunity.com/sharedfiles/filedetails/changelog/2875587269?p=13&l=english","937944edbb926bcdeea1a8a9ef089aeddb9cdd8ccc2b25412c0b5737add9eed3","False"
"Special-World","SW","2875587269","124","13","4","31 Mar, 2025 @ 11:43am","2025-03-31 11:43",,,"https://steamcommunity.com/sharedfiles/filedetails/changelog/2875587269?p=13&l=english","937944edbb926bcdeea1a8a9ef089aeddb9cdd8ccc2b25412c0b5737add9eed3","False"
"Special-World","SW","2875587269","125","13","5","30 Mar, 2025 @ 2:15pm","2025-03-30 14:15",,,"https://steamcommunity.com/sharedfiles/filedetails/changelog/2875587269?p=13&l=english","937944edbb926bcdeea1a8a9ef089aeddb9cdd8ccc2b25412c0b5737add9eed3","False"
"Special-World","SW","2875587269","126","13","6","29 Mar, 2025 @ 1:11pm","2025-03-29 13:11",,,"https://steamcommunity.com/sharedfiles/filedetails/changelog/2875587269?p=13&l=english","937944edbb926bcdeea1a8a9ef089aeddb9cdd8ccc2b25412c0b5737add9eed3","False"
"Special-World","SW","2875587269","127","13","7","29 Mar, 2025 @ 12:29pm","2025-03-29 12:29",,"Fixed bug where Vatican doesn't appear","https://steamcommunity.com/sharedfiles/filedetails/changelog/2875587269?p=13&l=english","937944edbb926bcdeea1a8a9ef089aeddb9cdd8ccc2b25412c0b5737add9eed3","False"
"Special-World","SW","2875587269","128","13","8","28 Mar, 2025 @ 11:58pm","2025-03-28 23:58",,"Updated for Medieval Arts Update...added Mt Vesuvius if playing MB+ or MPE","https://steamcommunity.com/sharedfiles/filedetails/changelog/2875587269?p=13&l=english","937944edbb926bcdeea1a8a9ef089aeddb9cdd8ccc2b25412c0b5737add9eed3","False"
"Special-World","SW","2875587269","129","13","9","26 Mar, 2025 @ 1:52pm","2025-03-26 13:52",,,"https://steamcommunity.com/sharedfiles/filedetails/changelog/2875587269?p=13&l=english","937944edbb926bcdeea1a8a9ef089aeddb9cdd8ccc2b25412c0b5737add9eed3","False"
"Special-World","SW","2875587269","130","13","10","26 Mar, 2025 @ 9:07am","2025-03-26 09:07",,"Share to your Steam activity feed","https://steamcommunity.com/sharedfiles/filedetails/changelog/2875587269?p=13&l=english","937944edbb926bcdeea1a8a9ef089aeddb9cdd8ccc2b25412c0b5737add9eed3","False"
"Special-World","SW","2875587269","131","14","1","24 Mar, 2025 @ 10:11pm","2025-03-24 22:11",,,"https://steamcommunity.com/sharedfiles/filedetails/changelog/2875587269?p=14&l=english","8b6047bb9de0d14027322aa06f0b474d003b746e5cd07be80734c60c4e6c23a9","False"
"Special-World","SW","2875587269","132","14","2","24 Mar, 2025 @ 1:42pm","2025-03-24 13:42",,,"https://steamcommunity.com/sharedfiles/filedetails/changelog/2875587269?p=14&l=english","8b6047bb9de0d14027322aa06f0b474d003b746e5cd07be80734c60c4e6c23a9","False"
"Special-World","SW","2875587269","133","14","3","24 Mar, 2025 @ 11:03am","2025-03-24 11:03",,,"https://steamcommunity.com/sharedfiles/filedetails/changelog/2875587269?p=14&l=english","8b6047bb9de0d14027322aa06f0b474d003b746e5cd07be80734c60c4e6c23a9","False"
"Special-World","SW","2875587269","134","14","4","23 Mar, 2025 @ 11:52pm","2025-03-23 23:52",,,"https://steamcommunity.com/sharedfiles/filedetails/changelog/2875587269?p=14&l=english","8b6047bb9de0d14027322aa06f0b474d003b746e5cd07be80734c60c4e6c23a9","False"
"Special-World","SW","2875587269","135","14","5","23 Mar, 2025 @ 11:24am","2025-03-23 11:24",,"Updated Holding Graphics and Backgrounds","https://steamcommunity.com/sharedfiles/filedetails/changelog/2875587269?p=14&l=english","8b6047bb9de0d14027322aa06f0b474d003b746e5cd07be80734c60c4e6c23a9","False"
"Special-World","SW","2875587269","136","14","6","19 Mar, 2025 @ 10:13am","2025-03-19 10:13",,,"https://steamcommunity.com/sharedfiles/filedetails/changelog/2875587269?p=14&l=english","8b6047bb9de0d14027322aa06f0b474d003b746e5cd07be80734c60c4e6c23a9","False"
"Special-World","SW","2875587269","137","14","7","18 Mar, 2025 @ 6:33pm","2025-03-18 18:33",,,"https://steamcommunity.com/sharedfiles/filedetails/changelog/2875587269?p=14&l=english","8b6047bb9de0d14027322aa06f0b474d003b746e5cd07be80734c60c4e6c23a9","False"
"Special-World","SW","2875587269","138","14","8","18 Mar, 2025 @ 6:12pm","2025-03-18 18:12",,,"https://steamcommunity.com/sharedfiles/filedetails/changelog/2875587269?p=14&l=english","8b6047bb9de0d14027322aa06f0b474d003b746e5cd07be80734c60c4e6c23a9","False"
"Special-World","SW","2875587269","139","14","9","17 Mar, 2025 @ 10:09am","2025-03-17 10:09",,,"https://steamcommunity.com/sharedfiles/filedetails/changelog/2875587269?p=14&l=english","8b6047bb9de0d14027322aa06f0b474d003b746e5cd07be80734c60c4e6c23a9","False"
"Special-World","SW","2875587269","140","14","10","11 Mar, 2025 @ 11:12pm","2025-03-11 23:12",,"Share to your Steam activity feed","https://steamcommunity.com/sharedfiles/filedetails/changelog/2875587269?p=14&l=english","8b6047bb9de0d14027322aa06f0b474d003b746e5cd07be80734c60c4e6c23a9","False"
"Special-World","SW","2875587269","141","15","1","9 Mar, 2025 @ 11:41pm","2025-03-09 23:41",,,"https://steamcommunity.com/sharedfiles/filedetails/changelog/2875587269?p=15&l=english","1e1207bd191caf992182ff6bdc2efca0b4e0b6b1f5aea224d6cd152717089185","False"
"Special-World","SW","2875587269","142","15","2","4 Mar, 2025 @ 9:51pm","2025-03-04 21:51",,,"https://steamcommunity.com/sharedfiles/filedetails/changelog/2875587269?p=15&l=english","1e1207bd191caf992182ff6bdc2efca0b4e0b6b1f5aea224d6cd152717089185","False"
"Special-World","SW","2875587269","143","15","3","3 Mar, 2025 @ 2:17pm","2025-03-03 14:17",,,"https://steamcommunity.com/sharedfiles/filedetails/changelog/2875587269?p=15&l=english","1e1207bd191caf992182ff6bdc2efca0b4e0b6b1f5aea224d6cd152717089185","False"
"Special-World","SW","2875587269","144","15","4","3 Mar, 2025 @ 9:11am","2025-03-03 09:11",,,"https://steamcommunity.com/sharedfiles/filedetails/changelog/2875587269?p=15&l=english","1e1207bd191caf992182ff6bdc2efca0b4e0b6b1f5aea224d6cd152717089185","False"
"Special-World","SW","2875587269","145","15","5","2 Mar, 2025 @ 2:59pm","2025-03-02 14:59",,,"https://steamcommunity.com/sharedfiles/filedetails/changelog/2875587269?p=15&l=english","1e1207bd191caf992182ff6bdc2efca0b4e0b6b1f5aea224d6cd152717089185","False"
"Special-World","SW","2875587269","146","15","6","26 Feb, 2025 @ 7:36pm","2025-02-26 19:36",,,"https://steamcommunity.com/sharedfiles/filedetails/changelog/2875587269?p=15&l=english","1e1207bd191caf992182ff6bdc2efca0b4e0b6b1f5aea224d6cd152717089185","False"
"Special-World","SW","2875587269","147","15","7","26 Feb, 2025 @ 3:02pm","2025-02-26 15:02",,,"https://steamcommunity.com/sharedfiles/filedetails/changelog/2875587269?p=15&l=english","1e1207bd191caf992182ff6bdc2efca0b4e0b6b1f5aea224d6cd152717089185","False"
"Special-World","SW","2875587269","148","15","8","26 Feb, 2025 @ 12:39pm","2025-02-26 12:39",,"Updated for DLCs. Various changes so some other buildings appear.","https://steamcommunity.com/sharedfiles/filedetails/changelog/2875587269?p=15&l=english","1e1207bd191caf992182ff6bdc2efca0b4e0b6b1f5aea224d6cd152717089185","False"
"Special-World","SW","2875587269","149","15","9","18 Feb, 2025 @ 10:55pm","2025-02-18 22:55",,,"https://steamcommunity.com/sharedfiles/filedetails/changelog/2875587269?p=15&l=english","1e1207bd191caf992182ff6bdc2efca0b4e0b6b1f5aea224d6cd152717089185","False"
"Special-World","SW","2875587269","150","15","10","18 Feb, 2025 @ 12:38pm","2025-02-18 12:38",,"Share to your Steam activity feed","https://steamcommunity.com/sharedfiles/filedetails/changelog/2875587269?p=15&l=english","1e1207bd191caf992182ff6bdc2efca0b4e0b6b1f5aea224d6cd152717089185","False"
"Special-World","SW","2875587269","151","16","1","18 Feb, 2025 @ 9:29am","2025-02-18 09:29",,,"https://steamcommunity.com/sharedfiles/filedetails/changelog/2875587269?p=16&l=english","e26e0cf0c97e4c8e51f721d94bb49ddc4e9ce287f12330d22a9b569d0b401b55","False"
"Special-World","SW","2875587269","152","16","2","16 Feb, 2025 @ 11:53pm","2025-02-16 23:53",,,"https://steamcommunity.com/sharedfiles/filedetails/changelog/2875587269?p=16&l=english","e26e0cf0c97e4c8e51f721d94bb49ddc4e9ce287f12330d22a9b569d0b401b55","False"
"Special-World","SW","2875587269","153","16","3","13 Feb, 2025 @ 1:55pm","2025-02-13 13:55",,,"https://steamcommunity.com/sharedfiles/filedetails/changelog/2875587269?p=16&l=english","e26e0cf0c97e4c8e51f721d94bb49ddc4e9ce287f12330d22a9b569d0b401b55","False"
"Special-World","SW","2875587269","154","16","4","10 Feb, 2025 @ 10:21pm","2025-02-10 22:21",,,"https://steamcommunity.com/sharedfiles/filedetails/changelog/2875587269?p=16&l=english","e26e0cf0c97e4c8e51f721d94bb49ddc4e9ce287f12330d22a9b569d0b401b55","False"
"Special-World","SW","2875587269","155","16","5","10 Feb, 2025 @ 9:56pm","2025-02-10 21:56",,,"https://steamcommunity.com/sharedfiles/filedetails/changelog/2875587269?p=16&l=english","e26e0cf0c97e4c8e51f721d94bb49ddc4e9ce287f12330d22a9b569d0b401b55","False"
"Special-World","SW","2875587269","156","16","6","10 Feb, 2025 @ 3:53pm","2025-02-10 15:53",,"Medieval Arts Update","https://steamcommunity.com/sharedfiles/filedetails/changelog/2875587269?p=16&l=english","e26e0cf0c97e4c8e51f721d94bb49ddc4e9ce287f12330d22a9b569d0b401b55","False"
"Special-World","SW","2875587269","157","16","7","10 Feb, 2025 @ 8:24am","2025-02-10 08:24",,,"https://steamcommunity.com/sharedfiles/filedetails/changelog/2875587269?p=16&l=english","e26e0cf0c97e4c8e51f721d94bb49ddc4e9ce287f12330d22a9b569d0b401b55","False"
"Special-World","SW","2875587269","158","16","8","10 Feb, 2025 @ 12:55am","2025-02-10 00:55",,,"https://steamcommunity.com/sharedfiles/filedetails/changelog/2875587269?p=16&l=english","e26e0cf0c97e4c8e51f721d94bb49ddc4e9ce287f12330d22a9b569d0b401b55","False"
"Special-World","SW","2875587269","159","16","9","9 Feb, 2025 @ 11:48am","2025-02-09 11:48",,,"https://steamcommunity.com/sharedfiles/filedetails/changelog/2875587269?p=16&l=english","e26e0cf0c97e4c8e51f721d94bb49ddc4e9ce287f12330d22a9b569d0b401b55","False"
"Special-World","SW","2875587269","160","16","10","6 Feb, 2025 @ 4:07pm","2025-02-06 16:07",,"Share to your Steam activity feed","https://steamcommunity.com/sharedfiles/filedetails/changelog/2875587269?p=16&l=english","e26e0cf0c97e4c8e51f721d94bb49ddc4e9ce287f12330d22a9b569d0b401b55","False"
"Special-World","SW","2875587269","161","17","1","6 Feb, 2025 @ 1:18pm","2025-02-06 13:18",,,"https://steamcommunity.com/sharedfiles/filedetails/changelog/2875587269?p=17&l=english","19b5a3e68c2f4f871b055cd9dcd98ae09c1da27fbe223731e67cb01dfb836ba9","False"
"Special-World","SW","2875587269","162","17","2","6 Feb, 2025 @ 12:03pm","2025-02-06 12:03",,,"https://steamcommunity.com/sharedfiles/filedetails/changelog/2875587269?p=17&l=english","19b5a3e68c2f4f871b055cd9dcd98ae09c1da27fbe223731e67cb01dfb836ba9","False"
"Special-World","SW","2875587269","163","17","3","6 Feb, 2025 @ 9:57am","2025-02-06 09:57",,,"https://steamcommunity.com/sharedfiles/filedetails/changelog/2875587269?p=17&l=english","19b5a3e68c2f4f871b055cd9dcd98ae09c1da27fbe223731e67cb01dfb836ba9","False"
"Special-World","SW","2875587269","164","17","4","6 Feb, 2025 @ 9:14am","2025-02-06 09:14",,,"https://steamcommunity.com/sharedfiles/filedetails/changelog/2875587269?p=17&l=english","19b5a3e68c2f4f871b055cd9dcd98ae09c1da27fbe223731e67cb01dfb836ba9","False"
"Special-World","SW","2875587269","165","17","5","6 Feb, 2025 @ 9:06am","2025-02-06 09:06",,,"https://steamcommunity.com/sharedfiles/filedetails/changelog/2875587269?p=17&l=english","19b5a3e68c2f4f871b055cd9dcd98ae09c1da27fbe223731e67cb01dfb836ba9","False"
"Special-World","SW","2875587269","166","17","6","4 Feb, 2025 @ 1:02pm","2025-02-04 13:02",,,"https://steamcommunity.com/sharedfiles/filedetails/changelog/2875587269?p=17&l=english","19b5a3e68c2f4f871b055cd9dcd98ae09c1da27fbe223731e67cb01dfb836ba9","False"
"Special-World","SW","2875587269","167","17","7","4 Feb, 2025 @ 10:17am","2025-02-04 10:17",,"Update:No longer required COW3 as it is now fully integrated","https://steamcommunity.com/sharedfiles/filedetails/changelog/2875587269?p=17&l=english","19b5a3e68c2f4f871b055cd9dcd98ae09c1da27fbe223731e67cb01dfb836ba9","False"
"Special-World","SW","2875587269","168","17","8","3 Feb, 2025 @ 11:39pm","2025-02-03 23:39",,,"https://steamcommunity.com/sharedfiles/filedetails/changelog/2875587269?p=17&l=english","19b5a3e68c2f4f871b055cd9dcd98ae09c1da27fbe223731e67cb01dfb836ba9","False"
"Special-World","SW","2875587269","169","17","9","3 Feb, 2025 @ 11:03pm","2025-02-03 23:03",,,"https://steamcommunity.com/sharedfiles/filedetails/changelog/2875587269?p=17&l=english","19b5a3e68c2f4f871b055cd9dcd98ae09c1da27fbe223731e67cb01dfb836ba9","False"
"Special-World","SW","2875587269","170","17","10","3 Feb, 2025 @ 1:32pm","2025-02-03 13:32",,"Share to your Steam activity feed","https://steamcommunity.com/sharedfiles/filedetails/changelog/2875587269?p=17&l=english","19b5a3e68c2f4f871b055cd9dcd98ae09c1da27fbe223731e67cb01dfb836ba9","False"
"Special-World","SW","2875587269","171","18","1","3 Feb, 2025 @ 11:33am","2025-02-03 11:33",,,"https://steamcommunity.com/sharedfiles/filedetails/changelog/2875587269?p=18&l=english","42bf84c6191714242a9eb907a597d5a4ef1bb91a27a810c276401c7c4e371b84","False"
"Special-World","SW","2875587269","172","18","2","3 Feb, 2025 @ 11:28am","2025-02-03 11:28",,,"https://steamcommunity.com/sharedfiles/filedetails/changelog/2875587269?p=18&l=english","42bf84c6191714242a9eb907a597d5a4ef1bb91a27a810c276401c7c4e371b84","False"
"Special-World","SW","2875587269","173","18","3","1 Feb, 2025 @ 5:17pm","2025-02-01 17:17",,,"https://steamcommunity.com/sharedfiles/filedetails/changelog/2875587269?p=18&l=english","42bf84c6191714242a9eb907a597d5a4ef1bb91a27a810c276401c7c4e371b84","False"
"Special-World","SW","2875587269","174","18","4","31 Jan, 2025 @ 9:21pm","2025-01-31 21:21",,,"https://steamcommunity.com/sharedfiles/filedetails/changelog/2875587269?p=18&l=english","42bf84c6191714242a9eb907a597d5a4ef1bb91a27a810c276401c7c4e371b84","False"
"Special-World","SW","2875587269","175","18","5","31 Jan, 2025 @ 9:01pm","2025-01-31 21:01",,,"https://steamcommunity.com/sharedfiles/filedetails/changelog/2875587269?p=18&l=english","42bf84c6191714242a9eb907a597d5a4ef1bb91a27a810c276401c7c4e371b84","False"
"Special-World","SW","2875587269","176","18","6","31 Jan, 2025 @ 12:50pm","2025-01-31 12:50",,,"https://steamcommunity.com/sharedfiles/filedetails/changelog/2875587269?p=18&l=english","42bf84c6191714242a9eb907a597d5a4ef1bb91a27a810c276401c7c4e371b84","False"
"Special-World","SW","2875587269","177","18","7","30 Jan, 2025 @ 8:29am","2025-01-30 08:29",,"Fixed triggers for compatibility and error prevention.","https://steamcommunity.com/sharedfiles/filedetails/changelog/2875587269?p=18&l=english","42bf84c6191714242a9eb907a597d5a4ef1bb91a27a810c276401c7c4e371b84","False"
"Special-World","SW","2875587269","178","18","8","28 Jan, 2025 @ 9:33am","2025-01-28 09:33",,,"https://steamcommunity.com/sharedfiles/filedetails/changelog/2875587269?p=18&l=english","42bf84c6191714242a9eb907a597d5a4ef1bb91a27a810c276401c7c4e371b84","False"
"Special-World","SW","2875587269","179","18","9","27 Jan, 2025 @ 9:32pm","2025-01-27 21:32",,,"https://steamcommunity.com/sharedfiles/filedetails/changelog/2875587269?p=18&l=english","42bf84c6191714242a9eb907a597d5a4ef1bb91a27a810c276401c7c4e371b84","False"
"Special-World","SW","2875587269","180","18","10","27 Jan, 2025 @ 4:16pm","2025-01-27 16:16",,"Share to your Steam activity feed","https://steamcommunity.com/sharedfiles/filedetails/changelog/2875587269?p=18&l=english","42bf84c6191714242a9eb907a597d5a4ef1bb91a27a810c276401c7c4e371b84","False"
"Special-World","SW","2875587269","181","19","1","27 Jan, 2025 @ 1:53pm","2025-01-27 13:53",,,"https://steamcommunity.com/sharedfiles/filedetails/changelog/2875587269?p=19&l=english","474db9f23b45934c8eb4d6e5f68b77aa0b2958fb0ac50a292685bb17436f32c1","False"
"Special-World","SW","2875587269","182","19","2","26 Jan, 2025 @ 10:58pm","2025-01-26 22:58",,,"https://steamcommunity.com/sharedfiles/filedetails/changelog/2875587269?p=19&l=english","474db9f23b45934c8eb4d6e5f68b77aa0b2958fb0ac50a292685bb17436f32c1","False"
"Special-World","SW","2875587269","183","19","3","26 Jan, 2025 @ 2:32pm","2025-01-26 14:32",,,"https://steamcommunity.com/sharedfiles/filedetails/changelog/2875587269?p=19&l=english","474db9f23b45934c8eb4d6e5f68b77aa0b2958fb0ac50a292685bb17436f32c1","False"
"Special-World","SW","2875587269","184","19","4","24 Jan, 2025 @ 3:29pm","2025-01-24 15:29",,,"https://steamcommunity.com/sharedfiles/filedetails/changelog/2875587269?p=19&l=english","474db9f23b45934c8eb4d6e5f68b77aa0b2958fb0ac50a292685bb17436f32c1","False"
"Special-World","SW","2875587269","185","19","5","24 Jan, 2025 @ 1:23pm","2025-01-24 13:23",,,"https://steamcommunity.com/sharedfiles/filedetails/changelog/2875587269?p=19&l=english","474db9f23b45934c8eb4d6e5f68b77aa0b2958fb0ac50a292685bb17436f32c1","False"
"Special-World","SW","2875587269","186","19","6","23 Jan, 2025 @ 5:44pm","2025-01-23 17:44",,"Error Fixes and fixes for buildings that were no showing up","https://steamcommunity.com/sharedfiles/filedetails/changelog/2875587269?p=19&l=english","474db9f23b45934c8eb4d6e5f68b77aa0b2958fb0ac50a292685bb17436f32c1","False"
"Special-World","SW","2875587269","187","19","7","23 Jan, 2025 @ 12:11pm","2025-01-23 12:11",,,"https://steamcommunity.com/sharedfiles/filedetails/changelog/2875587269?p=19&l=english","474db9f23b45934c8eb4d6e5f68b77aa0b2958fb0ac50a292685bb17436f32c1","False"
"Special-World","SW","2875587269","188","19","8","23 Jan, 2025 @ 11:08am","2025-01-23 11:08",,,"https://steamcommunity.com/sharedfiles/filedetails/changelog/2875587269?p=19&l=english","474db9f23b45934c8eb4d6e5f68b77aa0b2958fb0ac50a292685bb17436f32c1","False"
"Special-World","SW","2875587269","189","19","9","23 Jan, 2025 @ 9:38am","2025-01-23 09:38",,,"https://steamcommunity.com/sharedfiles/filedetails/changelog/2875587269?p=19&l=english","474db9f23b45934c8eb4d6e5f68b77aa0b2958fb0ac50a292685bb17436f32c1","False"
"Special-World","SW","2875587269","190","19","10","22 Jan, 2025 @ 11:03pm","2025-01-22 23:03",,"Share to your Steam activity feed","https://steamcommunity.com/sharedfiles/filedetails/changelog/2875587269?p=19&l=english","474db9f23b45934c8eb4d6e5f68b77aa0b2958fb0ac50a292685bb17436f32c1","False"
"Special-World","SW","2875587269","191","20","1","22 Jan, 2025 @ 1:53pm","2025-01-22 13:53",,"Updated script for errors upon world creation","https://steamcommunity.com/sharedfiles/filedetails/changelog/2875587269?p=20&l=english","44a86494176129f1b586533b07043ee7f813029af78a2e0e31687264624bf778","False"
"Special-World","SW","2875587269","192","20","2","19 Jan, 2025 @ 11:01pm","2025-01-19 23:01",,,"https://steamcommunity.com/sharedfiles/filedetails/changelog/2875587269?p=20&l=english","44a86494176129f1b586533b07043ee7f813029af78a2e0e31687264624bf778","False"
"Special-World","SW","2875587269","193","20","3","19 Jan, 2025 @ 10:21pm","2025-01-19 22:21",,,"https://steamcommunity.com/sharedfiles/filedetails/changelog/2875587269?p=20&l=english","44a86494176129f1b586533b07043ee7f813029af78a2e0e31687264624bf778","False"
"Special-World","SW","2875587269","194","20","4","19 Jan, 2025 @ 10:05pm","2025-01-19 22:05",,,"https://steamcommunity.com/sharedfiles/filedetails/changelog/2875587269?p=20&l=english","44a86494176129f1b586533b07043ee7f813029af78a2e0e31687264624bf778","False"
"Special-World","SW","2875587269","195","20","5","19 Jan, 2025 @ 9:55pm","2025-01-19 21:55",,,"https://steamcommunity.com/sharedfiles/filedetails/changelog/2875587269?p=20&l=english","44a86494176129f1b586533b07043ee7f813029af78a2e0e31687264624bf778","False"
"Special-World","SW","2875587269","196","20","6","19 Jan, 2025 @ 9:24pm","2025-01-19 21:24",,,"https://steamcommunity.com/sharedfiles/filedetails/changelog/2875587269?p=20&l=english","44a86494176129f1b586533b07043ee7f813029af78a2e0e31687264624bf778","False"
"Special-World","SW","2875587269","197","20","7","16 Jan, 2025 @ 11:14am","2025-01-16 11:14",,,"https://steamcommunity.com/sharedfiles/filedetails/changelog/2875587269?p=20&l=english","44a86494176129f1b586533b07043ee7f813029af78a2e0e31687264624bf778","False"
"Special-World","SW","2875587269","198","20","8","16 Jan, 2025 @ 8:50am","2025-01-16 08:50",,"Updated with Medieval Arts updates","https://steamcommunity.com/sharedfiles/filedetails/changelog/2875587269?p=20&l=english","44a86494176129f1b586533b07043ee7f813029af78a2e0e31687264624bf778","False"
"Special-World","SW","2875587269","199","20","9","14 Jan, 2025 @ 9:18am","2025-01-14 09:18",,,"https://steamcommunity.com/sharedfiles/filedetails/changelog/2875587269?p=20&l=english","44a86494176129f1b586533b07043ee7f813029af78a2e0e31687264624bf778","False"
"Special-World","SW","2875587269","200","20","10","14 Jan, 2025 @ 8:24am","2025-01-14 08:24",,"Share to your Steam activity feed","https://steamcommunity.com/sharedfiles/filedetails/changelog/2875587269?p=20&l=english","44a86494176129f1b586533b07043ee7f813029af78a2e0e31687264624bf778","False"
"Special-World","SW","2875587269","201","21","1","14 Jan, 2025 @ 8:05am","2025-01-14 08:05",,,"https://steamcommunity.com/sharedfiles/filedetails/changelog/2875587269?p=21&l=english","ea8af1bd35a4c10eda993756f08ddc2204b993c71f5154096ff84f307da2f7e4","False"
"Special-World","SW","2875587269","202","21","2","14 Jan, 2025 @ 7:03am","2025-01-14 07:03",,,"https://steamcommunity.com/sharedfiles/filedetails/changelog/2875587269?p=21&l=english","ea8af1bd35a4c10eda993756f08ddc2204b993c71f5154096ff84f307da2f7e4","False"
"Special-World","SW","2875587269","203","21","3","13 Jan, 2025 @ 2:38pm","2025-01-13 14:38",,,"https://steamcommunity.com/sharedfiles/filedetails/changelog/2875587269?p=21&l=english","ea8af1bd35a4c10eda993756f08ddc2204b993c71f5154096ff84f307da2f7e4","False"
"Special-World","SW","2875587269","204","21","4","13 Jan, 2025 @ 1:51pm","2025-01-13 13:51",,,"https://steamcommunity.com/sharedfiles/filedetails/changelog/2875587269?p=21&l=english","ea8af1bd35a4c10eda993756f08ddc2204b993c71f5154096ff84f307da2f7e4","False"
"Special-World","SW","2875587269","205","21","5","13 Jan, 2025 @ 12:28pm","2025-01-13 12:28",,,"https://steamcommunity.com/sharedfiles/filedetails/changelog/2875587269?p=21&l=english","ea8af1bd35a4c10eda993756f08ddc2204b993c71f5154096ff84f307da2f7e4","False"
"Special-World","SW","2875587269","206","21","6","13 Jan, 2025 @ 9:17am","2025-01-13 09:17",,,"https://steamcommunity.com/sharedfiles/filedetails/changelog/2875587269?p=21&l=english","ea8af1bd35a4c10eda993756f08ddc2204b993c71f5154096ff84f307da2f7e4","False"
"Special-World","SW","2875587269","207","21","7","7 Jan, 2025 @ 12:03pm","2025-01-07 12:03",,"Default Special Building locators are now based on regular map / Medieval Arts","https://steamcommunity.com/sharedfiles/filedetails/changelog/2875587269?p=21&l=english","ea8af1bd35a4c10eda993756f08ddc2204b993c71f5154096ff84f307da2f7e4","False"
"Special-World","SW","2875587269","208","21","8","6 Jan, 2025 @ 9:04am","2025-01-06 09:04",,,"https://steamcommunity.com/sharedfiles/filedetails/changelog/2875587269?p=21&l=english","ea8af1bd35a4c10eda993756f08ddc2204b993c71f5154096ff84f307da2f7e4","False"
"Special-World","SW","2875587269","209","21","9","3 Jan, 2025 @ 11:31am","2025-01-03 11:31",,,"https://steamcommunity.com/sharedfiles/filedetails/changelog/2875587269?p=21&l=english","ea8af1bd35a4c10eda993756f08ddc2204b993c71f5154096ff84f307da2f7e4","False"
"Special-World","SW","2875587269","210","21","10","31 Dec, 2024 @ 10:45am","2024-12-31 10:45",,"Share to your Steam activity feed","https://steamcommunity.com/sharedfiles/filedetails/changelog/2875587269?p=21&l=english","ea8af1bd35a4c10eda993756f08ddc2204b993c71f5154096ff84f307da2f7e4","False"
"Special-World","SW","2875587269","211","22","1","30 Dec, 2024 @ 8:27am","2024-12-30 08:27",,,"https://steamcommunity.com/sharedfiles/filedetails/changelog/2875587269?p=22&l=english","64809e5e8a2bfcfcd7b9032f2413ec680a75de5c50a65ecc62a9316a059bc733","False"
"Special-World","SW","2875587269","212","22","2","29 Dec, 2024 @ 10:27pm","2024-12-29 22:27",,,"https://steamcommunity.com/sharedfiles/filedetails/changelog/2875587269?p=22&l=english","64809e5e8a2bfcfcd7b9032f2413ec680a75de5c50a65ecc62a9316a059bc733","False"
"Special-World","SW","2875587269","213","22","3","29 Dec, 2024 @ 9:27pm","2024-12-29 21:27",,,"https://steamcommunity.com/sharedfiles/filedetails/changelog/2875587269?p=22&l=english","64809e5e8a2bfcfcd7b9032f2413ec680a75de5c50a65ecc62a9316a059bc733","False"
"Special-World","SW","2875587269","214","22","4","28 Dec, 2024 @ 5:45pm","2024-12-28 17:45",,,"https://steamcommunity.com/sharedfiles/filedetails/changelog/2875587269?p=22&l=english","64809e5e8a2bfcfcd7b9032f2413ec680a75de5c50a65ecc62a9316a059bc733","False"
"Special-World","SW","2875587269","215","22","5","28 Dec, 2024 @ 5:22pm","2024-12-28 17:22",,,"https://steamcommunity.com/sharedfiles/filedetails/changelog/2875587269?p=22&l=english","64809e5e8a2bfcfcd7b9032f2413ec680a75de5c50a65ecc62a9316a059bc733","False"
"Special-World","SW","2875587269","216","22","6","28 Dec, 2024 @ 5:18pm","2024-12-28 17:18",,"Ignore","https://steamcommunity.com/sharedfiles/filedetails/changelog/2875587269?p=22&l=english","64809e5e8a2bfcfcd7b9032f2413ec680a75de5c50a65ecc62a9316a059bc733","False"
"Special-World","SW","2875587269","217","22","7","28 Dec, 2024 @ 5:00pm","2024-12-28 17:00",,,"https://steamcommunity.com/sharedfiles/filedetails/changelog/2875587269?p=22&l=english","64809e5e8a2bfcfcd7b9032f2413ec680a75de5c50a65ecc62a9316a059bc733","False"
"Special-World","SW","2875587269","218","22","8","28 Dec, 2024 @ 1:48pm","2024-12-28 13:48",,"UPDATE:","https://steamcommunity.com/sharedfiles/filedetails/changelog/2875587269?p=22&l=english","64809e5e8a2bfcfcd7b9032f2413ec680a75de5c50a65ecc62a9316a059bc733","False"
"Special-World","SW","2875587269","219","22","9","27 Dec, 2024 @ 8:44am","2024-12-27 08:44",,,"https://steamcommunity.com/sharedfiles/filedetails/changelog/2875587269?p=22&l=english","64809e5e8a2bfcfcd7b9032f2413ec680a75de5c50a65ecc62a9316a059bc733","False"
"Special-World","SW","2875587269","220","22","10","27 Dec, 2024 @ 12:55am","2024-12-27 00:55",,"Share to your Steam activity feed","https://steamcommunity.com/sharedfiles/filedetails/changelog/2875587269?p=22&l=english","64809e5e8a2bfcfcd7b9032f2413ec680a75de5c50a65ecc62a9316a059bc733","False"
"Special-World","SW","2875587269","221","23","1","27 Dec, 2024 @ 12:37am","2024-12-27 00:37",,"Post Christmas Update","https://steamcommunity.com/sharedfiles/filedetails/changelog/2875587269?p=23&l=english","ae2515e5b4c6c22370af948ea2ba872aeca204309bcfcb42a53dea2bb54e813d","False"
"Special-World","SW","2875587269","222","23","2","22 Dec, 2024 @ 2:30pm","2024-12-22 14:30",,,"https://steamcommunity.com/sharedfiles/filedetails/changelog/2875587269?p=23&l=english","ae2515e5b4c6c22370af948ea2ba872aeca204309bcfcb42a53dea2bb54e813d","False"
"Special-World","SW","2875587269","223","23","3","22 Dec, 2024 @ 2:20pm","2024-12-22 14:20",,,"https://steamcommunity.com/sharedfiles/filedetails/changelog/2875587269?p=23&l=english","ae2515e5b4c6c22370af948ea2ba872aeca204309bcfcb42a53dea2bb54e813d","False"
"Special-World","SW","2875587269","224","23","4","20 Dec, 2024 @ 9:57pm","2024-12-20 21:57",,,"https://steamcommunity.com/sharedfiles/filedetails/changelog/2875587269?p=23&l=english","ae2515e5b4c6c22370af948ea2ba872aeca204309bcfcb42a53dea2bb54e813d","False"
"Special-World","SW","2875587269","225","23","5","20 Dec, 2024 @ 6:43am","2024-12-20 06:43",,"COW Update","https://steamcommunity.com/sharedfiles/filedetails/changelog/2875587269?p=23&l=english","ae2515e5b4c6c22370af948ea2ba872aeca204309bcfcb42a53dea2bb54e813d","False"
"Special-World","SW","2875587269","226","23","6","19 Dec, 2024 @ 9:04am","2024-12-19 09:04",,,"https://steamcommunity.com/sharedfiles/filedetails/changelog/2875587269?p=23&l=english","ae2515e5b4c6c22370af948ea2ba872aeca204309bcfcb42a53dea2bb54e813d","False"
"Special-World","SW","2875587269","227","23","7","18 Dec, 2024 @ 10:57am","2024-12-18 10:57",,"Updated Localization File, was using old one","https://steamcommunity.com/sharedfiles/filedetails/changelog/2875587269?p=23&l=english","ae2515e5b4c6c22370af948ea2ba872aeca204309bcfcb42a53dea2bb54e813d","False"
"Special-World","SW","2875587269","228","23","8","17 Dec, 2024 @ 11:03am","2024-12-17 11:03",,,"https://steamcommunity.com/sharedfiles/filedetails/changelog/2875587269?p=23&l=english","ae2515e5b4c6c22370af948ea2ba872aeca204309bcfcb42a53dea2bb54e813d","False"
"Special-World","SW","2875587269","229","23","9","9 Dec, 2024 @ 10:10am","2024-12-09 10:10",,,"https://steamcommunity.com/sharedfiles/filedetails/changelog/2875587269?p=23&l=english","ae2515e5b4c6c22370af948ea2ba872aeca204309bcfcb42a53dea2bb54e813d","False"
"Special-World","SW","2875587269","230","23","10","8 Dec, 2024 @ 11:05pm","2024-12-08 23:05",,"Share to your Steam activity feed","https://steamcommunity.com/sharedfiles/filedetails/changelog/2875587269?p=23&l=english","ae2515e5b4c6c22370af948ea2ba872aeca204309bcfcb42a53dea2bb54e813d","False"
"Special-World","SW","2875587269","231","24","1","8 Dec, 2024 @ 5:02pm","2024-12-08 17:02",,,"https://steamcommunity.com/sharedfiles/filedetails/changelog/2875587269?p=24&l=english","bc36e28260691c345a2e2c4d67050c6a9953cafc4be184277e58afeccc6dc965","False"
"Special-World","SW","2875587269","232","24","2","8 Dec, 2024 @ 4:42pm","2024-12-08 16:42",,,"https://steamcommunity.com/sharedfiles/filedetails/changelog/2875587269?p=24&l=english","bc36e28260691c345a2e2c4d67050c6a9953cafc4be184277e58afeccc6dc965","False"
"Special-World","SW","2875587269","233","24","3","8 Dec, 2024 @ 2:43pm","2024-12-08 14:43",,,"https://steamcommunity.com/sharedfiles/filedetails/changelog/2875587269?p=24&l=english","bc36e28260691c345a2e2c4d67050c6a9953cafc4be184277e58afeccc6dc965","False"
"Special-World","SW","2875587269","234","24","4","6 Dec, 2024 @ 2:00pm","2024-12-06 14:00",,"- ""True Romans"" by Adelaetus compatibility","https://steamcommunity.com/sharedfiles/filedetails/changelog/2875587269?p=24&l=english","bc36e28260691c345a2e2c4d67050c6a9953cafc4be184277e58afeccc6dc965","False"
"Special-World","SW","2875587269","235","24","5","26 Nov, 2024 @ 11:58am","2024-11-26 11:58",,,"https://steamcommunity.com/sharedfiles/filedetails/changelog/2875587269?p=24&l=english","bc36e28260691c345a2e2c4d67050c6a9953cafc4be184277e58afeccc6dc965","False"
"Special-World","SW","2875587269","236","24","6","25 Nov, 2024 @ 4:36pm","2024-11-25 16:36",,,"https://steamcommunity.com/sharedfiles/filedetails/changelog/2875587269?p=24&l=english","bc36e28260691c345a2e2c4d67050c6a9953cafc4be184277e58afeccc6dc965","False"
"Special-World","SW","2875587269","237","24","7","24 Nov, 2024 @ 1:25pm","2024-11-24 13:25",,,"https://steamcommunity.com/sharedfiles/filedetails/changelog/2875587269?p=24&l=english","bc36e28260691c345a2e2c4d67050c6a9953cafc4be184277e58afeccc6dc965","False"
"Special-World","SW","2875587269","238","24","8","11 Nov, 2024 @ 8:10am","2024-11-11 08:10",,,"https://steamcommunity.com/sharedfiles/filedetails/changelog/2875587269?p=24&l=english","bc36e28260691c345a2e2c4d67050c6a9953cafc4be184277e58afeccc6dc965","False"
"Special-World","SW","2875587269","239","24","9","9 Nov, 2024 @ 9:20am","2024-11-09 09:20",,,"https://steamcommunity.com/sharedfiles/filedetails/changelog/2875587269?p=24&l=english","bc36e28260691c345a2e2c4d67050c6a9953cafc4be184277e58afeccc6dc965","False"
"Special-World","SW","2875587269","240","24","10","4 Nov, 2024 @ 11:49pm","2024-11-04 23:49",,"Share to your Steam activity feed","https://steamcommunity.com/sharedfiles/filedetails/changelog/2875587269?p=24&l=english","bc36e28260691c345a2e2c4d67050c6a9953cafc4be184277e58afeccc6dc965","False"
"Special-World","SW","2875587269","241","25","1","31 Oct, 2024 @ 12:39pm","2024-10-31 12:39",,,"https://steamcommunity.com/sharedfiles/filedetails/changelog/2875587269?p=25&l=english","80c835e71c828ac8e13d57d6afc75051729f4e553978f5a8001ac35a91b3b743","False"
"Special-World","SW","2875587269","242","25","2","28 Oct, 2024 @ 1:28pm","2024-10-28 13:28",,"Updates for MPE fixes.","https://steamcommunity.com/sharedfiles/filedetails/changelog/2875587269?p=25&l=english","80c835e71c828ac8e13d57d6afc75051729f4e553978f5a8001ac35a91b3b743","False"
"Special-World","SW","2875587269","243","25","3","28 Oct, 2024 @ 12:14pm","2024-10-28 12:14",,,"https://steamcommunity.com/sharedfiles/filedetails/changelog/2875587269?p=25&l=english","80c835e71c828ac8e13d57d6afc75051729f4e553978f5a8001ac35a91b3b743","False"
"Special-World","SW","2875587269","244","25","4","22 Oct, 2024 @ 9:14am","2024-10-22 09:14",,"Titles Fix maybe","https://steamcommunity.com/sharedfiles/filedetails/changelog/2875587269?p=25&l=english","80c835e71c828ac8e13d57d6afc75051729f4e553978f5a8001ac35a91b3b743","False"
"Special-World","SW","2875587269","245","25","5","19 Oct, 2024 @ 1:53pm","2024-10-19 13:53",,"Fix Cow Triggers issue.","https://steamcommunity.com/sharedfiles/filedetails/changelog/2875587269?p=25&l=english","80c835e71c828ac8e13d57d6afc75051729f4e553978f5a8001ac35a91b3b743","False"
"Special-World","SW","2875587269","246","25","6","19 Oct, 2024 @ 9:16am","2024-10-19 09:16",,,"https://steamcommunity.com/sharedfiles/filedetails/changelog/2875587269?p=25&l=english","80c835e71c828ac8e13d57d6afc75051729f4e553978f5a8001ac35a91b3b743","False"
"Special-World","SW","2875587269","247","25","7","18 Oct, 2024 @ 11:46am","2024-10-18 11:46",,,"https://steamcommunity.com/sharedfiles/filedetails/changelog/2875587269?p=25&l=english","80c835e71c828ac8e13d57d6afc75051729f4e553978f5a8001ac35a91b3b743","False"
"Special-World","SW","2875587269","248","25","8","17 Oct, 2024 @ 11:18pm","2024-10-17 23:18",,,"https://steamcommunity.com/sharedfiles/filedetails/changelog/2875587269?p=25&l=english","80c835e71c828ac8e13d57d6afc75051729f4e553978f5a8001ac35a91b3b743","False"
"Special-World","SW","2875587269","249","25","9","17 Oct, 2024 @ 4:10pm","2024-10-17 16:10",,,"https://steamcommunity.com/sharedfiles/filedetails/changelog/2875587269?p=25&l=english","80c835e71c828ac8e13d57d6afc75051729f4e553978f5a8001ac35a91b3b743","False"
"Special-World","SW","2875587269","250","25","10","15 Oct, 2024 @ 9:30am","2024-10-15 09:30",,"Share to your Steam activity feed","https://steamcommunity.com/sharedfiles/filedetails/changelog/2875587269?p=25&l=english","80c835e71c828ac8e13d57d6afc75051729f4e553978f5a8001ac35a91b3b743","False"
"Special-World","SW","2875587269","251","26","1","14 Oct, 2024 @ 11:09am","2024-10-14 11:09",,,"https://steamcommunity.com/sharedfiles/filedetails/changelog/2875587269?p=26&l=english","93a5c00191736a857ec6955c0e0ad67b8678c2b27ea9e00e598caccc97e87122","False"
"Special-World","SW","2875587269","252","26","2","13 Oct, 2024 @ 9:50pm","2024-10-13 21:50",,,"https://steamcommunity.com/sharedfiles/filedetails/changelog/2875587269?p=26&l=english","93a5c00191736a857ec6955c0e0ad67b8678c2b27ea9e00e598caccc97e87122","False"
"Special-World","SW","2875587269","253","26","3","9 Oct, 2024 @ 11:55pm","2024-10-09 23:55",,,"https://steamcommunity.com/sharedfiles/filedetails/changelog/2875587269?p=26&l=english","93a5c00191736a857ec6955c0e0ad67b8678c2b27ea9e00e598caccc97e87122","False"
"Special-World","SW","2875587269","254","26","4","9 Oct, 2024 @ 10:56am","2024-10-09 10:56",,,"https://steamcommunity.com/sharedfiles/filedetails/changelog/2875587269?p=26&l=english","93a5c00191736a857ec6955c0e0ad67b8678c2b27ea9e00e598caccc97e87122","False"
"Special-World","SW","2875587269","255","26","5","8 Oct, 2024 @ 5:46pm","2024-10-08 17:46",,,"https://steamcommunity.com/sharedfiles/filedetails/changelog/2875587269?p=26&l=english","93a5c00191736a857ec6955c0e0ad67b8678c2b27ea9e00e598caccc97e87122","False"
"Special-World","SW","2875587269","256","26","6","8 Oct, 2024 @ 1:31pm","2024-10-08 13:31",,,"https://steamcommunity.com/sharedfiles/filedetails/changelog/2875587269?p=26&l=english","93a5c00191736a857ec6955c0e0ad67b8678c2b27ea9e00e598caccc97e87122","False"
"Special-World","SW","2875587269","257","26","7","8 Oct, 2024 @ 9:06am","2024-10-08 09:06",,,"https://steamcommunity.com/sharedfiles/filedetails/changelog/2875587269?p=26&l=english","93a5c00191736a857ec6955c0e0ad67b8678c2b27ea9e00e598caccc97e87122","False"
"Special-World","SW","2875587269","258","26","8","4 Oct, 2024 @ 3:19pm","2024-10-04 15:19",,"Various fixes and tweaks.","https://steamcommunity.com/sharedfiles/filedetails/changelog/2875587269?p=26&l=english","93a5c00191736a857ec6955c0e0ad67b8678c2b27ea9e00e598caccc97e87122","False"
"Special-World","SW","2875587269","259","26","9","4 Oct, 2024 @ 10:06am","2024-10-04 10:06",,"- Pending updates for COW3 and RICE","https://steamcommunity.com/sharedfiles/filedetails/changelog/2875587269?p=26&l=english","93a5c00191736a857ec6955c0e0ad67b8678c2b27ea9e00e598caccc97e87122","False"
"Special-World","SW","2875587269","260","26","10","17 Sep, 2024 @ 9:14am","2024-09-17 09:14",,"Share to your Steam activity feed","https://steamcommunity.com/sharedfiles/filedetails/changelog/2875587269?p=26&l=english","93a5c00191736a857ec6955c0e0ad67b8678c2b27ea9e00e598caccc97e87122","False"
"Special-World","SW","2875587269","261","27","1","4 Sep, 2024 @ 8:02am","2024-09-04 08:02",,,"https://steamcommunity.com/sharedfiles/filedetails/changelog/2875587269?p=27&l=english","e725f98c6397bb93cdd224b726a5160811150d8c9048fdf65fbfefe831cde248","False"
"Special-World","SW","2875587269","262","27","2","28 Aug, 2024 @ 11:59am","2024-08-28 11:59",,"RICE Sicily Pack Update","https://steamcommunity.com/sharedfiles/filedetails/changelog/2875587269?p=27&l=english","e725f98c6397bb93cdd224b726a5160811150d8c9048fdf65fbfefe831cde248","False"
"Special-World","SW","2875587269","263","27","3","21 Aug, 2024 @ 8:18am","2024-08-21 08:18",,,"https://steamcommunity.com/sharedfiles/filedetails/changelog/2875587269?p=27&l=english","e725f98c6397bb93cdd224b726a5160811150d8c9048fdf65fbfefe831cde248","False"
"Special-World","SW","2875587269","264","27","4","15 Aug, 2024 @ 10:06pm","2024-08-15 22:06",,,"https://steamcommunity.com/sharedfiles/filedetails/changelog/2875587269?p=27&l=english","e725f98c6397bb93cdd224b726a5160811150d8c9048fdf65fbfefe831cde248","False"
"Special-World","SW","2875587269","265","27","5","9 Aug, 2024 @ 2:41pm","2024-08-09 14:41",,,"https://steamcommunity.com/sharedfiles/filedetails/changelog/2875587269?p=27&l=english","e725f98c6397bb93cdd224b726a5160811150d8c9048fdf65fbfefe831cde248","False"
"Special-World","SW","2875587269","266","27","6","9 Aug, 2024 @ 9:27am","2024-08-09 09:27",,,"https://steamcommunity.com/sharedfiles/filedetails/changelog/2875587269?p=27&l=english","e725f98c6397bb93cdd224b726a5160811150d8c9048fdf65fbfefe831cde248","False"
"Special-World","SW","2875587269","267","27","7","8 Aug, 2024 @ 11:56am","2024-08-08 11:56",,,"https://steamcommunity.com/sharedfiles/filedetails/changelog/2875587269?p=27&l=english","e725f98c6397bb93cdd224b726a5160811150d8c9048fdf65fbfefe831cde248","False"
"Special-World","SW","2875587269","268","27","8","30 Jul, 2024 @ 9:49am","2024-07-30 09:49",,,"https://steamcommunity.com/sharedfiles/filedetails/changelog/2875587269?p=27&l=english","e725f98c6397bb93cdd224b726a5160811150d8c9048fdf65fbfefe831cde248","False"
"Special-World","SW","2875587269","269","27","9","29 Jul, 2024 @ 2:41pm","2024-07-29 14:41",,"More Fixes to the Acre and Tripoli. Port of Tripoli is now a Duchy Building for Tripoli.","https://steamcommunity.com/sharedfiles/filedetails/changelog/2875587269?p=27&l=english","e725f98c6397bb93cdd224b726a5160811150d8c9048fdf65fbfefe831cde248","False"
"Special-World","SW","2875587269","270","27","10","28 Jul, 2024 @ 3:15pm","2024-07-28 15:15",,"Share to your Steam activity feed","https://steamcommunity.com/sharedfiles/filedetails/changelog/2875587269?p=27&l=english","e725f98c6397bb93cdd224b726a5160811150d8c9048fdf65fbfefe831cde248","False"
"Special-World","SW","2875587269","271","28","1","17 Jul, 2024 @ 1:24pm","2024-07-17 13:24",,"Fixed MapMode requests","https://steamcommunity.com/sharedfiles/filedetails/changelog/2875587269?p=28&l=english","dde83e37e437fe292bc5c97f6f1ca8144914f97dda1b8bb89f67179e09680e9a","False"
"Special-World","SW","2875587269","272","28","2","9 Jul, 2024 @ 11:05pm","2024-07-09 23:05",,,"https://steamcommunity.com/sharedfiles/filedetails/changelog/2875587269?p=28&l=english","dde83e37e437fe292bc5c97f6f1ca8144914f97dda1b8bb89f67179e09680e9a","False"
"Special-World","SW","2875587269","273","28","3","9 Jul, 2024 @ 10:50pm","2024-07-09 22:50",,,"https://steamcommunity.com/sharedfiles/filedetails/changelog/2875587269?p=28&l=english","dde83e37e437fe292bc5c97f6f1ca8144914f97dda1b8bb89f67179e09680e9a","False"
"Special-World","SW","2875587269","274","28","4","9 Jul, 2024 @ 12:00pm","2024-07-09 12:00",,,"https://steamcommunity.com/sharedfiles/filedetails/changelog/2875587269?p=28&l=english","dde83e37e437fe292bc5c97f6f1ca8144914f97dda1b8bb89f67179e09680e9a","False"
"Special-World","SW","2875587269","275","28","5","9 Jul, 2024 @ 9:43am","2024-07-09 09:43",,,"https://steamcommunity.com/sharedfiles/filedetails/changelog/2875587269?p=28&l=english","dde83e37e437fe292bc5c97f6f1ca8144914f97dda1b8bb89f67179e09680e9a","False"
"Special-World","SW","2875587269","276","28","6","9 Jul, 2024 @ 8:57am","2024-07-09 08:57",,,"https://steamcommunity.com/sharedfiles/filedetails/changelog/2875587269?p=28&l=english","dde83e37e437fe292bc5c97f6f1ca8144914f97dda1b8bb89f67179e09680e9a","False"
"Special-World","SW","2875587269","277","28","7","9 Jul, 2024 @ 8:52am","2024-07-09 08:52",,,"https://steamcommunity.com/sharedfiles/filedetails/changelog/2875587269?p=28&l=english","dde83e37e437fe292bc5c97f6f1ca8144914f97dda1b8bb89f67179e09680e9a","False"
"Special-World","SW","2875587269","278","28","8","9 Jul, 2024 @ 8:02am","2024-07-09 08:02",,"- Medieval Arts Update to Special Buildings","https://steamcommunity.com/sharedfiles/filedetails/changelog/2875587269?p=28&l=english","dde83e37e437fe292bc5c97f6f1ca8144914f97dda1b8bb89f67179e09680e9a","False"
"Special-World","SW","2875587269","279","28","9","27 Jun, 2024 @ 10:47am","2024-06-27 10:47",,,"https://steamcommunity.com/sharedfiles/filedetails/changelog/2875587269?p=28&l=english","dde83e37e437fe292bc5c97f6f1ca8144914f97dda1b8bb89f67179e09680e9a","False"
"Special-World","SW","2875587269","280","28","10","25 Jun, 2024 @ 9:43pm","2024-06-25 21:43",,"Share to your Steam activity feed","https://steamcommunity.com/sharedfiles/filedetails/changelog/2875587269?p=28&l=english","dde83e37e437fe292bc5c97f6f1ca8144914f97dda1b8bb89f67179e09680e9a","False"
"Special-World","SW","2875587269","281","29","1","25 Jun, 2024 @ 2:49pm","2024-06-25 14:49",,"Small Error Fix","https://steamcommunity.com/sharedfiles/filedetails/changelog/2875587269?p=29&l=english","95b194f298d073707397eb10bd0053d677191adee8d91a2a5121d23cfede7f1c","False"
"Special-World","SW","2875587269","282","29","2","25 Jun, 2024 @ 9:56am","2024-06-25 09:56",,"Fix for Duplicated Uppsala issue","https://steamcommunity.com/sharedfiles/filedetails/changelog/2875587269?p=29&l=english","95b194f298d073707397eb10bd0053d677191adee8d91a2a5121d23cfede7f1c","False"
"Special-World","SW","2875587269","283","29","3","20 Jun, 2024 @ 12:01pm","2024-06-20 12:01",,"MB+ Localization Updates","https://steamcommunity.com/sharedfiles/filedetails/changelog/2875587269?p=29&l=english","95b194f298d073707397eb10bd0053d677191adee8d91a2a5121d23cfede7f1c","False"
"Special-World","SW","2875587269","284","29","4","19 Jun, 2024 @ 12:00pm","2024-06-19 12:00",,,"https://steamcommunity.com/sharedfiles/filedetails/changelog/2875587269?p=29&l=english","95b194f298d073707397eb10bd0053d677191adee8d91a2a5121d23cfede7f1c","False"
"Special-World","SW","2875587269","285","29","5","16 Jun, 2024 @ 11:17pm","2024-06-16 23:17",,,"https://steamcommunity.com/sharedfiles/filedetails/changelog/2875587269?p=29&l=english","95b194f298d073707397eb10bd0053d677191adee8d91a2a5121d23cfede7f1c","False"
"Special-World","SW","2875587269","286","29","6","16 Jun, 2024 @ 11:44am","2024-06-16 11:44",,"Update:","https://steamcommunity.com/sharedfiles/filedetails/changelog/2875587269?p=29&l=english","95b194f298d073707397eb10bd0053d677191adee8d91a2a5121d23cfede7f1c","False"
"Special-World","SW","2875587269","287","29","7","14 Jun, 2024 @ 10:08am","2024-06-14 10:08",,,"https://steamcommunity.com/sharedfiles/filedetails/changelog/2875587269?p=29&l=english","95b194f298d073707397eb10bd0053d677191adee8d91a2a5121d23cfede7f1c","False"
"Special-World","SW","2875587269","288","29","8","12 Jun, 2024 @ 10:03pm","2024-06-12 22:03",,,"https://steamcommunity.com/sharedfiles/filedetails/changelog/2875587269?p=29&l=english","95b194f298d073707397eb10bd0053d677191adee8d91a2a5121d23cfede7f1c","False"
"Special-World","SW","2875587269","289","29","9","11 Jun, 2024 @ 9:28am","2024-06-11 09:28",,,"https://steamcommunity.com/sharedfiles/filedetails/changelog/2875587269?p=29&l=english","95b194f298d073707397eb10bd0053d677191adee8d91a2a5121d23cfede7f1c","False"
"Special-World","SW","2875587269","290","29","10","5 Jun, 2024 @ 3:30pm","2024-06-05 15:30",,"Share to your Steam activity feed","https://steamcommunity.com/sharedfiles/filedetails/changelog/2875587269?p=29&l=english","95b194f298d073707397eb10bd0053d677191adee8d91a2a5121d23cfede7f1c","False"
"Special-World","SW","2875587269","291","30","1","5 Jun, 2024 @ 3:19pm","2024-06-05 15:19",,,"https://steamcommunity.com/sharedfiles/filedetails/changelog/2875587269?p=30&l=english","7807229c276be643dc47700ac1dbc681df0fbbcec4e6e053fdec103edcd7f199","False"
"Special-World","SW","2875587269","292","30","2","3 Jun, 2024 @ 12:39pm","2024-06-03 12:39",,,"https://steamcommunity.com/sharedfiles/filedetails/changelog/2875587269?p=30&l=english","7807229c276be643dc47700ac1dbc681df0fbbcec4e6e053fdec103edcd7f199","False"
"Special-World","SW","2875587269","293","30","3","21 May, 2024 @ 12:07pm","2024-05-21 12:07",,,"https://steamcommunity.com/sharedfiles/filedetails/changelog/2875587269?p=30&l=english","7807229c276be643dc47700ac1dbc681df0fbbcec4e6e053fdec103edcd7f199","False"
"Special-World","SW","2875587269","294","30","4","15 May, 2024 @ 12:11pm","2024-05-15 12:11",,,"https://steamcommunity.com/sharedfiles/filedetails/changelog/2875587269?p=30&l=english","7807229c276be643dc47700ac1dbc681df0fbbcec4e6e053fdec103edcd7f199","False"
"Special-World","SW","2875587269","295","30","5","8 May, 2024 @ 9:32am","2024-05-08 09:32",,,"https://steamcommunity.com/sharedfiles/filedetails/changelog/2875587269?p=30&l=english","7807229c276be643dc47700ac1dbc681df0fbbcec4e6e053fdec103edcd7f199","False"
"Special-World","SW","2875587269","296","30","6","2 May, 2024 @ 2:35pm","2024-05-02 14:35",,,"https://steamcommunity.com/sharedfiles/filedetails/changelog/2875587269?p=30&l=english","7807229c276be643dc47700ac1dbc681df0fbbcec4e6e053fdec103edcd7f199","False"
"Special-World","SW","2875587269","297","30","7","1 May, 2024 @ 12:03pm","2024-05-01 12:03",,,"https://steamcommunity.com/sharedfiles/filedetails/changelog/2875587269?p=30&l=english","7807229c276be643dc47700ac1dbc681df0fbbcec4e6e053fdec103edcd7f199","False"
"Special-World","SW","2875587269","298","30","8","23 Apr, 2024 @ 9:43am","2024-04-23 09:43",,,"https://steamcommunity.com/sharedfiles/filedetails/changelog/2875587269?p=30&l=english","7807229c276be643dc47700ac1dbc681df0fbbcec4e6e053fdec103edcd7f199","False"
"Special-World","SW","2875587269","299","30","9","19 Apr, 2024 @ 3:02pm","2024-04-19 15:02",,,"https://steamcommunity.com/sharedfiles/filedetails/changelog/2875587269?p=30&l=english","7807229c276be643dc47700ac1dbc681df0fbbcec4e6e053fdec103edcd7f199","False"
"Special-World","SW","2875587269","300","30","10","18 Apr, 2024 @ 11:10am","2024-04-18 11:10",,"Share to your Steam activity feed","https://steamcommunity.com/sharedfiles/filedetails/changelog/2875587269?p=30&l=english","7807229c276be643dc47700ac1dbc681df0fbbcec4e6e053fdec103edcd7f199","False"
"Special-World","SW","2875587269","301","31","1","17 Apr, 2024 @ 2:39pm","2024-04-17 14:39",,"Resized and made some adjustments to the building from the Breize mod.","https://steamcommunity.com/sharedfiles/filedetails/changelog/2875587269?p=31&l=english","cadf3ded783a35451923e33aa6890e2da3ee3ad01072792c49ab766145642733","False"
"Special-World","SW","2875587269","302","31","2","17 Apr, 2024 @ 7:40am","2024-04-17 07:40",,,"https://steamcommunity.com/sharedfiles/filedetails/changelog/2875587269?p=31&l=english","cadf3ded783a35451923e33aa6890e2da3ee3ad01072792c49ab766145642733","False"
"Special-World","SW","2875587269","303","31","3","16 Apr, 2024 @ 2:21pm","2024-04-16 14:21",,"Besides the new thumbnail?","https://steamcommunity.com/sharedfiles/filedetails/changelog/2875587269?p=31&l=english","cadf3ded783a35451923e33aa6890e2da3ee3ad01072792c49ab766145642733","False"
"Special-World","SW","2875587269","304","31","4","15 Apr, 2024 @ 2:25pm","2024-04-15 14:25",,,"https://steamcommunity.com/sharedfiles/filedetails/changelog/2875587269?p=31&l=english","cadf3ded783a35451923e33aa6890e2da3ee3ad01072792c49ab766145642733","False"
"Special-World","SW","2875587269","305","31","5","11 Apr, 2024 @ 12:30am","2024-04-11 00:30",,,"https://steamcommunity.com/sharedfiles/filedetails/changelog/2875587269?p=31&l=english","cadf3ded783a35451923e33aa6890e2da3ee3ad01072792c49ab766145642733","False"
"Special-World","SW","2875587269","306","31","6","9 Apr, 2024 @ 10:37am","2024-04-09 10:37",,,"https://steamcommunity.com/sharedfiles/filedetails/changelog/2875587269?p=31&l=english","cadf3ded783a35451923e33aa6890e2da3ee3ad01072792c49ab766145642733","False"
"Special-World","SW","2875587269","307","31","7","4 Apr, 2024 @ 11:54am","2024-04-04 11:54",,"Medieval Arts Updates","https://steamcommunity.com/sharedfiles/filedetails/changelog/2875587269?p=31&l=english","cadf3ded783a35451923e33aa6890e2da3ee3ad01072792c49ab766145642733","False"
"Special-World","SW","2875587269","308","31","8","2 Apr, 2024 @ 2:08pm","2024-04-02 14:08",,,"https://steamcommunity.com/sharedfiles/filedetails/changelog/2875587269?p=31&l=english","cadf3ded783a35451923e33aa6890e2da3ee3ad01072792c49ab766145642733","False"
"Special-World","SW","2875587269","309","31","9","2 Apr, 2024 @ 10:09am","2024-04-02 10:09",,"Fixes the Medieval Arts - More Special Buildings Aesthetic Requirments","https://steamcommunity.com/sharedfiles/filedetails/changelog/2875587269?p=31&l=english","cadf3ded783a35451923e33aa6890e2da3ee3ad01072792c49ab766145642733","False"
"Special-World","SW","2875587269","310","31","10","29 Mar, 2024 @ 11:49am","2024-03-29 11:49",,"Compatiblity Adjustment","https://steamcommunity.com/sharedfiles/filedetails/changelog/2875587269?p=31&l=english","cadf3ded783a35451923e33aa6890e2da3ee3ad01072792c49ab766145642733","False"
"Special-World","SW","2875587269","311","32","1","29 Mar, 2024 @ 8:08am","2024-03-29 08:08",,"Fixes to Unique Buildings Plus building modifiers for ones not already fixed.","https://steamcommunity.com/sharedfiles/filedetails/changelog/2875587269?p=32&l=english","8380de847fc24adfe4b3f554002ab1d56d2481ab8350a0db95c89714dd8b5a5a","False"
"Special-World","SW","2875587269","312","32","2","28 Mar, 2024 @ 10:54am","2024-03-28 10:54",,"GUI Fixes","https://steamcommunity.com/sharedfiles/filedetails/changelog/2875587269?p=32&l=english","8380de847fc24adfe4b3f554002ab1d56d2481ab8350a0db95c89714dd8b5a5a","False"
"Special-World","SW","2875587269","313","32","3","27 Mar, 2024 @ 4:37pm","2024-03-27 16:37",,"Restored and Updated for 1.12.4","https://steamcommunity.com/sharedfiles/filedetails/changelog/2875587269?p=32&l=english","8380de847fc24adfe4b3f554002ab1d56d2481ab8350a0db95c89714dd8b5a5a","False"
"Special-World","SW","2875587269","314","32","4","27 Mar, 2024 @ 9:20am","2024-03-27 09:20",,"Temp Reversion Issues","https://steamcommunity.com/sharedfiles/filedetails/changelog/2875587269?p=32&l=english","8380de847fc24adfe4b3f554002ab1d56d2481ab8350a0db95c89714dd8b5a5a","False"
"Special-World","SW","2875587269","315","32","5","26 Mar, 2024 @ 8:10pm","2024-03-26 20:10",,"Reversion to figure out bug issues to 3/19 v2","https://steamcommunity.com/sharedfiles/filedetails/changelog/2875587269?p=32&l=english","8380de847fc24adfe4b3f554002ab1d56d2481ab8350a0db95c89714dd8b5a5a","False"
"Special-World","SW","2875587269","316","32","6","25 Mar, 2024 @ 5:04pm","2024-03-25 17:04",,,"https://steamcommunity.com/sharedfiles/filedetails/changelog/2875587269?p=32&l=english","8380de847fc24adfe4b3f554002ab1d56d2481ab8350a0db95c89714dd8b5a5a","False"
"Special-World","SW","2875587269","317","32","7","19 Mar, 2024 @ 10:33am","2024-03-19 10:33","12.2.3 Update","12.2.3 Update","https://steamcommunity.com/sharedfiles/filedetails/changelog/2875587269?p=32&l=english","8380de847fc24adfe4b3f554002ab1d56d2481ab8350a0db95c89714dd8b5a5a","False"
"Special-World","SW","2875587269","318","32","8","19 Mar, 2024 @ 12:26am","2024-03-19 00:26",,,"https://steamcommunity.com/sharedfiles/filedetails/changelog/2875587269?p=32&l=english","8380de847fc24adfe4b3f554002ab1d56d2481ab8350a0db95c89714dd8b5a5a","False"
"Special-World","SW","2875587269","319","32","9","16 Mar, 2024 @ 10:48am","2024-03-16 10:48",,,"https://steamcommunity.com/sharedfiles/filedetails/changelog/2875587269?p=32&l=english","8380de847fc24adfe4b3f554002ab1d56d2481ab8350a0db95c89714dd8b5a5a","False"
"Special-World","SW","2875587269","320","32","10","15 Mar, 2024 @ 2:30pm","2024-03-15 14:30",,"-Add Hall of Heroes as regular building","https://steamcommunity.com/sharedfiles/filedetails/changelog/2875587269?p=32&l=english","8380de847fc24adfe4b3f554002ab1d56d2481ab8350a0db95c89714dd8b5a5a","False"
"Special-World","SW","2875587269","321","33","1","14 Mar, 2024 @ 12:22am","2024-03-14 00:22",,,"https://steamcommunity.com/sharedfiles/filedetails/changelog/2875587269?p=33&l=english","92a27190ad1afece46b040a1ca1ba720a2e20a8df5c92f7980539109f6d3796f","False"
"Special-World","SW","2875587269","322","33","2","11 Mar, 2024 @ 2:52pm","2024-03-11 14:52",,,"https://steamcommunity.com/sharedfiles/filedetails/changelog/2875587269?p=33&l=english","92a27190ad1afece46b040a1ca1ba720a2e20a8df5c92f7980539109f6d3796f","False"
"Special-World","SW","2875587269","323","33","3","7 Mar, 2024 @ 10:27am","2024-03-07 10:27","1.12 Update","1.12 Update","https://steamcommunity.com/sharedfiles/filedetails/changelog/2875587269?p=33&l=english","92a27190ad1afece46b040a1ca1ba720a2e20a8df5c92f7980539109f6d3796f","False"
"Special-World","SW","2875587269","324","33","4","10 Feb, 2024 @ 10:13am","2024-02-10 10:13",,,"https://steamcommunity.com/sharedfiles/filedetails/changelog/2875587269?p=33&l=english","92a27190ad1afece46b040a1ca1ba720a2e20a8df5c92f7980539109f6d3796f","False"
"Special-World","SW","2875587269","325","33","5","26 Jan, 2024 @ 9:59pm","2024-01-26 21:59",,"Improved Compatibility and Additional Tweaks","https://steamcommunity.com/sharedfiles/filedetails/changelog/2875587269?p=33&l=english","92a27190ad1afece46b040a1ca1ba720a2e20a8df5c92f7980539109f6d3796f","False"
"Special-World","SW","2875587269","326","33","6","18 Jan, 2024 @ 2:20pm","2024-01-18 14:20",,,"https://steamcommunity.com/sharedfiles/filedetails/changelog/2875587269?p=33&l=english","92a27190ad1afece46b040a1ca1ba720a2e20a8df5c92f7980539109f6d3796f","False"
"Special-World","SW","2875587269","327","33","7","17 Jan, 2024 @ 4:53pm","2024-01-17 16:53",,"Fixes for Map Mode Issues","https://steamcommunity.com/sharedfiles/filedetails/changelog/2875587269?p=33&l=english","92a27190ad1afece46b040a1ca1ba720a2e20a8df5c92f7980539109f6d3796f","False"
"Special-World","SW","2875587269","328","33","8","17 Jan, 2024 @ 4:48pm","2024-01-17 16:48",,,"https://steamcommunity.com/sharedfiles/filedetails/changelog/2875587269?p=33&l=english","92a27190ad1afece46b040a1ca1ba720a2e20a8df5c92f7980539109f6d3796f","False"
"Special-World","SW","2875587269","329","33","9","15 Jan, 2024 @ 1:06pm","2024-01-15 13:06",,,"https://steamcommunity.com/sharedfiles/filedetails/changelog/2875587269?p=33&l=english","92a27190ad1afece46b040a1ca1ba720a2e20a8df5c92f7980539109f6d3796f","False"
"Special-World","SW","2875587269","330","33","10","10 Jan, 2024 @ 5:45pm","2024-01-10 17:45",,"Share to your Steam activity feed","https://steamcommunity.com/sharedfiles/filedetails/changelog/2875587269?p=33&l=english","92a27190ad1afece46b040a1ca1ba720a2e20a8df5c92f7980539109f6d3796f","False"
"Special-World","SW","2875587269","331","34","1","9 Jan, 2024 @ 2:12pm","2024-01-09 14:12",,,"https://steamcommunity.com/sharedfiles/filedetails/changelog/2875587269?p=34&l=english","0d374917761fa961d06fd3b7444a7daf5c64ef456e1dc35d8086186489824c08","False"
"Special-World","SW","2875587269","332","34","2","7 Jan, 2024 @ 4:57pm","2024-01-07 16:57",,"Integrated Silk Road and European Trade Routes and associated fixes to Special Building Setup","https://steamcommunity.com/sharedfiles/filedetails/changelog/2875587269?p=34&l=english","0d374917761fa961d06fd3b7444a7daf5c64ef456e1dc35d8086186489824c08","False"
"Special-World","SW","2875587269","333","34","3","6 Jan, 2024 @ 4:12pm","2024-01-06 16:12",,"Fixed some Dharma errors and updates with the help of Aletthius","https://steamcommunity.com/sharedfiles/filedetails/changelog/2875587269?p=34&l=english","0d374917761fa961d06fd3b7444a7daf5c64ef456e1dc35d8086186489824c08","False"
"Special-World","SW","2875587269","334","34","4","5 Jan, 2024 @ 10:22am","2024-01-05 10:22",,"Added Dharma Special buildings to No Bookmarks Mode","https://steamcommunity.com/sharedfiles/filedetails/changelog/2875587269?p=34&l=english","0d374917761fa961d06fd3b7444a7daf5c64ef456e1dc35d8086186489824c08","False"
"Special-World","SW","2875587269","335","34","5","4 Jan, 2024 @ 9:11am","2024-01-04 09:11",,,"https://steamcommunity.com/sharedfiles/filedetails/changelog/2875587269?p=34&l=english","0d374917761fa961d06fd3b7444a7daf5c64ef456e1dc35d8086186489824c08","False"
"Special-World","SW","2875587269","336","34","6","22 Dec, 2023 @ 3:18pm","2023-12-22 15:18",,,"https://steamcommunity.com/sharedfiles/filedetails/changelog/2875587269?p=34&l=english","0d374917761fa961d06fd3b7444a7daf5c64ef456e1dc35d8086186489824c08","False"
"Special-World","SW","2875587269","337","34","7","20 Dec, 2023 @ 10:18pm","2023-12-20 22:18",,,"https://steamcommunity.com/sharedfiles/filedetails/changelog/2875587269?p=34&l=english","0d374917761fa961d06fd3b7444a7daf5c64ef456e1dc35d8086186489824c08","False"
"Special-World","SW","2875587269","338","34","8","19 Dec, 2023 @ 9:48am","2023-12-19 09:48",,,"https://steamcommunity.com/sharedfiles/filedetails/changelog/2875587269?p=34&l=english","0d374917761fa961d06fd3b7444a7daf5c64ef456e1dc35d8086186489824c08","False"
"Special-World","SW","2875587269","339","34","9","16 Dec, 2023 @ 10:27am","2023-12-16 10:27",,,"https://steamcommunity.com/sharedfiles/filedetails/changelog/2875587269?p=34&l=english","0d374917761fa961d06fd3b7444a7daf5c64ef456e1dc35d8086186489824c08","False"
"Special-World","SW","2875587269","340","34","10","15 Dec, 2023 @ 3:07pm","2023-12-15 15:07",,"Updated to things I messed up.","https://steamcommunity.com/sharedfiles/filedetails/changelog/2875587269?p=34&l=english","0d374917761fa961d06fd3b7444a7daf5c64ef456e1dc35d8086186489824c08","False"
"Special-World","SW","2875587269","341","35","1","15 Dec, 2023 @ 11:00am","2023-12-15 11:00",,"Improved functionality for use without MB+ and other compatibilities.","https://steamcommunity.com/sharedfiles/filedetails/changelog/2875587269?p=35&l=english","bd62d77c4ed3facd56189e2158c6732e106ea50f4cc6ea87eae32f673e5a9aaa","False"
"Special-World","SW","2875587269","342","35","2","8 Dec, 2023 @ 11:17am","2023-12-08 11:17",,,"https://steamcommunity.com/sharedfiles/filedetails/changelog/2875587269?p=35&l=english","bd62d77c4ed3facd56189e2158c6732e106ea50f4cc6ea87eae32f673e5a9aaa","False"
"Special-World","SW","2875587269","343","35","3","6 Dec, 2023 @ 3:12pm","2023-12-06 15:12",,,"https://steamcommunity.com/sharedfiles/filedetails/changelog/2875587269?p=35&l=english","bd62d77c4ed3facd56189e2158c6732e106ea50f4cc6ea87eae32f673e5a9aaa","False"
"Special-World","SW","2875587269","344","35","4","4 Dec, 2023 @ 6:02pm","2023-12-04 18:02",,,"https://steamcommunity.com/sharedfiles/filedetails/changelog/2875587269?p=35&l=english","bd62d77c4ed3facd56189e2158c6732e106ea50f4cc6ea87eae32f673e5a9aaa","False"
"Special-World","SW","2875587269","345","35","5","4 Dec, 2023 @ 4:28pm","2023-12-04 16:28",,,"https://steamcommunity.com/sharedfiles/filedetails/changelog/2875587269?p=35&l=english","bd62d77c4ed3facd56189e2158c6732e106ea50f4cc6ea87eae32f673e5a9aaa","False"
"Special-World","SW","2875587269","346","35","6","27 Nov, 2023 @ 5:43pm","2023-11-27 17:43",,,"https://steamcommunity.com/sharedfiles/filedetails/changelog/2875587269?p=35&l=english","bd62d77c4ed3facd56189e2158c6732e106ea50f4cc6ea87eae32f673e5a9aaa","False"
"Special-World","SW","2875587269","347","35","7","21 Nov, 2023 @ 7:55pm","2023-11-21 19:55",,"Further updates for compatibility without MB+ and with other mods.","https://steamcommunity.com/sharedfiles/filedetails/changelog/2875587269?p=35&l=english","bd62d77c4ed3facd56189e2158c6732e106ea50f4cc6ea87eae32f673e5a9aaa","False"
"Special-World","SW","2875587269","348","35","8","21 Nov, 2023 @ 6:49pm","2023-11-21 18:49",,,"https://steamcommunity.com/sharedfiles/filedetails/changelog/2875587269?p=35&l=english","bd62d77c4ed3facd56189e2158c6732e106ea50f4cc6ea87eae32f673e5a9aaa","False"
"Special-World","SW","2875587269","349","35","9","18 Nov, 2023 @ 12:35am","2023-11-18 00:35",,,"https://steamcommunity.com/sharedfiles/filedetails/changelog/2875587269?p=35&l=english","bd62d77c4ed3facd56189e2158c6732e106ea50f4cc6ea87eae32f673e5a9aaa","False"
"Special-World","SW","2875587269","350","35","10","16 Nov, 2023 @ 2:29pm","2023-11-16 14:29",,"Share to your Steam activity feed","https://steamcommunity.com/sharedfiles/filedetails/changelog/2875587269?p=35&l=english","bd62d77c4ed3facd56189e2158c6732e106ea50f4cc6ea87eae32f673e5a9aaa","False"
"Special-World","SW","2875587269","351","36","1","15 Nov, 2023 @ 10:20am","2023-11-15 10:20",,,"https://steamcommunity.com/sharedfiles/filedetails/changelog/2875587269?p=36&l=english","c4995e36a1f1b3fa26cfa9c3d80e987de947f513d47b93f55aff4a42e847814b","False"
"Special-World","SW","2875587269","352","36","2","9 Oct, 2023 @ 3:22pm","2023-10-09 15:22",,,"https://steamcommunity.com/sharedfiles/filedetails/changelog/2875587269?p=36&l=english","c4995e36a1f1b3fa26cfa9c3d80e987de947f513d47b93f55aff4a42e847814b","False"
"Special-World","SW","2875587269","353","36","3","9 Oct, 2023 @ 11:31am","2023-10-09 11:31",,,"https://steamcommunity.com/sharedfiles/filedetails/changelog/2875587269?p=36&l=english","c4995e36a1f1b3fa26cfa9c3d80e987de947f513d47b93f55aff4a42e847814b","False"
"Special-World","SW","2875587269","354","36","4","9 Oct, 2023 @ 10:21am","2023-10-09 10:21",,,"https://steamcommunity.com/sharedfiles/filedetails/changelog/2875587269?p=36&l=english","c4995e36a1f1b3fa26cfa9c3d80e987de947f513d47b93f55aff4a42e847814b","False"
"Special-World","SW","2875587269","355","36","5","6 Oct, 2023 @ 10:04am","2023-10-06 10:04",,"1. The game rule for turning off and on sprawl now works. MB+ had it deactivated. If you have too much stutter when moving along the map, turn off sprawl.","https://steamcommunity.com/sharedfiles/filedetails/changelog/2875587269?p=36&l=english","c4995e36a1f1b3fa26cfa9c3d80e987de947f513d47b93f55aff4a42e847814b","False"
"Special-World","SW","2875587269","356","36","6","4 Oct, 2023 @ 2:23pm","2023-10-04 14:23",,,"https://steamcommunity.com/sharedfiles/filedetails/changelog/2875587269?p=36&l=english","c4995e36a1f1b3fa26cfa9c3d80e987de947f513d47b93f55aff4a42e847814b","False"
"Special-World","SW","2875587269","357","36","7","4 Oct, 2023 @ 11:34am","2023-10-04 11:34",,,"https://steamcommunity.com/sharedfiles/filedetails/changelog/2875587269?p=36&l=english","c4995e36a1f1b3fa26cfa9c3d80e987de947f513d47b93f55aff4a42e847814b","False"
"Special-World","SW","2875587269","358","36","8","3 Oct, 2023 @ 8:32am","2023-10-03 08:32",,,"https://steamcommunity.com/sharedfiles/filedetails/changelog/2875587269?p=36&l=english","c4995e36a1f1b3fa26cfa9c3d80e987de947f513d47b93f55aff4a42e847814b","False"
"Special-World","SW","2875587269","359","36","9","28 Sep, 2023 @ 3:23pm","2023-09-28 15:23",,,"https://steamcommunity.com/sharedfiles/filedetails/changelog/2875587269?p=36&l=english","c4995e36a1f1b3fa26cfa9c3d80e987de947f513d47b93f55aff4a42e847814b","False"
"Special-World","SW","2875587269","360","36","10","25 Sep, 2023 @ 1:50pm","2023-09-25 13:50",,"Share to your Steam activity feed","https://steamcommunity.com/sharedfiles/filedetails/changelog/2875587269?p=36&l=english","c4995e36a1f1b3fa26cfa9c3d80e987de947f513d47b93f55aff4a42e847814b","False"
"Special-World","SW","2875587269","361","37","1","25 Sep, 2023 @ 12:45pm","2023-09-25 12:45",,,"https://steamcommunity.com/sharedfiles/filedetails/changelog/2875587269?p=37&l=english","00bbbbd5acdce27d36ea3e1818a884b9d9851d7c4e6b3fee2d7fa983e7dbca36","False"
"Special-World","SW","2875587269","362","37","2","18 Sep, 2023 @ 7:13pm","2023-09-18 19:13",,,"https://steamcommunity.com/sharedfiles/filedetails/changelog/2875587269?p=37&l=english","00bbbbd5acdce27d36ea3e1818a884b9d9851d7c4e6b3fee2d7fa983e7dbca36","False"
"Special-World","SW","2875587269","363","37","3","1 Sep, 2023 @ 7:34am","2023-09-01 07:34",,,"https://steamcommunity.com/sharedfiles/filedetails/changelog/2875587269?p=37&l=english","00bbbbd5acdce27d36ea3e1818a884b9d9851d7c4e6b3fee2d7fa983e7dbca36","False"
"Special-World","SW","2875587269","364","37","4","31 Aug, 2023 @ 1:59pm","2023-08-31 13:59",,,"https://steamcommunity.com/sharedfiles/filedetails/changelog/2875587269?p=37&l=english","00bbbbd5acdce27d36ea3e1818a884b9d9851d7c4e6b3fee2d7fa983e7dbca36","False"
"Special-World","SW","2875587269","365","37","5","31 Aug, 2023 @ 10:39am","2023-08-31 10:39",,"Updated with RICE-Sri Lanka","https://steamcommunity.com/sharedfiles/filedetails/changelog/2875587269?p=37&l=english","00bbbbd5acdce27d36ea3e1818a884b9d9851d7c4e6b3fee2d7fa983e7dbca36","False"
"Special-World","SW","2875587269","366","37","6","28 Aug, 2023 @ 9:53am","2023-08-28 09:53",,,"https://steamcommunity.com/sharedfiles/filedetails/changelog/2875587269?p=37&l=english","00bbbbd5acdce27d36ea3e1818a884b9d9851d7c4e6b3fee2d7fa983e7dbca36","False"
"Special-World","SW","2875587269","367","37","7","28 Aug, 2023 @ 7:54am","2023-08-28 07:54",,,"https://steamcommunity.com/sharedfiles/filedetails/changelog/2875587269?p=37&l=english","00bbbbd5acdce27d36ea3e1818a884b9d9851d7c4e6b3fee2d7fa983e7dbca36","False"
"Special-World","SW","2875587269","368","37","8","6 Aug, 2023 @ 3:10pm","2023-08-06 15:10",,,"https://steamcommunity.com/sharedfiles/filedetails/changelog/2875587269?p=37&l=english","00bbbbd5acdce27d36ea3e1818a884b9d9851d7c4e6b3fee2d7fa983e7dbca36","False"
"Special-World","SW","2875587269","369","37","9","3 Aug, 2023 @ 12:35pm","2023-08-03 12:35",,,"https://steamcommunity.com/sharedfiles/filedetails/changelog/2875587269?p=37&l=english","00bbbbd5acdce27d36ea3e1818a884b9d9851d7c4e6b3fee2d7fa983e7dbca36","False"
"Special-World","SW","2875587269","370","37","10","2 Aug, 2023 @ 5:46pm","2023-08-02 17:46",,"Added Dunnottar Castle with a reused asset.","https://steamcommunity.com/sharedfiles/filedetails/changelog/2875587269?p=37&l=english","00bbbbd5acdce27d36ea3e1818a884b9d9851d7c4e6b3fee2d7fa983e7dbca36","False"
"Special-World","SW","2875587269","371","38","1","31 Jul, 2023 @ 2:09pm","2023-07-31 14:09",,,"https://steamcommunity.com/sharedfiles/filedetails/changelog/2875587269?p=38&l=english","081220e756e5ab6998b9567a7ebf6ac8b19064e742c4ebeb6a04d845316306c4","False"
"Special-World","SW","2875587269","372","38","2","27 Jul, 2023 @ 10:21am","2023-07-27 10:21",,,"https://steamcommunity.com/sharedfiles/filedetails/changelog/2875587269?p=38&l=english","081220e756e5ab6998b9567a7ebf6ac8b19064e742c4ebeb6a04d845316306c4","False"
"Special-World","SW","2875587269","373","38","3","23 Jul, 2023 @ 2:29pm","2023-07-23 14:29",,,"https://steamcommunity.com/sharedfiles/filedetails/changelog/2875587269?p=38&l=english","081220e756e5ab6998b9567a7ebf6ac8b19064e742c4ebeb6a04d845316306c4","False"
"Special-World","SW","2875587269","374","38","4","2 Jul, 2023 @ 7:24pm","2023-07-02 19:24",,"Updated with changes to MB+","https://steamcommunity.com/sharedfiles/filedetails/changelog/2875587269?p=38&l=english","081220e756e5ab6998b9567a7ebf6ac8b19064e742c4ebeb6a04d845316306c4","False"
"Special-World","SW","2875587269","375","38","5","29 Jun, 2023 @ 8:57am","2023-06-29 08:57",,,"https://steamcommunity.com/sharedfiles/filedetails/changelog/2875587269?p=38&l=english","081220e756e5ab6998b9567a7ebf6ac8b19064e742c4ebeb6a04d845316306c4","False"
"Special-World","SW","2875587269","376","38","6","29 Jun, 2023 @ 8:01am","2023-06-29 08:01",,"Something went wrong with upload. Reverted temporarily","https://steamcommunity.com/sharedfiles/filedetails/changelog/2875587269?p=38&l=english","081220e756e5ab6998b9567a7ebf6ac8b19064e742c4ebeb6a04d845316306c4","False"
"Special-World","SW","2875587269","377","38","7","28 Jun, 2023 @ 1:13pm","2023-06-28 13:13",,"MA Update for Athens","https://steamcommunity.com/sharedfiles/filedetails/changelog/2875587269?p=38&l=english","081220e756e5ab6998b9567a7ebf6ac8b19064e742c4ebeb6a04d845316306c4","False"
"Special-World","SW","2875587269","378","38","8","28 Jun, 2023 @ 9:20am","2023-06-28 09:20",,"Rome is now more aesthetically pleasing.","https://steamcommunity.com/sharedfiles/filedetails/changelog/2875587269?p=38&l=english","081220e756e5ab6998b9567a7ebf6ac8b19064e742c4ebeb6a04d845316306c4","False"
"Special-World","SW","2875587269","379","38","9","22 Jun, 2023 @ 5:38pm","2023-06-22 17:38",,"Localization Corrections","https://steamcommunity.com/sharedfiles/filedetails/changelog/2875587269?p=38&l=english","081220e756e5ab6998b9567a7ebf6ac8b19064e742c4ebeb6a04d845316306c4","False"
"Special-World","SW","2875587269","380","38","10","22 Jun, 2023 @ 5:13pm","2023-06-22 17:13",,"Share to your Steam activity feed","https://steamcommunity.com/sharedfiles/filedetails/changelog/2875587269?p=38&l=english","081220e756e5ab6998b9567a7ebf6ac8b19064e742c4ebeb6a04d845316306c4","False"
"Special-World","SW","2875587269","381","39","1","22 Jun, 2023 @ 10:00am","2023-06-22 10:00",,"Fixed Universities from UB+ not spawning.","https://steamcommunity.com/sharedfiles/filedetails/changelog/2875587269?p=39&l=english","bd50e8073dde4fc9f9f990e0098604ec269b3eb419613c10358bec54cf743309","False"
"Special-World","SW","2875587269","382","39","2","21 Jun, 2023 @ 3:20pm","2023-06-21 15:20",,"Compatibility with MB+ and Africa+","https://steamcommunity.com/sharedfiles/filedetails/changelog/2875587269?p=39&l=english","bd50e8073dde4fc9f9f990e0098604ec269b3eb419613c10358bec54cf743309","False"
"Special-World","SW","2875587269","383","39","3","20 Jun, 2023 @ 2:24pm","2023-06-20 14:24",,,"https://steamcommunity.com/sharedfiles/filedetails/changelog/2875587269?p=39&l=english","bd50e8073dde4fc9f9f990e0098604ec269b3eb419613c10358bec54cf743309","False"
"Special-World","SW","2875587269","384","39","4","20 Jun, 2023 @ 12:55pm","2023-06-20 12:55",,,"https://steamcommunity.com/sharedfiles/filedetails/changelog/2875587269?p=39&l=english","bd50e8073dde4fc9f9f990e0098604ec269b3eb419613c10358bec54cf743309","False"
"Special-World","SW","2875587269","385","39","5","20 Jun, 2023 @ 12:19pm","2023-06-20 12:19",,,"https://steamcommunity.com/sharedfiles/filedetails/changelog/2875587269?p=39&l=english","bd50e8073dde4fc9f9f990e0098604ec269b3eb419613c10358bec54cf743309","False"
"Special-World","SW","2875587269","386","39","6","19 Jun, 2023 @ 3:31pm","2023-06-19 15:31",,"MA-MSB now have the proper POIs","https://steamcommunity.com/sharedfiles/filedetails/changelog/2875587269?p=39&l=english","bd50e8073dde4fc9f9f990e0098604ec269b3eb419613c10358bec54cf743309","False"
"Special-World","SW","2875587269","387","39","7","16 Jun, 2023 @ 9:40am","2023-06-16 09:40",,"Allethius totally fixing up the Indian sub-continent lol.","https://steamcommunity.com/sharedfiles/filedetails/changelog/2875587269?p=39&l=english","bd50e8073dde4fc9f9f990e0098604ec269b3eb419613c10358bec54cf743309","False"
"Special-World","SW","2875587269","388","39","8","15 Jun, 2023 @ 8:48am","2023-06-15 08:48",,,"https://steamcommunity.com/sharedfiles/filedetails/changelog/2875587269?p=39&l=english","bd50e8073dde4fc9f9f990e0098604ec269b3eb419613c10358bec54cf743309","False"
"Special-World","SW","2875587269","389","39","9","13 Jun, 2023 @ 8:07am","2023-06-13 08:07",,,"https://steamcommunity.com/sharedfiles/filedetails/changelog/2875587269?p=39&l=english","bd50e8073dde4fc9f9f990e0098604ec269b3eb419613c10358bec54cf743309","False"
"Special-World","SW","2875587269","390","39","10","12 Jun, 2023 @ 6:57pm","2023-06-12 18:57",,"Multiple Bug Fixes and tweaks with thanks from Allethius","https://steamcommunity.com/sharedfiles/filedetails/changelog/2875587269?p=39&l=english","bd50e8073dde4fc9f9f990e0098604ec269b3eb419613c10358bec54cf743309","False"
"Special-World","SW","2875587269","391","40","1","11 Jun, 2023 @ 10:34am","2023-06-11 10:34",,,"https://steamcommunity.com/sharedfiles/filedetails/changelog/2875587269?p=40&l=english","e4f593caf886ee8d1b7e381a9a9017c7cbfc0aa08fddc0f12c9bf0bbdb552ff6","False"
"Special-World","SW","2875587269","392","40","2","9 Jun, 2023 @ 4:11pm","2023-06-09 16:11",,,"https://steamcommunity.com/sharedfiles/filedetails/changelog/2875587269?p=40&l=english","e4f593caf886ee8d1b7e381a9a9017c7cbfc0aa08fddc0f12c9bf0bbdb552ff6","False"
"Special-World","SW","2875587269","393","40","3","9 Jun, 2023 @ 3:49pm","2023-06-09 15:49",,,"https://steamcommunity.com/sharedfiles/filedetails/changelog/2875587269?p=40&l=english","e4f593caf886ee8d1b7e381a9a9017c7cbfc0aa08fddc0f12c9bf0bbdb552ff6","False"
"Special-World","SW","2875587269","394","40","4","9 Jun, 2023 @ 1:45pm","2023-06-09 13:45",,,"https://steamcommunity.com/sharedfiles/filedetails/changelog/2875587269?p=40&l=english","e4f593caf886ee8d1b7e381a9a9017c7cbfc0aa08fddc0f12c9bf0bbdb552ff6","False"
"Special-World","SW","2875587269","395","40","5","9 Jun, 2023 @ 9:49am","2023-06-09 09:49",,"Updated to latest version of Africa Plus","https://steamcommunity.com/sharedfiles/filedetails/changelog/2875587269?p=40&l=english","e4f593caf886ee8d1b7e381a9a9017c7cbfc0aa08fddc0f12c9bf0bbdb552ff6","False"
"Special-World","SW","2875587269","396","40","6","8 Jun, 2023 @ 11:42am","2023-06-08 11:42",,"Updated with latest version of Medieval Arts","https://steamcommunity.com/sharedfiles/filedetails/changelog/2875587269?p=40&l=english","e4f593caf886ee8d1b7e381a9a9017c7cbfc0aa08fddc0f12c9bf0bbdb552ff6","False"
"Special-World","SW","2875587269","397","40","7","5 Jun, 2023 @ 12:00pm","2023-06-05 12:00",,,"https://steamcommunity.com/sharedfiles/filedetails/changelog/2875587269?p=40&l=english","e4f593caf886ee8d1b7e381a9a9017c7cbfc0aa08fddc0f12c9bf0bbdb552ff6","False"
"Special-World","SW","2875587269","398","40","8","5 Jun, 2023 @ 11:50am","2023-06-05 11:50",,,"https://steamcommunity.com/sharedfiles/filedetails/changelog/2875587269?p=40&l=english","e4f593caf886ee8d1b7e381a9a9017c7cbfc0aa08fddc0f12c9bf0bbdb552ff6","False"
"Special-World","SW","2875587269","399","40","9","22 May, 2023 @ 1:05pm","2023-05-22 13:05",,,"https://steamcommunity.com/sharedfiles/filedetails/changelog/2875587269?p=40&l=english","e4f593caf886ee8d1b7e381a9a9017c7cbfc0aa08fddc0f12c9bf0bbdb552ff6","False"
"Special-World","SW","2875587269","400","40","10","22 May, 2023 @ 12:11pm","2023-05-22 12:11",,"Share to your Steam activity feed","https://steamcommunity.com/sharedfiles/filedetails/changelog/2875587269?p=40&l=english","e4f593caf886ee8d1b7e381a9a9017c7cbfc0aa08fddc0f12c9bf0bbdb552ff6","False"
"Special-World","SW","2875587269","401","41","1","22 May, 2023 @ 11:47am","2023-05-22 11:47",,"Updated for Unique Buildings Plus Update and Holding Sprawl Update","https://steamcommunity.com/sharedfiles/filedetails/changelog/2875587269?p=41&l=english","a7c3b983da60a3ff955c69c786dd04007a4ad6085e6266fa43e37115b10dc751","False"
"Special-World","SW","2875587269","402","41","2","22 May, 2023 @ 11:07am","2023-05-22 11:07",,,"https://steamcommunity.com/sharedfiles/filedetails/changelog/2875587269?p=41&l=english","a7c3b983da60a3ff955c69c786dd04007a4ad6085e6266fa43e37115b10dc751","False"
"Special-World","SW","2875587269","403","41","3","22 May, 2023 @ 11:06am","2023-05-22 11:06",,,"https://steamcommunity.com/sharedfiles/filedetails/changelog/2875587269?p=41&l=english","a7c3b983da60a3ff955c69c786dd04007a4ad6085e6266fa43e37115b10dc751","False"
"Special-World","SW","2875587269","404","41","4","22 May, 2023 @ 9:43am","2023-05-22 09:43",,,"https://steamcommunity.com/sharedfiles/filedetails/changelog/2875587269?p=41&l=english","a7c3b983da60a3ff955c69c786dd04007a4ad6085e6266fa43e37115b10dc751","False"
"Special-World","SW","2875587269","405","41","5","19 May, 2023 @ 2:53pm","2023-05-19 14:53",,"-Minor tweaks. Rotated Canterbury Cathedral so it's 1) facing the proper direction (why PDX?), 2) not floating 1/2 over the sea.","https://steamcommunity.com/sharedfiles/filedetails/changelog/2875587269?p=41&l=english","a7c3b983da60a3ff955c69c786dd04007a4ad6085e6266fa43e37115b10dc751","False"
"Special-World","SW","2875587269","406","41","6","19 May, 2023 @ 9:09am","2023-05-19 09:09",,"- Temple of Uppsala_01 (Sigtuna)","https://steamcommunity.com/sharedfiles/filedetails/changelog/2875587269?p=41&l=english","a7c3b983da60a3ff955c69c786dd04007a4ad6085e6266fa43e37115b10dc751","False"
"Special-World","SW","2875587269","407","41","7","18 May, 2023 @ 8:40am","2023-05-18 08:40",,"- Special Buildings will no longer be overwritten by ""Vanilla"" Special Buildings at Holy Sites or by Universities","https://steamcommunity.com/sharedfiles/filedetails/changelog/2875587269?p=41&l=english","a7c3b983da60a3ff955c69c786dd04007a4ad6085e6266fa43e37115b10dc751","False"
"Special-World","SW","2875587269","408","41","8","17 May, 2023 @ 12:06pm","2023-05-17 12:06",,,"https://steamcommunity.com/sharedfiles/filedetails/changelog/2875587269?p=41&l=english","a7c3b983da60a3ff955c69c786dd04007a4ad6085e6266fa43e37115b10dc751","False"
"Special-World","SW","2875587269","409","41","9","16 May, 2023 @ 10:44am","2023-05-16 10:44",,,"https://steamcommunity.com/sharedfiles/filedetails/changelog/2875587269?p=41&l=english","a7c3b983da60a3ff955c69c786dd04007a4ad6085e6266fa43e37115b10dc751","False"
"Special-World","SW","2875587269","410","41","10","25 Apr, 2023 @ 8:28am","2023-04-25 08:28",,"Share to your Steam activity feed","https://steamcommunity.com/sharedfiles/filedetails/changelog/2875587269?p=41&l=english","a7c3b983da60a3ff955c69c786dd04007a4ad6085e6266fa43e37115b10dc751","False"
"Special-World","SW","2875587269","411","42","1","24 Apr, 2023 @ 10:51pm","2023-04-24 22:51",,,"https://steamcommunity.com/sharedfiles/filedetails/changelog/2875587269?p=42&l=english","9cde1f327cdc4a9b6a0ff35e828787c288d6b31925c58d8a52ea1e130d085154","False"
"Special-World","SW","2875587269","412","42","2","24 Apr, 2023 @ 7:18pm","2023-04-24 19:18",,,"https://steamcommunity.com/sharedfiles/filedetails/changelog/2875587269?p=42&l=english","9cde1f327cdc4a9b6a0ff35e828787c288d6b31925c58d8a52ea1e130d085154","False"
"Special-World","SW","2875587269","413","42","3","4 Apr, 2023 @ 10:07am","2023-04-04 10:07",,,"https://steamcommunity.com/sharedfiles/filedetails/changelog/2875587269?p=42&l=english","9cde1f327cdc4a9b6a0ff35e828787c288d6b31925c58d8a52ea1e130d085154","False"
"Special-World","SW","2875587269","414","42","4","28 Mar, 2023 @ 9:26am","2023-03-28 09:26",,,"https://steamcommunity.com/sharedfiles/filedetails/changelog/2875587269?p=42&l=english","9cde1f327cdc4a9b6a0ff35e828787c288d6b31925c58d8a52ea1e130d085154","False"
"Special-World","SW","2875587269","415","42","5","9 Mar, 2023 @ 1:53pm","2023-03-09 13:53",,,"https://steamcommunity.com/sharedfiles/filedetails/changelog/2875587269?p=42&l=english","9cde1f327cdc4a9b6a0ff35e828787c288d6b31925c58d8a52ea1e130d085154","False"
"Special-World","SW","2875587269","416","42","6","8 Mar, 2023 @ 7:06pm","2023-03-08 19:06",,,"https://steamcommunity.com/sharedfiles/filedetails/changelog/2875587269?p=42&l=english","9cde1f327cdc4a9b6a0ff35e828787c288d6b31925c58d8a52ea1e130d085154","False"
"Special-World","SW","2875587269","417","42","7","5 Mar, 2023 @ 11:12am","2023-03-05 11:12",,,"https://steamcommunity.com/sharedfiles/filedetails/changelog/2875587269?p=42&l=english","9cde1f327cdc4a9b6a0ff35e828787c288d6b31925c58d8a52ea1e130d085154","False"
"Special-World","SW","2875587269","418","42","8","4 Mar, 2023 @ 12:14pm","2023-03-04 12:14",,,"https://steamcommunity.com/sharedfiles/filedetails/changelog/2875587269?p=42&l=english","9cde1f327cdc4a9b6a0ff35e828787c288d6b31925c58d8a52ea1e130d085154","False"
"Special-World","SW","2875587269","419","42","9","2 Mar, 2023 @ 8:21am","2023-03-02 08:21",,,"https://steamcommunity.com/sharedfiles/filedetails/changelog/2875587269?p=42&l=english","9cde1f327cdc4a9b6a0ff35e828787c288d6b31925c58d8a52ea1e130d085154","False"
"Special-World","SW","2875587269","420","42","10","1 Mar, 2023 @ 9:44pm","2023-03-01 21:44",,"Share to your Steam activity feed","https://steamcommunity.com/sharedfiles/filedetails/changelog/2875587269?p=42&l=english","9cde1f327cdc4a9b6a0ff35e828787c288d6b31925c58d8a52ea1e130d085154","False"
"Special-World","SW","2875587269","421","43","1","27 Feb, 2023 @ 7:27pm","2023-02-27 19:27",,,"https://steamcommunity.com/sharedfiles/filedetails/changelog/2875587269?p=43&l=english","9334fc0b5f88e2094aa46649b59fcd1c2d5ce10ccf08e24576b675d6fa727c5e","False"
"Special-World","SW","2875587269","422","43","2","26 Feb, 2023 @ 1:35pm","2023-02-26 13:35",,,"https://steamcommunity.com/sharedfiles/filedetails/changelog/2875587269?p=43&l=english","9334fc0b5f88e2094aa46649b59fcd1c2d5ce10ccf08e24576b675d6fa727c5e","False"
"Special-World","SW","2875587269","423","43","3","17 Feb, 2023 @ 11:28am","2023-02-17 11:28",,,"https://steamcommunity.com/sharedfiles/filedetails/changelog/2875587269?p=43&l=english","9334fc0b5f88e2094aa46649b59fcd1c2d5ce10ccf08e24576b675d6fa727c5e","False"
"Special-World","SW","2875587269","424","43","4","6 Feb, 2023 @ 3:02pm","2023-02-06 15:02",,,"https://steamcommunity.com/sharedfiles/filedetails/changelog/2875587269?p=43&l=english","9334fc0b5f88e2094aa46649b59fcd1c2d5ce10ccf08e24576b675d6fa727c5e","False"
"Special-World","SW","2875587269","425","43","5","6 Feb, 2023 @ 11:41am","2023-02-06 11:41",,,"https://steamcommunity.com/sharedfiles/filedetails/changelog/2875587269?p=43&l=english","9334fc0b5f88e2094aa46649b59fcd1c2d5ce10ccf08e24576b675d6fa727c5e","False"
"Special-World","SW","2875587269","426","43","6","5 Feb, 2023 @ 10:35am","2023-02-05 10:35",,,"https://steamcommunity.com/sharedfiles/filedetails/changelog/2875587269?p=43&l=english","9334fc0b5f88e2094aa46649b59fcd1c2d5ce10ccf08e24576b675d6fa727c5e","False"
"Special-World","SW","2875587269","427","43","7","4 Feb, 2023 @ 4:38pm","2023-02-04 16:38",,,"https://steamcommunity.com/sharedfiles/filedetails/changelog/2875587269?p=43&l=english","9334fc0b5f88e2094aa46649b59fcd1c2d5ce10ccf08e24576b675d6fa727c5e","False"
"Special-World","SW","2875587269","428","43","8","3 Feb, 2023 @ 11:03pm","2023-02-03 23:03",,,"https://steamcommunity.com/sharedfiles/filedetails/changelog/2875587269?p=43&l=english","9334fc0b5f88e2094aa46649b59fcd1c2d5ce10ccf08e24576b675d6fa727c5e","False"
"Special-World","SW","2875587269","429","43","9","3 Feb, 2023 @ 4:25pm","2023-02-03 16:25",,,"https://steamcommunity.com/sharedfiles/filedetails/changelog/2875587269?p=43&l=english","9334fc0b5f88e2094aa46649b59fcd1c2d5ce10ccf08e24576b675d6fa727c5e","False"
"Special-World","SW","2875587269","430","43","10","3 Feb, 2023 @ 1:20pm","2023-02-03 13:20",,"Share to your Steam activity feed","https://steamcommunity.com/sharedfiles/filedetails/changelog/2875587269?p=43&l=english","9334fc0b5f88e2094aa46649b59fcd1c2d5ce10ccf08e24576b675d6fa727c5e","False"
"Special-World","SW","2875587269","431","44","1","3 Feb, 2023 @ 12:08pm","2023-02-03 12:08",,,"https://steamcommunity.com/sharedfiles/filedetails/changelog/2875587269?p=44&l=english","66b2dbd78a1affa32a0d79ee34d294e6570023afb20cde07833669c051138d26","False"
"Special-World","SW","2875587269","432","44","2","1 Feb, 2023 @ 10:32am","2023-02-01 10:32",,,"https://steamcommunity.com/sharedfiles/filedetails/changelog/2875587269?p=44&l=english","66b2dbd78a1affa32a0d79ee34d294e6570023afb20cde07833669c051138d26","False"
"Special-World","SW","2875587269","433","44","3","1 Feb, 2023 @ 10:14am","2023-02-01 10:14",,"Note","https://steamcommunity.com/sharedfiles/filedetails/changelog/2875587269?p=44&l=english","66b2dbd78a1affa32a0d79ee34d294e6570023afb20cde07833669c051138d26","False"
"Special-World","SW","2875587269","434","44","4","1 Feb, 2023 @ 8:29am","2023-02-01 08:29",,,"https://steamcommunity.com/sharedfiles/filedetails/changelog/2875587269?p=44&l=english","66b2dbd78a1affa32a0d79ee34d294e6570023afb20cde07833669c051138d26","False"
"Special-World","SW","2875587269","435","44","5","1 Feb, 2023 @ 8:26am","2023-02-01 08:26",,,"https://steamcommunity.com/sharedfiles/filedetails/changelog/2875587269?p=44&l=english","66b2dbd78a1affa32a0d79ee34d294e6570023afb20cde07833669c051138d26","False"
"Special-World","SW","2875587269","436","44","6","31 Jan, 2023 @ 4:23pm","2023-01-31 16:23",,,"https://steamcommunity.com/sharedfiles/filedetails/changelog/2875587269?p=44&l=english","66b2dbd78a1affa32a0d79ee34d294e6570023afb20cde07833669c051138d26","False"
"Special-World","SW","2875587269","437","44","7","31 Jan, 2023 @ 11:45am","2023-01-31 11:45",,,"https://steamcommunity.com/sharedfiles/filedetails/changelog/2875587269?p=44&l=english","66b2dbd78a1affa32a0d79ee34d294e6570023afb20cde07833669c051138d26","False"
"Special-World","SW","2875587269","438","44","8","30 Jan, 2023 @ 11:03pm","2023-01-30 23:03",,,"https://steamcommunity.com/sharedfiles/filedetails/changelog/2875587269?p=44&l=english","66b2dbd78a1affa32a0d79ee34d294e6570023afb20cde07833669c051138d26","False"
"Special-World","SW","2875587269","439","44","9","30 Jan, 2023 @ 10:05pm","2023-01-30 22:05",,,"https://steamcommunity.com/sharedfiles/filedetails/changelog/2875587269?p=44&l=english","66b2dbd78a1affa32a0d79ee34d294e6570023afb20cde07833669c051138d26","False"
"Special-World","SW","2875587269","440","44","10","30 Jan, 2023 @ 10:02pm","2023-01-30 22:02",,"Share to your Steam activity feed","https://steamcommunity.com/sharedfiles/filedetails/changelog/2875587269?p=44&l=english","66b2dbd78a1affa32a0d79ee34d294e6570023afb20cde07833669c051138d26","False"
"Special-World","SW","2875587269","441","45","1","30 Jan, 2023 @ 9:58pm","2023-01-30 21:58",,"Note","https://steamcommunity.com/sharedfiles/filedetails/changelog/2875587269?p=45&l=english","0617a3c21cf6bf0af9be2322d492117e5c609a618db38cde59d480e0aee98f51","False"
"Special-World","SW","2875587269","442","45","2","30 Jan, 2023 @ 7:20pm","2023-01-30 19:20",,,"https://steamcommunity.com/sharedfiles/filedetails/changelog/2875587269?p=45&l=english","0617a3c21cf6bf0af9be2322d492117e5c609a618db38cde59d480e0aee98f51","False"
"Special-World","SW","2875587269","443","45","3","30 Jan, 2023 @ 7:06pm","2023-01-30 19:06",,"Temporary Move to an older version. Will be fixed shortly.","https://steamcommunity.com/sharedfiles/filedetails/changelog/2875587269?p=45&l=english","0617a3c21cf6bf0af9be2322d492117e5c609a618db38cde59d480e0aee98f51","False"
"Special-World","SW","2875587269","444","45","4","25 Jan, 2023 @ 4:12pm","2023-01-25 16:12",,,"https://steamcommunity.com/sharedfiles/filedetails/changelog/2875587269?p=45&l=english","0617a3c21cf6bf0af9be2322d492117e5c609a618db38cde59d480e0aee98f51","False"
"Special-World","SW","2875587269","445","45","5","24 Jan, 2023 @ 3:39pm","2023-01-24 15:39",,,"https://steamcommunity.com/sharedfiles/filedetails/changelog/2875587269?p=45&l=english","0617a3c21cf6bf0af9be2322d492117e5c609a618db38cde59d480e0aee98f51","False"
"Special-World","SW","2875587269","446","45","6","22 Jan, 2023 @ 11:46pm","2023-01-22 23:46",,,"https://steamcommunity.com/sharedfiles/filedetails/changelog/2875587269?p=45&l=english","0617a3c21cf6bf0af9be2322d492117e5c609a618db38cde59d480e0aee98f51","False"
"Special-World","SW","2875587269","447","45","7","21 Jan, 2023 @ 12:45pm","2023-01-21 12:45",,,"https://steamcommunity.com/sharedfiles/filedetails/changelog/2875587269?p=45&l=english","0617a3c21cf6bf0af9be2322d492117e5c609a618db38cde59d480e0aee98f51","False"
"Special-World","SW","2875587269","448","45","8","21 Jan, 2023 @ 9:10am","2023-01-21 09:10",,,"https://steamcommunity.com/sharedfiles/filedetails/changelog/2875587269?p=45&l=english","0617a3c21cf6bf0af9be2322d492117e5c609a618db38cde59d480e0aee98f51","False"
"Special-World","SW","2875587269","449","45","9","20 Jan, 2023 @ 7:38pm","2023-01-20 19:38",,,"https://steamcommunity.com/sharedfiles/filedetails/changelog/2875587269?p=45&l=english","0617a3c21cf6bf0af9be2322d492117e5c609a618db38cde59d480e0aee98f51","False"
"Special-World","SW","2875587269","450","45","10","20 Jan, 2023 @ 4:07pm","2023-01-20 16:07",,"Share to your Steam activity feed","https://steamcommunity.com/sharedfiles/filedetails/changelog/2875587269?p=45&l=english","0617a3c21cf6bf0af9be2322d492117e5c609a618db38cde59d480e0aee98f51","False"
"Special-World","SW","2875587269","451","46","1","17 Jan, 2023 @ 2:10pm","2023-01-17 14:10",,,"https://steamcommunity.com/sharedfiles/filedetails/changelog/2875587269?p=46&l=english","55f047f8e39a32cedb0cdc13065aea01e911a479eef4d0d886f090100807574a","False"
"Special-World","SW","2875587269","452","46","2","17 Jan, 2023 @ 1:10pm","2023-01-17 13:10",,,"https://steamcommunity.com/sharedfiles/filedetails/changelog/2875587269?p=46&l=english","55f047f8e39a32cedb0cdc13065aea01e911a479eef4d0d886f090100807574a","False"
"Special-World","SW","2875587269","453","46","3","15 Jan, 2023 @ 2:17pm","2023-01-15 14:17",,,"https://steamcommunity.com/sharedfiles/filedetails/changelog/2875587269?p=46&l=english","55f047f8e39a32cedb0cdc13065aea01e911a479eef4d0d886f090100807574a","False"
"Special-World","SW","2875587269","454","46","4","9 Jan, 2023 @ 7:51am","2023-01-09 07:51",,,"https://steamcommunity.com/sharedfiles/filedetails/changelog/2875587269?p=46&l=english","55f047f8e39a32cedb0cdc13065aea01e911a479eef4d0d886f090100807574a","False"
"Special-World","SW","2875587269","455","46","5","7 Jan, 2023 @ 2:09pm","2023-01-07 14:09",,,"https://steamcommunity.com/sharedfiles/filedetails/changelog/2875587269?p=46&l=english","55f047f8e39a32cedb0cdc13065aea01e911a479eef4d0d886f090100807574a","False"
"Special-World","SW","2875587269","456","46","6","2 Jan, 2023 @ 10:14am","2023-01-02 10:14",,,"https://steamcommunity.com/sharedfiles/filedetails/changelog/2875587269?p=46&l=english","55f047f8e39a32cedb0cdc13065aea01e911a479eef4d0d886f090100807574a","False"
"Special-World","SW","2875587269","457","46","7","29 Dec, 2022 @ 5:21pm","2022-12-29 17:21",,,"https://steamcommunity.com/sharedfiles/filedetails/changelog/2875587269?p=46&l=english","55f047f8e39a32cedb0cdc13065aea01e911a479eef4d0d886f090100807574a","False"
"Special-World","SW","2875587269","458","46","8","23 Dec, 2022 @ 7:01pm","2022-12-23 19:01",,,"https://steamcommunity.com/sharedfiles/filedetails/changelog/2875587269?p=46&l=english","55f047f8e39a32cedb0cdc13065aea01e911a479eef4d0d886f090100807574a","False"
"Special-World","SW","2875587269","459","46","9","6 Dec, 2022 @ 10:16am","2022-12-06 10:16",,,"https://steamcommunity.com/sharedfiles/filedetails/changelog/2875587269?p=46&l=english","55f047f8e39a32cedb0cdc13065aea01e911a479eef4d0d886f090100807574a","False"
"Special-World","SW","2875587269","460","46","10","30 Nov, 2022 @ 5:16pm","2022-11-30 17:16",,"Share to your Steam activity feed","https://steamcommunity.com/sharedfiles/filedetails/changelog/2875587269?p=46&l=english","55f047f8e39a32cedb0cdc13065aea01e911a479eef4d0d886f090100807574a","False"
"Special-World","SW","2875587269","461","47","1","30 Nov, 2022 @ 4:46pm","2022-11-30 16:46",,,"https://steamcommunity.com/sharedfiles/filedetails/changelog/2875587269?p=47&l=english","289fdd069fbbe6475a1b55e1163a6e3548fce7a838d649188a78a500b548efdf","False"
"Special-World","SW","2875587269","462","47","2","30 Nov, 2022 @ 2:18pm","2022-11-30 14:18",,,"https://steamcommunity.com/sharedfiles/filedetails/changelog/2875587269?p=47&l=english","289fdd069fbbe6475a1b55e1163a6e3548fce7a838d649188a78a500b548efdf","False"
"Special-World","SW","2875587269","463","47","3","28 Nov, 2022 @ 9:30am","2022-11-28 09:30",,,"https://steamcommunity.com/sharedfiles/filedetails/changelog/2875587269?p=47&l=english","289fdd069fbbe6475a1b55e1163a6e3548fce7a838d649188a78a500b548efdf","False"
"Special-World","SW","2875587269","464","47","4","28 Nov, 2022 @ 9:15am","2022-11-28 09:15",,,"https://steamcommunity.com/sharedfiles/filedetails/changelog/2875587269?p=47&l=english","289fdd069fbbe6475a1b55e1163a6e3548fce7a838d649188a78a500b548efdf","False"
"Special-World","SW","2875587269","465","47","5","17 Oct, 2022 @ 5:39pm","2022-10-17 17:39",,,"https://steamcommunity.com/sharedfiles/filedetails/changelog/2875587269?p=47&l=english","289fdd069fbbe6475a1b55e1163a6e3548fce7a838d649188a78a500b548efdf","False"
"Special-World","SW","2875587269","466","47","6","17 Oct, 2022 @ 3:55pm","2022-10-17 15:55",,,"https://steamcommunity.com/sharedfiles/filedetails/changelog/2875587269?p=47&l=english","289fdd069fbbe6475a1b55e1163a6e3548fce7a838d649188a78a500b548efdf","False"
"Special-World","SW","2875587269","467","47","7","16 Oct, 2022 @ 6:11am","2022-10-16 06:11",,,"https://steamcommunity.com/sharedfiles/filedetails/changelog/2875587269?p=47&l=english","289fdd069fbbe6475a1b55e1163a6e3548fce7a838d649188a78a500b548efdf","False"
"Special-World","SW","2875587269","468","47","8","15 Oct, 2022 @ 10:12am","2022-10-15 10:12",,,"https://steamcommunity.com/sharedfiles/filedetails/changelog/2875587269?p=47&l=english","289fdd069fbbe6475a1b55e1163a6e3548fce7a838d649188a78a500b548efdf","False"
"Special-World","SW","2875587269","469","47","9","15 Oct, 2022 @ 9:38am","2022-10-15 09:38",,,"https://steamcommunity.com/sharedfiles/filedetails/changelog/2875587269?p=47&l=english","289fdd069fbbe6475a1b55e1163a6e3548fce7a838d649188a78a500b548efdf","False"
"Special-World","SW","2875587269","470","47","10","15 Oct, 2022 @ 9:33am","2022-10-15 09:33",,"Share to your Steam activity feed","https://steamcommunity.com/sharedfiles/filedetails/changelog/2875587269?p=47&l=english","289fdd069fbbe6475a1b55e1163a6e3548fce7a838d649188a78a500b548efdf","False"
"Turkic-World-Expanded","TWE","3668769244","1","1","1","1 May @ 1:48pm","2026-05-01 13:48",,,"https://steamcommunity.com/sharedfiles/filedetails/changelog/3668769244?p=1&l=english","ee517b460a192af65c2fe4d3cba5375d0f1ed3258d856d66a8509bfe27f87aaa","False"
"Turkic-World-Expanded","TWE","3668769244","2","1","2","7 Mar @ 11:16am","2026-03-07 11:16",,"- New dna templates for Kipchak, Cuman and Oghuz/Turkmen cultures have been added.","https://steamcommunity.com/sharedfiles/filedetails/changelog/3668769244?p=1&l=english","ee517b460a192af65c2fe4d3cba5375d0f1ed3258d856d66a8509bfe27f87aaa","False"
"Turkic-World-Expanded","TWE","3668769244","3","1","3","18 Feb @ 7:26am","2026-02-18 07:26",,"Share to your Steam activity feed","https://steamcommunity.com/sharedfiles/filedetails/changelog/3668769244?p=1&l=english","ee517b460a192af65c2fe4d3cba5375d0f1ed3258d856d66a8509bfe27f87aaa","False"
"Western-Steppe-Expanded","WSE","3490396842","1","1","1","20 Apr @ 8:37am","2026-04-20 08:37",,"-Updated to 1.19","https://steamcommunity.com/sharedfiles/filedetails/changelog/3490396842?p=1&l=english","aced785d7db79f3f1594ac1654118afe5b19057d5d5a9f173d33240720667882","False"
"Western-Steppe-Expanded","WSE","3490396842","2","1","2","4 Apr @ 3:43am","2026-04-04 03:43",,"-Bug Fixes","https://steamcommunity.com/sharedfiles/filedetails/changelog/3490396842?p=1&l=english","aced785d7db79f3f1594ac1654118afe5b19057d5d5a9f173d33240720667882","False"
"Western-Steppe-Expanded","WSE","3490396842","3","1","3","4 Feb @ 12:39pm","2026-02-04 12:39",,,"https://steamcommunity.com/sharedfiles/filedetails/changelog/3490396842?p=1&l=english","aced785d7db79f3f1594ac1654118afe5b19057d5d5a9f173d33240720667882","False"
"Western-Steppe-Expanded","WSE","3490396842","4","1","4","28 Jan @ 4:30pm","2026-01-28 16:30",,"-New Hunnic Name List","https://steamcommunity.com/sharedfiles/filedetails/changelog/3490396842?p=1&l=english","aced785d7db79f3f1594ac1654118afe5b19057d5d5a9f173d33240720667882","False"
"Western-Steppe-Expanded","WSE","3490396842","5","1","5","23 Jan @ 8:34am","2026-01-23 08:34",,"-Makes House Attilid a cadet branch of the Elmingirid dynasty","https://steamcommunity.com/sharedfiles/filedetails/changelog/3490396842?p=1&l=english","aced785d7db79f3f1594ac1654118afe5b19057d5d5a9f173d33240720667882","False"
"Western-Steppe-Expanded","WSE","3490396842","6","1","6","21 Jan @ 8:42am","2026-01-21 08:42",,"Heirs of Attila Update:","https://steamcommunity.com/sharedfiles/filedetails/changelog/3490396842?p=1&l=english","aced785d7db79f3f1594ac1654118afe5b19057d5d5a9f173d33240720667882","False"
"Western-Steppe-Expanded","WSE","3490396842","7","1","7","17 Dec, 2025 @ 3:04am","2025-12-17 03:04",,"-Added the decisions Found the Black Army and Maintain the Black Army","https://steamcommunity.com/sharedfiles/filedetails/changelog/3490396842?p=1&l=english","aced785d7db79f3f1594ac1654118afe5b19057d5d5a9f173d33240720667882","False"
"Western-Steppe-Expanded","WSE","3490396842","8","1","8","1 Dec, 2025 @ 11:48am","2025-12-01 11:48",,"-reenabled deleted history file for hungary provinces","https://steamcommunity.com/sharedfiles/filedetails/changelog/3490396842?p=1&l=english","aced785d7db79f3f1594ac1654118afe5b19057d5d5a9f173d33240720667882","False"
"Western-Steppe-Expanded","WSE","3490396842","9","1","9","1 Dec, 2025 @ 11:26am","2025-12-01 11:26",,"-Fixed missing Mine in Hungary","https://steamcommunity.com/sharedfiles/filedetails/changelog/3490396842?p=1&l=english","aced785d7db79f3f1594ac1654118afe5b19057d5d5a9f173d33240720667882","False"
"Western-Steppe-Expanded","WSE","3490396842","10","1","10","18 Nov, 2025 @ 7:25am","2025-11-18 07:25",,"Calm Before the Storm Update:","https://steamcommunity.com/sharedfiles/filedetails/changelog/3490396842?p=1&l=english","aced785d7db79f3f1594ac1654118afe5b19057d5d5a9f173d33240720667882","False"
"Western-Steppe-Expanded","WSE","3490396842","11","2","1","15 Nov, 2025 @ 10:28am","2025-11-15 10:28",,"-Fixed issue with Hungarian/Sezelky/Csangos cultures using asian MAA art","https://steamcommunity.com/sharedfiles/filedetails/changelog/3490396842?p=2&l=english","4dd9c8337278b65c91218b2d2087c6f447d2c327b55a76abaadf98e1fd72f5f4","False"
"Western-Steppe-Expanded","WSE","3490396842","12","2","2","31 Oct, 2025 @ 2:18pm","2025-10-31 14:18",,"-The Tarjan dynasty is no longer immortal. (humans should not be 200 years old...)","https://steamcommunity.com/sharedfiles/filedetails/changelog/3490396842?p=2&l=english","4dd9c8337278b65c91218b2d2087c6f447d2c327b55a76abaadf98e1fd72f5f4","False"
"Western-Steppe-Expanded","WSE","3490396842","13","2","3","28 Oct, 2025 @ 12:57pm","2025-10-28 12:57",,"-Update for AUH release","https://steamcommunity.com/sharedfiles/filedetails/changelog/3490396842?p=2&l=english","4dd9c8337278b65c91218b2d2087c6f447d2c327b55a76abaadf98e1fd72f5f4","False"
"Western-Steppe-Expanded","WSE","3490396842","14","2","4","30 Sep, 2025 @ 11:36am","2025-09-30 11:36",,"-Updated following comments from vidz99","https://steamcommunity.com/sharedfiles/filedetails/changelog/3490396842?p=2&l=english","4dd9c8337278b65c91218b2d2087c6f447d2c327b55a76abaadf98e1fd72f5f4","False"
"Western-Steppe-Expanded","WSE","3490396842","15","2","5","14 Sep, 2025 @ 1:38pm","2025-09-14 13:38",,"-Fixed/changed requirements for decisions","https://steamcommunity.com/sharedfiles/filedetails/changelog/3490396842?p=2&l=english","4dd9c8337278b65c91218b2d2087c6f447d2c327b55a76abaadf98e1fd72f5f4","False"
"Western-Steppe-Expanded","WSE","3490396842","16","2","6","9 Sep, 2025 @ 10:10am","2025-09-09 10:10",,"-Update for new dlc","https://steamcommunity.com/sharedfiles/filedetails/changelog/3490396842?p=2&l=english","4dd9c8337278b65c91218b2d2087c6f447d2c327b55a76abaadf98e1fd72f5f4","False"
"Western-Steppe-Expanded","WSE","3490396842","17","2","7","27 Jul, 2025 @ 2:01am","2025-07-27 02:01",,"-Removed Holy Site location changes","https://steamcommunity.com/sharedfiles/filedetails/changelog/3490396842?p=2&l=english","4dd9c8337278b65c91218b2d2087c6f447d2c327b55a76abaadf98e1fd72f5f4","False"
"Western-Steppe-Expanded","WSE","3490396842","18","2","8","1 Jul, 2025 @ 6:47am","2025-07-01 06:47",,"-Added namespace for crimean tatar event (should stop characters from randomly turning into that culture)","https://steamcommunity.com/sharedfiles/filedetails/changelog/3490396842?p=2&l=english","4dd9c8337278b65c91218b2d2087c6f447d2c327b55a76abaadf98e1fd72f5f4","False"
"Western-Steppe-Expanded","WSE","3490396842","19","2","9","16 Jun, 2025 @ 7:02am","2025-06-16 07:02",,"-Removed the ability for Empires to do contracts, will be added back in a future update.","https://steamcommunity.com/sharedfiles/filedetails/changelog/3490396842?p=2&l=english","4dd9c8337278b65c91218b2d2087c6f447d2c327b55a76abaadf98e1fd72f5f4","False"
"Western-Steppe-Expanded","WSE","3490396842","20","2","10","7 Jun, 2025 @ 1:50pm","2025-06-07 13:50",,"-Lowers prestige required for Lord of the Volga decision","https://steamcommunity.com/sharedfiles/filedetails/changelog/3490396842?p=2&l=english","4dd9c8337278b65c91218b2d2087c6f447d2c327b55a76abaadf98e1fd72f5f4","False"
"Western-Steppe-Expanded","WSE","3490396842","21","3","1","5 Jun, 2025 @ 1:52pm","2025-06-05 13:52",,"-Fixes Crimea Event Issue","https://steamcommunity.com/sharedfiles/filedetails/changelog/3490396842?p=3&l=english","ce3d7d8cfade6f0fe967d61864efa6769836a99aec64b7e650c5825d3e89fe9c","False"
"Western-Steppe-Expanded","WSE","3490396842","22","3","2","4 Jun, 2025 @ 1:35pm","2025-06-04 13:35",,"-Added Crimean Tatar Culture, accessible through either character creator or through taking the Embrace Crimean Tatar Culture decision","https://steamcommunity.com/sharedfiles/filedetails/changelog/3490396842?p=3&l=english","ce3d7d8cfade6f0fe967d61864efa6769836a99aec64b7e650c5825d3e89fe9c","False"
"Western-Steppe-Expanded","WSE","3490396842","23","3","3","4 Jun, 2025 @ 3:07am","2025-06-04 03:07",,"-Fixed Title History bug that was causing characters to appear twice in the history tab","https://steamcommunity.com/sharedfiles/filedetails/changelog/3490396842?p=3&l=english","ce3d7d8cfade6f0fe967d61864efa6769836a99aec64b7e650c5825d3e89fe9c","False"
"Western-Steppe-Expanded","WSE","3490396842","24","3","4","2 Jun, 2025 @ 12:04am","2025-06-02 00:04",,"-Fixed bug regarding Lord of Volga decision triggering the Augustus event if you have Devil's Brood mod","https://steamcommunity.com/sharedfiles/filedetails/changelog/3490396842?p=3&l=english","ce3d7d8cfade6f0fe967d61864efa6769836a99aec64b7e650c5825d3e89fe9c","False"
"Western-Steppe-Expanded","WSE","3490396842","25","3","5","1 Jun, 2025 @ 10:35am","2025-06-01 10:35",,"-Turned Kingdom of the Pechenegs into a non de jure kingdom to stop Wallachia and Moldavia from immediately getting banished to the shadow-world and produce border gore.","https://steamcommunity.com/sharedfiles/filedetails/changelog/3490396842?p=3&l=english","ce3d7d8cfade6f0fe967d61864efa6769836a99aec64b7e650c5825d3e89fe9c","False"
"Western-Steppe-Expanded","WSE","3490396842","26","3","6","1 Jun, 2025 @ 5:09am","2025-06-01 05:09",,"-Updated to include many of the features from Pannonia Expanded","https://steamcommunity.com/sharedfiles/filedetails/changelog/3490396842?p=3&l=english","ce3d7d8cfade6f0fe967d61864efa6769836a99aec64b7e650c5825d3e89fe9c","False"
"Western-Steppe-Expanded","WSE","3490396842","27","3","7","31 May, 2025 @ 8:30am","2025-05-31 08:30",,,"https://steamcommunity.com/sharedfiles/filedetails/changelog/3490396842?p=3&l=english","ce3d7d8cfade6f0fe967d61864efa6769836a99aec64b7e650c5825d3e89fe9c","False"
"Western-Steppe-Expanded","WSE","3490396842","28","3","8","30 May, 2025 @ 12:06pm","2025-05-30 12:06",,"Share to your Steam activity feed","https://steamcommunity.com/sharedfiles/filedetails/changelog/3490396842?p=3&l=english","ce3d7d8cfade6f0fe967d61864efa6769836a99aec64b7e650c5825d3e89fe9c","False"
