"RevisionKey","Repo","Abbreviation","WorkshopId","CatalogueArchiveId","CatalogueUrl","SkymodsTitle","NewestOrdinal","IsCurrentRevision","RawDisplayedTime","NormalizedUtcTime","TimeParsed","DownloadUrl","PageReferenceYear","RawPageSha256","ContentVerified"
"2220098919|1","Community-Flavor-Pack","CFP","2220098919","66558","https://catalogue.smods.ru/archives/66558","Community Flavor Pack","1","True","21 Apr at 18:34 UTC","2026-04-21 18:34","True","https://modsbase.com/4ul72nr980cp/2220098919_Community_Flavor_Pack.zip.html","2026","554413e37aa994e1dd78a1932f3345c41d11793b98c47fa4ec14247d8e24db7f","False"
"2220098919|2","Community-Flavor-Pack","CFP","2220098919","66558","https://catalogue.smods.ru/archives/66558","Community Flavor Pack","2","False","27 Jan at 21:24 UTC","2026-01-27 21:24","True","https://modsbase.com/t314z6qwhs5y/2220098919_Community_Flavor_Pack.zip.html","2026","554413e37aa994e1dd78a1932f3345c41d11793b98c47fa4ec14247d8e24db7f","False"
"2220098919|3","Community-Flavor-Pack","CFP","2220098919","66558","https://catalogue.smods.ru/archives/66558","Community Flavor Pack","3","False","12 Nov, 2025 at 20:36 UTC","2025-11-12 20:36","True","https://modsbase.com/61q8e7dy4df3/2220098919_Community_Flavor_Pack.zip.html","2026","554413e37aa994e1dd78a1932f3345c41d11793b98c47fa4ec14247d8e24db7f","False"
"2220098919|4","Community-Flavor-Pack","CFP","2220098919","66558","https://catalogue.smods.ru/archives/66558","Community Flavor Pack","4","False","11 Nov, 2025 at 16:03 UTC","2025-11-11 16:03","True","https://modsbase.com/csewo5p3q540/2220098919_Community_Flavor_Pack.zip.html","2026","554413e37aa994e1dd78a1932f3345c41d11793b98c47fa4ec14247d8e24db7f","False"
"2220098919|5","Community-Flavor-Pack","CFP","2220098919","66558","https://catalogue.smods.ru/archives/66558","Community Flavor Pack","5","False","30 Oct, 2025 at 22:05 UTC","2025-10-30 22:05","True","https://modsbase.com/uxcp6czj07ys/2220098919_Community_Flavor_Pack.zip.html","2026","554413e37aa994e1dd78a1932f3345c41d11793b98c47fa4ec14247d8e24db7f","False"
"2220098919|6","Community-Flavor-Pack","CFP","2220098919","66558","https://catalogue.smods.ru/archives/66558","Community Flavor Pack","6","False","28 Oct, 2025 at 17:28 UTC","2025-10-28 17:28","True","https://modsbase.com/x9mh0o8y7vc2/2220098919_Community_Flavor_Pack.zip.html","2026","554413e37aa994e1dd78a1932f3345c41d11793b98c47fa4ec14247d8e24db7f","False"
"2220098919|7","Community-Flavor-Pack","CFP","2220098919","66558","https://catalogue.smods.ru/archives/66558","Community Flavor Pack","7","False","9 Sep, 2025 at 19:19 UTC","2025-09-09 19:19","True","https://modsbase.com/4kiim2oczi1a/2220098919_Community_Flavor_Pack.zip.html","2026","554413e37aa994e1dd78a1932f3345c41d11793b98c47fa4ec14247d8e24db7f","False"
"2220098919|8","Community-Flavor-Pack","CFP","2220098919","66558","https://catalogue.smods.ru/archives/66558","Community Flavor Pack","8","False","21 Jul, 2025 at 14:51 UTC","2025-07-21 14:51","True","https://modsbase.com/gmag0sdmiaqw/2220098919_Community_Flavor_Pack.zip.html","2026","554413e37aa994e1dd78a1932f3345c41d11793b98c47fa4ec14247d8e24db7f","False"
"2220098919|9","Community-Flavor-Pack","CFP","2220098919","66558","https://catalogue.smods.ru/archives/66558","Community Flavor Pack","9","False","28 Apr, 2025 at 13:15 UTC","2025-04-28 13:15","True","https://modsbase.com/buc5idx4zhup/2220098919_Community_Flavor_Pack.zip.html","2026","554413e37aa994e1dd78a1932f3345c41d11793b98c47fa4ec14247d8e24db7f","False"
"2220098919|10","Community-Flavor-Pack","CFP","2220098919","66558","https://catalogue.smods.ru/archives/66558","Community Flavor Pack","10","False","12 Mar, 2025 at 16:13 UTC","2025-03-12 16:13","True","https://modsbase.com/1xpp5gy4vzlz/2220098919_Community_Flavor_Pack.zip.html","2026","554413e37aa994e1dd78a1932f3345c41d11793b98c47fa4ec14247d8e24db7f","False"
"2220098919|11","Community-Flavor-Pack","CFP","2220098919","66558","https://catalogue.smods.ru/archives/66558","Community Flavor Pack","11","False","25 Feb, 2025 at 14:41 UTC","2025-02-25 14:41","True","https://modsbase.com/7eh5s31zx0th/2220098919_Community_Flavor_Pack.zip.html","2026","554413e37aa994e1dd78a1932f3345c41d11793b98c47fa4ec14247d8e24db7f","False"
"2220098919|12","Community-Flavor-Pack","CFP","2220098919","66558","https://catalogue.smods.ru/archives/66558","Community Flavor Pack","12","False","27 Nov, 2024 at 17:21 UTC","2024-11-27 17:21","True","https://modsbase.com/9kitkgh0g0ze/2220098919_Community_Flavor_Pack.zip.html","2026","554413e37aa994e1dd78a1932f3345c41d11793b98c47fa4ec14247d8e24db7f","False"
"2220098919|13","Community-Flavor-Pack","CFP","2220098919","66558","https://catalogue.smods.ru/archives/66558","Community Flavor Pack","13","False","4 Nov, 2024 at 17:32 UTC","2024-11-04 17:32","True","https://modsbase.com/802j3dhy0ujb/2220098919_Community_Flavor_Pack.zip.html","2026","554413e37aa994e1dd78a1932f3345c41d11793b98c47fa4ec14247d8e24db7f","False"
"2220098919|14","Community-Flavor-Pack","CFP","2220098919","66558","https://catalogue.smods.ru/archives/66558","Community Flavor Pack","14","False","30 Sep, 2024 at 06:46 UTC","2024-09-30 06:46","True","https://modsbase.com/xtv1d1cdptuj/2220098919_Community_Flavor_Pack.zip.html","2026","554413e37aa994e1dd78a1932f3345c41d11793b98c47fa4ec14247d8e24db7f","False"
"2220098919|15","Community-Flavor-Pack","CFP","2220098919","66558","https://catalogue.smods.ru/archives/66558","Community Flavor Pack","15","False","24 Sep, 2024 at 17:59 UTC","2024-09-24 17:59","True","https://modsbase.com/f56t68dvcw5j/2220098919_Community_Flavor_Pack.zip.html","2026","554413e37aa994e1dd78a1932f3345c41d11793b98c47fa4ec14247d8e24db7f","False"
"2220098919|16","Community-Flavor-Pack","CFP","2220098919","66558","https://catalogue.smods.ru/archives/66558","Community Flavor Pack","16","False","4 Mar, 2024 at 19:54 UTC","2024-03-04 19:54","True","https://modsbase.com/leeduli5poai/2220098919_Community_Flavor_Pack.zip.html","2026","554413e37aa994e1dd78a1932f3345c41d11793b98c47fa4ec14247d8e24db7f","False"
"2220098919|17","Community-Flavor-Pack","CFP","2220098919","66558","https://catalogue.smods.ru/archives/66558","Community Flavor Pack","17","False","6 Feb, 2024 at 17:33 UTC","2024-02-06 17:33","True","https://modsbase.com/jz8fuvaxma4n/2220098919_Community_Flavor_Pack.zip.html","2026","554413e37aa994e1dd78a1932f3345c41d11793b98c47fa4ec14247d8e24db7f","False"
"2220098919|18","Community-Flavor-Pack","CFP","2220098919","66558","https://catalogue.smods.ru/archives/66558","Community Flavor Pack","18","False","23 Jan, 2024 at 14:51 UTC","2024-01-23 14:51","True","https://modsbase.com/thzwywrcosej/2220098919_Community_Flavor_Pack.zip.html","2026","554413e37aa994e1dd78a1932f3345c41d11793b98c47fa4ec14247d8e24db7f","False"
"2220098919|19","Community-Flavor-Pack","CFP","2220098919","66558","https://catalogue.smods.ru/archives/66558","Community Flavor Pack","19","False","16 Nov, 2023 at 10:34 UTC","2023-11-16 10:34","True","https://modsbase.com/lqbqt21hff0s/2220098919_Community_Flavor_Pack.zip.html","2026","554413e37aa994e1dd78a1932f3345c41d11793b98c47fa4ec14247d8e24db7f","False"
"2220098919|20","Community-Flavor-Pack","CFP","2220098919","66558","https://catalogue.smods.ru/archives/66558","Community Flavor Pack","20","False","9 Nov, 2023 at 18:03 UTC","2023-11-09 18:03","True","https://modsbase.com/h3lh5rnc950y/2220098919_Community_Flavor_Pack.zip.html","2026","554413e37aa994e1dd78a1932f3345c41d11793b98c47fa4ec14247d8e24db7f","False"
"2220098919|21","Community-Flavor-Pack","CFP","2220098919","66558","https://catalogue.smods.ru/archives/66558","Community Flavor Pack","21","False","22 Aug, 2023 at 15:41 UTC","2023-08-22 15:41","True","https://modsbase.com/ji6ovfu48clk/2220098919_Community_Flavor_Pack.zip.html","2026","554413e37aa994e1dd78a1932f3345c41d11793b98c47fa4ec14247d8e24db7f","False"
"2220098919|22","Community-Flavor-Pack","CFP","2220098919","66558","https://catalogue.smods.ru/archives/66558","Community Flavor Pack","22","False","15 Jun, 2023 at 12:50 UTC","2023-06-15 12:50","True","https://modsbase.com/1qvne2ux4v71/2220098919_Community_Flavor_Pack.zip.html","2026","554413e37aa994e1dd78a1932f3345c41d11793b98c47fa4ec14247d8e24db7f","False"
"2220098919|23","Community-Flavor-Pack","CFP","2220098919","66558","https://catalogue.smods.ru/archives/66558","Community Flavor Pack","23","False","6 Jun, 2023 at 17:02 UTC","2023-06-06 17:02","True","https://modsbase.com/6u1nh5rq4nmz/2220098919_Community_Flavor_Pack.zip.html","2026","554413e37aa994e1dd78a1932f3345c41d11793b98c47fa4ec14247d8e24db7f","False"
"2220098919|24","Community-Flavor-Pack","CFP","2220098919","66558","https://catalogue.smods.ru/archives/66558","Community Flavor Pack","24","False","30 May, 2023 at 16:43 UTC","2023-05-30 16:43","True","https://modsbase.com/j72flcz6ow20/2220098919_Community_Flavor_Pack.zip.html","2026","554413e37aa994e1dd78a1932f3345c41d11793b98c47fa4ec14247d8e24db7f","False"
"2220098919|25","Community-Flavor-Pack","CFP","2220098919","66558","https://catalogue.smods.ru/archives/66558","Community Flavor Pack","25","False","16 May, 2023 at 19:31 UTC","2023-05-16 19:31","True","https://modsbase.com/aanrujy521h0/2220098919_Community_Flavor_Pack.zip.html","2026","554413e37aa994e1dd78a1932f3345c41d11793b98c47fa4ec14247d8e24db7f","False"
"2220098919|26","Community-Flavor-Pack","CFP","2220098919","66558","https://catalogue.smods.ru/archives/66558","Community Flavor Pack","26","False","14 May, 2023 at 10:31 UTC","2023-05-14 10:31","True","https://modsbase.com/od1h0nanm7xk/2220098919_Community_Flavor_Pack.zip.html","2026","554413e37aa994e1dd78a1932f3345c41d11793b98c47fa4ec14247d8e24db7f","False"
"2220098919|27","Community-Flavor-Pack","CFP","2220098919","66558","https://catalogue.smods.ru/archives/66558","Community Flavor Pack","27","False","11 May, 2023 at 18:47 UTC","2023-05-11 18:47","True","https://modsbase.com/j358tb33axk8/2220098919_Community_Flavor_Pack.zip.html","2026","554413e37aa994e1dd78a1932f3345c41d11793b98c47fa4ec14247d8e24db7f","False"
"2220098919|28","Community-Flavor-Pack","CFP","2220098919","66558","https://catalogue.smods.ru/archives/66558","Community Flavor Pack","28","False","4 Apr, 2023 at 20:29 UTC","2023-04-04 20:29","True","https://modsbase.com/ll87k8m0ubzx/2220098919_Community_Flavor_Pack.zip.html","2026","554413e37aa994e1dd78a1932f3345c41d11793b98c47fa4ec14247d8e24db7f","False"
"2220098919|29","Community-Flavor-Pack","CFP","2220098919","66558","https://catalogue.smods.ru/archives/66558","Community Flavor Pack","29","False","4 Mar, 2023 at 15:59 UTC","2023-03-04 15:59","True","https://modsbase.com/y2yrq544ck0h/2220098919_Community_Flavor_Pack.zip.html","2026","554413e37aa994e1dd78a1932f3345c41d11793b98c47fa4ec14247d8e24db7f","False"
"2220098919|30","Community-Flavor-Pack","CFP","2220098919","66558","https://catalogue.smods.ru/archives/66558","Community Flavor Pack","30","False","1 Dec, 2022 at 19:47 UTC","2022-12-01 19:47","True","https://modsbase.com/7gxtw6nlvf1s/2220098919_Community_Flavor_Pack.zip.html","2026","554413e37aa994e1dd78a1932f3345c41d11793b98c47fa4ec14247d8e24db7f","False"
"2220098919|31","Community-Flavor-Pack","CFP","2220098919","66558","https://catalogue.smods.ru/archives/66558","Community Flavor Pack","31","False","20 Nov, 2022 at 10:36 UTC","2022-11-20 10:36","True","https://modsbase.com/2wmfdy6u059k/2220098919_Community_Flavor_Pack.zip.html","2026","554413e37aa994e1dd78a1932f3345c41d11793b98c47fa4ec14247d8e24db7f","False"
"2220098919|32","Community-Flavor-Pack","CFP","2220098919","66558","https://catalogue.smods.ru/archives/66558","Community Flavor Pack","32","False","1 Nov, 2022 at 14:22 UTC","2022-11-01 14:22","True","https://modsbase.com/w9brr2fxzeta/2220098919_Community_Flavor_Pack.zip.html","2026","554413e37aa994e1dd78a1932f3345c41d11793b98c47fa4ec14247d8e24db7f","False"
"2220098919|33","Community-Flavor-Pack","CFP","2220098919","66558","https://catalogue.smods.ru/archives/66558","Community Flavor Pack","33","False","8 Sep, 2022 at 19:19 UTC","2022-09-08 19:19","True","https://modsbase.com/k587vxj3hhrj/2220098919_Community_Flavor_Pack.zip.html","2026","554413e37aa994e1dd78a1932f3345c41d11793b98c47fa4ec14247d8e24db7f","False"
"2220098919|34","Community-Flavor-Pack","CFP","2220098919","66558","https://catalogue.smods.ru/archives/66558","Community Flavor Pack","34","False","3 Aug, 2022 at 08:23 UTC","2022-08-03 08:23","True","https://modsbase.com/37ysuz6k8pf0/2220098919_Community_Flavor_Pack.zip.html","2026","554413e37aa994e1dd78a1932f3345c41d11793b98c47fa4ec14247d8e24db7f","False"
"2220098919|35","Community-Flavor-Pack","CFP","2220098919","66558","https://catalogue.smods.ru/archives/66558","Community Flavor Pack","35","False","21 Jun, 2022 at 14:04 UTC","2022-06-21 14:04","True","https://modsbase.com/ose44lp1y44b/2220098919_Community_Flavor_Pack.zip.html","2026","554413e37aa994e1dd78a1932f3345c41d11793b98c47fa4ec14247d8e24db7f","False"
"2220098919|36","Community-Flavor-Pack","CFP","2220098919","66558","https://catalogue.smods.ru/archives/66558","Community Flavor Pack","36","False","7 Jun, 2022 at 10:11 UTC","2022-06-07 10:11","True","https://modsbase.com/7brdh0803bz0/2220098919_Community_Flavor_Pack.zip.html","2026","554413e37aa994e1dd78a1932f3345c41d11793b98c47fa4ec14247d8e24db7f","False"
"2220098919|37","Community-Flavor-Pack","CFP","2220098919","66558","https://catalogue.smods.ru/archives/66558","Community Flavor Pack","37","False","1 Jun, 2022 at 17:21 UTC","2022-06-01 17:21","True","https://modsbase.com/6n3wpd3upger/2220098919_Community_Flavor_Pack.zip.html","2026","554413e37aa994e1dd78a1932f3345c41d11793b98c47fa4ec14247d8e24db7f","False"
"2220098919|38","Community-Flavor-Pack","CFP","2220098919","66558","https://catalogue.smods.ru/archives/66558","Community Flavor Pack","38","False","31 May, 2022 at 16:32 UTC","2022-05-31 16:32","True","https://modsbase.com/lm5ecx0usaxq/2220098919_Community_Flavor_Pack.zip.html","2026","554413e37aa994e1dd78a1932f3345c41d11793b98c47fa4ec14247d8e24db7f","False"
"2220098919|39","Community-Flavor-Pack","CFP","2220098919","66558","https://catalogue.smods.ru/archives/66558","Community Flavor Pack","39","False","16 May, 2022 at 13:07 UTC","2022-05-16 13:07","True","https://modsbase.com/qq73xoephwcs/2220098919_Community_Flavor_Pack.zip.html","2026","554413e37aa994e1dd78a1932f3345c41d11793b98c47fa4ec14247d8e24db7f","False"
"2220098919|40","Community-Flavor-Pack","CFP","2220098919","66558","https://catalogue.smods.ru/archives/66558","Community Flavor Pack","40","False","28 Apr, 2022 at 10:52 UTC","2022-04-28 10:52","True","https://modsbase.com/4njj2pzbhocw/2220098919_Community_Flavor_Pack.zip.html","2026","554413e37aa994e1dd78a1932f3345c41d11793b98c47fa4ec14247d8e24db7f","False"
"2220098919|41","Community-Flavor-Pack","CFP","2220098919","66558","https://catalogue.smods.ru/archives/66558","Community Flavor Pack","41","False","17 Apr, 2022 at 10:50 UTC","2022-04-17 10:50","True","https://modsbase.com/xpm4v6bd0xy5/2220098919_Community_Flavor_Pack.zip.html","2026","554413e37aa994e1dd78a1932f3345c41d11793b98c47fa4ec14247d8e24db7f","False"
"2220098919|42","Community-Flavor-Pack","CFP","2220098919","66558","https://catalogue.smods.ru/archives/66558","Community Flavor Pack","42","False","10 Mar, 2022 at 17:53 UTC","2022-03-10 17:53","True","https://modsbase.com/w99551x686hy/2220098919_Community_Flavor_Pack.zip.html","2026","554413e37aa994e1dd78a1932f3345c41d11793b98c47fa4ec14247d8e24db7f","False"
"2220098919|43","Community-Flavor-Pack","CFP","2220098919","66558","https://catalogue.smods.ru/archives/66558","Community Flavor Pack","43","False","7 Mar, 2022 at 16:14 UTC","2022-03-07 16:14","True","https://modsbase.com/bbw0fiwg5eci/2220098919_Community_Flavor_Pack.zip.html","2026","554413e37aa994e1dd78a1932f3345c41d11793b98c47fa4ec14247d8e24db7f","False"
"2220098919|44","Community-Flavor-Pack","CFP","2220098919","66558","https://catalogue.smods.ru/archives/66558","Community Flavor Pack","44","False","22 Feb, 2022 at 17:42 UTC","2022-02-22 17:42","True","https://modsbase.com/c70rh0sil5cv/2220098919_Community_Flavor_Pack.zip.html","2026","554413e37aa994e1dd78a1932f3345c41d11793b98c47fa4ec14247d8e24db7f","False"
"2220098919|45","Community-Flavor-Pack","CFP","2220098919","66558","https://catalogue.smods.ru/archives/66558","Community Flavor Pack","45","False","19 Feb, 2022 at 15:35 UTC","2022-02-19 15:35","True","https://modsbase.com/qa7hrswbryh2/2220098919_Community_Flavor_Pack.zip.html","2026","554413e37aa994e1dd78a1932f3345c41d11793b98c47fa4ec14247d8e24db7f","False"
"2220098919|46","Community-Flavor-Pack","CFP","2220098919","66558","https://catalogue.smods.ru/archives/66558","Community Flavor Pack","46","False","13 Feb, 2022 at 09:16 UTC","2022-02-13 09:16","True","https://modsbase.com/ol6bncyd7ip1/2220098919_Community_Flavor_Pack.zip.html","2026","554413e37aa994e1dd78a1932f3345c41d11793b98c47fa4ec14247d8e24db7f","False"
"2220098919|47","Community-Flavor-Pack","CFP","2220098919","66558","https://catalogue.smods.ru/archives/66558","Community Flavor Pack","47","False","10 Feb, 2022 at 10:57 UTC","2022-02-10 10:57","True","https://modsbase.com/03285vsm1ir7/2220098919_Community_Flavor_Pack.zip.html","2026","554413e37aa994e1dd78a1932f3345c41d11793b98c47fa4ec14247d8e24db7f","False"
"2220098919|48","Community-Flavor-Pack","CFP","2220098919","66558","https://catalogue.smods.ru/archives/66558","Community Flavor Pack","48","False","25 Dec, 2021 at 22:32 UTC","2021-12-25 22:32","True","https://modsbase.com/5h2w227fkshr/2220098919_Community_Flavor_Pack.zip.html","2026","554413e37aa994e1dd78a1932f3345c41d11793b98c47fa4ec14247d8e24db7f","False"
"2220098919|49","Community-Flavor-Pack","CFP","2220098919","66558","https://catalogue.smods.ru/archives/66558","Community Flavor Pack","49","False","11 Oct, 2021 at 11:51 UTC","2021-10-11 11:51","True","https://modsbase.com/r7qaa4o895ht/2220098919_Community_Flavor_Pack.zip.html","2026","554413e37aa994e1dd78a1932f3345c41d11793b98c47fa4ec14247d8e24db7f","False"
"2220098919|50","Community-Flavor-Pack","CFP","2220098919","66558","https://catalogue.smods.ru/archives/66558","Community Flavor Pack","50","False","14 Aug, 2021 at 14:41 UTC","2021-08-14 14:41","True","https://modsbase.com/63qn0xrr3fpl/2220098919_Community_Flavor_Pack.zip.html","2026","554413e37aa994e1dd78a1932f3345c41d11793b98c47fa4ec14247d8e24db7f","False"
"2220098919|51","Community-Flavor-Pack","CFP","2220098919","66558","https://catalogue.smods.ru/archives/66558","Community Flavor Pack","51","False","6 Aug, 2021 at 14:51 UTC","2021-08-06 14:51","True","https://modsbase.com/g6g7yrcdh6ed/2220098919_Community_Flavor_Pack.zip.html","2026","554413e37aa994e1dd78a1932f3345c41d11793b98c47fa4ec14247d8e24db7f","False"
"2220098919|52","Community-Flavor-Pack","CFP","2220098919","66558","https://catalogue.smods.ru/archives/66558","Community Flavor Pack","52","False","6 Jul, 2021 at 18:30 UTC","2021-07-06 18:30","True","https://modsbase.com/n3l0inwtbjlw/2220098919_Community_Flavor_Pack.zip.html","2026","554413e37aa994e1dd78a1932f3345c41d11793b98c47fa4ec14247d8e24db7f","False"
"2220098919|53","Community-Flavor-Pack","CFP","2220098919","66558","https://catalogue.smods.ru/archives/66558","Community Flavor Pack","53","False","30 Jun, 2021 at 17:18 UTC","2021-06-30 17:18","True","https://modsbase.com/ibcumi1usmrk/2220098919_Community_Flavor_Pack.zip.html","2026","554413e37aa994e1dd78a1932f3345c41d11793b98c47fa4ec14247d8e24db7f","False"
"2220098919|54","Community-Flavor-Pack","CFP","2220098919","66558","https://catalogue.smods.ru/archives/66558","Community Flavor Pack","54","False","22 Jun, 2021 at 08:03 UTC","2021-06-22 08:03","True","https://modsbase.com/nf48fa1ucca2/2220098919_Community_Flavor_Pack.zip.html","2026","554413e37aa994e1dd78a1932f3345c41d11793b98c47fa4ec14247d8e24db7f","False"
"2220098919|55","Community-Flavor-Pack","CFP","2220098919","66558","https://catalogue.smods.ru/archives/66558","Community Flavor Pack","55","False","8 Jun, 2021 at 13:25 UTC","2021-06-08 13:25","True","https://modsbase.com/1gh8fomtpmvh/2220098919_Community_Flavor_Pack.zip.html","2026","554413e37aa994e1dd78a1932f3345c41d11793b98c47fa4ec14247d8e24db7f","False"
"2220098919|56","Community-Flavor-Pack","CFP","2220098919","66558","https://catalogue.smods.ru/archives/66558","Community Flavor Pack","56","False","28 Apr, 2021 at 17:17 UTC","2021-04-28 17:17","True","https://modsbase.com/3c7yv86ocl95/2220098919_Community_Flavor_Pack.zip.html","2026","554413e37aa994e1dd78a1932f3345c41d11793b98c47fa4ec14247d8e24db7f","False"
"2220098919|57","Community-Flavor-Pack","CFP","2220098919","66558","https://catalogue.smods.ru/archives/66558","Community Flavor Pack","57","False","24 Apr, 2021 at 16:15 UTC","2021-04-24 16:15","True","https://modsbase.com/zdx2a4qn39p6/2220098919_Community_Flavor_Pack.zip.html","2026","554413e37aa994e1dd78a1932f3345c41d11793b98c47fa4ec14247d8e24db7f","False"
"2220098919|58","Community-Flavor-Pack","CFP","2220098919","66558","https://catalogue.smods.ru/archives/66558","Community Flavor Pack","58","False","21 Apr, 2021 at 17:14 UTC","2021-04-21 17:14","True","https://modsbase.com/1lzl6k599mif/2220098919_Community_Flavor_Pack.zip.html","2026","554413e37aa994e1dd78a1932f3345c41d11793b98c47fa4ec14247d8e24db7f","False"
"2220098919|59","Community-Flavor-Pack","CFP","2220098919","66558","https://catalogue.smods.ru/archives/66558","Community Flavor Pack","59","False","4 Apr, 2021 at 17:38 UTC","2021-04-04 17:38","True","https://modsbase.com/le3w0alqz838/2220098919_Community_Flavor_Pack.zip.html","2026","554413e37aa994e1dd78a1932f3345c41d11793b98c47fa4ec14247d8e24db7f","False"
"2220098919|60","Community-Flavor-Pack","CFP","2220098919","66558","https://catalogue.smods.ru/archives/66558","Community Flavor Pack","60","False","28 Mar, 2021 at 22:43 UTC","2021-03-28 22:43","True","https://modsbase.com/v9zcqv1v8z38/2220098919_Community_Flavor_Pack.zip.html","2026","554413e37aa994e1dd78a1932f3345c41d11793b98c47fa4ec14247d8e24db7f","False"
"2220098919|61","Community-Flavor-Pack","CFP","2220098919","66558","https://catalogue.smods.ru/archives/66558","Community Flavor Pack","61","False","23 Mar, 2021 at 12:18 UTC","2021-03-23 12:18","True","https://modsbase.com/f92te04lbea4/2220098919_Community_Flavor_Pack.zip.html","2026","554413e37aa994e1dd78a1932f3345c41d11793b98c47fa4ec14247d8e24db7f","False"
"2220098919|62","Community-Flavor-Pack","CFP","2220098919","66558","https://catalogue.smods.ru/archives/66558","Community Flavor Pack","62","False","20 Mar, 2021 at 16:39 UTC","2021-03-20 16:39","True","https://modsbase.com/w97za2luw8f3/2220098919_Community_Flavor_Pack.zip.html","2026","554413e37aa994e1dd78a1932f3345c41d11793b98c47fa4ec14247d8e24db7f","False"
"2220098919|63","Community-Flavor-Pack","CFP","2220098919","66558","https://catalogue.smods.ru/archives/66558","Community Flavor Pack","63","False","16 Mar, 2021 at 23:23 UTC","2021-03-16 23:23","True","https://modsbase.com/zqijhj5whmxs/2220098919_Community_Flavor_Pack.zip.html","2026","554413e37aa994e1dd78a1932f3345c41d11793b98c47fa4ec14247d8e24db7f","False"
"2220098919|64","Community-Flavor-Pack","CFP","2220098919","66558","https://catalogue.smods.ru/archives/66558","Community Flavor Pack","64","False","27 Feb, 2021 at 18:04 UTC","2021-02-27 18:04","True","https://modsbase.com/bw7zwvvxrb09/2220098919_Community_Flavor_Pack.zip.html","2026","554413e37aa994e1dd78a1932f3345c41d11793b98c47fa4ec14247d8e24db7f","False"
"2220098919|65","Community-Flavor-Pack","CFP","2220098919","66558","https://catalogue.smods.ru/archives/66558","Community Flavor Pack","65","False","23 Feb, 2021 at 13:16 UTC","2021-02-23 13:16","True","https://modsbase.com/hglk4ymk86hz/2220098919_Community_Flavor_Pack.zip.html","2026","554413e37aa994e1dd78a1932f3345c41d11793b98c47fa4ec14247d8e24db7f","False"
"2220098919|66","Community-Flavor-Pack","CFP","2220098919","66558","https://catalogue.smods.ru/archives/66558","Community Flavor Pack","66","False","4 Feb, 2021 at 15:20 UTC","2021-02-04 15:20","True","https://modsbase.com/186bv1doc897/2220098919_Community_Flavor_Pack.zip.html","2026","554413e37aa994e1dd78a1932f3345c41d11793b98c47fa4ec14247d8e24db7f","False"
"2220098919|67","Community-Flavor-Pack","CFP","2220098919","66558","https://catalogue.smods.ru/archives/66558","Community Flavor Pack","67","False","30 Jan, 2021 at 14:07 UTC","2021-01-30 14:07","True","https://modsbase.com/bvioly1s845m/2220098919_Community_Flavor_Pack.zip.html","2026","554413e37aa994e1dd78a1932f3345c41d11793b98c47fa4ec14247d8e24db7f","False"
"2220098919|68","Community-Flavor-Pack","CFP","2220098919","66558","https://catalogue.smods.ru/archives/66558","Community Flavor Pack","68","False","21 Jan, 2021 at 13:45 UTC","2021-01-21 13:45","True","https://modsbase.com/2eml0u4bwkas/2220098919_Community_Flavor_Pack.zip.html","2026","554413e37aa994e1dd78a1932f3345c41d11793b98c47fa4ec14247d8e24db7f","False"
"2220098919|69","Community-Flavor-Pack","CFP","2220098919","66558","https://catalogue.smods.ru/archives/66558","Community Flavor Pack","69","False","15 Jan, 2021 at 17:07 UTC","2021-01-15 17:07","True","https://modsbase.com/m8iq2vv0re59/2220098919_Community_Flavor_Pack.zip.html","2026","554413e37aa994e1dd78a1932f3345c41d11793b98c47fa4ec14247d8e24db7f","False"
"2220098919|70","Community-Flavor-Pack","CFP","2220098919","66558","https://catalogue.smods.ru/archives/66558","Community Flavor Pack","70","False","3 Jan, 2021 at 15:43 UTC","2021-01-03 15:43","True","https://modsbase.com/zgtf2cakt6vx/2220098919_Community_Flavor_Pack.zip.html","2026","554413e37aa994e1dd78a1932f3345c41d11793b98c47fa4ec14247d8e24db7f","False"
"2220098919|71","Community-Flavor-Pack","CFP","2220098919","66558","https://catalogue.smods.ru/archives/66558","Community Flavor Pack","71","False","31 Dec, 2020 at 14:56 UTC","2020-12-31 14:56","True","https://modsbase.com/ox5ldmyjdp7f/2220098919_Community_Flavor_Pack.zip.html","2026","554413e37aa994e1dd78a1932f3345c41d11793b98c47fa4ec14247d8e24db7f","False"
"2220098919|72","Community-Flavor-Pack","CFP","2220098919","66558","https://catalogue.smods.ru/archives/66558","Community Flavor Pack","72","False","18 Dec, 2020 at 09:55 UTC","2020-12-18 09:55","True","https://modsbase.com/py22f7g1auxf/2220098919_Community_Flavor_Pack.zip.html","2026","554413e37aa994e1dd78a1932f3345c41d11793b98c47fa4ec14247d8e24db7f","False"
"2220098919|73","Community-Flavor-Pack","CFP","2220098919","66558","https://catalogue.smods.ru/archives/66558","Community Flavor Pack","73","False","7 Dec, 2020 at 16:56 UTC","2020-12-07 16:56","True","https://modsbase.com/pt893yhgsok5/2220098919_Community_Flavor_Pack.zip.html","2026","554413e37aa994e1dd78a1932f3345c41d11793b98c47fa4ec14247d8e24db7f","False"
"2220098919|74","Community-Flavor-Pack","CFP","2220098919","66558","https://catalogue.smods.ru/archives/66558","Community Flavor Pack","74","False","25 Nov, 2020 at 18:43 UTC","2020-11-25 18:43","True","https://modsbase.com/c24qme3ido18/2220098919_Community_Flavor_Pack.zip.html","2026","554413e37aa994e1dd78a1932f3345c41d11793b98c47fa4ec14247d8e24db7f","False"
"2220098919|75","Community-Flavor-Pack","CFP","2220098919","66558","https://catalogue.smods.ru/archives/66558","Community Flavor Pack","75","False","24 Nov, 2020 at 13:21 UTC","2020-11-24 13:21","True","https://modsbase.com/awuejcpdmao6/2220098919_Community_Flavor_Pack.zip.html","2026","554413e37aa994e1dd78a1932f3345c41d11793b98c47fa4ec14247d8e24db7f","False"
"2220098919|76","Community-Flavor-Pack","CFP","2220098919","66558","https://catalogue.smods.ru/archives/66558","Community Flavor Pack","76","False","16 Nov, 2020 at 12:29 UTC","2020-11-16 12:29","True","https://modsbase.com/5giryhuxr5qm/2220098919_Community_Flavor_Pack.zip.html","2026","554413e37aa994e1dd78a1932f3345c41d11793b98c47fa4ec14247d8e24db7f","False"
"2220098919|77","Community-Flavor-Pack","CFP","2220098919","66558","https://catalogue.smods.ru/archives/66558","Community Flavor Pack","77","False","12 Nov, 2020 at 14:56 UTC","2020-11-12 14:56","True","https://modsbase.com/f9gsma9gjhxx/2220098919_Community_Flavor_Pack.zip.html","2026","554413e37aa994e1dd78a1932f3345c41d11793b98c47fa4ec14247d8e24db7f","False"
"2220098919|78","Community-Flavor-Pack","CFP","2220098919","66558","https://catalogue.smods.ru/archives/66558","Community Flavor Pack","78","False","29 Oct, 2020 at 19:11 UTC","2020-10-29 19:11","True","https://modsbase.com/69p95c46cpxq/2220098919_Community_Flavor_Pack.zip.html","2026","554413e37aa994e1dd78a1932f3345c41d11793b98c47fa4ec14247d8e24db7f","False"
"2220098919|79","Community-Flavor-Pack","CFP","2220098919","66558","https://catalogue.smods.ru/archives/66558","Community Flavor Pack","79","False","17 Oct, 2020 at 13:01 UTC","2020-10-17 13:01","True","https://modsbase.com/u3mejei23zcy/2220098919_Community_Flavor_Pack.zip.html","2026","554413e37aa994e1dd78a1932f3345c41d11793b98c47fa4ec14247d8e24db7f","False"
"2220098919|80","Community-Flavor-Pack","CFP","2220098919","66558","https://catalogue.smods.ru/archives/66558","Community Flavor Pack","80","False","14 Oct, 2020 at 14:30 UTC","2020-10-14 14:30","True","https://modsbase.com/s7i4kpehsso0/2220098919_Community_Flavor_Pack.zip.html","2026","554413e37aa994e1dd78a1932f3345c41d11793b98c47fa4ec14247d8e24db7f","False"
"2220098919|81","Community-Flavor-Pack","CFP","2220098919","66558","https://catalogue.smods.ru/archives/66558","Community Flavor Pack","81","False","10 Oct, 2020 at 10:37 UTC","2020-10-10 10:37","True","https://modsbase.com/3rehmthpp0xt/2220098919_Community_Flavor_Pack.zip.html","2026","554413e37aa994e1dd78a1932f3345c41d11793b98c47fa4ec14247d8e24db7f","False"
"2220098919|82","Community-Flavor-Pack","CFP","2220098919","66558","https://catalogue.smods.ru/archives/66558","Community Flavor Pack","82","False","4 Oct, 2020 at 14:03 UTC","2020-10-04 14:03","True","https://modsbase.com/src01may2fxs/2220098919_Community_Flavor_Pack.zip.html","2026","554413e37aa994e1dd78a1932f3345c41d11793b98c47fa4ec14247d8e24db7f","False"
"2220098919|83","Community-Flavor-Pack","CFP","2220098919","66558","https://catalogue.smods.ru/archives/66558","Community Flavor Pack","83","False","1 Oct, 2020 at 23:15 UTC","2020-10-01 23:15","True","https://modsbase.com/ahn5w0p6jcuf/2220098919_Community_Flavor_Pack.zip.html","2026","554413e37aa994e1dd78a1932f3345c41d11793b98c47fa4ec14247d8e24db7f","False"
"2220098919|84","Community-Flavor-Pack","CFP","2220098919","66558","https://catalogue.smods.ru/archives/66558","Community Flavor Pack","84","False","29 Sep, 2020 at 18:46 UTC","2020-09-29 18:46","True","https://modsbase.com/f8boi7e8aa3x/2220098919_Community_Flavor_Pack.zip.html","2026","554413e37aa994e1dd78a1932f3345c41d11793b98c47fa4ec14247d8e24db7f","False"
"2220098919|85","Community-Flavor-Pack","CFP","2220098919","66558","https://catalogue.smods.ru/archives/66558","Community Flavor Pack","85","False","27 Sep, 2020 at 19:11 UTC","2020-09-27 19:11","True","https://modsbase.com/7c0rnp5xjjfl/2220098919_Community_Flavor_Pack.zip.html","2026","554413e37aa994e1dd78a1932f3345c41d11793b98c47fa4ec14247d8e24db7f","False"
"2220098919|86","Community-Flavor-Pack","CFP","2220098919","66558","https://catalogue.smods.ru/archives/66558","Community Flavor Pack","86","False","21 Sep, 2020 at 20:09 UTC","2020-09-21 20:09","True","https://modsbase.com/w99oyihxar5c/2220098919_Community_Flavor_Pack.zip.html","2026","554413e37aa994e1dd78a1932f3345c41d11793b98c47fa4ec14247d8e24db7f","False"
"2220098919|87","Community-Flavor-Pack","CFP","2220098919","66558","https://catalogue.smods.ru/archives/66558","Community Flavor Pack","87","False","17 Sep, 2020 at 09:44 UTC","2020-09-17 09:44","True","https://modsbase.com/qqiohodow9im/2220098919_Community_Flavor_Pack.zip.html","2026","554413e37aa994e1dd78a1932f3345c41d11793b98c47fa4ec14247d8e24db7f","False"
"2220098919|88","Community-Flavor-Pack","CFP","2220098919","66558","https://catalogue.smods.ru/archives/66558","Community Flavor Pack","88","False","14 Sep, 2020 at 07:39 UTC","2020-09-14 07:39","True","https://modsbase.com/lhc7zhwggi58/2220098919_Community_Flavor_Pack.zip.html","2026","554413e37aa994e1dd78a1932f3345c41d11793b98c47fa4ec14247d8e24db7f","False"
"2220098919|89","Community-Flavor-Pack","CFP","2220098919","66558","https://catalogue.smods.ru/archives/66558","Community Flavor Pack","89","False","13 Sep, 2020 at 15:26 UTC","2020-09-13 15:26","True","https://modsbase.com/xq77r5sqrcta/2220098919_Community_Flavor_Pack.zip.html","2026","554413e37aa994e1dd78a1932f3345c41d11793b98c47fa4ec14247d8e24db7f","False"
"2220098919|90","Community-Flavor-Pack","CFP","2220098919","66558","https://catalogue.smods.ru/archives/66558","Community Flavor Pack","90","False","10 Sep, 2020 at 16:37 UTC","2020-09-10 16:37","True","https://modsbase.com/ora4mtxe9pmb/2220098919_Community_Flavor_Pack.zip.html","2026","554413e37aa994e1dd78a1932f3345c41d11793b98c47fa4ec14247d8e24db7f","False"
"2220098919|91","Community-Flavor-Pack","CFP","2220098919","66558","https://catalogue.smods.ru/archives/66558","Community Flavor Pack","91","False","8 Sep, 2020 at 19:39 UTC","2020-09-08 19:39","True","https://modsbase.com/167bzaeiiz93/2220098919_Community_Flavor_Pack.zip.html","2026","554413e37aa994e1dd78a1932f3345c41d11793b98c47fa4ec14247d8e24db7f","False"
"2220098919|92","Community-Flavor-Pack","CFP","2220098919","66558","https://catalogue.smods.ru/archives/66558","Community Flavor Pack","92","False","6 Sep, 2020 at 10:41 UTC","2020-09-06 10:41","True","https://modsbase.com/1wxb0bgfyzzk/2220098919_Community_Flavor_Pack.zip.html","2026","554413e37aa994e1dd78a1932f3345c41d11793b98c47fa4ec14247d8e24db7f","False"
"3206891770|1","Culture-and-Faith-Granularity","CFG","3206891770","251333","https://catalogue.smods.ru/archives/251333","[Kei] Culture and Faith Granularity","1","True","20 Apr at 22:37 UTC","2026-04-20 22:37","True","https://modsbase.com/1ulz7ynz723x/3206891770__Kei__Culture_and_Faith_Granularity.zip.html","2026","472a5bad1cac70219572b1104321d3257f8072bb4b5025157fcd3481a5e18718","False"
"3206891770|2","Culture-and-Faith-Granularity","CFG","3206891770","251333","https://catalogue.smods.ru/archives/251333","[Kei] Culture and Faith Granularity","2","False","14 Nov, 2025 at 19:43 UTC","2025-11-14 19:43","True","https://modsbase.com/27ckb5ypg3ls/3206891770__Kei__Culture_and_Faith_Granularity.zip.html","2026","472a5bad1cac70219572b1104321d3257f8072bb4b5025157fcd3481a5e18718","False"
"3206891770|3","Culture-and-Faith-Granularity","CFG","3206891770","251333","https://catalogue.smods.ru/archives/251333","[Kei] Culture and Faith Granularity","3","False","10 Sep, 2025 at 10:09 UTC","2025-09-10 10:09","True","https://modsbase.com/0rtsjyigzers/3206891770__Kei__Culture_and_Faith_Granularity.zip.html","2026","472a5bad1cac70219572b1104321d3257f8072bb4b5025157fcd3481a5e18718","False"
"3206891770|4","Culture-and-Faith-Granularity","CFG","3206891770","251333","https://catalogue.smods.ru/archives/251333","[Kei] Culture and Faith Granularity","4","False","4 Aug, 2025 at 16:28 UTC","2025-08-04 16:28","True","https://modsbase.com/44o53gp4e14h/3206891770__Kei__Culture_and_Faith_Granularity_-_2.2.2___40_CK_1.16.___41_.zip.html","2026","472a5bad1cac70219572b1104321d3257f8072bb4b5025157fcd3481a5e18718","False"
"3206891770|5","Culture-and-Faith-Granularity","CFG","3206891770","251333","https://catalogue.smods.ru/archives/251333","[Kei] Culture and Faith Granularity","5","False","16 May, 2025 at 00:57 UTC","2025-05-16 00:57","True","https://modsbase.com/mhitk23ev0l4/3206891770__Kei__Culture_and_Faith_Granularity_-_2.2.1___40_CK_1.16.___41_.zip.html","2026","472a5bad1cac70219572b1104321d3257f8072bb4b5025157fcd3481a5e18718","False"
"3206891770|6","Culture-and-Faith-Granularity","CFG","3206891770","251333","https://catalogue.smods.ru/archives/251333","[Kei] Culture and Faith Granularity","6","False","8 May, 2025 at 21:19 UTC","2025-05-08 21:19","True","https://modsbase.com/t5wj1ni4obji/3206891770__Kei__Culture_and_Faith_Granularity_-_2.2.0___40_CK_1.16.___41_.zip.html","2026","472a5bad1cac70219572b1104321d3257f8072bb4b5025157fcd3481a5e18718","False"
"3206891770|7","Culture-and-Faith-Granularity","CFG","3206891770","251333","https://catalogue.smods.ru/archives/251333","[Kei] Culture and Faith Granularity","7","False","22 Mar, 2025 at 10:13 UTC","2025-03-22 10:13","True","https://modsbase.com/n3gkmq6m75cy/3206891770__Kei__Culture_and_Faith_Granularity_-_2.1.1___40_CK_1.15.___41_.zip.html","2026","472a5bad1cac70219572b1104321d3257f8072bb4b5025157fcd3481a5e18718","False"
"3206891770|8","Culture-and-Faith-Granularity","CFG","3206891770","251333","https://catalogue.smods.ru/archives/251333","[Kei] Culture and Faith Granularity","8","False","3 Dec, 2024 at 14:27 UTC","2024-12-03 14:27","True","https://modsbase.com/9xyl7l9427fi/3206891770__Kei__Culture_and_Faith_Granularity_-_2.1.0___40_CK_1.14.___41_.zip.html","2026","472a5bad1cac70219572b1104321d3257f8072bb4b5025157fcd3481a5e18718","False"
"3206891770|9","Culture-and-Faith-Granularity","CFG","3206891770","251333","https://catalogue.smods.ru/archives/251333","[Kei] Culture and Faith Granularity","9","False","11 Nov, 2024 at 12:43 UTC","2024-11-11 12:43","True","https://modsbase.com/dku5jlryin6r/3206891770__Kei__Culture_and_Faith_Granularity_-_2.0.2___40_CK_1.14.___41_.zip.html","2026","472a5bad1cac70219572b1104321d3257f8072bb4b5025157fcd3481a5e18718","False"
"3206891770|10","Culture-and-Faith-Granularity","CFG","3206891770","251333","https://catalogue.smods.ru/archives/251333","[Kei] Culture and Faith Granularity","10","False","6 Nov, 2024 at 00:18 UTC","2024-11-06 00:18","True","https://modsbase.com/52evtyt2ohyr/3206891770__Kei__Culture_and_Faith_Granularity_-_2.0.1___40_CK_1.14.___41_.zip.html","2026","472a5bad1cac70219572b1104321d3257f8072bb4b5025157fcd3481a5e18718","False"
"3206891770|11","Culture-and-Faith-Granularity","CFG","3206891770","251333","https://catalogue.smods.ru/archives/251333","[Kei] Culture and Faith Granularity","11","False","9 Oct, 2024 at 18:28 UTC","2024-10-09 18:28","True","https://modsbase.com/1gafdql4u6rd/3206891770__Kei__Culture_and_Faith_Granularity_-_1.4.0___40_CK_1.13.___41_.zip.html","2026","472a5bad1cac70219572b1104321d3257f8072bb4b5025157fcd3481a5e18718","False"
"3206891770|12","Culture-and-Faith-Granularity","CFG","3206891770","251333","https://catalogue.smods.ru/archives/251333","[Kei] Culture and Faith Granularity","12","False","2 Oct, 2024 at 10:10 UTC","2024-10-02 10:10","True","https://modsbase.com/7h0m7pfmsb31/3206891770__Kei__Culture_and_Faith_Granularity_-_1.3.1___40_CK_1.13.___41_.zip.html","2026","472a5bad1cac70219572b1104321d3257f8072bb4b5025157fcd3481a5e18718","False"
"3206891770|13","Culture-and-Faith-Granularity","CFG","3206891770","251333","https://catalogue.smods.ru/archives/251333","[Kei] Culture and Faith Granularity","13","False","26 Sep, 2024 at 09:55 UTC","2024-09-26 09:55","True","https://modsbase.com/0io8kkj86y0l/3206891770__Kei__Culture_and_Faith_Granularity_-_1.3.0___40_CK_1.13.___41_.zip.html","2026","472a5bad1cac70219572b1104321d3257f8072bb4b5025157fcd3481a5e18718","False"
"3206891770|14","Culture-and-Faith-Granularity","CFG","3206891770","251333","https://catalogue.smods.ru/archives/251333","[Kei] Culture and Faith Granularity","14","False","23 Sep, 2024 at 16:53 UTC","2024-09-23 16:53","True","https://modsbase.com/ocwtlenevwvq/3206891770__Kei__Culture_and_Faith_Granularity_-_1.2.4___40_CK_1.12.___41_.zip.html","2026","472a5bad1cac70219572b1104321d3257f8072bb4b5025157fcd3481a5e18718","False"
"3206891770|15","Culture-and-Faith-Granularity","CFG","3206891770","251333","https://catalogue.smods.ru/archives/251333","[Kei] Culture and Faith Granularity","15","False","20 May, 2024 at 12:17 UTC","2024-05-20 12:17","True","https://modsbase.com/3dd2sjtxhlkg/3206891770__Kei__Culture_and_Faith_Granularity_-_1.2.4___40_CK_1.12.___41_.zip.html","2026","472a5bad1cac70219572b1104321d3257f8072bb4b5025157fcd3481a5e18718","False"
"3206891770|16","Culture-and-Faith-Granularity","CFG","3206891770","251333","https://catalogue.smods.ru/archives/251333","[Kei] Culture and Faith Granularity","16","False","8 May, 2024 at 08:57 UTC","2024-05-08 08:57","True","https://modsbase.com/c9160d7wcvme/3206891770__Kei__Culture_and_Faith_Granularity_-_1.2.3___40_CK_1.12.___41_.zip.html","2026","472a5bad1cac70219572b1104321d3257f8072bb4b5025157fcd3481a5e18718","False"
"3206891770|17","Culture-and-Faith-Granularity","CFG","3206891770","251333","https://catalogue.smods.ru/archives/251333","[Kei] Culture and Faith Granularity","17","False","11 Apr, 2024 at 19:56 UTC","2024-04-11 19:56","True","https://modsbase.com/4kc5e0357fgy/3206891770__Kei__Culture_and_Faith_Granularity_-_1.1.0___40_CK_1.12.___41_.zip.html","2026","472a5bad1cac70219572b1104321d3257f8072bb4b5025157fcd3481a5e18718","False"
"3206891770|18","Culture-and-Faith-Granularity","CFG","3206891770","251333","https://catalogue.smods.ru/archives/251333","[Kei] Culture and Faith Granularity","18","False","4 Apr, 2024 at 14:45 UTC","2024-04-04 14:45","True","https://modsbase.com/vfpafml9hqvb/3206891770__Kei__Culture_and_Faith_Granularity_-_1.0.3___40_CK_1.12.___41_.zip.html","2026","472a5bad1cac70219572b1104321d3257f8072bb4b5025157fcd3481a5e18718","False"
"3206891770|19","Culture-and-Faith-Granularity","CFG","3206891770","251333","https://catalogue.smods.ru/archives/251333","[Kei] Culture and Faith Granularity","19","False","30 Mar, 2024 at 20:58 UTC","2024-03-30 20:58","True","https://modsbase.com/5pu58fpwhuee/3206891770__Kei__Culture_and_Faith_Granularity_-_1.0.2___40_CK_1.12.___41_.zip.html","2026","472a5bad1cac70219572b1104321d3257f8072bb4b5025157fcd3481a5e18718","False"
"2829397295|1","Culture-Expanded","CE","2829397295","102619","https://catalogue.smods.ru/archives/102619","Culture Expanded","1","True","25 May at 15:54 UTC","2026-05-25 15:54","True","https://modsbase.com/r8tz6jvppldn/2829397295_Culture_Expanded.zip.html","2026","546b29317728768d0f9d690437afbea3567a502de7b39e58546a9102a16cc9c5","False"
"2829397295|2","Culture-Expanded","CE","2829397295","102619","https://catalogue.smods.ru/archives/102619","Culture Expanded","2","False","10 May at 05:30 UTC","2026-05-10 05:30","True","https://modsbase.com/fq40mr4kpv24/2829397295_Culture_Expanded.zip.html","2026","546b29317728768d0f9d690437afbea3567a502de7b39e58546a9102a16cc9c5","False"
"2829397295|3","Culture-Expanded","CE","2829397295","102619","https://catalogue.smods.ru/archives/102619","Culture Expanded","3","False","26 Apr at 18:08 UTC","2026-04-26 18:08","True","https://modsbase.com/uw211c5pdxon/2829397295_Culture_Expanded.zip.html","2026","546b29317728768d0f9d690437afbea3567a502de7b39e58546a9102a16cc9c5","False"
"2829397295|4","Culture-Expanded","CE","2829397295","102619","https://catalogue.smods.ru/archives/102619","Culture Expanded","4","False","19 Mar at 02:50 UTC","2026-03-19 02:50","True","https://modsbase.com/qwu0h753b2w2/2829397295_Culture_Expanded.zip.html","2026","546b29317728768d0f9d690437afbea3567a502de7b39e58546a9102a16cc9c5","False"
"2829397295|5","Culture-Expanded","CE","2829397295","102619","https://catalogue.smods.ru/archives/102619","Culture Expanded","5","False","13 Feb at 02:55 UTC","2026-02-13 02:55","True","https://modsbase.com/cqwhfi002w8a/2829397295_Culture_Expanded.zip.html","2026","546b29317728768d0f9d690437afbea3567a502de7b39e58546a9102a16cc9c5","False"
"2829397295|6","Culture-Expanded","CE","2829397295","102619","https://catalogue.smods.ru/archives/102619","Culture Expanded","6","False","16 Dec, 2025 at 06:32 UTC","2025-12-16 06:32","True","https://modsbase.com/1sv861c3hlld/2829397295_Culture_Expanded.zip.html","2026","546b29317728768d0f9d690437afbea3567a502de7b39e58546a9102a16cc9c5","False"
"2829397295|7","Culture-Expanded","CE","2829397295","102619","https://catalogue.smods.ru/archives/102619","Culture Expanded","7","False","9 Jun, 2025 at 05:41 UTC","2025-06-09 05:41","True","https://modsbase.com/uh0tnqn0ikr3/2829397295_Culture_Expanded.zip.html","2026","546b29317728768d0f9d690437afbea3567a502de7b39e58546a9102a16cc9c5","False"
"2829397295|8","Culture-Expanded","CE","2829397295","102619","https://catalogue.smods.ru/archives/102619","Culture Expanded","8","False","5 Jun, 2025 at 03:09 UTC","2025-06-05 03:09","True","https://modsbase.com/pl9tbqa8d3y5/2829397295_Culture_Expanded.zip.html","2026","546b29317728768d0f9d690437afbea3567a502de7b39e58546a9102a16cc9c5","False"
"2829397295|9","Culture-Expanded","CE","2829397295","102619","https://catalogue.smods.ru/archives/102619","Culture Expanded","9","False","1 Jun, 2025 at 22:59 UTC","2025-06-01 22:59","True","https://modsbase.com/64uxxkx0dehc/2829397295_Culture_Expanded.zip.html","2026","546b29317728768d0f9d690437afbea3567a502de7b39e58546a9102a16cc9c5","False"
"2829397295|10","Culture-Expanded","CE","2829397295","102619","https://catalogue.smods.ru/archives/102619","Culture Expanded","10","False","24 May, 2025 at 00:32 UTC","2025-05-24 00:32","True","https://modsbase.com/0rujp3r9i41h/2829397295_Culture_Expanded.zip.html","2026","546b29317728768d0f9d690437afbea3567a502de7b39e58546a9102a16cc9c5","False"
"2829397295|11","Culture-Expanded","CE","2829397295","102619","https://catalogue.smods.ru/archives/102619","Culture Expanded","11","False","18 May, 2025 at 18:55 UTC","2025-05-18 18:55","True","https://modsbase.com/44kigdi7byfb/2829397295_Culture_Expanded.zip.html","2026","546b29317728768d0f9d690437afbea3567a502de7b39e58546a9102a16cc9c5","False"
"2829397295|12","Culture-Expanded","CE","2829397295","102619","https://catalogue.smods.ru/archives/102619","Culture Expanded","12","False","13 Apr, 2025 at 16:18 UTC","2025-04-13 16:18","True","https://modsbase.com/n3eg7ls75taf/2829397295_Culture_Expanded.zip.html","2026","546b29317728768d0f9d690437afbea3567a502de7b39e58546a9102a16cc9c5","False"
"2829397295|13","Culture-Expanded","CE","2829397295","102619","https://catalogue.smods.ru/archives/102619","Culture Expanded","13","False","15 Mar, 2025 at 20:12 UTC","2025-03-15 20:12","True","https://modsbase.com/l8bq76r3yo5n/2829397295_Culture_Expanded.zip.html","2026","546b29317728768d0f9d690437afbea3567a502de7b39e58546a9102a16cc9c5","False"
"2829397295|14","Culture-Expanded","CE","2829397295","102619","https://catalogue.smods.ru/archives/102619","Culture Expanded","14","False","27 Feb, 2025 at 02:39 UTC","2025-02-27 02:39","True","https://modsbase.com/6kzqlvculo45/2829397295_Culture_Expanded.zip.html","2026","546b29317728768d0f9d690437afbea3567a502de7b39e58546a9102a16cc9c5","False"
"2829397295|15","Culture-Expanded","CE","2829397295","102619","https://catalogue.smods.ru/archives/102619","Culture Expanded","15","False","19 Feb, 2025 at 19:47 UTC","2025-02-19 19:47","True","https://modsbase.com/tbihz3jlgtc6/2829397295_Culture_Expanded.zip.html","2026","546b29317728768d0f9d690437afbea3567a502de7b39e58546a9102a16cc9c5","False"
"2829397295|16","Culture-Expanded","CE","2829397295","102619","https://catalogue.smods.ru/archives/102619","Culture Expanded","16","False","16 Feb, 2025 at 05:54 UTC","2025-02-16 05:54","True","https://modsbase.com/joezaytv94py/2829397295_Culture_Expanded.zip.html","2026","546b29317728768d0f9d690437afbea3567a502de7b39e58546a9102a16cc9c5","False"
"2829397295|17","Culture-Expanded","CE","2829397295","102619","https://catalogue.smods.ru/archives/102619","Culture Expanded","17","False","9 May, 2024 at 03:14 UTC","2024-05-09 03:14","True","https://modsbase.com/mqyribnqsg4j/2829397295_Culture_Expanded.zip.html","2026","546b29317728768d0f9d690437afbea3567a502de7b39e58546a9102a16cc9c5","False"
"2829397295|18","Culture-Expanded","CE","2829397295","102619","https://catalogue.smods.ru/archives/102619","Culture Expanded","18","False","13 Apr, 2024 at 04:20 UTC","2024-04-13 04:20","True","https://modsbase.com/9jsi28p1oxim/2829397295_Culture_Expanded.zip.html","2026","546b29317728768d0f9d690437afbea3567a502de7b39e58546a9102a16cc9c5","False"
"2829397295|19","Culture-Expanded","CE","2829397295","102619","https://catalogue.smods.ru/archives/102619","Culture Expanded","19","False","23 Mar, 2024 at 04:03 UTC","2024-03-23 04:03","True","https://modsbase.com/nqrov9zqtjr5/2829397295_Culture_Expanded.zip.html","2026","546b29317728768d0f9d690437afbea3567a502de7b39e58546a9102a16cc9c5","False"
"2829397295|20","Culture-Expanded","CE","2829397295","102619","https://catalogue.smods.ru/archives/102619","Culture Expanded","20","False","11 Mar, 2024 at 03:00 UTC","2024-03-11 03:00","True","https://modsbase.com/vjp557ox5a2h/2829397295_Culture_Expanded.zip.html","2026","546b29317728768d0f9d690437afbea3567a502de7b39e58546a9102a16cc9c5","False"
"2829397295|21","Culture-Expanded","CE","2829397295","102619","https://catalogue.smods.ru/archives/102619","Culture Expanded","21","False","19 Dec, 2023 at 21:57 UTC","2023-12-19 21:57","True","https://modsbase.com/k5r7wz23rvef/2829397295_Culture_Expanded.zip.html","2026","546b29317728768d0f9d690437afbea3567a502de7b39e58546a9102a16cc9c5","False"
"2829397295|22","Culture-Expanded","CE","2829397295","102619","https://catalogue.smods.ru/archives/102619","Culture Expanded","22","False","3 Dec, 2023 at 01:54 UTC","2023-12-03 01:54","True","https://modsbase.com/r92qki0mets0/2829397295_Culture_Expanded_-_Peacock.zip.html","2026","546b29317728768d0f9d690437afbea3567a502de7b39e58546a9102a16cc9c5","False"
"2829397295|23","Culture-Expanded","CE","2829397295","102619","https://catalogue.smods.ru/archives/102619","Culture Expanded","23","False","21 Nov, 2023 at 03:19 UTC","2023-11-21 03:19","True","https://modsbase.com/jx8lluad0yt2/2829397295_Culture_Expanded_-_Peacock.zip.html","2026","546b29317728768d0f9d690437afbea3567a502de7b39e58546a9102a16cc9c5","False"
"2829397295|24","Culture-Expanded","CE","2829397295","102619","https://catalogue.smods.ru/archives/102619","Culture Expanded","24","False","19 Nov, 2023 at 19:08 UTC","2023-11-19 19:08","True","https://modsbase.com/y9b3ra73to2x/2829397295_Culture_Expanded_-_Peacock.zip.html","2026","546b29317728768d0f9d690437afbea3567a502de7b39e58546a9102a16cc9c5","False"
"2829397295|25","Culture-Expanded","CE","2829397295","102619","https://catalogue.smods.ru/archives/102619","Culture Expanded","25","False","2 Oct, 2023 at 00:34 UTC","2023-10-02 00:34","True","https://modsbase.com/87oggjr8ckg3/2829397295_Culture_Expanded_-_Quill.zip.html","2026","546b29317728768d0f9d690437afbea3567a502de7b39e58546a9102a16cc9c5","False"
"2829397295|26","Culture-Expanded","CE","2829397295","102619","https://catalogue.smods.ru/archives/102619","Culture Expanded","26","False","25 Sep, 2023 at 03:34 UTC","2023-09-25 03:34","True","https://modsbase.com/3rrogk15ywkf/2829397295_Culture_Expanded_-_Quill.zip.html","2026","546b29317728768d0f9d690437afbea3567a502de7b39e58546a9102a16cc9c5","False"
"2829397295|27","Culture-Expanded","CE","2829397295","102619","https://catalogue.smods.ru/archives/102619","Culture Expanded","27","False","25 Jun, 2023 at 19:04 UTC","2023-06-25 19:04","True","https://modsbase.com/4kabgj7gpcud/2829397295_Culture_Expanded.zip.html","2026","546b29317728768d0f9d690437afbea3567a502de7b39e58546a9102a16cc9c5","False"
"2829397295|28","Culture-Expanded","CE","2829397295","102619","https://catalogue.smods.ru/archives/102619","Culture Expanded","28","False","18 Jun, 2023 at 17:24 UTC","2023-06-18 17:24","True","https://modsbase.com/gy26diqtu6un/2829397295_Culture_Expanded_-_1.9.2_Lance.zip.html","2026","546b29317728768d0f9d690437afbea3567a502de7b39e58546a9102a16cc9c5","False"
"2829397295|29","Culture-Expanded","CE","2829397295","102619","https://catalogue.smods.ru/archives/102619","Culture Expanded","29","False","7 Apr, 2023 at 17:22 UTC","2023-04-07 17:22","True","https://modsbase.com/4ufx3ylhox84/2829397295_Culture_Expanded.zip.html","2026","546b29317728768d0f9d690437afbea3567a502de7b39e58546a9102a16cc9c5","False"
"2829397295|30","Culture-Expanded","CE","2829397295","102619","https://catalogue.smods.ru/archives/102619","Culture Expanded","30","False","22 Jan, 2023 at 02:26 UTC","2023-01-22 02:26","True","https://modsbase.com/d0d0c5bdjpus/2829397295_Culture_Expanded.zip.html","2026","546b29317728768d0f9d690437afbea3567a502de7b39e58546a9102a16cc9c5","False"
"2829397295|31","Culture-Expanded","CE","2829397295","102619","https://catalogue.smods.ru/archives/102619","Culture Expanded","31","False","16 Dec, 2022 at 04:00 UTC","2022-12-16 04:00","True","https://modsbase.com/4swtj9gmc9x1/2829397295_Culture_Expanded.zip.html","2026","546b29317728768d0f9d690437afbea3567a502de7b39e58546a9102a16cc9c5","False"
"2829397295|32","Culture-Expanded","CE","2829397295","102619","https://catalogue.smods.ru/archives/102619","Culture Expanded","32","False","3 Dec, 2022 at 01:38 UTC","2022-12-03 01:38","True","https://modsbase.com/qgp1ijuk8ye7/2829397295_Culture_Expanded.zip.html","2026","546b29317728768d0f9d690437afbea3567a502de7b39e58546a9102a16cc9c5","False"
"2829397295|33","Culture-Expanded","CE","2829397295","102619","https://catalogue.smods.ru/archives/102619","Culture Expanded","33","False","1 Oct, 2022 at 04:44 UTC","2022-10-01 04:44","True","https://modsbase.com/z50lcsfnaoc0/2829397295_Culture_Expanded.zip.html","2026","546b29317728768d0f9d690437afbea3567a502de7b39e58546a9102a16cc9c5","False"
"2829397295|34","Culture-Expanded","CE","2829397295","102619","https://catalogue.smods.ru/archives/102619","Culture Expanded","34","False","1 Oct, 2022 at 03:44 UTC","2022-10-01 03:44","True","https://modsbase.com/3z82elitlvh1/2829397295_Culture_Expanded.zip.html","2026","546b29317728768d0f9d690437afbea3567a502de7b39e58546a9102a16cc9c5","False"
"2829397295|35","Culture-Expanded","CE","2829397295","102619","https://catalogue.smods.ru/archives/102619","Culture Expanded","35","False","16 Sep, 2022 at 00:01 UTC","2022-09-16 00:01","True","https://modsbase.com/daqe5ndsww46/2829397295_Culture_Expanded.zip.html","2026","546b29317728768d0f9d690437afbea3567a502de7b39e58546a9102a16cc9c5","False"
"2829397295|36","Culture-Expanded","CE","2829397295","102619","https://catalogue.smods.ru/archives/102619","Culture Expanded","36","False","11 Sep, 2022 at 17:08 UTC","2022-09-11 17:08","True","https://modsbase.com/d5bmcitz9hyp/2829397295_Culture_Expanded.zip.html","2026","546b29317728768d0f9d690437afbea3567a502de7b39e58546a9102a16cc9c5","False"
"2829397295|37","Culture-Expanded","CE","2829397295","102619","https://catalogue.smods.ru/archives/102619","Culture Expanded","37","False","9 Sep, 2022 at 04:56 UTC","2022-09-09 04:56","True","https://modsbase.com/77ct7qbo90y8/2829397295_Culture_Expanded.zip.html","2026","546b29317728768d0f9d690437afbea3567a502de7b39e58546a9102a16cc9c5","False"
"2829397295|38","Culture-Expanded","CE","2829397295","102619","https://catalogue.smods.ru/archives/102619","Culture Expanded","38","False","21 Jul, 2022 at 07:31 UTC","2022-07-21 07:31","True","https://modsbase.com/4s35plan6d6t/2829397295_Culture_Expanded.zip.html","2026","546b29317728768d0f9d690437afbea3567a502de7b39e58546a9102a16cc9c5","False"
"2829397295|39","Culture-Expanded","CE","2829397295","102619","https://catalogue.smods.ru/archives/102619","Culture Expanded","39","False","12 Jul, 2022 at 07:26 UTC","2022-07-12 07:26","True","https://modsbase.com/lwm7puow0x9e/2829397295_Culture_Expanded.zip.html","2026","546b29317728768d0f9d690437afbea3567a502de7b39e58546a9102a16cc9c5","False"
"2829397295|40","Culture-Expanded","CE","2829397295","102619","https://catalogue.smods.ru/archives/102619","Culture Expanded","40","False","9 Jul, 2022 at 02:16 UTC","2022-07-09 02:16","True","https://modsbase.com/xwtnimonvjls/2829397295_Culture_Expanded.zip.html","2026","546b29317728768d0f9d690437afbea3567a502de7b39e58546a9102a16cc9c5","False"
"2829397295|41","Culture-Expanded","CE","2829397295","102619","https://catalogue.smods.ru/archives/102619","Culture Expanded","41","False","7 Jul, 2022 at 02:18 UTC","2022-07-07 02:18","True","https://modsbase.com/da4xj5c6wwfv/2829397295_Culture_Expanded.zip.html","2026","546b29317728768d0f9d690437afbea3567a502de7b39e58546a9102a16cc9c5","False"
"2829397295|42","Culture-Expanded","CE","2829397295","102619","https://catalogue.smods.ru/archives/102619","Culture Expanded","42","False","6 Jul, 2022 at 07:36 UTC","2022-07-06 07:36","True","https://modsbase.com/x9tofekqvgxx/2829397295_Culture_Expanded.zip.html","2026","546b29317728768d0f9d690437afbea3567a502de7b39e58546a9102a16cc9c5","False"
"2829397295|43","Culture-Expanded","CE","2829397295","102619","https://catalogue.smods.ru/archives/102619","Culture Expanded","43","False","4 Jul, 2022 at 01:27 UTC","2022-07-04 01:27","True","https://modsbase.com/jaf3ziuu92wm/2829397295_Culture_Expanded.zip.html","2026","546b29317728768d0f9d690437afbea3567a502de7b39e58546a9102a16cc9c5","False"
"3473488611|1","Demand-Tribute","DT","3473488611","350915","https://catalogue.smods.ru/archives/350915","Demand Tribute","1","True","29 Oct, 2025 at 10:52 UTC","2025-10-29 10:52","True","https://modsbase.com/xx0pwh63y8kp/3473488611_Demand_Tribute.zip.html","2026","3ff24f5137dd37c2ca53108ac6ecfdf887289f06c01baf1570ac7aadf51db2a5","False"
"3473488611|2","Demand-Tribute","DT","3473488611","350915","https://catalogue.smods.ru/archives/350915","Demand Tribute","2","False","9 Sep, 2025 at 16:58 UTC","2025-09-09 16:58","True","https://modsbase.com/2ucd19meq6mc/3473488611_Demand_Tribute.zip.html","2026","3ff24f5137dd37c2ca53108ac6ecfdf887289f06c01baf1570ac7aadf51db2a5","False"
"3473488611|3","Demand-Tribute","DT","3473488611","350915","https://catalogue.smods.ru/archives/350915","Demand Tribute","3","False","17 May, 2025 at 19:43 UTC","2025-05-17 19:43","True","https://modsbase.com/0ai8uejs45kr/3473488611_Demand_Tribute.zip.html","2026","3ff24f5137dd37c2ca53108ac6ecfdf887289f06c01baf1570ac7aadf51db2a5","False"
"3473488611|4","Demand-Tribute","DT","3473488611","350915","https://catalogue.smods.ru/archives/350915","Demand Tribute","4","False","11 May, 2025 at 16:41 UTC","2025-05-11 16:41","True","https://modsbase.com/ainurwxigaxx/3473488611_Demand_Tribute.zip.html","2026","3ff24f5137dd37c2ca53108ac6ecfdf887289f06c01baf1570ac7aadf51db2a5","False"
"3473488611|5","Demand-Tribute","DT","3473488611","350915","https://catalogue.smods.ru/archives/350915","Demand Tribute","5","False","7 May, 2025 at 16:56 UTC","2025-05-07 16:56","True","https://modsbase.com/d9217jmam7dr/3473488611_Demand_Tribute.zip.html","2026","3ff24f5137dd37c2ca53108ac6ecfdf887289f06c01baf1570ac7aadf51db2a5","False"
"3473488611|6","Demand-Tribute","DT","3473488611","350915","https://catalogue.smods.ru/archives/350915","Demand Tribute","6","False","2 May, 2025 at 19:31 UTC","2025-05-02 19:31","True","https://modsbase.com/8vzk7m43tduy/3473488611_Demand_Tribute.zip.html","2026","3ff24f5137dd37c2ca53108ac6ecfdf887289f06c01baf1570ac7aadf51db2a5","False"
"2996881191|1","EPE-CFP","EPE-CFP","2996881191","188635","https://catalogue.smods.ru/archives/188635","CFP + EPE Compatibility Patch","1","True","7 Jun at 19:39 UTC","2026-06-07 19:39","True","https://modsbase.com/cvmyh1ediqzu/2996881191_CFP___EPE_Compatibility_Patch.zip.html","2026","450c191c64bce7634283283e796778613590707cb13fa90c925fa413970fb3de","False"
"2996881191|2","EPE-CFP","EPE-CFP","2996881191","188635","https://catalogue.smods.ru/archives/188635","CFP + EPE Compatibility Patch","2","False","11 May at 11:49 UTC","2026-05-11 11:49","True","https://modsbase.com/62dagy93pu44/2996881191_CFP___EPE_Compatibility_Patch.zip.html","2026","450c191c64bce7634283283e796778613590707cb13fa90c925fa413970fb3de","False"
"2996881191|3","EPE-CFP","EPE-CFP","2996881191","188635","https://catalogue.smods.ru/archives/188635","CFP + EPE Compatibility Patch","3","False","28 Apr at 12:48 UTC","2026-04-28 12:48","True","https://modsbase.com/rjwvsg632vic/2996881191_CFP___EPE_Compatibility_Patch.zip.html","2026","450c191c64bce7634283283e796778613590707cb13fa90c925fa413970fb3de","False"
"2996881191|4","EPE-CFP","EPE-CFP","2996881191","188635","https://catalogue.smods.ru/archives/188635","CFP + EPE Compatibility Patch","4","False","20 Mar at 20:18 UTC","2026-03-20 20:18","True","https://modsbase.com/nuqyp7o0a64m/2996881191_CFP___EPE_Compatibility_Patch.zip.html","2026","450c191c64bce7634283283e796778613590707cb13fa90c925fa413970fb3de","False"
"2996881191|5","EPE-CFP","EPE-CFP","2996881191","188635","https://catalogue.smods.ru/archives/188635","CFP + EPE Compatibility Patch","5","False","5 Feb at 12:16 UTC","2026-02-05 12:16","True","https://modsbase.com/ryfggtogq2zr/2996881191_CFP___EPE_Compatibility_Patch.zip.html","2026","450c191c64bce7634283283e796778613590707cb13fa90c925fa413970fb3de","False"
"2996881191|6","EPE-CFP","EPE-CFP","2996881191","188635","https://catalogue.smods.ru/archives/188635","CFP + EPE Compatibility Patch","6","False","15 Dec, 2025 at 12:53 UTC","2025-12-15 12:53","True","https://modsbase.com/uuzk6p3u464b/2996881191_CFP___EPE_Compatibility_Patch.zip.html","2026","450c191c64bce7634283283e796778613590707cb13fa90c925fa413970fb3de","False"
"2996881191|7","EPE-CFP","EPE-CFP","2996881191","188635","https://catalogue.smods.ru/archives/188635","CFP + EPE Compatibility Patch","7","False","14 Dec, 2025 at 21:13 UTC","2025-12-14 21:13","True","https://modsbase.com/3e7d5b19qcjg/2996881191_CFP___EPE_Compatibility_Patch.zip.html","2026","450c191c64bce7634283283e796778613590707cb13fa90c925fa413970fb3de","False"
"2996881191|8","EPE-CFP","EPE-CFP","2996881191","188635","https://catalogue.smods.ru/archives/188635","CFP + EPE Compatibility Patch","8","False","18 Nov, 2025 at 19:39 UTC","2025-11-18 19:39","True","https://modsbase.com/p20p4s4qq5uq/2996881191_CFP___EPE_Compatibility_Patch.zip.html","2026","450c191c64bce7634283283e796778613590707cb13fa90c925fa413970fb3de","False"
"2996881191|9","EPE-CFP","EPE-CFP","2996881191","188635","https://catalogue.smods.ru/archives/188635","CFP + EPE Compatibility Patch","9","False","12 Nov, 2025 at 13:52 UTC","2025-11-12 13:52","True","https://modsbase.com/rfsfv9wuf2ep/2996881191_CFP___EPE_Compatibility_Patch.zip.html","2026","450c191c64bce7634283283e796778613590707cb13fa90c925fa413970fb3de","False"
"2996881191|10","EPE-CFP","EPE-CFP","2996881191","188635","https://catalogue.smods.ru/archives/188635","CFP + EPE Compatibility Patch","10","False","25 May, 2025 at 10:09 UTC","2025-05-25 10:09","True","https://modsbase.com/vfrbhqkaeypy/2996881191_CFP___EPE_Compatibility_Patch.zip.html","2026","450c191c64bce7634283283e796778613590707cb13fa90c925fa413970fb3de","False"
"2996881191|11","EPE-CFP","EPE-CFP","2996881191","188635","https://catalogue.smods.ru/archives/188635","CFP + EPE Compatibility Patch","11","False","25 May, 2025 at 09:09 UTC","2025-05-25 09:09","True","https://modsbase.com/0rfe8lbhztfq/2996881191_CFP___EPE_Compatibility_Patch.zip.html","2026","450c191c64bce7634283283e796778613590707cb13fa90c925fa413970fb3de","False"
"2996881191|12","EPE-CFP","EPE-CFP","2996881191","188635","https://catalogue.smods.ru/archives/188635","CFP + EPE Compatibility Patch","12","False","24 May, 2025 at 18:19 UTC","2025-05-24 18:19","True","https://modsbase.com/uefvjq1oirn3/2996881191_CFP___EPE_Compatibility_Patch.zip.html","2026","450c191c64bce7634283283e796778613590707cb13fa90c925fa413970fb3de","False"
"2996881191|13","EPE-CFP","EPE-CFP","2996881191","188635","https://catalogue.smods.ru/archives/188635","CFP + EPE Compatibility Patch","13","False","16 May, 2025 at 18:12 UTC","2025-05-16 18:12","True","https://modsbase.com/i9v0flug304y/2996881191_CFP___EPE_Compatibility_Patch.zip.html","2026","450c191c64bce7634283283e796778613590707cb13fa90c925fa413970fb3de","False"
"2996881191|14","EPE-CFP","EPE-CFP","2996881191","188635","https://catalogue.smods.ru/archives/188635","CFP + EPE Compatibility Patch","14","False","4 Apr, 2025 at 19:59 UTC","2025-04-04 19:59","True","https://modsbase.com/1ei2hxjh7n7z/2996881191_CFP___EPE_Compatibility_Patch.zip.html","2026","450c191c64bce7634283283e796778613590707cb13fa90c925fa413970fb3de","False"
"2996881191|15","EPE-CFP","EPE-CFP","2996881191","188635","https://catalogue.smods.ru/archives/188635","CFP + EPE Compatibility Patch","15","False","27 Mar, 2025 at 08:39 UTC","2025-03-27 08:39","True","https://modsbase.com/zq5c3ym1937f/2996881191_CFP___EPE_Compatibility_Patch.zip.html","2026","450c191c64bce7634283283e796778613590707cb13fa90c925fa413970fb3de","False"
"2996881191|16","EPE-CFP","EPE-CFP","2996881191","188635","https://catalogue.smods.ru/archives/188635","CFP + EPE Compatibility Patch","16","False","27 Feb, 2025 at 21:30 UTC","2025-02-27 21:30","True","https://modsbase.com/hqxw27fn1daf/2996881191_CFP___EPE_Compatibility_Patch.zip.html","2026","450c191c64bce7634283283e796778613590707cb13fa90c925fa413970fb3de","False"
"2996881191|17","EPE-CFP","EPE-CFP","2996881191","188635","https://catalogue.smods.ru/archives/188635","CFP + EPE Compatibility Patch","17","False","11 Jan, 2025 at 09:20 UTC","2025-01-11 09:20","True","https://modsbase.com/0sobj3fi5ghb/2996881191_CFP___EPE_Compatibility_Patch.zip.html","2026","450c191c64bce7634283283e796778613590707cb13fa90c925fa413970fb3de","False"
"2996881191|18","EPE-CFP","EPE-CFP","2996881191","188635","https://catalogue.smods.ru/archives/188635","CFP + EPE Compatibility Patch","18","False","3 Dec, 2024 at 20:00 UTC","2024-12-03 20:00","True","https://modsbase.com/l4tub9ym4af6/2996881191_CFP___EPE_Compatibility_Patch.zip.html","2026","450c191c64bce7634283283e796778613590707cb13fa90c925fa413970fb3de","False"
"2996881191|19","EPE-CFP","EPE-CFP","2996881191","188635","https://catalogue.smods.ru/archives/188635","CFP + EPE Compatibility Patch","19","False","2 May, 2024 at 09:30 UTC","2024-05-02 09:30","True","https://modsbase.com/1w8371idakcq/2996881191_CFP___EPE_Compatibility_Patch.zip.html","2026","450c191c64bce7634283283e796778613590707cb13fa90c925fa413970fb3de","False"
"2996881191|20","EPE-CFP","EPE-CFP","2996881191","188635","https://catalogue.smods.ru/archives/188635","CFP + EPE Compatibility Patch","20","False","13 Apr, 2024 at 15:36 UTC","2024-04-13 15:36","True","https://modsbase.com/oug2c56znm0p/2996881191_CFP___EPE_Compatibility_Patch.zip.html","2026","450c191c64bce7634283283e796778613590707cb13fa90c925fa413970fb3de","False"
"2996881191|21","EPE-CFP","EPE-CFP","2996881191","188635","https://catalogue.smods.ru/archives/188635","CFP + EPE Compatibility Patch","21","False","10 Mar, 2024 at 21:21 UTC","2024-03-10 21:21","True","https://modsbase.com/hv3tk1dxsx01/2996881191_CFP___EPE_Compatibility_Patch.zip.html","2026","450c191c64bce7634283283e796778613590707cb13fa90c925fa413970fb3de","False"
"2996881191|22","EPE-CFP","EPE-CFP","2996881191","188635","https://catalogue.smods.ru/archives/188635","CFP + EPE Compatibility Patch","22","False","6 Feb, 2024 at 18:36 UTC","2024-02-06 18:36","True","https://modsbase.com/5muwrkv4toe5/2996881191_CFP___EPE_Compatibility_Patch.zip.html","2026","450c191c64bce7634283283e796778613590707cb13fa90c925fa413970fb3de","False"
"2996881191|23","EPE-CFP","EPE-CFP","2996881191","188635","https://catalogue.smods.ru/archives/188635","CFP + EPE Compatibility Patch","23","False","25 Jan, 2024 at 21:02 UTC","2024-01-25 21:02","True","https://modsbase.com/ribu6wz3277v/2996881191_CFP___EPE_Compatibility_Patch.zip.html","2026","450c191c64bce7634283283e796778613590707cb13fa90c925fa413970fb3de","False"
"2996881191|24","EPE-CFP","EPE-CFP","2996881191","188635","https://catalogue.smods.ru/archives/188635","CFP + EPE Compatibility Patch","24","False","4 Dec, 2023 at 10:03 UTC","2023-12-04 10:03","True","https://modsbase.com/5v9m06esw9cz/2996881191_CFP___EPE_Compatibility_Patch.zip.html","2026","450c191c64bce7634283283e796778613590707cb13fa90c925fa413970fb3de","False"
"2996881191|25","EPE-CFP","EPE-CFP","2996881191","188635","https://catalogue.smods.ru/archives/188635","CFP + EPE Compatibility Patch","25","False","19 Nov, 2023 at 19:19 UTC","2023-11-19 19:19","True","https://modsbase.com/sdqq6hlmpvmf/2996881191_CFP___EPE_Compatibility_Patch.zip.html","2026","450c191c64bce7634283283e796778613590707cb13fa90c925fa413970fb3de","False"
"2996881191|26","EPE-CFP","EPE-CFP","2996881191","188635","https://catalogue.smods.ru/archives/188635","CFP + EPE Compatibility Patch","26","False","18 Oct, 2023 at 08:16 UTC","2023-10-18 08:16","True","https://modsbase.com/tnf33rz9gxjk/2996881191_CFP___EPE_Compatibility_Patch.zip.html","2026","450c191c64bce7634283283e796778613590707cb13fa90c925fa413970fb3de","False"
"2996881191|27","EPE-CFP","EPE-CFP","2996881191","188635","https://catalogue.smods.ru/archives/188635","CFP + EPE Compatibility Patch","27","False","4 Oct, 2023 at 20:30 UTC","2023-10-04 20:30","True","https://modsbase.com/j3euqjz7cxr8/2996881191_CFP___EPE_Compatibility_Patch.zip.html","2026","450c191c64bce7634283283e796778613590707cb13fa90c925fa413970fb3de","False"
"2996881191|28","EPE-CFP","EPE-CFP","2996881191","188635","https://catalogue.smods.ru/archives/188635","CFP + EPE Compatibility Patch","28","False","3 Oct, 2023 at 11:01 UTC","2023-10-03 11:01","True","https://modsbase.com/498e124xccy5/2996881191_CFP___EPE_Compatibility_Patch.zip.html","2026","450c191c64bce7634283283e796778613590707cb13fa90c925fa413970fb3de","False"
"2996881191|29","EPE-CFP","EPE-CFP","2996881191","188635","https://catalogue.smods.ru/archives/188635","CFP + EPE Compatibility Patch","29","False","30 Sep, 2023 at 08:11 UTC","2023-09-30 08:11","True","https://modsbase.com/nlni1mdqc9j6/2996881191_CFP___EPE_Compatibility_Patch.zip.html","2026","450c191c64bce7634283283e796778613590707cb13fa90c925fa413970fb3de","False"
"2996881191|30","EPE-CFP","EPE-CFP","2996881191","188635","https://catalogue.smods.ru/archives/188635","CFP + EPE Compatibility Patch","30","False","25 Sep, 2023 at 20:52 UTC","2023-09-25 20:52","True","https://modsbase.com/vyxpbe8w89ca/2996881191_CFP___EPE_Compatibility_Patch.zip.html","2026","450c191c64bce7634283283e796778613590707cb13fa90c925fa413970fb3de","False"
"2996881191|31","EPE-CFP","EPE-CFP","2996881191","188635","https://catalogue.smods.ru/archives/188635","CFP + EPE Compatibility Patch","31","False","24 Sep, 2023 at 14:02 UTC","2023-09-24 14:02","True","https://modsbase.com/fn7n873ibkpj/2996881191_CFP___EPE_Compatibility_Patch.zip.html","2026","450c191c64bce7634283283e796778613590707cb13fa90c925fa413970fb3de","False"
"2996881191|32","EPE-CFP","EPE-CFP","2996881191","188635","https://catalogue.smods.ru/archives/188635","CFP + EPE Compatibility Patch","32","False","8 Jul, 2023 at 15:59 UTC","2023-07-08 15:59","True","https://modsbase.com/d2v19689oha7/2996881191_CFP___EPE_Compatibility_Patch.zip.html","2026","450c191c64bce7634283283e796778613590707cb13fa90c925fa413970fb3de","False"
"2996881191|33","EPE-CFP","EPE-CFP","2996881191","188635","https://catalogue.smods.ru/archives/188635","CFP + EPE Compatibility Patch","33","False","5 Jul, 2023 at 17:12 UTC","2023-07-05 17:12","True","https://modsbase.com/kedm29c9ho3e/2996881191_Unofficial_CFP___EPE_Compatch.zip.html","2026","450c191c64bce7634283283e796778613590707cb13fa90c925fa413970fb3de","False"
"2996881191|34","EPE-CFP","EPE-CFP","2996881191","188635","https://catalogue.smods.ru/archives/188635","CFP + EPE Compatibility Patch","34","False","1 Jul, 2023 at 10:03 UTC","2023-07-01 10:03","True","https://modsbase.com/dtj35m492jjg/2996881191_Unofficial_CFP___EPE_Compatch.zip.html","2026","450c191c64bce7634283283e796778613590707cb13fa90c925fa413970fb3de","False"
"2507209632|1","Ethnicities-and-Portraits-Expanded","EPE","2507209632","79577","https://catalogue.smods.ru/archives/79577","Ethnicities & Portraits Expanded","1","True","25 May at 15:54 UTC","2026-05-25 15:54","True","https://modsbase.com/ihs53sddddoj/2507209632_Ethnicities___Portraits_Expanded.zip.html","2026","db75494493b5b79743d8e5c531e5d14cac460488066eff00664c404a4f75cbd1","False"
"2507209632|2","Ethnicities-and-Portraits-Expanded","EPE","2507209632","79577","https://catalogue.smods.ru/archives/79577","Ethnicities & Portraits Expanded","2","False","9 May at 20:40 UTC","2026-05-09 20:40","True","https://modsbase.com/i8d7c1yh35jb/2507209632_Ethnicities___Portraits_Expanded.zip.html","2026","db75494493b5b79743d8e5c531e5d14cac460488066eff00664c404a4f75cbd1","False"
"2507209632|3","Ethnicities-and-Portraits-Expanded","EPE","2507209632","79577","https://catalogue.smods.ru/archives/79577","Ethnicities & Portraits Expanded","3","False","28 Apr at 04:05 UTC","2026-04-28 04:05","True","https://modsbase.com/1hm9i1lbdwhu/2507209632_Ethnicities___Portraits_Expanded.zip.html","2026","db75494493b5b79743d8e5c531e5d14cac460488066eff00664c404a4f75cbd1","False"
"2507209632|4","Ethnicities-and-Portraits-Expanded","EPE","2507209632","79577","https://catalogue.smods.ru/archives/79577","Ethnicities & Portraits Expanded","4","False","19 Mar at 02:48 UTC","2026-03-19 02:48","True","https://modsbase.com/tg2th2hrvxch/2507209632_Ethnicities___Portraits_Expanded.zip.html","2026","db75494493b5b79743d8e5c531e5d14cac460488066eff00664c404a4f75cbd1","False"
"2507209632|5","Ethnicities-and-Portraits-Expanded","EPE","2507209632","79577","https://catalogue.smods.ru/archives/79577","Ethnicities & Portraits Expanded","5","False","4 Feb at 01:01 UTC","2026-02-04 01:01","True","https://modsbase.com/fqqqycmy0x1n/2507209632_Ethnicities___Portraits_Expanded.zip.html","2026","db75494493b5b79743d8e5c531e5d14cac460488066eff00664c404a4f75cbd1","False"
"2507209632|6","Ethnicities-and-Portraits-Expanded","EPE","2507209632","79577","https://catalogue.smods.ru/archives/79577","Ethnicities & Portraits Expanded","6","False","20 Jan at 05:51 UTC","2026-01-20 05:51","True","https://modsbase.com/vhwortwsfo4q/2507209632_Ethnicities___Portraits_Expanded.zip.html","2026","db75494493b5b79743d8e5c531e5d14cac460488066eff00664c404a4f75cbd1","False"
"2507209632|7","Ethnicities-and-Portraits-Expanded","EPE","2507209632","79577","https://catalogue.smods.ru/archives/79577","Ethnicities & Portraits Expanded","7","False","15 Dec, 2025 at 02:59 UTC","2025-12-15 02:59","True","https://modsbase.com/olcppu8hsmb9/2507209632_Ethnicities___Portraits_Expanded.zip.html","2026","db75494493b5b79743d8e5c531e5d14cac460488066eff00664c404a4f75cbd1","False"
"2507209632|8","Ethnicities-and-Portraits-Expanded","EPE","2507209632","79577","https://catalogue.smods.ru/archives/79577","Ethnicities & Portraits Expanded","8","False","18 Nov, 2025 at 03:25 UTC","2025-11-18 03:25","True","https://modsbase.com/m7fo2c6yy6gu/2507209632_Ethnicities___Portraits_Expanded.zip.html","2026","db75494493b5b79743d8e5c531e5d14cac460488066eff00664c404a4f75cbd1","False"
"2507209632|9","Ethnicities-and-Portraits-Expanded","EPE","2507209632","79577","https://catalogue.smods.ru/archives/79577","Ethnicities & Portraits Expanded","9","False","10 Nov, 2025 at 22:47 UTC","2025-11-10 22:47","True","https://modsbase.com/aq5b2ud03roj/2507209632_Ethnicities___Portraits_Expanded.zip.html","2026","db75494493b5b79743d8e5c531e5d14cac460488066eff00664c404a4f75cbd1","False"
"2507209632|10","Ethnicities-and-Portraits-Expanded","EPE","2507209632","79577","https://catalogue.smods.ru/archives/79577","Ethnicities & Portraits Expanded","10","False","9 Jun, 2025 at 06:41 UTC","2025-06-09 06:41","True","https://modsbase.com/c3x7wfqrdtl3/2507209632_Ethnicities___Portraits_Expanded.zip.html","2026","db75494493b5b79743d8e5c531e5d14cac460488066eff00664c404a4f75cbd1","False"
"2507209632|11","Ethnicities-and-Portraits-Expanded","EPE","2507209632","79577","https://catalogue.smods.ru/archives/79577","Ethnicities & Portraits Expanded","11","False","9 Jun, 2025 at 05:41 UTC","2025-06-09 05:41","True","https://modsbase.com/e8uth9x53el2/2507209632_Ethnicities___Portraits_Expanded.zip.html","2026","db75494493b5b79743d8e5c531e5d14cac460488066eff00664c404a4f75cbd1","False"
"2507209632|12","Ethnicities-and-Portraits-Expanded","EPE","2507209632","79577","https://catalogue.smods.ru/archives/79577","Ethnicities & Portraits Expanded","12","False","5 Jun, 2025 at 03:08 UTC","2025-06-05 03:08","True","https://modsbase.com/idjaf70vvaz1/2507209632_Ethnicities___Portraits_Expanded.zip.html","2026","db75494493b5b79743d8e5c531e5d14cac460488066eff00664c404a4f75cbd1","False"
"2507209632|13","Ethnicities-and-Portraits-Expanded","EPE","2507209632","79577","https://catalogue.smods.ru/archives/79577","Ethnicities & Portraits Expanded","13","False","1 Jun, 2025 at 22:58 UTC","2025-06-01 22:58","True","https://modsbase.com/fmoekyc6pght/2507209632_Ethnicities___Portraits_Expanded.zip.html","2026","db75494493b5b79743d8e5c531e5d14cac460488066eff00664c404a4f75cbd1","False"
"2507209632|14","Ethnicities-and-Portraits-Expanded","EPE","2507209632","79577","https://catalogue.smods.ru/archives/79577","Ethnicities & Portraits Expanded","14","False","24 May, 2025 at 00:32 UTC","2025-05-24 00:32","True","https://modsbase.com/zmevgrbx5l2t/2507209632_Ethnicities___Portraits_Expanded.zip.html","2026","db75494493b5b79743d8e5c531e5d14cac460488066eff00664c404a4f75cbd1","False"
"2507209632|15","Ethnicities-and-Portraits-Expanded","EPE","2507209632","79577","https://catalogue.smods.ru/archives/79577","Ethnicities & Portraits Expanded","15","False","14 May, 2025 at 04:03 UTC","2025-05-14 04:03","True","https://modsbase.com/yugzbvrae8or/2507209632_Ethnicities___Portraits_Expanded.zip.html","2026","db75494493b5b79743d8e5c531e5d14cac460488066eff00664c404a4f75cbd1","False"
"2507209632|16","Ethnicities-and-Portraits-Expanded","EPE","2507209632","79577","https://catalogue.smods.ru/archives/79577","Ethnicities & Portraits Expanded","16","False","13 Apr, 2025 at 16:19 UTC","2025-04-13 16:19","True","https://modsbase.com/hf71dqscjygj/2507209632_Ethnicities___Portraits_Expanded.zip.html","2026","db75494493b5b79743d8e5c531e5d14cac460488066eff00664c404a4f75cbd1","False"
"2507209632|17","Ethnicities-and-Portraits-Expanded","EPE","2507209632","79577","https://catalogue.smods.ru/archives/79577","Ethnicities & Portraits Expanded","17","False","15 Mar, 2025 at 20:11 UTC","2025-03-15 20:11","True","https://modsbase.com/2bsm5dopxcq3/2507209632_Ethnicities___Portraits_Expanded.zip.html","2026","db75494493b5b79743d8e5c531e5d14cac460488066eff00664c404a4f75cbd1","False"
"2507209632|18","Ethnicities-and-Portraits-Expanded","EPE","2507209632","79577","https://catalogue.smods.ru/archives/79577","Ethnicities & Portraits Expanded","18","False","27 Feb, 2025 at 02:38 UTC","2025-02-27 02:38","True","https://modsbase.com/tx216khztml7/2507209632_Ethnicities___Portraits_Expanded.zip.html","2026","db75494493b5b79743d8e5c531e5d14cac460488066eff00664c404a4f75cbd1","False"
"2507209632|19","Ethnicities-and-Portraits-Expanded","EPE","2507209632","79577","https://catalogue.smods.ru/archives/79577","Ethnicities & Portraits Expanded","19","False","19 Feb, 2025 at 21:32 UTC","2025-02-19 21:32","True","https://modsbase.com/gsv7viq9ggv6/2507209632_Ethnicities___Portraits_Expanded.zip.html","2026","db75494493b5b79743d8e5c531e5d14cac460488066eff00664c404a4f75cbd1","False"
"2507209632|20","Ethnicities-and-Portraits-Expanded","EPE","2507209632","79577","https://catalogue.smods.ru/archives/79577","Ethnicities & Portraits Expanded","20","False","16 Feb, 2025 at 05:53 UTC","2025-02-16 05:53","True","https://modsbase.com/0ze6o0hvqmqe/2507209632_Ethnicities___Portraits_Expanded.zip.html","2026","db75494493b5b79743d8e5c531e5d14cac460488066eff00664c404a4f75cbd1","False"
"2507209632|21","Ethnicities-and-Portraits-Expanded","EPE","2507209632","79577","https://catalogue.smods.ru/archives/79577","Ethnicities & Portraits Expanded","21","False","6 Jan, 2025 at 04:27 UTC","2025-01-06 04:27","True","https://modsbase.com/y0ailbyv86fy/2507209632_Ethnicities___Portraits_Expanded.zip.html","2026","db75494493b5b79743d8e5c531e5d14cac460488066eff00664c404a4f75cbd1","False"
"2507209632|22","Ethnicities-and-Portraits-Expanded","EPE","2507209632","79577","https://catalogue.smods.ru/archives/79577","Ethnicities & Portraits Expanded","22","False","1 Dec, 2024 at 19:47 UTC","2024-12-01 19:47","True","https://modsbase.com/mibnxg25hwvz/2507209632_Ethnicities___Portraits_Expanded.zip.html","2026","db75494493b5b79743d8e5c531e5d14cac460488066eff00664c404a4f75cbd1","False"
"2507209632|23","Ethnicities-and-Portraits-Expanded","EPE","2507209632","79577","https://catalogue.smods.ru/archives/79577","Ethnicities & Portraits Expanded","23","False","9 May, 2024 at 03:13 UTC","2024-05-09 03:13","True","https://modsbase.com/u5ojqicl9atr/2507209632_Ethnicities___Portraits_Expanded.zip.html","2026","db75494493b5b79743d8e5c531e5d14cac460488066eff00664c404a4f75cbd1","False"
"2507209632|24","Ethnicities-and-Portraits-Expanded","EPE","2507209632","79577","https://catalogue.smods.ru/archives/79577","Ethnicities & Portraits Expanded","24","False","13 Apr, 2024 at 04:20 UTC","2024-04-13 04:20","True","https://modsbase.com/5cbva21ao50n/2507209632_Ethnicities___Portraits_Expanded.zip.html","2026","db75494493b5b79743d8e5c531e5d14cac460488066eff00664c404a4f75cbd1","False"
"2507209632|25","Ethnicities-and-Portraits-Expanded","EPE","2507209632","79577","https://catalogue.smods.ru/archives/79577","Ethnicities & Portraits Expanded","25","False","23 Mar, 2024 at 03:03 UTC","2024-03-23 03:03","True","https://modsbase.com/3ypb7x0o4qgp/2507209632_Ethnicities___Portraits_Expanded.zip.html","2026","db75494493b5b79743d8e5c531e5d14cac460488066eff00664c404a4f75cbd1","False"
"2507209632|26","Ethnicities-and-Portraits-Expanded","EPE","2507209632","79577","https://catalogue.smods.ru/archives/79577","Ethnicities & Portraits Expanded","26","False","10 Mar, 2024 at 05:14 UTC","2024-03-10 05:14","True","https://modsbase.com/5zk8yiw2obom/2507209632_Ethnicities___Portraits_Expanded.zip.html","2026","db75494493b5b79743d8e5c531e5d14cac460488066eff00664c404a4f75cbd1","False"
"2507209632|27","Ethnicities-and-Portraits-Expanded","EPE","2507209632","79577","https://catalogue.smods.ru/archives/79577","Ethnicities & Portraits Expanded","27","False","19 Dec, 2023 at 21:56 UTC","2023-12-19 21:56","True","https://modsbase.com/5ou8t4m1b549/2507209632_Ethnicities___Portraits_Expanded.zip.html","2026","db75494493b5b79743d8e5c531e5d14cac460488066eff00664c404a4f75cbd1","False"
"2507209632|28","Ethnicities-and-Portraits-Expanded","EPE","2507209632","79577","https://catalogue.smods.ru/archives/79577","Ethnicities & Portraits Expanded","28","False","3 Dec, 2023 at 01:53 UTC","2023-12-03 01:53","True","https://modsbase.com/kn3o0q85sboi/2507209632_Ethnicities___Portraits_Expanded_-_Peacock.zip.html","2026","db75494493b5b79743d8e5c531e5d14cac460488066eff00664c404a4f75cbd1","False"
"2507209632|29","Ethnicities-and-Portraits-Expanded","EPE","2507209632","79577","https://catalogue.smods.ru/archives/79577","Ethnicities & Portraits Expanded","29","False","23 Nov, 2023 at 03:18 UTC","2023-11-23 03:18","True","https://modsbase.com/0o6cevzsww13/2507209632_Ethnicities___Portraits_Expanded_-_Peacock.zip.html","2026","db75494493b5b79743d8e5c531e5d14cac460488066eff00664c404a4f75cbd1","False"
"2507209632|30","Ethnicities-and-Portraits-Expanded","EPE","2507209632","79577","https://catalogue.smods.ru/archives/79577","Ethnicities & Portraits Expanded","30","False","21 Nov, 2023 at 03:18 UTC","2023-11-21 03:18","True","https://modsbase.com/1bounegaadmc/2507209632_Ethnicities___Portraits_Expanded_-_Peacock.zip.html","2026","db75494493b5b79743d8e5c531e5d14cac460488066eff00664c404a4f75cbd1","False"
"2507209632|31","Ethnicities-and-Portraits-Expanded","EPE","2507209632","79577","https://catalogue.smods.ru/archives/79577","Ethnicities & Portraits Expanded","31","False","19 Nov, 2023 at 19:09 UTC","2023-11-19 19:09","True","https://modsbase.com/6q2ooysgxc3p/2507209632_Ethnicities___Portraits_Expanded_-_Peacock.zip.html","2026","db75494493b5b79743d8e5c531e5d14cac460488066eff00664c404a4f75cbd1","False"
"2507209632|32","Ethnicities-and-Portraits-Expanded","EPE","2507209632","79577","https://catalogue.smods.ru/archives/79577","Ethnicities & Portraits Expanded","32","False","2 Oct, 2023 at 01:33 UTC","2023-10-02 01:33","True","https://modsbase.com/1rhhywuh8km3/2507209632_Ethnicities___Portraits_Expanded_-_Quill.zip.html","2026","db75494493b5b79743d8e5c531e5d14cac460488066eff00664c404a4f75cbd1","False"
"2507209632|33","Ethnicities-and-Portraits-Expanded","EPE","2507209632","79577","https://catalogue.smods.ru/archives/79577","Ethnicities & Portraits Expanded","33","False","2 Oct, 2023 at 00:33 UTC","2023-10-02 00:33","True","https://modsbase.com/qhi3ib4knq1k/2507209632_Ethnicities___Portraits_Expanded_-_Quill.zip.html","2026","db75494493b5b79743d8e5c531e5d14cac460488066eff00664c404a4f75cbd1","False"
"2507209632|34","Ethnicities-and-Portraits-Expanded","EPE","2507209632","79577","https://catalogue.smods.ru/archives/79577","Ethnicities & Portraits Expanded","34","False","25 Sep, 2023 at 03:33 UTC","2023-09-25 03:33","True","https://modsbase.com/17reojstas56/2507209632_Ethnicities___Portraits_Expanded_-_Quill.zip.html","2026","db75494493b5b79743d8e5c531e5d14cac460488066eff00664c404a4f75cbd1","False"
"2507209632|35","Ethnicities-and-Portraits-Expanded","EPE","2507209632","79577","https://catalogue.smods.ru/archives/79577","Ethnicities & Portraits Expanded","35","False","25 Jun, 2023 at 19:03 UTC","2023-06-25 19:03","True","https://modsbase.com/a8x53tno4uww/2507209632_Ethnicities___Portraits_Expanded.zip.html","2026","db75494493b5b79743d8e5c531e5d14cac460488066eff00664c404a4f75cbd1","False"
"2507209632|36","Ethnicities-and-Portraits-Expanded","EPE","2507209632","79577","https://catalogue.smods.ru/archives/79577","Ethnicities & Portraits Expanded","36","False","18 Jun, 2023 at 17:22 UTC","2023-06-18 17:22","True","https://modsbase.com/o4prj2pjfnzy/2507209632_Ethnicities___Portraits_Expanded_-_1.9.2_Lance.zip.html","2026","db75494493b5b79743d8e5c531e5d14cac460488066eff00664c404a4f75cbd1","False"
"2507209632|37","Ethnicities-and-Portraits-Expanded","EPE","2507209632","79577","https://catalogue.smods.ru/archives/79577","Ethnicities & Portraits Expanded","37","False","10 Apr, 2023 at 04:56 UTC","2023-04-10 04:56","True","https://modsbase.com/b4d4nxa260xj/2507209632_Ethnicities___Portraits_Expanded.zip.html","2026","db75494493b5b79743d8e5c531e5d14cac460488066eff00664c404a4f75cbd1","False"
"2507209632|38","Ethnicities-and-Portraits-Expanded","EPE","2507209632","79577","https://catalogue.smods.ru/archives/79577","Ethnicities & Portraits Expanded","38","False","22 Jan, 2023 at 02:24 UTC","2023-01-22 02:24","True","https://modsbase.com/g3p6j9zjy444/2507209632_Ethnicities___Portraits_Expanded.zip.html","2026","db75494493b5b79743d8e5c531e5d14cac460488066eff00664c404a4f75cbd1","False"
"2507209632|39","Ethnicities-and-Portraits-Expanded","EPE","2507209632","79577","https://catalogue.smods.ru/archives/79577","Ethnicities & Portraits Expanded","39","False","16 Dec, 2022 at 03:59 UTC","2022-12-16 03:59","True","https://modsbase.com/3wj9c84gj3lx/2507209632_Ethnicities___Portraits_Expanded.zip.html","2026","db75494493b5b79743d8e5c531e5d14cac460488066eff00664c404a4f75cbd1","False"
"2507209632|40","Ethnicities-and-Portraits-Expanded","EPE","2507209632","79577","https://catalogue.smods.ru/archives/79577","Ethnicities & Portraits Expanded","40","False","9 Dec, 2022 at 02:06 UTC","2022-12-09 02:06","True","https://modsbase.com/b7nbuu936v7u/2507209632_Ethnicities___Portraits_Expanded.zip.html","2026","db75494493b5b79743d8e5c531e5d14cac460488066eff00664c404a4f75cbd1","False"
"2507209632|41","Ethnicities-and-Portraits-Expanded","EPE","2507209632","79577","https://catalogue.smods.ru/archives/79577","Ethnicities & Portraits Expanded","41","False","3 Dec, 2022 at 01:34 UTC","2022-12-03 01:34","True","https://modsbase.com/bbgi6wq7bbu3/2507209632_Ethnicities___Portraits_Expanded.zip.html","2026","db75494493b5b79743d8e5c531e5d14cac460488066eff00664c404a4f75cbd1","False"
"2507209632|42","Ethnicities-and-Portraits-Expanded","EPE","2507209632","79577","https://catalogue.smods.ru/archives/79577","Ethnicities & Portraits Expanded","42","False","30 Sep, 2022 at 00:40 UTC","2022-09-30 00:40","True","https://modsbase.com/wwudru9bg4t1/2507209632_Ethnicities___Portraits_Expanded.zip.html","2026","db75494493b5b79743d8e5c531e5d14cac460488066eff00664c404a4f75cbd1","False"
"2507209632|43","Ethnicities-and-Portraits-Expanded","EPE","2507209632","79577","https://catalogue.smods.ru/archives/79577","Ethnicities & Portraits Expanded","43","False","29 Sep, 2022 at 23:40 UTC","2022-09-29 23:40","True","https://modsbase.com/ir46eu0vnnmh/2507209632_Ethnicities___Portraits_Expanded.zip.html","2026","db75494493b5b79743d8e5c531e5d14cac460488066eff00664c404a4f75cbd1","False"
"2507209632|44","Ethnicities-and-Portraits-Expanded","EPE","2507209632","79577","https://catalogue.smods.ru/archives/79577","Ethnicities & Portraits Expanded","44","False","18 Sep, 2022 at 21:41 UTC","2022-09-18 21:41","True","https://modsbase.com/p7cqmw9ugpn5/2507209632_Ethnicities___Portraits_Expanded.zip.html","2026","db75494493b5b79743d8e5c531e5d14cac460488066eff00664c404a4f75cbd1","False"
"2507209632|45","Ethnicities-and-Portraits-Expanded","EPE","2507209632","79577","https://catalogue.smods.ru/archives/79577","Ethnicities & Portraits Expanded","45","False","12 Sep, 2022 at 01:11 UTC","2022-09-12 01:11","True","https://modsbase.com/3n1o0g7ogibg/2507209632_Ethnicities___Portraits_Expanded.zip.html","2026","db75494493b5b79743d8e5c531e5d14cac460488066eff00664c404a4f75cbd1","False"
"2507209632|46","Ethnicities-and-Portraits-Expanded","EPE","2507209632","79577","https://catalogue.smods.ru/archives/79577","Ethnicities & Portraits Expanded","46","False","9 Sep, 2022 at 04:55 UTC","2022-09-09 04:55","True","https://modsbase.com/5fvk8fa268ax/2507209632_Ethnicities___Portraits_Expanded.zip.html","2026","db75494493b5b79743d8e5c531e5d14cac460488066eff00664c404a4f75cbd1","False"
"2507209632|47","Ethnicities-and-Portraits-Expanded","EPE","2507209632","79577","https://catalogue.smods.ru/archives/79577","Ethnicities & Portraits Expanded","47","False","29 Jun, 2022 at 19:42 UTC","2022-06-29 19:42","True","https://modsbase.com/49jxy3mixban/2507209632_Ethnicities___Portraits_Expanded.zip.html","2026","db75494493b5b79743d8e5c531e5d14cac460488066eff00664c404a4f75cbd1","False"
"2507209632|48","Ethnicities-and-Portraits-Expanded","EPE","2507209632","79577","https://catalogue.smods.ru/archives/79577","Ethnicities & Portraits Expanded","48","False","27 Jun, 2022 at 03:39 UTC","2022-06-27 03:39","True","https://modsbase.com/yv3mza3nuio4/2507209632_Ethnicities___Portraits_Expanded.zip.html","2026","db75494493b5b79743d8e5c531e5d14cac460488066eff00664c404a4f75cbd1","False"
"2507209632|49","Ethnicities-and-Portraits-Expanded","EPE","2507209632","79577","https://catalogue.smods.ru/archives/79577","Ethnicities & Portraits Expanded","49","False","13 Jun, 2022 at 02:03 UTC","2022-06-13 02:03","True","https://modsbase.com/4gww28tfm860/2507209632_Ethnicities___Portraits_Expanded.zip.html","2026","db75494493b5b79743d8e5c531e5d14cac460488066eff00664c404a4f75cbd1","False"
"2507209632|50","Ethnicities-and-Portraits-Expanded","EPE","2507209632","79577","https://catalogue.smods.ru/archives/79577","Ethnicities & Portraits Expanded","50","False","6 Jun, 2022 at 04:08 UTC","2022-06-06 04:08","True","https://modsbase.com/jw14vtqon4oq/2507209632_Ethnicities___Portraits_Expanded.zip.html","2026","db75494493b5b79743d8e5c531e5d14cac460488066eff00664c404a4f75cbd1","False"
"2507209632|51","Ethnicities-and-Portraits-Expanded","EPE","2507209632","79577","https://catalogue.smods.ru/archives/79577","Ethnicities & Portraits Expanded","51","False","23 Mar, 2022 at 19:27 UTC","2022-03-23 19:27","True","https://modsbase.com/4ab32gnadew5/2507209632_Ethnicities___Portraits_Expanded.zip.html","2026","db75494493b5b79743d8e5c531e5d14cac460488066eff00664c404a4f75cbd1","False"
"2507209632|52","Ethnicities-and-Portraits-Expanded","EPE","2507209632","79577","https://catalogue.smods.ru/archives/79577","Ethnicities & Portraits Expanded","52","False","14 Mar, 2022 at 16:19 UTC","2022-03-14 16:19","True","https://modsbase.com/mt510tlre1rq/2507209632_Ethnicities___Portraits_Expanded.zip.html","2026","db75494493b5b79743d8e5c531e5d14cac460488066eff00664c404a4f75cbd1","False"
"2507209632|53","Ethnicities-and-Portraits-Expanded","EPE","2507209632","79577","https://catalogue.smods.ru/archives/79577","Ethnicities & Portraits Expanded","53","False","11 Mar, 2022 at 07:22 UTC","2022-03-11 07:22","True","https://modsbase.com/ropybqjgvr5f/2507209632_Ethnicities___Portraits_Expanded.zip.html","2026","db75494493b5b79743d8e5c531e5d14cac460488066eff00664c404a4f75cbd1","False"
"2507209632|54","Ethnicities-and-Portraits-Expanded","EPE","2507209632","79577","https://catalogue.smods.ru/archives/79577","Ethnicities & Portraits Expanded","54","False","5 Mar, 2022 at 09:33 UTC","2022-03-05 09:33","True","https://modsbase.com/qfzqbz9foseq/2507209632_Ethnicities___Portraits_Expanded.zip.html","2026","db75494493b5b79743d8e5c531e5d14cac460488066eff00664c404a4f75cbd1","False"
"2507209632|55","Ethnicities-and-Portraits-Expanded","EPE","2507209632","79577","https://catalogue.smods.ru/archives/79577","Ethnicities & Portraits Expanded","55","False","19 Feb, 2022 at 04:58 UTC","2022-02-19 04:58","True","https://modsbase.com/kb2dep7fy5wo/2507209632_Ethnicities___Portraits_Expanded.zip.html","2026","db75494493b5b79743d8e5c531e5d14cac460488066eff00664c404a4f75cbd1","False"
"2507209632|56","Ethnicities-and-Portraits-Expanded","EPE","2507209632","79577","https://catalogue.smods.ru/archives/79577","Ethnicities & Portraits Expanded","56","False","15 Feb, 2022 at 04:24 UTC","2022-02-15 04:24","True","https://modsbase.com/11dsdv0qkgtx/2507209632_Ethnicities___Portraits_Expanded.zip.html","2026","db75494493b5b79743d8e5c531e5d14cac460488066eff00664c404a4f75cbd1","False"
"2507209632|57","Ethnicities-and-Portraits-Expanded","EPE","2507209632","79577","https://catalogue.smods.ru/archives/79577","Ethnicities & Portraits Expanded","57","False","11 Feb, 2022 at 05:39 UTC","2022-02-11 05:39","True","https://modsbase.com/knnrl7qc4l63/2507209632_Ethnicities___Portraits_Expanded.zip.html","2026","db75494493b5b79743d8e5c531e5d14cac460488066eff00664c404a4f75cbd1","False"
"2507209632|58","Ethnicities-and-Portraits-Expanded","EPE","2507209632","79577","https://catalogue.smods.ru/archives/79577","Ethnicities & Portraits Expanded","58","False","9 Feb, 2022 at 00:54 UTC","2022-02-09 00:54","True","https://modsbase.com/oqp3w1mb0pqc/2507209632_Ethnicities___Portraits_Expanded.zip.html","2026","db75494493b5b79743d8e5c531e5d14cac460488066eff00664c404a4f75cbd1","False"
"2507209632|59","Ethnicities-and-Portraits-Expanded","EPE","2507209632","79577","https://catalogue.smods.ru/archives/79577","Ethnicities & Portraits Expanded","59","False","10 Jan, 2022 at 06:01 UTC","2022-01-10 06:01","True","https://modsbase.com/acwpy459i0wk/2507209632_Ethnicities___Portraits_Expanded.zip.html","2026","db75494493b5b79743d8e5c531e5d14cac460488066eff00664c404a4f75cbd1","False"
"2507209632|60","Ethnicities-and-Portraits-Expanded","EPE","2507209632","79577","https://catalogue.smods.ru/archives/79577","Ethnicities & Portraits Expanded","60","False","28 Oct, 2021 at 04:14 UTC","2021-10-28 04:14","True","https://modsbase.com/qeh1hk4sopdu/2507209632_Ethnicities___Portraits_Expanded.zip.html","2026","db75494493b5b79743d8e5c531e5d14cac460488066eff00664c404a4f75cbd1","False"
"2507209632|61","Ethnicities-and-Portraits-Expanded","EPE","2507209632","79577","https://catalogue.smods.ru/archives/79577","Ethnicities & Portraits Expanded","61","False","10 Oct, 2021 at 06:34 UTC","2021-10-10 06:34","True","https://modsbase.com/qack27ro1mzq/2507209632_Ethnicities___Portraits_Expanded.zip.html","2026","db75494493b5b79743d8e5c531e5d14cac460488066eff00664c404a4f75cbd1","False"
"2507209632|62","Ethnicities-and-Portraits-Expanded","EPE","2507209632","79577","https://catalogue.smods.ru/archives/79577","Ethnicities & Portraits Expanded","62","False","11 Sep, 2021 at 16:27 UTC","2021-09-11 16:27","True","https://modsbase.com/13z6s4kti934/2507209632_Ethnicities___Portraits_Expanded.zip.html","2026","db75494493b5b79743d8e5c531e5d14cac460488066eff00664c404a4f75cbd1","False"
"2507209632|63","Ethnicities-and-Portraits-Expanded","EPE","2507209632","79577","https://catalogue.smods.ru/archives/79577","Ethnicities & Portraits Expanded","63","False","30 Aug, 2021 at 04:13 UTC","2021-08-30 04:13","True","https://modsbase.com/plsg19nv9eg8/2507209632_Ethnicities___Portraits_Expanded.zip.html","2026","db75494493b5b79743d8e5c531e5d14cac460488066eff00664c404a4f75cbd1","False"
"2507209632|64","Ethnicities-and-Portraits-Expanded","EPE","2507209632","79577","https://catalogue.smods.ru/archives/79577","Ethnicities & Portraits Expanded","64","False","9 Jul, 2021 at 17:07 UTC","2021-07-09 17:07","True","https://modsbase.com/v9ggmwfrtqke/2507209632_Ethnicities___Portraits_Expanded.zip.html","2026","db75494493b5b79743d8e5c531e5d14cac460488066eff00664c404a4f75cbd1","False"
"2507209632|65","Ethnicities-and-Portraits-Expanded","EPE","2507209632","79577","https://catalogue.smods.ru/archives/79577","Ethnicities & Portraits Expanded","65","False","29 Jun, 2021 at 15:48 UTC","2021-06-29 15:48","True","https://modsbase.com/gv4756s9tvrm/2507209632_Ethnicities___Portraits_Expanded.zip.html","2026","db75494493b5b79743d8e5c531e5d14cac460488066eff00664c404a4f75cbd1","False"
"2507209632|66","Ethnicities-and-Portraits-Expanded","EPE","2507209632","79577","https://catalogue.smods.ru/archives/79577","Ethnicities & Portraits Expanded","66","False","23 Jun, 2021 at 04:48 UTC","2021-06-23 04:48","True","https://modsbase.com/cic1bepymbd6/2507209632_Ethnicities___Portraits_Expanded.zip.html","2026","db75494493b5b79743d8e5c531e5d14cac460488066eff00664c404a4f75cbd1","False"
"2507209632|67","Ethnicities-and-Portraits-Expanded","EPE","2507209632","79577","https://catalogue.smods.ru/archives/79577","Ethnicities & Portraits Expanded","67","False","7 Jun, 2021 at 09:03 UTC","2021-06-07 09:03","True","https://modsbase.com/cf7lugs3o1x1/2507209632_Ethnicities_and_Portraits_Expanded.zip.html","2026","db75494493b5b79743d8e5c531e5d14cac460488066eff00664c404a4f75cbd1","False"
"2507209632|68","Ethnicities-and-Portraits-Expanded","EPE","2507209632","79577","https://catalogue.smods.ru/archives/79577","Ethnicities & Portraits Expanded","68","False","4 Jun, 2021 at 15:32 UTC","2021-06-04 15:32","True","https://modsbase.com/222mn0tpjxes/2507209632_Ethnicities_and_Portraits_Expanded.zip.html","2026","db75494493b5b79743d8e5c531e5d14cac460488066eff00664c404a4f75cbd1","False"
"2543865921|1","MBP-EPE-CFP","MBP-EPE-CFP","2543865921","88794","https://catalogue.smods.ru/archives/88794","MB + EPE/CFP","1","True","1 May at 18:37 UTC","2026-05-01 18:37","True","https://modsbase.com/nszpm9904rg5/2543865921_MB___EPE_CFP.zip.html","2026","559ef22d8cdf13949a93266a8d79e994231db5ba72913c3eefbcdf14e730aeb3","False"
"2543865921|2","MBP-EPE-CFP","MBP-EPE-CFP","2543865921","88794","https://catalogue.smods.ru/archives/88794","MB + EPE/CFP","2","False","30 Mar at 21:20 UTC","2026-03-30 21:20","True","https://modsbase.com/oq41m5buhi4s/2543865921_MB___EPE_CFP.zip.html","2026","559ef22d8cdf13949a93266a8d79e994231db5ba72913c3eefbcdf14e730aeb3","False"
"2543865921|3","MBP-EPE-CFP","MBP-EPE-CFP","2543865921","88794","https://catalogue.smods.ru/archives/88794","MB + EPE/CFP","3","False","13 Mar at 04:46 UTC","2026-03-13 04:46","True","https://modsbase.com/8cvmt9250w77/2543865921_MB___EPE_CFP.zip.html","2026","559ef22d8cdf13949a93266a8d79e994231db5ba72913c3eefbcdf14e730aeb3","False"
"2543865921|4","MBP-EPE-CFP","MBP-EPE-CFP","2543865921","88794","https://catalogue.smods.ru/archives/88794","MB + EPE/CFP","4","False","26 Feb at 23:29 UTC","2026-02-26 23:29","True","https://modsbase.com/8oanz0j72j81/2543865921_MB___EPE_CFP.zip.html","2026","559ef22d8cdf13949a93266a8d79e994231db5ba72913c3eefbcdf14e730aeb3","False"
"2543865921|5","MBP-EPE-CFP","MBP-EPE-CFP","2543865921","88794","https://catalogue.smods.ru/archives/88794","MB + EPE/CFP","5","False","12 Dec, 2025 at 15:03 UTC","2025-12-12 15:03","True","https://modsbase.com/wafccncwf04f/2543865921_MB___EPE_CFP.zip.html","2026","559ef22d8cdf13949a93266a8d79e994231db5ba72913c3eefbcdf14e730aeb3","False"
"2543865921|6","MBP-EPE-CFP","MBP-EPE-CFP","2543865921","88794","https://catalogue.smods.ru/archives/88794","MB + EPE/CFP","6","False","8 Dec, 2025 at 21:15 UTC","2025-12-08 21:15","True","https://modsbase.com/iqde36jbnep8/2543865921_MB___EPE_CFP.zip.html","2026","559ef22d8cdf13949a93266a8d79e994231db5ba72913c3eefbcdf14e730aeb3","False"
"2543865921|7","MBP-EPE-CFP","MBP-EPE-CFP","2543865921","88794","https://catalogue.smods.ru/archives/88794","MB + EPE/CFP","7","False","7 Dec, 2025 at 23:08 UTC","2025-12-07 23:08","True","https://modsbase.com/6y5yu1z9zghn/2543865921_MB___EPE_CFP.zip.html","2026","559ef22d8cdf13949a93266a8d79e994231db5ba72913c3eefbcdf14e730aeb3","False"
"2543865921|8","MBP-EPE-CFP","MBP-EPE-CFP","2543865921","88794","https://catalogue.smods.ru/archives/88794","MB + EPE/CFP","8","False","18 Sep, 2025 at 02:30 UTC","2025-09-18 02:30","True","https://modsbase.com/cyd1xa334ctl/2543865921_MB___EPE_CFP.zip.html","2026","559ef22d8cdf13949a93266a8d79e994231db5ba72913c3eefbcdf14e730aeb3","False"
"2543865921|9","MBP-EPE-CFP","MBP-EPE-CFP","2543865921","88794","https://catalogue.smods.ru/archives/88794","MB + EPE/CFP","9","False","7 Jul, 2025 at 00:54 UTC","2025-07-07 00:54","True","https://modsbase.com/xv732dxs38ck/2543865921_MB___EPE_CFP.zip.html","2026","559ef22d8cdf13949a93266a8d79e994231db5ba72913c3eefbcdf14e730aeb3","False"
"2543865921|10","MBP-EPE-CFP","MBP-EPE-CFP","2543865921","88794","https://catalogue.smods.ru/archives/88794","MB + EPE/CFP","10","False","11 Jun, 2025 at 22:42 UTC","2025-06-11 22:42","True","https://modsbase.com/4y2k98fjl5cb/2543865921_MB___EPE_CFP.zip.html","2026","559ef22d8cdf13949a93266a8d79e994231db5ba72913c3eefbcdf14e730aeb3","False"
"2543865921|11","MBP-EPE-CFP","MBP-EPE-CFP","2543865921","88794","https://catalogue.smods.ru/archives/88794","MB + EPE/CFP","11","False","2 Jun, 2025 at 02:24 UTC","2025-06-02 02:24","True","https://modsbase.com/rnc4g7pb4vqy/2543865921_MB___EPE_CFP.zip.html","2026","559ef22d8cdf13949a93266a8d79e994231db5ba72913c3eefbcdf14e730aeb3","False"
"2543865921|12","MBP-EPE-CFP","MBP-EPE-CFP","2543865921","88794","https://catalogue.smods.ru/archives/88794","MB + EPE/CFP","12","False","25 May, 2025 at 16:16 UTC","2025-05-25 16:16","True","https://modsbase.com/zqz8eg9skx7o/2543865921_MB___EPE_CFP.zip.html","2026","559ef22d8cdf13949a93266a8d79e994231db5ba72913c3eefbcdf14e730aeb3","False"
"2543865921|13","MBP-EPE-CFP","MBP-EPE-CFP","2543865921","88794","https://catalogue.smods.ru/archives/88794","MB + EPE/CFP","13","False","5 Apr, 2025 at 22:20 UTC","2025-04-05 22:20","True","https://modsbase.com/0lwyebidaxw7/2543865921_MB___EPE_CFP.zip.html","2026","559ef22d8cdf13949a93266a8d79e994231db5ba72913c3eefbcdf14e730aeb3","False"
"2543865921|14","MBP-EPE-CFP","MBP-EPE-CFP","2543865921","88794","https://catalogue.smods.ru/archives/88794","MB + EPE/CFP","14","False","30 Mar, 2025 at 05:46 UTC","2025-03-30 05:46","True","https://modsbase.com/6xumo972otvy/2543865921_MB___EPE_CFP.zip.html","2026","559ef22d8cdf13949a93266a8d79e994231db5ba72913c3eefbcdf14e730aeb3","False"
"2543865921|15","MBP-EPE-CFP","MBP-EPE-CFP","2543865921","88794","https://catalogue.smods.ru/archives/88794","MB + EPE/CFP","15","False","9 Mar, 2025 at 23:11 UTC","2025-03-09 23:11","True","https://modsbase.com/kiw8kvd917yo/2543865921_MB___EPE_CFP.zip.html","2026","559ef22d8cdf13949a93266a8d79e994231db5ba72913c3eefbcdf14e730aeb3","False"
"2543865921|16","MBP-EPE-CFP","MBP-EPE-CFP","2543865921","88794","https://catalogue.smods.ru/archives/88794","MB + EPE/CFP","16","False","3 Mar, 2025 at 05:31 UTC","2025-03-03 05:31","True","https://modsbase.com/8iriv3hdc8be/2543865921_MB___EPE_CFP.zip.html","2026","559ef22d8cdf13949a93266a8d79e994231db5ba72913c3eefbcdf14e730aeb3","False"
"2543865921|17","MBP-EPE-CFP","MBP-EPE-CFP","2543865921","88794","https://catalogue.smods.ru/archives/88794","MB + EPE/CFP","17","False","28 Feb, 2025 at 04:39 UTC","2025-02-28 04:39","True","https://modsbase.com/3hduokrakau5/2543865921_MB___EPE_CFP.zip.html","2026","559ef22d8cdf13949a93266a8d79e994231db5ba72913c3eefbcdf14e730aeb3","False"
"2543865921|18","MBP-EPE-CFP","MBP-EPE-CFP","2543865921","88794","https://catalogue.smods.ru/archives/88794","MB + EPE/CFP","18","False","17 Feb, 2025 at 07:09 UTC","2025-02-17 07:09","True","https://modsbase.com/l273t0at3puw/2543865921_MB___EPE_CFP.zip.html","2026","559ef22d8cdf13949a93266a8d79e994231db5ba72913c3eefbcdf14e730aeb3","False"
"2543865921|19","MBP-EPE-CFP","MBP-EPE-CFP","2543865921","88794","https://catalogue.smods.ru/archives/88794","MB + EPE/CFP","19","False","21 Jan, 2025 at 14:02 UTC","2025-01-21 14:02","True","https://modsbase.com/rxd5s6x3c4tp/2543865921_MB___EPE_CFP.zip.html","2026","559ef22d8cdf13949a93266a8d79e994231db5ba72913c3eefbcdf14e730aeb3","False"
"2543865921|20","MBP-EPE-CFP","MBP-EPE-CFP","2543865921","88794","https://catalogue.smods.ru/archives/88794","MB + EPE/CFP","20","False","15 Jan, 2025 at 22:06 UTC","2025-01-15 22:06","True","https://modsbase.com/ewjq6c3uq6o3/2543865921_MB___EPE_CFP.zip.html","2026","559ef22d8cdf13949a93266a8d79e994231db5ba72913c3eefbcdf14e730aeb3","False"
"2543865921|21","MBP-EPE-CFP","MBP-EPE-CFP","2543865921","88794","https://catalogue.smods.ru/archives/88794","MB + EPE/CFP","21","False","6 Jan, 2025 at 00:48 UTC","2025-01-06 00:48","True","https://modsbase.com/dsndtsv27nsg/2543865921_MB___EPE_CFP.zip.html","2026","559ef22d8cdf13949a93266a8d79e994231db5ba72913c3eefbcdf14e730aeb3","False"
"2543865921|22","MBP-EPE-CFP","MBP-EPE-CFP","2543865921","88794","https://catalogue.smods.ru/archives/88794","MB + EPE/CFP","22","False","2 Jan, 2025 at 03:55 UTC","2025-01-02 03:55","True","https://modsbase.com/ymdemnfumiaq/2543865921_MB___EPE_CFP.zip.html","2026","559ef22d8cdf13949a93266a8d79e994231db5ba72913c3eefbcdf14e730aeb3","False"
"2543865921|23","MBP-EPE-CFP","MBP-EPE-CFP","2543865921","88794","https://catalogue.smods.ru/archives/88794","MB + EPE/CFP","23","False","28 Dec, 2024 at 05:59 UTC","2024-12-28 05:59","True","https://modsbase.com/mgftb70mvw2c/2543865921_MB___EPE_CFP.zip.html","2026","559ef22d8cdf13949a93266a8d79e994231db5ba72913c3eefbcdf14e730aeb3","False"
"2543865921|24","MBP-EPE-CFP","MBP-EPE-CFP","2543865921","88794","https://catalogue.smods.ru/archives/88794","MB + EPE/CFP","24","False","19 Dec, 2024 at 00:04 UTC","2024-12-19 00:04","True","https://modsbase.com/o49nplszu7ne/2543865921_MB___EPE_CFP.zip.html","2026","559ef22d8cdf13949a93266a8d79e994231db5ba72913c3eefbcdf14e730aeb3","False"
"2543865921|25","MBP-EPE-CFP","MBP-EPE-CFP","2543865921","88794","https://catalogue.smods.ru/archives/88794","MB + EPE/CFP","25","False","9 Dec, 2024 at 23:16 UTC","2024-12-09 23:16","True","https://modsbase.com/lgkvidjn4ruf/2543865921_MB___EPE_CFP.zip.html","2026","559ef22d8cdf13949a93266a8d79e994231db5ba72913c3eefbcdf14e730aeb3","False"
"2543865921|26","MBP-EPE-CFP","MBP-EPE-CFP","2543865921","88794","https://catalogue.smods.ru/archives/88794","MB + EPE/CFP","26","False","13 Sep, 2024 at 13:43 UTC","2024-09-13 13:43","True","https://modsbase.com/hjlca7tnsomn/2543865921_MB___EPE_CFP.zip.html","2026","559ef22d8cdf13949a93266a8d79e994231db5ba72913c3eefbcdf14e730aeb3","False"
"2543865921|27","MBP-EPE-CFP","MBP-EPE-CFP","2543865921","88794","https://catalogue.smods.ru/archives/88794","MB + EPE/CFP","27","False","30 Jul, 2024 at 15:49 UTC","2024-07-30 15:49","True","https://modsbase.com/xvt4b60y1f8n/2543865921_MB___EPE_CFP.zip.html","2026","559ef22d8cdf13949a93266a8d79e994231db5ba72913c3eefbcdf14e730aeb3","False"
"2543865921|28","MBP-EPE-CFP","MBP-EPE-CFP","2543865921","88794","https://catalogue.smods.ru/archives/88794","MB + EPE/CFP","28","False","21 Jun, 2024 at 01:07 UTC","2024-06-21 01:07","True","https://modsbase.com/4uakuaduew6c/2543865921_MB___EPE_CFP.zip.html","2026","559ef22d8cdf13949a93266a8d79e994231db5ba72913c3eefbcdf14e730aeb3","False"
"2543865921|29","MBP-EPE-CFP","MBP-EPE-CFP","2543865921","88794","https://catalogue.smods.ru/archives/88794","MB + EPE/CFP","29","False","13 Jun, 2024 at 00:25 UTC","2024-06-13 00:25","True","https://modsbase.com/2csizirledt5/2543865921_MB___EPE_CFP.zip.html","2026","559ef22d8cdf13949a93266a8d79e994231db5ba72913c3eefbcdf14e730aeb3","False"
"2543865921|30","MBP-EPE-CFP","MBP-EPE-CFP","2543865921","88794","https://catalogue.smods.ru/archives/88794","MB + EPE/CFP","30","False","25 May, 2024 at 06:48 UTC","2024-05-25 06:48","True","https://modsbase.com/aosrpscyegki/2543865921_MB___EPE_CFP.zip.html","2026","559ef22d8cdf13949a93266a8d79e994231db5ba72913c3eefbcdf14e730aeb3","False"
"2543865921|31","MBP-EPE-CFP","MBP-EPE-CFP","2543865921","88794","https://catalogue.smods.ru/archives/88794","MB + EPE/CFP","31","False","15 May, 2024 at 05:06 UTC","2024-05-15 05:06","True","https://modsbase.com/o1k2e8bdbypi/2543865921_MB___EPE_CFP.zip.html","2026","559ef22d8cdf13949a93266a8d79e994231db5ba72913c3eefbcdf14e730aeb3","False"
"2543865921|32","MBP-EPE-CFP","MBP-EPE-CFP","2543865921","88794","https://catalogue.smods.ru/archives/88794","MB + EPE/CFP","32","False","9 May, 2024 at 02:17 UTC","2024-05-09 02:17","True","https://modsbase.com/419j9l3zoqdm/2543865921_MB___EPE_CFP.zip.html","2026","559ef22d8cdf13949a93266a8d79e994231db5ba72913c3eefbcdf14e730aeb3","False"
"2543865921|33","MBP-EPE-CFP","MBP-EPE-CFP","2543865921","88794","https://catalogue.smods.ru/archives/88794","MB + EPE/CFP","33","False","4 May, 2024 at 03:14 UTC","2024-05-04 03:14","True","https://modsbase.com/6r77utge35p2/2543865921_MB___EPE_CFP.zip.html","2026","559ef22d8cdf13949a93266a8d79e994231db5ba72913c3eefbcdf14e730aeb3","False"
"2543865921|34","MBP-EPE-CFP","MBP-EPE-CFP","2543865921","88794","https://catalogue.smods.ru/archives/88794","MB + EPE/CFP","34","False","18 Apr, 2024 at 19:24 UTC","2024-04-18 19:24","True","https://modsbase.com/gd28c4cnao1o/2543865921_MB___EPE_CFP.zip.html","2026","559ef22d8cdf13949a93266a8d79e994231db5ba72913c3eefbcdf14e730aeb3","False"
"2543865921|35","MBP-EPE-CFP","MBP-EPE-CFP","2543865921","88794","https://catalogue.smods.ru/archives/88794","MB + EPE/CFP","35","False","10 Apr, 2024 at 02:40 UTC","2024-04-10 02:40","True","https://modsbase.com/tt05374z4hzh/2543865921_MB___EPE_CFP.zip.html","2026","559ef22d8cdf13949a93266a8d79e994231db5ba72913c3eefbcdf14e730aeb3","False"
"2543865921|36","MBP-EPE-CFP","MBP-EPE-CFP","2543865921","88794","https://catalogue.smods.ru/archives/88794","MB + EPE/CFP","36","False","1 Apr, 2024 at 21:17 UTC","2024-04-01 21:17","True","https://modsbase.com/57vjoijzd4lb/2543865921_MB___EPE_CFP.zip.html","2026","559ef22d8cdf13949a93266a8d79e994231db5ba72913c3eefbcdf14e730aeb3","False"
"2543865921|37","MBP-EPE-CFP","MBP-EPE-CFP","2543865921","88794","https://catalogue.smods.ru/archives/88794","MB + EPE/CFP","37","False","31 Mar, 2024 at 02:15 UTC","2024-03-31 02:15","True","https://modsbase.com/j53v57h4gdpg/2543865921_MB___EPE_CFP.zip.html","2026","559ef22d8cdf13949a93266a8d79e994231db5ba72913c3eefbcdf14e730aeb3","False"
"2543865921|38","MBP-EPE-CFP","MBP-EPE-CFP","2543865921","88794","https://catalogue.smods.ru/archives/88794","MB + EPE/CFP","38","False","22 Mar, 2024 at 09:46 UTC","2024-03-22 09:46","True","https://modsbase.com/of34svc4judp/2543865921_MB___EPE_CFP.zip.html","2026","559ef22d8cdf13949a93266a8d79e994231db5ba72913c3eefbcdf14e730aeb3","False"
"2543865921|39","MBP-EPE-CFP","MBP-EPE-CFP","2543865921","88794","https://catalogue.smods.ru/archives/88794","MB + EPE/CFP","39","False","16 Mar, 2024 at 19:26 UTC","2024-03-16 19:26","True","https://modsbase.com/973tmtt9wi2q/2543865921_MB___EPE_CFP.zip.html","2026","559ef22d8cdf13949a93266a8d79e994231db5ba72913c3eefbcdf14e730aeb3","False"
"2543865921|40","MBP-EPE-CFP","MBP-EPE-CFP","2543865921","88794","https://catalogue.smods.ru/archives/88794","MB + EPE/CFP","40","False","12 Mar, 2024 at 01:37 UTC","2024-03-12 01:37","True","https://modsbase.com/b876plj6e2fd/2543865921_MB___EPE_CFP.zip.html","2026","559ef22d8cdf13949a93266a8d79e994231db5ba72913c3eefbcdf14e730aeb3","False"
"2543865921|41","MBP-EPE-CFP","MBP-EPE-CFP","2543865921","88794","https://catalogue.smods.ru/archives/88794","MB + EPE/CFP","41","False","21 Feb, 2024 at 09:16 UTC","2024-02-21 09:16","True","https://modsbase.com/kolg8efl0mzg/2543865921_MB___EPE_CFP.zip.html","2026","559ef22d8cdf13949a93266a8d79e994231db5ba72913c3eefbcdf14e730aeb3","False"
"2543865921|42","MBP-EPE-CFP","MBP-EPE-CFP","2543865921","88794","https://catalogue.smods.ru/archives/88794","MB + EPE/CFP","42","False","10 Feb, 2024 at 20:03 UTC","2024-02-10 20:03","True","https://modsbase.com/z4l07gndhvxs/2543865921_MB___EPE_CFP.zip.html","2026","559ef22d8cdf13949a93266a8d79e994231db5ba72913c3eefbcdf14e730aeb3","False"
"2543865921|43","MBP-EPE-CFP","MBP-EPE-CFP","2543865921","88794","https://catalogue.smods.ru/archives/88794","MB + EPE/CFP","43","False","15 Jan, 2024 at 22:04 UTC","2024-01-15 22:04","True","https://modsbase.com/s15i697gr1qb/2543865921_MB___EPE_CFP.zip.html","2026","559ef22d8cdf13949a93266a8d79e994231db5ba72913c3eefbcdf14e730aeb3","False"
"2543865921|44","MBP-EPE-CFP","MBP-EPE-CFP","2543865921","88794","https://catalogue.smods.ru/archives/88794","MB + EPE/CFP","44","False","11 Dec, 2023 at 07:28 UTC","2023-12-11 07:28","True","https://modsbase.com/z1fthw06fs65/2543865921_MB___EPE_CFP.zip.html","2026","559ef22d8cdf13949a93266a8d79e994231db5ba72913c3eefbcdf14e730aeb3","False"
"2543865921|45","MBP-EPE-CFP","MBP-EPE-CFP","2543865921","88794","https://catalogue.smods.ru/archives/88794","MB + EPE/CFP","45","False","5 Dec, 2023 at 07:37 UTC","2023-12-05 07:37","True","https://modsbase.com/6e5z7vt01m1s/2543865921_MB___EPE_CFP.zip.html","2026","559ef22d8cdf13949a93266a8d79e994231db5ba72913c3eefbcdf14e730aeb3","False"
"2543865921|46","MBP-EPE-CFP","MBP-EPE-CFP","2543865921","88794","https://catalogue.smods.ru/archives/88794","MB + EPE/CFP","46","False","26 Nov, 2023 at 01:41 UTC","2023-11-26 01:41","True","https://modsbase.com/ctrhc1mlwa24/2543865921_MB___EPE_CFP.zip.html","2026","559ef22d8cdf13949a93266a8d79e994231db5ba72913c3eefbcdf14e730aeb3","False"
"2543865921|47","MBP-EPE-CFP","MBP-EPE-CFP","2543865921","88794","https://catalogue.smods.ru/archives/88794","MB + EPE/CFP","47","False","21 Nov, 2023 at 23:17 UTC","2023-11-21 23:17","True","https://modsbase.com/uwsrgpxcc7qp/2543865921_MB___EPE_CFP.zip.html","2026","559ef22d8cdf13949a93266a8d79e994231db5ba72913c3eefbcdf14e730aeb3","False"
"2543865921|48","MBP-EPE-CFP","MBP-EPE-CFP","2543865921","88794","https://catalogue.smods.ru/archives/88794","MB + EPE/CFP","48","False","23 Oct, 2023 at 19:40 UTC","2023-10-23 19:40","True","https://modsbase.com/jl9343caqzin/2543865921_MB___EPE_CFP.zip.html","2026","559ef22d8cdf13949a93266a8d79e994231db5ba72913c3eefbcdf14e730aeb3","False"
"2543865921|49","MBP-EPE-CFP","MBP-EPE-CFP","2543865921","88794","https://catalogue.smods.ru/archives/88794","MB + EPE/CFP","49","False","16 Oct, 2023 at 03:08 UTC","2023-10-16 03:08","True","https://modsbase.com/eqlb8zwgm0s9/2543865921_MB___EPE_CFP.zip.html","2026","559ef22d8cdf13949a93266a8d79e994231db5ba72913c3eefbcdf14e730aeb3","False"
"2543865921|50","MBP-EPE-CFP","MBP-EPE-CFP","2543865921","88794","https://catalogue.smods.ru/archives/88794","MB + EPE/CFP","50","False","5 Oct, 2023 at 01:41 UTC","2023-10-05 01:41","True","https://modsbase.com/gnitsdzj9cga/2543865921_MB___EPE_CFP.zip.html","2026","559ef22d8cdf13949a93266a8d79e994231db5ba72913c3eefbcdf14e730aeb3","False"
"2543865921|51","MBP-EPE-CFP","MBP-EPE-CFP","2543865921","88794","https://catalogue.smods.ru/archives/88794","MB + EPE/CFP","51","False","29 Sep, 2023 at 05:14 UTC","2023-09-29 05:14","True","https://modsbase.com/fedcoiyb7jti/2543865921_MB___EPE_CFP_Compatch.zip.html","2026","559ef22d8cdf13949a93266a8d79e994231db5ba72913c3eefbcdf14e730aeb3","False"
"2543865921|52","MBP-EPE-CFP","MBP-EPE-CFP","2543865921","88794","https://catalogue.smods.ru/archives/88794","MB + EPE/CFP","52","False","22 Aug, 2023 at 21:23 UTC","2023-08-22 21:23","True","https://modsbase.com/279jodo8s9yp/2543865921_MB___EPE_CFP_Compatch.zip.html","2026","559ef22d8cdf13949a93266a8d79e994231db5ba72913c3eefbcdf14e730aeb3","False"
"2543865921|53","MBP-EPE-CFP","MBP-EPE-CFP","2543865921","88794","https://catalogue.smods.ru/archives/88794","MB + EPE/CFP","53","False","7 Aug, 2023 at 17:38 UTC","2023-08-07 17:38","True","https://modsbase.com/owsupvro0i7h/2543865921_MB___EPE_CFP_Compatch.zip.html","2026","559ef22d8cdf13949a93266a8d79e994231db5ba72913c3eefbcdf14e730aeb3","False"
"2543865921|54","MBP-EPE-CFP","MBP-EPE-CFP","2543865921","88794","https://catalogue.smods.ru/archives/88794","MB + EPE/CFP","54","False","6 Aug, 2023 at 02:24 UTC","2023-08-06 02:24","True","https://modsbase.com/3v74j1ci1jly/2543865921_MB___EPE_CFP_Compatch.zip.html","2026","559ef22d8cdf13949a93266a8d79e994231db5ba72913c3eefbcdf14e730aeb3","False"
"2543865921|55","MBP-EPE-CFP","MBP-EPE-CFP","2543865921","88794","https://catalogue.smods.ru/archives/88794","MB + EPE/CFP","55","False","2 Aug, 2023 at 22:07 UTC","2023-08-02 22:07","True","https://modsbase.com/pn4qkgfxwl9j/2543865921_MB___EPE_CFP_Compatch.zip.html","2026","559ef22d8cdf13949a93266a8d79e994231db5ba72913c3eefbcdf14e730aeb3","False"
"2543865921|56","MBP-EPE-CFP","MBP-EPE-CFP","2543865921","88794","https://catalogue.smods.ru/archives/88794","MB + EPE/CFP","56","False","29 Jul, 2023 at 17:07 UTC","2023-07-29 17:07","True","https://modsbase.com/cq20c26r0c9e/2543865921_MB___EPE_CFP_Compatch.zip.html","2026","559ef22d8cdf13949a93266a8d79e994231db5ba72913c3eefbcdf14e730aeb3","False"
"2543865921|57","MBP-EPE-CFP","MBP-EPE-CFP","2543865921","88794","https://catalogue.smods.ru/archives/88794","MB + EPE/CFP","57","False","24 Jul, 2023 at 18:25 UTC","2023-07-24 18:25","True","https://modsbase.com/j2ucdubkhts1/2543865921_MB___EPE_CFP_Compatch.zip.html","2026","559ef22d8cdf13949a93266a8d79e994231db5ba72913c3eefbcdf14e730aeb3","False"
"2543865921|58","MBP-EPE-CFP","MBP-EPE-CFP","2543865921","88794","https://catalogue.smods.ru/archives/88794","MB + EPE/CFP","58","False","21 Jul, 2023 at 04:36 UTC","2023-07-21 04:36","True","https://modsbase.com/lkyg5l5rszqw/2543865921_MB___EPE_CFP_Compatch.zip.html","2026","559ef22d8cdf13949a93266a8d79e994231db5ba72913c3eefbcdf14e730aeb3","False"
"2543865921|59","MBP-EPE-CFP","MBP-EPE-CFP","2543865921","88794","https://catalogue.smods.ru/archives/88794","MB + EPE/CFP","59","False","18 Apr, 2023 at 00:13 UTC","2023-04-18 00:13","True","https://modsbase.com/55ze8jslt93w/2543865921_EPE_CFP_MB_Compatch.zip.html","2026","559ef22d8cdf13949a93266a8d79e994231db5ba72913c3eefbcdf14e730aeb3","False"
"2543865921|60","MBP-EPE-CFP","MBP-EPE-CFP","2543865921","88794","https://catalogue.smods.ru/archives/88794","MB + EPE/CFP","60","False","16 Mar, 2023 at 00:51 UTC","2023-03-16 00:51","True","https://modsbase.com/ushy4x54wtwl/2543865921_EPE_CFP_MB_Compatch.zip.html","2026","559ef22d8cdf13949a93266a8d79e994231db5ba72913c3eefbcdf14e730aeb3","False"
"2543865921|61","MBP-EPE-CFP","MBP-EPE-CFP","2543865921","88794","https://catalogue.smods.ru/archives/88794","MB + EPE/CFP","61","False","13 Mar, 2023 at 02:15 UTC","2023-03-13 02:15","True","https://modsbase.com/wyg3awtjqcft/2543865921_EPE_CFP_MB_Compatch.zip.html","2026","559ef22d8cdf13949a93266a8d79e994231db5ba72913c3eefbcdf14e730aeb3","False"
"2543865921|62","MBP-EPE-CFP","MBP-EPE-CFP","2543865921","88794","https://catalogue.smods.ru/archives/88794","MB + EPE/CFP","62","False","6 Mar, 2023 at 04:36 UTC","2023-03-06 04:36","True","https://modsbase.com/m6gpfd3nwq1c/2543865921_EPE_CFP_MB_Compatch.zip.html","2026","559ef22d8cdf13949a93266a8d79e994231db5ba72913c3eefbcdf14e730aeb3","False"
"2543865921|63","MBP-EPE-CFP","MBP-EPE-CFP","2543865921","88794","https://catalogue.smods.ru/archives/88794","MB + EPE/CFP","63","False","5 Feb, 2023 at 04:06 UTC","2023-02-05 04:06","True","https://modsbase.com/o7guoabxo2f5/2543865921_EPE_CFP_MB_Compatch.zip.html","2026","559ef22d8cdf13949a93266a8d79e994231db5ba72913c3eefbcdf14e730aeb3","False"
"2543865921|64","MBP-EPE-CFP","MBP-EPE-CFP","2543865921","88794","https://catalogue.smods.ru/archives/88794","MB + EPE/CFP","64","False","22 Jan, 2023 at 03:37 UTC","2023-01-22 03:37","True","https://modsbase.com/nu3ajuaxerqj/2543865921_EPE_CFP_MB_Compatch.zip.html","2026","559ef22d8cdf13949a93266a8d79e994231db5ba72913c3eefbcdf14e730aeb3","False"
"2543865921|65","MBP-EPE-CFP","MBP-EPE-CFP","2543865921","88794","https://catalogue.smods.ru/archives/88794","MB + EPE/CFP","65","False","14 Jan, 2023 at 07:32 UTC","2023-01-14 07:32","True","https://modsbase.com/0dglero2zq8n/2543865921_EPE_CFP_MB_Compatch.zip.html","2026","559ef22d8cdf13949a93266a8d79e994231db5ba72913c3eefbcdf14e730aeb3","False"
"2543865921|66","MBP-EPE-CFP","MBP-EPE-CFP","2543865921","88794","https://catalogue.smods.ru/archives/88794","MB + EPE/CFP","66","False","13 Dec, 2022 at 20:48 UTC","2022-12-13 20:48","True","https://modsbase.com/htr5vacj9a1d/2543865921_EPE_CFP_MB_Compatch.zip.html","2026","559ef22d8cdf13949a93266a8d79e994231db5ba72913c3eefbcdf14e730aeb3","False"
"2543865921|67","MBP-EPE-CFP","MBP-EPE-CFP","2543865921","88794","https://catalogue.smods.ru/archives/88794","MB + EPE/CFP","67","False","3 Dec, 2022 at 20:38 UTC","2022-12-03 20:38","True","https://modsbase.com/78kdgg0fldp2/2543865921_EPE_CFP_MB_Compatch.zip.html","2026","559ef22d8cdf13949a93266a8d79e994231db5ba72913c3eefbcdf14e730aeb3","False"
"2543865921|68","MBP-EPE-CFP","MBP-EPE-CFP","2543865921","88794","https://catalogue.smods.ru/archives/88794","MB + EPE/CFP","68","False","29 Sep, 2022 at 16:55 UTC","2022-09-29 16:55","True","https://modsbase.com/qa841e6ww60u/2543865921_EPE_CFP_MB_Compatch.zip.html","2026","559ef22d8cdf13949a93266a8d79e994231db5ba72913c3eefbcdf14e730aeb3","False"
"2543865921|69","MBP-EPE-CFP","MBP-EPE-CFP","2543865921","88794","https://catalogue.smods.ru/archives/88794","MB + EPE/CFP","69","False","22 Sep, 2022 at 22:33 UTC","2022-09-22 22:33","True","https://modsbase.com/lp9ob3447vef/2543865921_EPE_CFP_MB_Compatch.zip.html","2026","559ef22d8cdf13949a93266a8d79e994231db5ba72913c3eefbcdf14e730aeb3","False"
"2543865921|70","MBP-EPE-CFP","MBP-EPE-CFP","2543865921","88794","https://catalogue.smods.ru/archives/88794","MB + EPE/CFP","70","False","18 Sep, 2022 at 09:13 UTC","2022-09-18 09:13","True","https://modsbase.com/copvyj1r6fty/2543865921_EPE_CFP_MB_Compatch.zip.html","2026","559ef22d8cdf13949a93266a8d79e994231db5ba72913c3eefbcdf14e730aeb3","False"
"2543865921|71","MBP-EPE-CFP","MBP-EPE-CFP","2543865921","88794","https://catalogue.smods.ru/archives/88794","MB + EPE/CFP","71","False","16 Sep, 2022 at 01:21 UTC","2022-09-16 01:21","True","https://modsbase.com/e5dt28zrsh50/2543865921_EPE_CFP_MB_Compatch.zip.html","2026","559ef22d8cdf13949a93266a8d79e994231db5ba72913c3eefbcdf14e730aeb3","False"
"2543865921|72","MBP-EPE-CFP","MBP-EPE-CFP","2543865921","88794","https://catalogue.smods.ru/archives/88794","MB + EPE/CFP","72","False","12 Sep, 2022 at 01:22 UTC","2022-09-12 01:22","True","https://modsbase.com/av59bmnggllq/2543865921_EPE_CFP_MB_Compatch.zip.html","2026","559ef22d8cdf13949a93266a8d79e994231db5ba72913c3eefbcdf14e730aeb3","False"
"2543865921|73","MBP-EPE-CFP","MBP-EPE-CFP","2543865921","88794","https://catalogue.smods.ru/archives/88794","MB + EPE/CFP","73","False","9 Sep, 2022 at 09:23 UTC","2022-09-09 09:23","True","https://modsbase.com/1io6vtwrm648/2543865921_EPE_CFP_MB_Compatch.zip.html","2026","559ef22d8cdf13949a93266a8d79e994231db5ba72913c3eefbcdf14e730aeb3","False"
"2543865921|74","MBP-EPE-CFP","MBP-EPE-CFP","2543865921","88794","https://catalogue.smods.ru/archives/88794","MB + EPE/CFP","74","False","29 Jul, 2022 at 02:08 UTC","2022-07-29 02:08","True","https://modsbase.com/f558jqrsb0te/2543865921_EPE_CFP_MB_Compatch.zip.html","2026","559ef22d8cdf13949a93266a8d79e994231db5ba72913c3eefbcdf14e730aeb3","False"
"2543865921|75","MBP-EPE-CFP","MBP-EPE-CFP","2543865921","88794","https://catalogue.smods.ru/archives/88794","MB + EPE/CFP","75","False","12 Jul, 2022 at 19:43 UTC","2022-07-12 19:43","True","https://modsbase.com/vhnx19pe5wsj/2543865921_EPE_CFP_MB_Compatch.zip.html","2026","559ef22d8cdf13949a93266a8d79e994231db5ba72913c3eefbcdf14e730aeb3","False"
"2543865921|76","MBP-EPE-CFP","MBP-EPE-CFP","2543865921","88794","https://catalogue.smods.ru/archives/88794","MB + EPE/CFP","76","False","7 Jul, 2022 at 19:27 UTC","2022-07-07 19:27","True","https://modsbase.com/6qlixcorj5al/2543865921_EPE_CFP_MB_Compatch.zip.html","2026","559ef22d8cdf13949a93266a8d79e994231db5ba72913c3eefbcdf14e730aeb3","False"
"2543865921|77","MBP-EPE-CFP","MBP-EPE-CFP","2543865921","88794","https://catalogue.smods.ru/archives/88794","MB + EPE/CFP","77","False","29 Jun, 2022 at 19:54 UTC","2022-06-29 19:54","True","https://modsbase.com/4c37kmf3uanv/2543865921_EPE_CFP_MB_Compatch.zip.html","2026","559ef22d8cdf13949a93266a8d79e994231db5ba72913c3eefbcdf14e730aeb3","False"
"2543865921|78","MBP-EPE-CFP","MBP-EPE-CFP","2543865921","88794","https://catalogue.smods.ru/archives/88794","MB + EPE/CFP","78","False","27 Jun, 2022 at 04:06 UTC","2022-06-27 04:06","True","https://modsbase.com/1wkjxzu0wdyz/2543865921_EPE_CFP_MB_Compatch.zip.html","2026","559ef22d8cdf13949a93266a8d79e994231db5ba72913c3eefbcdf14e730aeb3","False"
"2543865921|79","MBP-EPE-CFP","MBP-EPE-CFP","2543865921","88794","https://catalogue.smods.ru/archives/88794","MB + EPE/CFP","79","False","6 Jun, 2022 at 07:41 UTC","2022-06-06 07:41","True","https://modsbase.com/bwaw2xx0lqwa/2543865921_EPE_CFP_MB_Compatch.zip.html","2026","559ef22d8cdf13949a93266a8d79e994231db5ba72913c3eefbcdf14e730aeb3","False"
"2543865921|80","MBP-EPE-CFP","MBP-EPE-CFP","2543865921","88794","https://catalogue.smods.ru/archives/88794","MB + EPE/CFP","80","False","22 Mar, 2022 at 21:37 UTC","2022-03-22 21:37","True","https://modsbase.com/8izjgpxgt9gv/2543865921_EPE_CFP_MB_Compatch.zip.html","2026","559ef22d8cdf13949a93266a8d79e994231db5ba72913c3eefbcdf14e730aeb3","False"
"2543865921|81","MBP-EPE-CFP","MBP-EPE-CFP","2543865921","88794","https://catalogue.smods.ru/archives/88794","MB + EPE/CFP","81","False","2 Dec, 2021 at 00:39 UTC","2021-12-02 00:39","True","https://modsbase.com/k2nnnoyujyjk/2543865921_EPE_CFP_MB_Compatch.zip.html","2026","559ef22d8cdf13949a93266a8d79e994231db5ba72913c3eefbcdf14e730aeb3","False"
"3268020725|1","MedievalImmersion","MI","3268020725","349431","https://catalogue.smods.ru/archives/349431","MedievalImmersion","1","True","21 Dec, 2025 at 21:27 UTC","2025-12-21 21:27","True","https://modsbase.com/08iss3c64d3k/3268020725_MedievalImmersion.zip.html","2025","be2cdb94dbdafac341cd084e8d3b49106a82431860029441076fe5d30407da7c","False"
"3268020725|2","MedievalImmersion","MI","3268020725","349431","https://catalogue.smods.ru/archives/349431","MedievalImmersion","2","False","28 Nov, 2025 at 01:52 UTC","2025-11-28 01:52","True","https://modsbase.com/8xvb4ymd7o7h/3268020725_MedievalImmersion.zip.html","2025","be2cdb94dbdafac341cd084e8d3b49106a82431860029441076fe5d30407da7c","False"
"3268020725|3","MedievalImmersion","MI","3268020725","349431","https://catalogue.smods.ru/archives/349431","MedievalImmersion","3","False","13 Aug, 2025 at 16:38 UTC","2025-08-13 16:38","True","https://modsbase.com/7mrbzdpui1gf/3268020725_MedievalImmersion.zip.html","2025","be2cdb94dbdafac341cd084e8d3b49106a82431860029441076fe5d30407da7c","False"
"3268020725|4","MedievalImmersion","MI","3268020725","349431","https://catalogue.smods.ru/archives/349431","MedievalImmersion","4","False","27 May, 2025 at 23:23 UTC","2025-05-27 23:23","True","https://modsbase.com/jcvqczjsdsnt/3268020725_MedievalImmersion.zip.html","2025","be2cdb94dbdafac341cd084e8d3b49106a82431860029441076fe5d30407da7c","False"
"3268020725|5","MedievalImmersion","MI","3268020725","349431","https://catalogue.smods.ru/archives/349431","MedievalImmersion","5","False","8 Apr, 2025 at 20:50 UTC","2025-04-08 20:50","True","https://modsbase.com/gogyft6vyl93/3268020725_MedievalImmersion.zip.html","2025","be2cdb94dbdafac341cd084e8d3b49106a82431860029441076fe5d30407da7c","False"
"3726274827|1","MPE","MPE","3726274827","435984","https://catalogue.smods.ru/archives/435984","MPE for AUH -beta","1","True","8 Aug at 02:03 UTC","2026-08-08 02:03","True","https://modsbase.com/58c7zulkmjc4/3726274827_MPE_for_AUH_-beta.zip.html","2026","5e701f459df362b673d5c73c1f25e2a1973fb6643ec6299e24017a740e1f320c","False"
"3726274827|2","MPE","MPE","3726274827","435984","https://catalogue.smods.ru/archives/435984","MPE for AUH -beta","2","False","10 Jul at 07:39 UTC","2026-07-10 07:39","True","https://modsbase.com/ozqvpzck2zeq/3726274827_MPE_for_AUH_-beta.zip.html","2026","5e701f459df362b673d5c73c1f25e2a1973fb6643ec6299e24017a740e1f320c","False"
"3726274827|3","MPE","MPE","3726274827","435984","https://catalogue.smods.ru/archives/435984","MPE for AUH -beta","3","False","18 Jun at 11:31 UTC","2026-06-18 11:31","True","https://modsbase.com/46xvo373hdac/3726274827_MPE_for_AUH_-beta.zip.html","2026","5e701f459df362b673d5c73c1f25e2a1973fb6643ec6299e24017a740e1f320c","False"
"3726274827|4","MPE","MPE","3726274827","435984","https://catalogue.smods.ru/archives/435984","MPE for AUH -beta","4","False","21 May at 05:40 UTC","2026-05-21 05:40","True","https://modsbase.com/ktxf2lhbk3wd/3726274827_MPE_for_AUH_-beta.zip.html","2026","5e701f459df362b673d5c73c1f25e2a1973fb6643ec6299e24017a740e1f320c","False"
"3726274827|5","MPE","MPE","3726274827","435984","https://catalogue.smods.ru/archives/435984","MPE for AUH -beta","5","False","17 May at 09:34 UTC","2026-05-17 09:34","True","https://modsbase.com/fikx718bjfc3/3726274827_MPE_for_AUH_-beta.zip.html","2026","5e701f459df362b673d5c73c1f25e2a1973fb6643ec6299e24017a740e1f320c","False"
"2273832430|1","RICE","RICE","2273832430","69887","https://catalogue.smods.ru/archives/69887","Regional Immersion and Cultural Enrichment (RICE)","1","True","26 Jul at 19:25 UTC","2026-07-26 19:25","True","https://modsbase.com/736skdu5927p/2273832430_Regional_Immersion_and_Cultural_Enrichment___40_RICE__41_.zip.html","2026","777d1f01446f6a865ffb2ce3d56abb5e2133582584428381ccd4b1606300eefd","False"
"2273832430|2","RICE","RICE","2273832430","69887","https://catalogue.smods.ru/archives/69887","Regional Immersion and Cultural Enrichment (RICE)","2","False","10 Jul at 18:40 UTC","2026-07-10 18:40","True","https://modsbase.com/7lseipc8ntnr/2273832430_Regional_Immersion_and_Cultural_Enrichment___40_RICE__41_.zip.html","2026","777d1f01446f6a865ffb2ce3d56abb5e2133582584428381ccd4b1606300eefd","False"
"2273832430|3","RICE","RICE","2273832430","69887","https://catalogue.smods.ru/archives/69887","Regional Immersion and Cultural Enrichment (RICE)","3","False","15 May at 20:16 UTC","2026-05-15 20:16","True","https://modsbase.com/7a326n6huexz/2273832430_Regional_Immersion_and_Cultural_Enrichment___40_RICE__41_.zip.html","2026","777d1f01446f6a865ffb2ce3d56abb5e2133582584428381ccd4b1606300eefd","False"
"2273832430|4","RICE","RICE","2273832430","69887","https://catalogue.smods.ru/archives/69887","Regional Immersion and Cultural Enrichment (RICE)","4","False","2 May at 22:53 UTC","2026-05-02 22:53","True","https://modsbase.com/znh2er7kc3na/2273832430_Regional_Immersion_and_Cultural_Enrichment___40_RICE__41_.zip.html","2026","777d1f01446f6a865ffb2ce3d56abb5e2133582584428381ccd4b1606300eefd","False"
"2273832430|5","RICE","RICE","2273832430","69887","https://catalogue.smods.ru/archives/69887","Regional Immersion and Cultural Enrichment (RICE)","5","False","28 Mar at 17:29 UTC","2026-03-28 17:29","True","https://modsbase.com/8ik6kdbwiiv4/2273832430_Regional_Immersion_and_Cultural_Enrichment___40_RICE__41_.zip.html","2026","777d1f01446f6a865ffb2ce3d56abb5e2133582584428381ccd4b1606300eefd","False"
"2273832430|6","RICE","RICE","2273832430","69887","https://catalogue.smods.ru/archives/69887","Regional Immersion and Cultural Enrichment (RICE)","6","False","10 Feb at 06:48 UTC","2026-02-10 06:48","True","https://modsbase.com/5pri41cwutdm/2273832430_Regional_Immersion_and_Cultural_Enrichment___40_RICE__41_.zip.html","2026","777d1f01446f6a865ffb2ce3d56abb5e2133582584428381ccd4b1606300eefd","False"
"2273832430|7","RICE","RICE","2273832430","69887","https://catalogue.smods.ru/archives/69887","Regional Immersion and Cultural Enrichment (RICE)","7","False","7 Feb at 21:01 UTC","2026-02-07 21:01","True","https://modsbase.com/t58kunxjf7hc/2273832430_Regional_Immersion_and_Cultural_Enrichment___40_RICE__41_.zip.html","2026","777d1f01446f6a865ffb2ce3d56abb5e2133582584428381ccd4b1606300eefd","False"
"2273832430|8","RICE","RICE","2273832430","69887","https://catalogue.smods.ru/archives/69887","Regional Immersion and Cultural Enrichment (RICE)","8","False","2 Feb at 08:04 UTC","2026-02-02 08:04","True","https://modsbase.com/4jhv6hims2uw/2273832430_Regional_Immersion_and_Cultural_Enrichment___40_RICE__41_.zip.html","2026","777d1f01446f6a865ffb2ce3d56abb5e2133582584428381ccd4b1606300eefd","False"
"2273832430|9","RICE","RICE","2273832430","69887","https://catalogue.smods.ru/archives/69887","Regional Immersion and Cultural Enrichment (RICE)","9","False","18 Dec, 2025 at 06:03 UTC","2025-12-18 06:03","True","https://modsbase.com/fkuaotc0iku5/2273832430_Regional_Immersion_and_Cultural_Enrichment___40_RICE__41_.zip.html","2026","777d1f01446f6a865ffb2ce3d56abb5e2133582584428381ccd4b1606300eefd","False"
"2273832430|10","RICE","RICE","2273832430","69887","https://catalogue.smods.ru/archives/69887","Regional Immersion and Cultural Enrichment (RICE)","10","False","14 Dec, 2025 at 06:59 UTC","2025-12-14 06:59","True","https://modsbase.com/d9u67pxcjoiy/2273832430_Regional_Immersion_and_Cultural_Enrichment___40_RICE__41_.zip.html","2026","777d1f01446f6a865ffb2ce3d56abb5e2133582584428381ccd4b1606300eefd","False"
"2273832430|11","RICE","RICE","2273832430","69887","https://catalogue.smods.ru/archives/69887","Regional Immersion and Cultural Enrichment (RICE)","11","False","10 Dec, 2025 at 05:39 UTC","2025-12-10 05:39","True","https://modsbase.com/cugktbuse80e/2273832430_Regional_Immersion_and_Cultural_Enrichment___40_RICE__41_.zip.html","2026","777d1f01446f6a865ffb2ce3d56abb5e2133582584428381ccd4b1606300eefd","False"
"2273832430|12","RICE","RICE","2273832430","69887","https://catalogue.smods.ru/archives/69887","Regional Immersion and Cultural Enrichment (RICE)","12","False","4 Oct, 2025 at 05:34 UTC","2025-10-04 05:34","True","https://modsbase.com/6lg4g75fydf9/2273832430_Regional_Immersion_and_Cultural_Enrichment___40_RICE__41_.zip.html","2026","777d1f01446f6a865ffb2ce3d56abb5e2133582584428381ccd4b1606300eefd","False"
"2273832430|13","RICE","RICE","2273832430","69887","https://catalogue.smods.ru/archives/69887","Regional Immersion and Cultural Enrichment (RICE)","13","False","30 Sep, 2025 at 07:24 UTC","2025-09-30 07:24","True","https://modsbase.com/81xh1gpwvo51/2273832430_Regional_Immersion_and_Cultural_Enrichment___40_RICE__41_.zip.html","2026","777d1f01446f6a865ffb2ce3d56abb5e2133582584428381ccd4b1606300eefd","False"
"2273832430|14","RICE","RICE","2273832430","69887","https://catalogue.smods.ru/archives/69887","Regional Immersion and Cultural Enrichment (RICE)","14","False","4 Jul, 2025 at 01:30 UTC","2025-07-04 01:30","True","https://modsbase.com/ql55vebqc2v3/2273832430_Regional_Immersion_and_Cultural_Enrichment___40_RICE__41_.zip.html","2026","777d1f01446f6a865ffb2ce3d56abb5e2133582584428381ccd4b1606300eefd","False"
"2273832430|15","RICE","RICE","2273832430","69887","https://catalogue.smods.ru/archives/69887","Regional Immersion and Cultural Enrichment (RICE)","15","False","25 Jun, 2025 at 03:52 UTC","2025-06-25 03:52","True","https://modsbase.com/d3kab72jh77l/2273832430_Regional_Immersion_and_Cultural_Enrichment___40_RICE__41_.zip.html","2026","777d1f01446f6a865ffb2ce3d56abb5e2133582584428381ccd4b1606300eefd","False"
"2273832430|16","RICE","RICE","2273832430","69887","https://catalogue.smods.ru/archives/69887","Regional Immersion and Cultural Enrichment (RICE)","16","False","18 Jun, 2025 at 04:01 UTC","2025-06-18 04:01","True","https://modsbase.com/qtygsbmbe9gb/2273832430_Regional_Immersion_and_Cultural_Enrichment___40_RICE__41_.zip.html","2026","777d1f01446f6a865ffb2ce3d56abb5e2133582584428381ccd4b1606300eefd","False"
"2273832430|17","RICE","RICE","2273832430","69887","https://catalogue.smods.ru/archives/69887","Regional Immersion and Cultural Enrichment (RICE)","17","False","31 May, 2025 at 20:33 UTC","2025-05-31 20:33","True","https://modsbase.com/k77m5gc8olg2/2273832430_Regional_Immersion_and_Cultural_Enrichment___40_RICE__41_.zip.html","2026","777d1f01446f6a865ffb2ce3d56abb5e2133582584428381ccd4b1606300eefd","False"
"2273832430|18","RICE","RICE","2273832430","69887","https://catalogue.smods.ru/archives/69887","Regional Immersion and Cultural Enrichment (RICE)","18","False","21 May, 2025 at 04:10 UTC","2025-05-21 04:10","True","https://modsbase.com/1ylglgzxbeke/2273832430_Regional_Immersion_and_Cultural_Enrichment___40_RICE__41_.zip.html","2026","777d1f01446f6a865ffb2ce3d56abb5e2133582584428381ccd4b1606300eefd","False"
"2273832430|19","RICE","RICE","2273832430","69887","https://catalogue.smods.ru/archives/69887","Regional Immersion and Cultural Enrichment (RICE)","19","False","29 Mar, 2025 at 03:44 UTC","2025-03-29 03:44","True","https://modsbase.com/t8ys7z6pv1l4/2273832430_Regional_Immersion_and_Cultural_Enrichment___40_RICE__41_.zip.html","2026","777d1f01446f6a865ffb2ce3d56abb5e2133582584428381ccd4b1606300eefd","False"
"2273832430|20","RICE","RICE","2273832430","69887","https://catalogue.smods.ru/archives/69887","Regional Immersion and Cultural Enrichment (RICE)","20","False","8 Mar, 2025 at 06:13 UTC","2025-03-08 06:13","True","https://modsbase.com/i35ucl6yovmo/2273832430_Regional_Immersion_and_Cultural_Enrichment___40_RICE__41_.zip.html","2026","777d1f01446f6a865ffb2ce3d56abb5e2133582584428381ccd4b1606300eefd","False"
"2273832430|21","RICE","RICE","2273832430","69887","https://catalogue.smods.ru/archives/69887","Regional Immersion and Cultural Enrichment (RICE)","21","False","4 Mar, 2025 at 08:10 UTC","2025-03-04 08:10","True","https://modsbase.com/om41guv9pc2b/2273832430_Regional_Immersion_and_Cultural_Enrichment___40_RICE__41_.zip.html","2026","777d1f01446f6a865ffb2ce3d56abb5e2133582584428381ccd4b1606300eefd","False"
"2273832430|22","RICE","RICE","2273832430","69887","https://catalogue.smods.ru/archives/69887","Regional Immersion and Cultural Enrichment (RICE)","22","False","16 Feb, 2025 at 08:44 UTC","2025-02-16 08:44","True","https://modsbase.com/mgciquud4ak8/2273832430_Regional_Immersion_and_Cultural_Enrichment___40_RICE__41_.zip.html","2026","777d1f01446f6a865ffb2ce3d56abb5e2133582584428381ccd4b1606300eefd","False"
"2273832430|23","RICE","RICE","2273832430","69887","https://catalogue.smods.ru/archives/69887","Regional Immersion and Cultural Enrichment (RICE)","23","False","11 Feb, 2025 at 06:52 UTC","2025-02-11 06:52","True","https://modsbase.com/1w65ertjjreu/2273832430_Regional_Immersion_and_Cultural_Enrichment___40_RICE__41_.zip.html","2026","777d1f01446f6a865ffb2ce3d56abb5e2133582584428381ccd4b1606300eefd","False"
"2273832430|24","RICE","RICE","2273832430","69887","https://catalogue.smods.ru/archives/69887","Regional Immersion and Cultural Enrichment (RICE)","24","False","6 Feb, 2025 at 07:22 UTC","2025-02-06 07:22","True","https://modsbase.com/w0w4iqnglfb3/2273832430_Regional_Immersion_and_Cultural_Enrichment___40_RICE__41_.zip.html","2026","777d1f01446f6a865ffb2ce3d56abb5e2133582584428381ccd4b1606300eefd","False"
"2273832430|25","RICE","RICE","2273832430","69887","https://catalogue.smods.ru/archives/69887","Regional Immersion and Cultural Enrichment (RICE)","25","False","2 Dec, 2024 at 08:10 UTC","2024-12-02 08:10","True","https://modsbase.com/o8kf024cb1hs/2273832430_Regional_Immersion_and_Cultural_Enrichment___40_RICE__41_.zip.html","2026","777d1f01446f6a865ffb2ce3d56abb5e2133582584428381ccd4b1606300eefd","False"
"2273832430|26","RICE","RICE","2273832430","69887","https://catalogue.smods.ru/archives/69887","Regional Immersion and Cultural Enrichment (RICE)","26","False","21 Nov, 2024 at 20:00 UTC","2024-11-21 20:00","True","https://modsbase.com/7xljitcs1ull/2273832430_Regional_Immersion_and_Cultural_Enrichment___40_RICE__41_.zip.html","2026","777d1f01446f6a865ffb2ce3d56abb5e2133582584428381ccd4b1606300eefd","False"
"2273832430|27","RICE","RICE","2273832430","69887","https://catalogue.smods.ru/archives/69887","Regional Immersion and Cultural Enrichment (RICE)","27","False","30 Oct, 2024 at 04:49 UTC","2024-10-30 04:49","True","https://modsbase.com/adbn4d1m4fkc/2273832430_Regional_Immersion_and_Cultural_Enrichment___40_RICE__41_.zip.html","2026","777d1f01446f6a865ffb2ce3d56abb5e2133582584428381ccd4b1606300eefd","False"
"2273832430|28","RICE","RICE","2273832430","69887","https://catalogue.smods.ru/archives/69887","Regional Immersion and Cultural Enrichment (RICE)","28","False","13 Oct, 2024 at 05:35 UTC","2024-10-13 05:35","True","https://modsbase.com/26szp5zfr41i/2273832430_Regional_Immersion_and_Cultural_Enrichment___40_RICE__41_.zip.html","2026","777d1f01446f6a865ffb2ce3d56abb5e2133582584428381ccd4b1606300eefd","False"
"2273832430|29","RICE","RICE","2273832430","69887","https://catalogue.smods.ru/archives/69887","Regional Immersion and Cultural Enrichment (RICE)","29","False","6 Oct, 2024 at 10:11 UTC","2024-10-06 10:11","True","https://modsbase.com/zpoaedalnx3p/2273832430_Regional_Immersion_and_Cultural_Enrichment___40_RICE__41_.zip.html","2026","777d1f01446f6a865ffb2ce3d56abb5e2133582584428381ccd4b1606300eefd","False"
"2273832430|30","RICE","RICE","2273832430","69887","https://catalogue.smods.ru/archives/69887","Regional Immersion and Cultural Enrichment (RICE)","30","False","9 Sep, 2024 at 05:44 UTC","2024-09-09 05:44","True","https://modsbase.com/45g06tm0njhn/2273832430_Regional_Immersion_and_Cultural_Enrichment___40_RICE__41_.zip.html","2026","777d1f01446f6a865ffb2ce3d56abb5e2133582584428381ccd4b1606300eefd","False"
"2273832430|31","RICE","RICE","2273832430","69887","https://catalogue.smods.ru/archives/69887","Regional Immersion and Cultural Enrichment (RICE)","31","False","1 Sep, 2024 at 06:14 UTC","2024-09-01 06:14","True","https://modsbase.com/fu5wlvdu8zb1/2273832430_Regional_Immersion_and_Cultural_Enrichment___40_RICE__41_.zip.html","2026","777d1f01446f6a865ffb2ce3d56abb5e2133582584428381ccd4b1606300eefd","False"
"2273832430|32","RICE","RICE","2273832430","69887","https://catalogue.smods.ru/archives/69887","Regional Immersion and Cultural Enrichment (RICE)","32","False","28 Aug, 2024 at 07:35 UTC","2024-08-28 07:35","True","https://modsbase.com/kyhlbr8amq1o/2273832430_Regional_Immersion_and_Cultural_Enrichment___40_RICE__41_.zip.html","2026","777d1f01446f6a865ffb2ce3d56abb5e2133582584428381ccd4b1606300eefd","False"
"2273832430|33","RICE","RICE","2273832430","69887","https://catalogue.smods.ru/archives/69887","Regional Immersion and Cultural Enrichment (RICE)","33","False","30 Mar, 2024 at 18:05 UTC","2024-03-30 18:05","True","https://modsbase.com/f71roohg1xvg/2273832430_Regional_Immersion_and_Cultural_Enrichment___40_RICE__41_.zip.html","2026","777d1f01446f6a865ffb2ce3d56abb5e2133582584428381ccd4b1606300eefd","False"
"2273832430|34","RICE","RICE","2273832430","69887","https://catalogue.smods.ru/archives/69887","Regional Immersion and Cultural Enrichment (RICE)","34","False","17 Mar, 2024 at 05:21 UTC","2024-03-17 05:21","True","https://modsbase.com/b1bn7fn6vvzm/2273832430_Regional_Immersion_and_Cultural_Enrichment___40_RICE__41_.zip.html","2026","777d1f01446f6a865ffb2ce3d56abb5e2133582584428381ccd4b1606300eefd","False"
"2273832430|35","RICE","RICE","2273832430","69887","https://catalogue.smods.ru/archives/69887","Regional Immersion and Cultural Enrichment (RICE)","35","False","10 Mar, 2024 at 19:32 UTC","2024-03-10 19:32","True","https://modsbase.com/x31zu0ak2fqj/2273832430_Regional_Immersion_and_Cultural_Enrichment___40_RICE__41_.zip.html","2026","777d1f01446f6a865ffb2ce3d56abb5e2133582584428381ccd4b1606300eefd","False"
"2273832430|36","RICE","RICE","2273832430","69887","https://catalogue.smods.ru/archives/69887","Regional Immersion and Cultural Enrichment (RICE)","36","False","7 Mar, 2024 at 08:58 UTC","2024-03-07 08:58","True","https://modsbase.com/gbbyg22raobi/2273832430_Regional_Immersion_and_Cultural_Enrichment___40_RICE__41_.zip.html","2026","777d1f01446f6a865ffb2ce3d56abb5e2133582584428381ccd4b1606300eefd","False"
"2273832430|37","RICE","RICE","2273832430","69887","https://catalogue.smods.ru/archives/69887","Regional Immersion and Cultural Enrichment (RICE)","37","False","24 Feb, 2024 at 10:17 UTC","2024-02-24 10:17","True","https://modsbase.com/l3ny3z47hcn2/2273832430_Regional_Immersion_and_Cultural_Enrichment___40_RICE__41_.zip.html","2026","777d1f01446f6a865ffb2ce3d56abb5e2133582584428381ccd4b1606300eefd","False"
"2273832430|38","RICE","RICE","2273832430","69887","https://catalogue.smods.ru/archives/69887","Regional Immersion and Cultural Enrichment (RICE)","38","False","9 Feb, 2024 at 07:39 UTC","2024-02-09 07:39","True","https://modsbase.com/h03kk308ei4b/2273832430_Regional_Immersion_and_Cultural_Enrichment___40_RICE__41_.zip.html","2026","777d1f01446f6a865ffb2ce3d56abb5e2133582584428381ccd4b1606300eefd","False"
"2273832430|39","RICE","RICE","2273832430","69887","https://catalogue.smods.ru/archives/69887","Regional Immersion and Cultural Enrichment (RICE)","39","False","12 Dec, 2023 at 08:34 UTC","2023-12-12 08:34","True","https://modsbase.com/mxa9otcxkgr8/2273832430_Regional_Immersion_and_Cultural_Enrichment___40_RICE__41_.zip.html","2026","777d1f01446f6a865ffb2ce3d56abb5e2133582584428381ccd4b1606300eefd","False"
"2273832430|40","RICE","RICE","2273832430","69887","https://catalogue.smods.ru/archives/69887","Regional Immersion and Cultural Enrichment (RICE)","40","False","20 Nov, 2023 at 09:15 UTC","2023-11-20 09:15","True","https://modsbase.com/0gxy386kkhg2/2273832430_Regional_Immersion_and_Cultural_Enrichment___40_RICE__41_.zip.html","2026","777d1f01446f6a865ffb2ce3d56abb5e2133582584428381ccd4b1606300eefd","False"
"2273832430|41","RICE","RICE","2273832430","69887","https://catalogue.smods.ru/archives/69887","Regional Immersion and Cultural Enrichment (RICE)","41","False","12 Nov, 2023 at 05:36 UTC","2023-11-12 05:36","True","https://modsbase.com/2gi2dq2y1911/2273832430_Regional_Immersion_and_Cultural_Enrichment___40_RICE__41_.zip.html","2026","777d1f01446f6a865ffb2ce3d56abb5e2133582584428381ccd4b1606300eefd","False"
"2273832430|42","RICE","RICE","2273832430","69887","https://catalogue.smods.ru/archives/69887","Regional Immersion and Cultural Enrichment (RICE)","42","False","23 Oct, 2023 at 09:12 UTC","2023-10-23 09:12","True","https://modsbase.com/wej62y3p0nz4/2273832430_Regional_Immersion_and_Cultural_Enrichment___40_RICE__41_.zip.html","2026","777d1f01446f6a865ffb2ce3d56abb5e2133582584428381ccd4b1606300eefd","False"
"2273832430|43","RICE","RICE","2273832430","69887","https://catalogue.smods.ru/archives/69887","Regional Immersion and Cultural Enrichment (RICE)","43","False","23 Oct, 2023 at 08:12 UTC","2023-10-23 08:12","True","https://modsbase.com/mk7kt1s062fn/2273832430_Regional_Immersion_and_Cultural_Enrichment___40_RICE__41_.zip.html","2026","777d1f01446f6a865ffb2ce3d56abb5e2133582584428381ccd4b1606300eefd","False"
"2273832430|44","RICE","RICE","2273832430","69887","https://catalogue.smods.ru/archives/69887","Regional Immersion and Cultural Enrichment (RICE)","44","False","24 Sep, 2023 at 07:49 UTC","2023-09-24 07:49","True","https://modsbase.com/50p9i9vi2iqo/2273832430_Regional_Immersion_and_Cultural_Enrichment___40_RICE__41_.zip.html","2026","777d1f01446f6a865ffb2ce3d56abb5e2133582584428381ccd4b1606300eefd","False"
"2273832430|45","RICE","RICE","2273832430","69887","https://catalogue.smods.ru/archives/69887","Regional Immersion and Cultural Enrichment (RICE)","45","False","1 Sep, 2023 at 01:55 UTC","2023-09-01 01:55","True","https://modsbase.com/aeq4u7jokm72/2273832430_Regional_Immersion_and_Cultural_Enrichment___40_RICE__41_.zip.html","2026","777d1f01446f6a865ffb2ce3d56abb5e2133582584428381ccd4b1606300eefd","False"
"2273832430|46","RICE","RICE","2273832430","69887","https://catalogue.smods.ru/archives/69887","Regional Immersion and Cultural Enrichment (RICE)","46","False","29 Aug, 2023 at 06:02 UTC","2023-08-29 06:02","True","https://modsbase.com/wq0n09hlb6zo/2273832430_Regional_Immersion_and_Cultural_Enrichment___40_RICE__41_.zip.html","2026","777d1f01446f6a865ffb2ce3d56abb5e2133582584428381ccd4b1606300eefd","False"
"2273832430|47","RICE","RICE","2273832430","69887","https://catalogue.smods.ru/archives/69887","Regional Immersion and Cultural Enrichment (RICE)","47","False","29 Jun, 2023 at 06:17 UTC","2023-06-29 06:17","True","https://modsbase.com/ov86c0it849n/2273832430_Regional_Immersion_and_Cultural_Enrichment___40_RICE__41_.zip.html","2026","777d1f01446f6a865ffb2ce3d56abb5e2133582584428381ccd4b1606300eefd","False"
"2273832430|48","RICE","RICE","2273832430","69887","https://catalogue.smods.ru/archives/69887","Regional Immersion and Cultural Enrichment (RICE)","48","False","21 Jun, 2023 at 06:07 UTC","2023-06-21 06:07","True","https://modsbase.com/5726v7qfx1k1/2273832430_Regional_Immersion_and_Cultural_Enrichment___40_RICE__41_.zip.html","2026","777d1f01446f6a865ffb2ce3d56abb5e2133582584428381ccd4b1606300eefd","False"
"2273832430|49","RICE","RICE","2273832430","69887","https://catalogue.smods.ru/archives/69887","Regional Immersion and Cultural Enrichment (RICE)","49","False","13 Jun, 2023 at 01:23 UTC","2023-06-13 01:23","True","https://modsbase.com/p1yfhziojb79/2273832430_Regional_Immersion_and_Cultural_Enrichment___40_RICE__41_.zip.html","2026","777d1f01446f6a865ffb2ce3d56abb5e2133582584428381ccd4b1606300eefd","False"
"2273832430|50","RICE","RICE","2273832430","69887","https://catalogue.smods.ru/archives/69887","Regional Immersion and Cultural Enrichment (RICE)","50","False","19 Apr, 2023 at 06:00 UTC","2023-04-19 06:00","True","https://modsbase.com/u4mvse6z6d02/2273832430_Regional_Immersion_and_Cultural_Enrichment___40_RICE__41_.zip.html","2026","777d1f01446f6a865ffb2ce3d56abb5e2133582584428381ccd4b1606300eefd","False"
"2273832430|51","RICE","RICE","2273832430","69887","https://catalogue.smods.ru/archives/69887","Regional Immersion and Cultural Enrichment (RICE)","51","False","12 Apr, 2023 at 06:12 UTC","2023-04-12 06:12","True","https://modsbase.com/kztbaemmb15n/2273832430_Regional_Immersion_and_Cultural_Enrichment___40_RICE__41_.zip.html","2026","777d1f01446f6a865ffb2ce3d56abb5e2133582584428381ccd4b1606300eefd","False"
"2273832430|52","RICE","RICE","2273832430","69887","https://catalogue.smods.ru/archives/69887","Regional Immersion and Cultural Enrichment (RICE)","52","False","6 Apr, 2023 at 05:23 UTC","2023-04-06 05:23","True","https://modsbase.com/qexhnncywyol/2273832430_Regional_Immersion_and_Cultural_Enrichment___40_RICE__41_.zip.html","2026","777d1f01446f6a865ffb2ce3d56abb5e2133582584428381ccd4b1606300eefd","False"
"2273832430|53","RICE","RICE","2273832430","69887","https://catalogue.smods.ru/archives/69887","Regional Immersion and Cultural Enrichment (RICE)","53","False","4 Apr, 2023 at 06:09 UTC","2023-04-04 06:09","True","https://modsbase.com/mzrelx55p2mp/2273832430_Regional_Immersion_and_Cultural_Enrichment___40_RICE__41_.zip.html","2026","777d1f01446f6a865ffb2ce3d56abb5e2133582584428381ccd4b1606300eefd","False"
"2273832430|54","RICE","RICE","2273832430","69887","https://catalogue.smods.ru/archives/69887","Regional Immersion and Cultural Enrichment (RICE)","54","False","21 Jan, 2023 at 05:51 UTC","2023-01-21 05:51","True","https://modsbase.com/wud67zymohf2/2273832430_Regional_Immersion_and_Cultural_Enrichment___40_RICE__41_.zip.html","2026","777d1f01446f6a865ffb2ce3d56abb5e2133582584428381ccd4b1606300eefd","False"
"2273832430|55","RICE","RICE","2273832430","69887","https://catalogue.smods.ru/archives/69887","Regional Immersion and Cultural Enrichment (RICE)","55","False","16 Jan, 2023 at 06:03 UTC","2023-01-16 06:03","True","https://modsbase.com/3qxe2msfldsl/2273832430_Regional_Immersion_and_Cultural_Enrichment___40_RICE__41_.zip.html","2026","777d1f01446f6a865ffb2ce3d56abb5e2133582584428381ccd4b1606300eefd","False"
"2273832430|56","RICE","RICE","2273832430","69887","https://catalogue.smods.ru/archives/69887","Regional Immersion and Cultural Enrichment (RICE)","56","False","19 Dec, 2022 at 10:53 UTC","2022-12-19 10:53","True","https://modsbase.com/gvi3wulh10s5/2273832430_Regional_Immersion_and_Cultural_Enrichment___40_RICE__41_.zip.html","2026","777d1f01446f6a865ffb2ce3d56abb5e2133582584428381ccd4b1606300eefd","False"
"2273832430|57","RICE","RICE","2273832430","69887","https://catalogue.smods.ru/archives/69887","Regional Immersion and Cultural Enrichment (RICE)","57","False","7 Dec, 2022 at 08:32 UTC","2022-12-07 08:32","True","https://modsbase.com/e6ez7ynl4cs6/2273832430_Regional_Immersion_and_Cultural_Enrichment___40_RICE__41_.zip.html","2026","777d1f01446f6a865ffb2ce3d56abb5e2133582584428381ccd4b1606300eefd","False"
"2273832430|58","RICE","RICE","2273832430","69887","https://catalogue.smods.ru/archives/69887","Regional Immersion and Cultural Enrichment (RICE)","58","False","1 Nov, 2022 at 05:55 UTC","2022-11-01 05:55","True","https://modsbase.com/l1mufkvf9qyd/2273832430_Regional_Immersion_and_Cultural_Enrichment___40_RICE__41_.zip.html","2026","777d1f01446f6a865ffb2ce3d56abb5e2133582584428381ccd4b1606300eefd","False"
"2273832430|59","RICE","RICE","2273832430","69887","https://catalogue.smods.ru/archives/69887","Regional Immersion and Cultural Enrichment (RICE)","59","False","31 Oct, 2022 at 09:32 UTC","2022-10-31 09:32","True","https://modsbase.com/fcpcnwcj4o5j/2273832430_Regional_Immersion_and_Cultural_Enrichment___40_RICE__41_.zip.html","2026","777d1f01446f6a865ffb2ce3d56abb5e2133582584428381ccd4b1606300eefd","False"
"2273832430|60","RICE","RICE","2273832430","69887","https://catalogue.smods.ru/archives/69887","Regional Immersion and Cultural Enrichment (RICE)","60","False","4 Oct, 2022 at 02:01 UTC","2022-10-04 02:01","True","https://modsbase.com/hodig88c6ntr/2273832430_Regional_Immersion_and_Cultural_Enrichment___40_RICE__41_.zip.html","2026","777d1f01446f6a865ffb2ce3d56abb5e2133582584428381ccd4b1606300eefd","False"
"2273832430|61","RICE","RICE","2273832430","69887","https://catalogue.smods.ru/archives/69887","Regional Immersion and Cultural Enrichment (RICE)","61","False","9 Sep, 2022 at 01:34 UTC","2022-09-09 01:34","True","https://modsbase.com/zrco1ohvrzsu/2273832430_Regional_Immersion_and_Cultural_Enrichment___40_RICE__41_.zip.html","2026","777d1f01446f6a865ffb2ce3d56abb5e2133582584428381ccd4b1606300eefd","False"
"2273832430|62","RICE","RICE","2273832430","69887","https://catalogue.smods.ru/archives/69887","Regional Immersion and Cultural Enrichment (RICE)","62","False","23 Aug, 2022 at 04:55 UTC","2022-08-23 04:55","True","https://modsbase.com/py14xqqa3xgy/2273832430_Regional_Immersion_and_Cultural_Enrichment___40_RICE__41_.zip.html","2026","777d1f01446f6a865ffb2ce3d56abb5e2133582584428381ccd4b1606300eefd","False"
"2273832430|63","RICE","RICE","2273832430","69887","https://catalogue.smods.ru/archives/69887","Regional Immersion and Cultural Enrichment (RICE)","63","False","18 Aug, 2022 at 08:46 UTC","2022-08-18 08:46","True","https://modsbase.com/r9xfs5d5h0y3/2273832430_Regional_Immersion_and_Cultural_Enrichment___40_RICE__41_.zip.html","2026","777d1f01446f6a865ffb2ce3d56abb5e2133582584428381ccd4b1606300eefd","False"
"2273832430|64","RICE","RICE","2273832430","69887","https://catalogue.smods.ru/archives/69887","Regional Immersion and Cultural Enrichment (RICE)","64","False","17 Aug, 2022 at 07:41 UTC","2022-08-17 07:41","True","https://modsbase.com/ufpksmt6n5tq/2273832430_Regional_Immersion_and_Cultural_Enrichment___40_RICE__41_.zip.html","2026","777d1f01446f6a865ffb2ce3d56abb5e2133582584428381ccd4b1606300eefd","False"
"2273832430|65","RICE","RICE","2273832430","69887","https://catalogue.smods.ru/archives/69887","Regional Immersion and Cultural Enrichment (RICE)","65","False","6 Jul, 2022 at 04:52 UTC","2022-07-06 04:52","True","https://modsbase.com/vap0sortmq49/2273832430_Regional_Immersion_and_Cultural_Enrichment___40_RICE__41_.zip.html","2026","777d1f01446f6a865ffb2ce3d56abb5e2133582584428381ccd4b1606300eefd","False"
"2273832430|66","RICE","RICE","2273832430","69887","https://catalogue.smods.ru/archives/69887","Regional Immersion and Cultural Enrichment (RICE)","66","False","1 Jul, 2022 at 05:52 UTC","2022-07-01 05:52","True","https://modsbase.com/crgk9tvvlg2b/2273832430_Regional_Immersion_and_Cultural_Enrichment___40_RICE__41_.zip.html","2026","777d1f01446f6a865ffb2ce3d56abb5e2133582584428381ccd4b1606300eefd","False"
"2273832430|67","RICE","RICE","2273832430","69887","https://catalogue.smods.ru/archives/69887","Regional Immersion and Cultural Enrichment (RICE)","67","False","22 Jun, 2022 at 04:49 UTC","2022-06-22 04:49","True","https://modsbase.com/5w5vqeyf3a48/2273832430_Regional_Immersion_and_Cultural_Enrichment___40_RICE__41_.zip.html","2026","777d1f01446f6a865ffb2ce3d56abb5e2133582584428381ccd4b1606300eefd","False"
"2273832430|68","RICE","RICE","2273832430","69887","https://catalogue.smods.ru/archives/69887","Regional Immersion and Cultural Enrichment (RICE)","68","False","12 Jun, 2022 at 05:33 UTC","2022-06-12 05:33","True","https://modsbase.com/pjns23w2yoz0/2273832430_Regional_Immersion_and_Cultural_Enrichment___40_RICE__41_.zip.html","2026","777d1f01446f6a865ffb2ce3d56abb5e2133582584428381ccd4b1606300eefd","False"
"2273832430|69","RICE","RICE","2273832430","69887","https://catalogue.smods.ru/archives/69887","Regional Immersion and Cultural Enrichment (RICE)","69","False","5 Jun, 2022 at 04:40 UTC","2022-06-05 04:40","True","https://modsbase.com/ck8bdv1fdu0z/2273832430_Regional_Immersion_and_Cultural_Enrichment___40_RICE__41_.zip.html","2026","777d1f01446f6a865ffb2ce3d56abb5e2133582584428381ccd4b1606300eefd","False"
"2273832430|70","RICE","RICE","2273832430","69887","https://catalogue.smods.ru/archives/69887","Regional Immersion and Cultural Enrichment (RICE)","70","False","26 May, 2022 at 05:38 UTC","2022-05-26 05:38","True","https://modsbase.com/0bvyli0xbeaw/2273832430_Regional_Immersion_and_Cultural_Enrichment___40_RICE__41_.zip.html","2026","777d1f01446f6a865ffb2ce3d56abb5e2133582584428381ccd4b1606300eefd","False"
"2273832430|71","RICE","RICE","2273832430","69887","https://catalogue.smods.ru/archives/69887","Regional Immersion and Cultural Enrichment (RICE)","71","False","17 May, 2022 at 09:03 UTC","2022-05-17 09:03","True","https://modsbase.com/v7ig6q1c2m72/2273832430_Regional_Immersion_and_Cultural_Enrichment___40_RICE__41_.zip.html","2026","777d1f01446f6a865ffb2ce3d56abb5e2133582584428381ccd4b1606300eefd","False"
"2273832430|72","RICE","RICE","2273832430","69887","https://catalogue.smods.ru/archives/69887","Regional Immersion and Cultural Enrichment (RICE)","72","False","28 Mar, 2022 at 01:40 UTC","2022-03-28 01:40","True","https://modsbase.com/c2kkcp01sf1t/2273832430_Regional_Immersion_and_Cultural_Enrichment___40_RICE__41_.zip.html","2026","777d1f01446f6a865ffb2ce3d56abb5e2133582584428381ccd4b1606300eefd","False"
"2273832430|73","RICE","RICE","2273832430","69887","https://catalogue.smods.ru/archives/69887","Regional Immersion and Cultural Enrichment (RICE)","73","False","11 Mar, 2022 at 03:04 UTC","2022-03-11 03:04","True","https://modsbase.com/qd3gq74z1zlu/2273832430_Regional_Immersion_and_Cultural_Enrichment___40_RICE__41_.zip.html","2026","777d1f01446f6a865ffb2ce3d56abb5e2133582584428381ccd4b1606300eefd","False"
"2273832430|74","RICE","RICE","2273832430","69887","https://catalogue.smods.ru/archives/69887","Regional Immersion and Cultural Enrichment (RICE)","74","False","25 Feb, 2022 at 02:53 UTC","2022-02-25 02:53","True","https://modsbase.com/9cv186psmlw4/2273832430_Regional_Immersion_and_Cultural_Enrichment___40_RICE__41_.zip.html","2026","777d1f01446f6a865ffb2ce3d56abb5e2133582584428381ccd4b1606300eefd","False"
"2273832430|75","RICE","RICE","2273832430","69887","https://catalogue.smods.ru/archives/69887","Regional Immersion and Cultural Enrichment (RICE)","75","False","8 Feb, 2022 at 17:33 UTC","2022-02-08 17:33","True","https://modsbase.com/p0rwuj80bcw7/2273832430_Regional_Immersion_and_Cultural_Enrichment___40_RICE__41_.zip.html","2026","777d1f01446f6a865ffb2ce3d56abb5e2133582584428381ccd4b1606300eefd","False"
"2273832430|76","RICE","RICE","2273832430","69887","https://catalogue.smods.ru/archives/69887","Regional Immersion and Cultural Enrichment (RICE)","76","False","10 Jan, 2022 at 08:45 UTC","2022-01-10 08:45","True","https://modsbase.com/gpkiy12fk0fd/2273832430_Regional_Immersion_and_Cultural_Enrichment___40_RICE__41_.zip.html","2026","777d1f01446f6a865ffb2ce3d56abb5e2133582584428381ccd4b1606300eefd","False"
"2273832430|77","RICE","RICE","2273832430","69887","https://catalogue.smods.ru/archives/69887","Regional Immersion and Cultural Enrichment (RICE)","77","False","20 Sep, 2021 at 07:47 UTC","2021-09-20 07:47","True","https://modsbase.com/4mo4yjkj2tzt/2273832430_Regional_Immersion_and_Cultural_Enrichment___40_RICE__41_.zip.html","2026","777d1f01446f6a865ffb2ce3d56abb5e2133582584428381ccd4b1606300eefd","False"
"2273832430|78","RICE","RICE","2273832430","69887","https://catalogue.smods.ru/archives/69887","Regional Immersion and Cultural Enrichment (RICE)","78","False","5 Aug, 2021 at 08:14 UTC","2021-08-05 08:14","True","https://modsbase.com/wccfpb65cguu/2273832430_Regional_Immersion_and_Cultural_Enrichment___40_RICE__41_.zip.html","2026","777d1f01446f6a865ffb2ce3d56abb5e2133582584428381ccd4b1606300eefd","False"
"2273832430|79","RICE","RICE","2273832430","69887","https://catalogue.smods.ru/archives/69887","Regional Immersion and Cultural Enrichment (RICE)","79","False","21 Jul, 2021 at 04:35 UTC","2021-07-21 04:35","True","https://modsbase.com/3mxgqceoedvt/2273832430_Regional_Immersion_and_Cultural_Enrichment___40_RICE__41_.zip.html","2026","777d1f01446f6a865ffb2ce3d56abb5e2133582584428381ccd4b1606300eefd","False"
"2273832430|80","RICE","RICE","2273832430","69887","https://catalogue.smods.ru/archives/69887","Regional Immersion and Cultural Enrichment (RICE)","80","False","18 Jun, 2021 at 04:50 UTC","2021-06-18 04:50","True","https://modsbase.com/6x4uygg5xmdu/2273832430_Regional_Immersion_and_Cultural_Enrichment___40_RICE__41_.zip.html","2026","777d1f01446f6a865ffb2ce3d56abb5e2133582584428381ccd4b1606300eefd","False"
"2273832430|81","RICE","RICE","2273832430","69887","https://catalogue.smods.ru/archives/69887","Regional Immersion and Cultural Enrichment (RICE)","81","False","13 Apr, 2021 at 01:22 UTC","2021-04-13 01:22","True","https://modsbase.com/qcp7hz3fhytc/2273832430_Regional_Immersion_and_Cultural_Enrichment___40_RICE__41_.zip.html","2026","777d1f01446f6a865ffb2ce3d56abb5e2133582584428381ccd4b1606300eefd","False"
"2273832430|82","RICE","RICE","2273832430","69887","https://catalogue.smods.ru/archives/69887","Regional Immersion and Cultural Enrichment (RICE)","82","False","22 Mar, 2021 at 00:36 UTC","2021-03-22 00:36","True","https://modsbase.com/sgb4rtikq1vs/2273832430_Regional_Immersion_and_Cultural_Enrichment___40_RICE__41_.zip.html","2026","777d1f01446f6a865ffb2ce3d56abb5e2133582584428381ccd4b1606300eefd","False"
"2273832430|83","RICE","RICE","2273832430","69887","https://catalogue.smods.ru/archives/69887","Regional Immersion and Cultural Enrichment (RICE)","83","False","17 Mar, 2021 at 06:02 UTC","2021-03-17 06:02","True","https://modsbase.com/48clzwi7so54/2273832430_Regional_Immersion_and_Cultural_Enrichment___40_RICE__41_.zip.html","2026","777d1f01446f6a865ffb2ce3d56abb5e2133582584428381ccd4b1606300eefd","False"
"2273832430|84","RICE","RICE","2273832430","69887","https://catalogue.smods.ru/archives/69887","Regional Immersion and Cultural Enrichment (RICE)","84","False","29 Dec, 2020 at 05:51 UTC","2020-12-29 05:51","True","https://modsbase.com/6unn0oy3vf4o/2273832430_Regional_Immersion_and_Cultural_Enrichment___40_RICE__41_.zip.html","2026","777d1f01446f6a865ffb2ce3d56abb5e2133582584428381ccd4b1606300eefd","False"
"2273832430|85","RICE","RICE","2273832430","69887","https://catalogue.smods.ru/archives/69887","Regional Immersion and Cultural Enrichment (RICE)","85","False","25 Nov, 2020 at 07:01 UTC","2020-11-25 07:01","True","https://modsbase.com/yeda6mh9ilkd/2273832430_Regional_Immersion_and_Cultural_Enrichment___40_RICE__41_.zip.html","2026","777d1f01446f6a865ffb2ce3d56abb5e2133582584428381ccd4b1606300eefd","False"
"2273832430|86","RICE","RICE","2273832430","69887","https://catalogue.smods.ru/archives/69887","Regional Immersion and Cultural Enrichment (RICE)","86","False","1 Nov, 2020 at 05:21 UTC","2020-11-01 05:21","True","https://modsbase.com/fdr076ks7jdr/2273832430_Regional_Immersion_and_Cultural_Enrichment___40_RICE__41_.zip.html","2026","777d1f01446f6a865ffb2ce3d56abb5e2133582584428381ccd4b1606300eefd","False"
"2875587269|1","Special-World","SW","2875587269","127297","https://catalogue.smods.ru/archives/127297","A Special World – Special Building Compatch","1","True","1 Aug at 15:11 UTC","2026-08-01 15:11","True","https://modsbase.com/rlcac140mlld/2875587269_A_Special_World_-_Special_Building_Compatch.zip.html","2026","ce0a358ce210fa1b7faa27b32a4835f95f4b6bf235636ebe59c8dda2793bba6a","False"
"2875587269|2","Special-World","SW","2875587269","127297","https://catalogue.smods.ru/archives/127297","A Special World – Special Building Compatch","2","False","22 Jul at 01:16 UTC","2026-07-22 01:16","True","https://modsbase.com/egjv5xsuroc9/2875587269_A_Special_World_-_Special_Building_Compatch.zip.html","2026","ce0a358ce210fa1b7faa27b32a4835f95f4b6bf235636ebe59c8dda2793bba6a","False"
"2875587269|3","Special-World","SW","2875587269","127297","https://catalogue.smods.ru/archives/127297","A Special World – Special Building Compatch","3","False","10 Jul at 19:12 UTC","2026-07-10 19:12","True","https://modsbase.com/io1o3wevn7v4/2875587269_A_Special_World_-_Special_Building_Compatch.zip.html","2026","ce0a358ce210fa1b7faa27b32a4835f95f4b6bf235636ebe59c8dda2793bba6a","False"
"2875587269|4","Special-World","SW","2875587269","127297","https://catalogue.smods.ru/archives/127297","A Special World – Special Building Compatch","4","False","29 May at 20:46 UTC","2026-05-29 20:46","True","https://modsbase.com/ikm30ux1mqsq/2875587269_A_Special_World_-_Special_Building_Compatch.zip.html","2026","ce0a358ce210fa1b7faa27b32a4835f95f4b6bf235636ebe59c8dda2793bba6a","False"
"2875587269|5","Special-World","SW","2875587269","127297","https://catalogue.smods.ru/archives/127297","A Special World – Special Building Compatch","5","False","7 May at 22:20 UTC","2026-05-07 22:20","True","https://modsbase.com/j7dbgnz4dpx8/2875587269_A_Special_World_-_Special_Building_Compatch.zip.html","2026","ce0a358ce210fa1b7faa27b32a4835f95f4b6bf235636ebe59c8dda2793bba6a","False"
"2875587269|6","Special-World","SW","2875587269","127297","https://catalogue.smods.ru/archives/127297","A Special World – Special Building Compatch","6","False","3 May at 02:37 UTC","2026-05-03 02:37","True","https://modsbase.com/l0puk4g8nj8v/2875587269_A_Special_World_-_Special_Building_Compatch.zip.html","2026","ce0a358ce210fa1b7faa27b32a4835f95f4b6bf235636ebe59c8dda2793bba6a","False"
"2875587269|7","Special-World","SW","2875587269","127297","https://catalogue.smods.ru/archives/127297","A Special World – Special Building Compatch","7","False","22 Mar at 20:03 UTC","2026-03-22 20:03","True","https://modsbase.com/jvloum9zfyqw/2875587269_A_Special_World_-_Special_Building_Compatch.zip.html","2026","ce0a358ce210fa1b7faa27b32a4835f95f4b6bf235636ebe59c8dda2793bba6a","False"
"2875587269|8","Special-World","SW","2875587269","127297","https://catalogue.smods.ru/archives/127297","A Special World – Special Building Compatch","8","False","20 Mar at 21:07 UTC","2026-03-20 21:07","True","https://modsbase.com/ybm2xn431zs0/2875587269_A_Special_World_-_Special_Building_Compatch.zip.html","2026","ce0a358ce210fa1b7faa27b32a4835f95f4b6bf235636ebe59c8dda2793bba6a","False"
"2875587269|9","Special-World","SW","2875587269","127297","https://catalogue.smods.ru/archives/127297","A Special World – Special Building Compatch","9","False","14 Mar at 23:20 UTC","2026-03-14 23:20","True","https://modsbase.com/absneyopuqs5/2875587269_A_Special_World_-_Special_Building_Compatch.zip.html","2026","ce0a358ce210fa1b7faa27b32a4835f95f4b6bf235636ebe59c8dda2793bba6a","False"
"2875587269|10","Special-World","SW","2875587269","127297","https://catalogue.smods.ru/archives/127297","A Special World – Special Building Compatch","10","False","1 Mar at 15:42 UTC","2026-03-01 15:42","True","https://modsbase.com/xvf8zapknreq/2875587269_A_Special_World_-_Special_Building_Compatch.zip.html","2026","ce0a358ce210fa1b7faa27b32a4835f95f4b6bf235636ebe59c8dda2793bba6a","False"
"2875587269|11","Special-World","SW","2875587269","127297","https://catalogue.smods.ru/archives/127297","A Special World – Special Building Compatch","11","False","22 Feb at 06:54 UTC","2026-02-22 06:54","True","https://modsbase.com/xjp1l0x5x93l/2875587269_A_Special_World_-_Special_Building_Compatch.zip.html","2026","ce0a358ce210fa1b7faa27b32a4835f95f4b6bf235636ebe59c8dda2793bba6a","False"
"2875587269|12","Special-World","SW","2875587269","127297","https://catalogue.smods.ru/archives/127297","A Special World – Special Building Compatch","12","False","3 Feb at 15:40 UTC","2026-02-03 15:40","True","https://modsbase.com/k8js6flm8l91/2875587269_A_Special_World_-_Special_Building_Compatch.zip.html","2026","ce0a358ce210fa1b7faa27b32a4835f95f4b6bf235636ebe59c8dda2793bba6a","False"
"2875587269|13","Special-World","SW","2875587269","127297","https://catalogue.smods.ru/archives/127297","A Special World – Special Building Compatch","13","False","26 Jan at 22:10 UTC","2026-01-26 22:10","True","https://modsbase.com/eeihl211ic92/2875587269_A_Special_World_-_Special_Building_Compatch.zip.html","2026","ce0a358ce210fa1b7faa27b32a4835f95f4b6bf235636ebe59c8dda2793bba6a","False"
"2875587269|14","Special-World","SW","2875587269","127297","https://catalogue.smods.ru/archives/127297","A Special World – Special Building Compatch","14","False","14 Jan at 23:41 UTC","2026-01-14 23:41","True","https://modsbase.com/yyhbn7p0b5vz/2875587269_A_Special_World_-_Special_Building_Compatch.zip.html","2026","ce0a358ce210fa1b7faa27b32a4835f95f4b6bf235636ebe59c8dda2793bba6a","False"
"2875587269|15","Special-World","SW","2875587269","127297","https://catalogue.smods.ru/archives/127297","A Special World – Special Building Compatch","15","False","12 Jan at 04:30 UTC","2026-01-12 04:30","True","https://modsbase.com/ttmhphdlczph/2875587269_A_Special_World_-_Special_Building_Compatch.zip.html","2026","ce0a358ce210fa1b7faa27b32a4835f95f4b6bf235636ebe59c8dda2793bba6a","False"
"2875587269|16","Special-World","SW","2875587269","127297","https://catalogue.smods.ru/archives/127297","A Special World – Special Building Compatch","16","False","31 Dec, 2025 at 22:43 UTC","2025-12-31 22:43","True","https://modsbase.com/yz8ontr6w1fj/2875587269_A_Special_World_-_Special_Building_Compatch.zip.html","2026","ce0a358ce210fa1b7faa27b32a4835f95f4b6bf235636ebe59c8dda2793bba6a","False"
"2875587269|17","Special-World","SW","2875587269","127297","https://catalogue.smods.ru/archives/127297","A Special World – Special Building Compatch","17","False","24 Dec, 2025 at 00:05 UTC","2025-12-24 00:05","True","https://modsbase.com/q3kk89svgukt/2875587269_A_Special_World_-_Special_Building_Compatch.zip.html","2026","ce0a358ce210fa1b7faa27b32a4835f95f4b6bf235636ebe59c8dda2793bba6a","False"
"2875587269|18","Special-World","SW","2875587269","127297","https://catalogue.smods.ru/archives/127297","A Special World – Special Building Compatch","18","False","10 Dec, 2025 at 19:31 UTC","2025-12-10 19:31","True","https://modsbase.com/ur6ci7c34x16/2875587269_A_Special_World_-_Special_Building_Compatch.zip.html","2026","ce0a358ce210fa1b7faa27b32a4835f95f4b6bf235636ebe59c8dda2793bba6a","False"
"2875587269|19","Special-World","SW","2875587269","127297","https://catalogue.smods.ru/archives/127297","A Special World – Special Building Compatch","19","False","7 Dec, 2025 at 06:01 UTC","2025-12-07 06:01","True","https://modsbase.com/qb2f75hd4bd7/2875587269_A_Special_World_-_Special_Building_Compatch.zip.html","2026","ce0a358ce210fa1b7faa27b32a4835f95f4b6bf235636ebe59c8dda2793bba6a","False"
"2875587269|20","Special-World","SW","2875587269","127297","https://catalogue.smods.ru/archives/127297","A Special World – Special Building Compatch","20","False","30 Nov, 2025 at 06:45 UTC","2025-11-30 06:45","True","https://modsbase.com/odr6w3wn4swc/2875587269_A_Special_World_-_Special_Building_Compatch.zip.html","2026","ce0a358ce210fa1b7faa27b32a4835f95f4b6bf235636ebe59c8dda2793bba6a","False"
"2875587269|21","Special-World","SW","2875587269","127297","https://catalogue.smods.ru/archives/127297","A Special World – Special Building Compatch","21","False","26 Nov, 2025 at 22:41 UTC","2025-11-26 22:41","True","https://modsbase.com/apk7pkqft4yw/2875587269_A_Special_World_-_Special_Building_Compatch.zip.html","2026","ce0a358ce210fa1b7faa27b32a4835f95f4b6bf235636ebe59c8dda2793bba6a","False"
"2875587269|22","Special-World","SW","2875587269","127297","https://catalogue.smods.ru/archives/127297","A Special World – Special Building Compatch","22","False","15 Nov, 2025 at 04:12 UTC","2025-11-15 04:12","True","https://modsbase.com/7x7w53cdv9e1/2875587269_A_Special_World_-_Special_Building_Compatch.zip.html","2026","ce0a358ce210fa1b7faa27b32a4835f95f4b6bf235636ebe59c8dda2793bba6a","False"
"2875587269|23","Special-World","SW","2875587269","127297","https://catalogue.smods.ru/archives/127297","A Special World – Special Building Compatch","23","False","27 Oct, 2025 at 05:02 UTC","2025-10-27 05:02","True","https://modsbase.com/n95yvy2y05sz/2875587269_A_Special_World_-_Special_Building_Compatch.zip.html","2026","ce0a358ce210fa1b7faa27b32a4835f95f4b6bf235636ebe59c8dda2793bba6a","False"
"2875587269|24","Special-World","SW","2875587269","127297","https://catalogue.smods.ru/archives/127297","A Special World – Special Building Compatch","24","False","23 Oct, 2025 at 01:58 UTC","2025-10-23 01:58","True","https://modsbase.com/a7kgtk43c1up/2875587269_A_Special_World_-_Special_Building_Compatch.zip.html","2026","ce0a358ce210fa1b7faa27b32a4835f95f4b6bf235636ebe59c8dda2793bba6a","False"
"2875587269|25","Special-World","SW","2875587269","127297","https://catalogue.smods.ru/archives/127297","A Special World – Special Building Compatch","25","False","18 Sep, 2025 at 00:13 UTC","2025-09-18 00:13","True","https://modsbase.com/y64oflz3gv5l/2875587269_A_Special_World_-_Special_Building_Compatch.zip.html","2026","ce0a358ce210fa1b7faa27b32a4835f95f4b6bf235636ebe59c8dda2793bba6a","False"
"2875587269|26","Special-World","SW","2875587269","127297","https://catalogue.smods.ru/archives/127297","A Special World – Special Building Compatch","26","False","1 Sep, 2025 at 07:17 UTC","2025-09-01 07:17","True","https://modsbase.com/4h5f1c7x91qi/2875587269_A_Special_World_-_Special_Building_Compatch.zip.html","2026","ce0a358ce210fa1b7faa27b32a4835f95f4b6bf235636ebe59c8dda2793bba6a","False"
"2875587269|27","Special-World","SW","2875587269","127297","https://catalogue.smods.ru/archives/127297","A Special World – Special Building Compatch","27","False","22 Aug, 2025 at 23:08 UTC","2025-08-22 23:08","True","https://modsbase.com/d4chegddqaqi/2875587269_A_Special_World_-_Special_Building_Compatch.zip.html","2026","ce0a358ce210fa1b7faa27b32a4835f95f4b6bf235636ebe59c8dda2793bba6a","False"
"2875587269|28","Special-World","SW","2875587269","127297","https://catalogue.smods.ru/archives/127297","A Special World – Special Building Compatch","28","False","6 Aug, 2025 at 05:09 UTC","2025-08-06 05:09","True","https://modsbase.com/0djiqe63ljhb/2875587269_A_Special_World_-_Special_Building_Compatch.zip.html","2026","ce0a358ce210fa1b7faa27b32a4835f95f4b6bf235636ebe59c8dda2793bba6a","False"
"2875587269|29","Special-World","SW","2875587269","127297","https://catalogue.smods.ru/archives/127297","A Special World – Special Building Compatch","29","False","22 Jul, 2025 at 04:41 UTC","2025-07-22 04:41","True","https://modsbase.com/8uyx13lix8km/2875587269_A_Special_World_-_Special_Building_Compatch.zip.html","2026","ce0a358ce210fa1b7faa27b32a4835f95f4b6bf235636ebe59c8dda2793bba6a","False"
"2875587269|30","Special-World","SW","2875587269","127297","https://catalogue.smods.ru/archives/127297","A Special World – Special Building Compatch","30","False","14 Jul, 2025 at 03:50 UTC","2025-07-14 03:50","True","https://modsbase.com/4lpucirtl0mm/2875587269_A_Special_World_-_Special_Building_Compatch.zip.html","2026","ce0a358ce210fa1b7faa27b32a4835f95f4b6bf235636ebe59c8dda2793bba6a","False"
"2875587269|31","Special-World","SW","2875587269","127297","https://catalogue.smods.ru/archives/127297","A Special World – Special Building Compatch","31","False","26 Jun, 2025 at 05:28 UTC","2025-06-26 05:28","True","https://modsbase.com/fmwb0l33ic5h/2875587269_A_Special_World_-_Special_Building_Compatch.zip.html","2026","ce0a358ce210fa1b7faa27b32a4835f95f4b6bf235636ebe59c8dda2793bba6a","False"
"2875587269|32","Special-World","SW","2875587269","127297","https://catalogue.smods.ru/archives/127297","A Special World – Special Building Compatch","32","False","17 Jun, 2025 at 06:34 UTC","2025-06-17 06:34","True","https://modsbase.com/jlx0stwyh52v/2875587269_A_Special_World_-_Special_Building_Compatch.zip.html","2026","ce0a358ce210fa1b7faa27b32a4835f95f4b6bf235636ebe59c8dda2793bba6a","False"
"2875587269|33","Special-World","SW","2875587269","127297","https://catalogue.smods.ru/archives/127297","A Special World – Special Building Compatch","33","False","13 Jun, 2025 at 21:52 UTC","2025-06-13 21:52","True","https://modsbase.com/2lyh7kagsz96/2875587269_A_Special_World_-_Special_Building_Compatch.zip.html","2026","ce0a358ce210fa1b7faa27b32a4835f95f4b6bf235636ebe59c8dda2793bba6a","False"
"2875587269|34","Special-World","SW","2875587269","127297","https://catalogue.smods.ru/archives/127297","A Special World – Special Building Compatch","34","False","12 Jun, 2025 at 23:28 UTC","2025-06-12 23:28","True","https://modsbase.com/fl87844kmmdg/2875587269_A_Special_World_-_Special_Building_Compatch.zip.html","2026","ce0a358ce210fa1b7faa27b32a4835f95f4b6bf235636ebe59c8dda2793bba6a","False"
"2875587269|35","Special-World","SW","2875587269","127297","https://catalogue.smods.ru/archives/127297","A Special World – Special Building Compatch","35","False","7 Jun, 2025 at 06:58 UTC","2025-06-07 06:58","True","https://modsbase.com/rts4uqw0rmkw/2875587269_A_Special_World_-_Special_Building_Compatch.zip.html","2026","ce0a358ce210fa1b7faa27b32a4835f95f4b6bf235636ebe59c8dda2793bba6a","False"
"2875587269|36","Special-World","SW","2875587269","127297","https://catalogue.smods.ru/archives/127297","A Special World – Special Building Compatch","36","False","4 Jun, 2025 at 19:31 UTC","2025-06-04 19:31","True","https://modsbase.com/21ic33d78mgk/2875587269_A_Special_World_-_Special_Building_Compatch.zip.html","2026","ce0a358ce210fa1b7faa27b32a4835f95f4b6bf235636ebe59c8dda2793bba6a","False"
"2875587269|37","Special-World","SW","2875587269","127297","https://catalogue.smods.ru/archives/127297","A Special World – Special Building Compatch","37","False","3 Jun, 2025 at 16:10 UTC","2025-06-03 16:10","True","https://modsbase.com/5veg0qqa0tl3/2875587269_A_Special_World_-_Special_Building_Compatch.zip.html","2026","ce0a358ce210fa1b7faa27b32a4835f95f4b6bf235636ebe59c8dda2793bba6a","False"
"2875587269|38","Special-World","SW","2875587269","127297","https://catalogue.smods.ru/archives/127297","A Special World – Special Building Compatch","38","False","31 May, 2025 at 00:59 UTC","2025-05-31 00:59","True","https://modsbase.com/rzi64lloz38m/2875587269_A_Special_World_-_Special_Building_Compatch.zip.html","2026","ce0a358ce210fa1b7faa27b32a4835f95f4b6bf235636ebe59c8dda2793bba6a","False"
"2875587269|39","Special-World","SW","2875587269","127297","https://catalogue.smods.ru/archives/127297","A Special World – Special Building Compatch","39","False","30 May, 2025 at 04:58 UTC","2025-05-30 04:58","True","https://modsbase.com/sfyy0qtjn3fb/2875587269_A_Special_World_-_Special_Building_Compatch.zip.html","2026","ce0a358ce210fa1b7faa27b32a4835f95f4b6bf235636ebe59c8dda2793bba6a","False"
"2875587269|40","Special-World","SW","2875587269","127297","https://catalogue.smods.ru/archives/127297","A Special World – Special Building Compatch","40","False","28 May, 2025 at 02:09 UTC","2025-05-28 02:09","True","https://modsbase.com/5c61qexn29ke/2875587269_A_Special_World_-_Special_Building_Compatch.zip.html","2026","ce0a358ce210fa1b7faa27b32a4835f95f4b6bf235636ebe59c8dda2793bba6a","False"
"2875587269|41","Special-World","SW","2875587269","127297","https://catalogue.smods.ru/archives/127297","A Special World – Special Building Compatch","41","False","20 May, 2025 at 22:56 UTC","2025-05-20 22:56","True","https://modsbase.com/zz09oil047nn/2875587269_A_Special_World_-_Special_Building_Compatch.zip.html","2026","ce0a358ce210fa1b7faa27b32a4835f95f4b6bf235636ebe59c8dda2793bba6a","False"
"2875587269|42","Special-World","SW","2875587269","127297","https://catalogue.smods.ru/archives/127297","A Special World – Special Building Compatch","42","False","16 May, 2025 at 05:04 UTC","2025-05-16 05:04","True","https://modsbase.com/ha9l2ltk04mp/2875587269_A_Special_World_-_Special_Building_Compatch.zip.html","2026","ce0a358ce210fa1b7faa27b32a4835f95f4b6bf235636ebe59c8dda2793bba6a","False"
"2875587269|43","Special-World","SW","2875587269","127297","https://catalogue.smods.ru/archives/127297","A Special World – Special Building Compatch","43","False","12 May, 2025 at 16:53 UTC","2025-05-12 16:53","True","https://modsbase.com/1b975t3m9y7f/2875587269_A_Special_World_-_Special_Building_Compatch.zip.html","2026","ce0a358ce210fa1b7faa27b32a4835f95f4b6bf235636ebe59c8dda2793bba6a","False"
"2875587269|44","Special-World","SW","2875587269","127297","https://catalogue.smods.ru/archives/127297","A Special World – Special Building Compatch","44","False","2 May, 2025 at 22:45 UTC","2025-05-02 22:45","True","https://modsbase.com/7k86wm6oo20y/2875587269_A_Special_World_-_Special_Building_Compatch.zip.html","2026","ce0a358ce210fa1b7faa27b32a4835f95f4b6bf235636ebe59c8dda2793bba6a","False"
"2875587269|45","Special-World","SW","2875587269","127297","https://catalogue.smods.ru/archives/127297","A Special World – Special Building Compatch","45","False","12 Apr, 2025 at 16:31 UTC","2025-04-12 16:31","True","https://modsbase.com/7wvi04zgxqkc/2875587269_A_Special_World_-_Special_Building_Compatch.zip.html","2026","ce0a358ce210fa1b7faa27b32a4835f95f4b6bf235636ebe59c8dda2793bba6a","False"
"2875587269|46","Special-World","SW","2875587269","127297","https://catalogue.smods.ru/archives/127297","A Special World – Special Building Compatch","46","False","6 Apr, 2025 at 18:39 UTC","2025-04-06 18:39","True","https://modsbase.com/qrt1narqrls3/2875587269_A_Special_World_-_Special_Building_Compatch.zip.html","2026","ce0a358ce210fa1b7faa27b32a4835f95f4b6bf235636ebe59c8dda2793bba6a","False"
"2875587269|47","Special-World","SW","2875587269","127297","https://catalogue.smods.ru/archives/127297","A Special World – Special Building Compatch","47","False","2 Apr, 2025 at 23:22 UTC","2025-04-02 23:22","True","https://modsbase.com/q0zpx6xkj6a1/2875587269_A_Special_World_-_Special_Building_Compatch.zip.html","2026","ce0a358ce210fa1b7faa27b32a4835f95f4b6bf235636ebe59c8dda2793bba6a","False"
"2875587269|48","Special-World","SW","2875587269","127297","https://catalogue.smods.ru/archives/127297","A Special World – Special Building Compatch","48","False","31 Mar, 2025 at 18:43 UTC","2025-03-31 18:43","True","https://modsbase.com/cctqunooy2oy/2875587269_A_Special_World_-_Special_Building_Compatch.zip.html","2026","ce0a358ce210fa1b7faa27b32a4835f95f4b6bf235636ebe59c8dda2793bba6a","False"
"2875587269|49","Special-World","SW","2875587269","127297","https://catalogue.smods.ru/archives/127297","A Special World – Special Building Compatch","49","False","30 Mar, 2025 at 21:15 UTC","2025-03-30 21:15","True","https://modsbase.com/pcwtzlfg2td6/2875587269_A_Special_World_-_Special_Building_Compatch.zip.html","2026","ce0a358ce210fa1b7faa27b32a4835f95f4b6bf235636ebe59c8dda2793bba6a","False"
"2875587269|50","Special-World","SW","2875587269","127297","https://catalogue.smods.ru/archives/127297","A Special World – Special Building Compatch","50","False","26 Mar, 2025 at 20:52 UTC","2025-03-26 20:52","True","https://modsbase.com/h1arfhmhd03c/2875587269_A_Special_World_-_Special_Building_Compatch.zip.html","2026","ce0a358ce210fa1b7faa27b32a4835f95f4b6bf235636ebe59c8dda2793bba6a","False"
"2875587269|51","Special-World","SW","2875587269","127297","https://catalogue.smods.ru/archives/127297","A Special World – Special Building Compatch","51","False","24 Mar, 2025 at 06:52 UTC","2025-03-24 06:52","True","https://modsbase.com/h0dkt2088kcr/2875587269_A_Special_World_-_Special_Building_Compatch.zip.html","2026","ce0a358ce210fa1b7faa27b32a4835f95f4b6bf235636ebe59c8dda2793bba6a","False"
"2875587269|52","Special-World","SW","2875587269","127297","https://catalogue.smods.ru/archives/127297","A Special World – Special Building Compatch","52","False","19 Mar, 2025 at 17:13 UTC","2025-03-19 17:13","True","https://modsbase.com/82yxsyz6oz35/2875587269_A_Special_World_-_Special_Building_Compatch.zip.html","2026","ce0a358ce210fa1b7faa27b32a4835f95f4b6bf235636ebe59c8dda2793bba6a","False"
"2875587269|53","Special-World","SW","2875587269","127297","https://catalogue.smods.ru/archives/127297","A Special World – Special Building Compatch","53","False","19 Mar, 2025 at 01:33 UTC","2025-03-19 01:33","True","https://modsbase.com/s8mkivrbb9bl/2875587269_A_Special_World_-_Special_Building_Compatch.zip.html","2026","ce0a358ce210fa1b7faa27b32a4835f95f4b6bf235636ebe59c8dda2793bba6a","False"
"2875587269|54","Special-World","SW","2875587269","127297","https://catalogue.smods.ru/archives/127297","A Special World – Special Building Compatch","54","False","12 Mar, 2025 at 06:12 UTC","2025-03-12 06:12","True","https://modsbase.com/0veboy1orb9i/2875587269_A_Special_World_-_Special_Building_Compatch.zip.html","2026","ce0a358ce210fa1b7faa27b32a4835f95f4b6bf235636ebe59c8dda2793bba6a","False"
"2875587269|55","Special-World","SW","2875587269","127297","https://catalogue.smods.ru/archives/127297","A Special World – Special Building Compatch","55","False","5 Mar, 2025 at 05:51 UTC","2025-03-05 05:51","True","https://modsbase.com/ue37d5lw3ynw/2875587269_A_Special_World_-_Special_Building_Compatch.zip.html","2026","ce0a358ce210fa1b7faa27b32a4835f95f4b6bf235636ebe59c8dda2793bba6a","False"
"2875587269|56","Special-World","SW","2875587269","127297","https://catalogue.smods.ru/archives/127297","A Special World – Special Building Compatch","56","False","2 Mar, 2025 at 22:59 UTC","2025-03-02 22:59","True","https://modsbase.com/abfqixh80d7h/2875587269_A_Special_World_-_Special_Building_Compatch.zip.html","2026","ce0a358ce210fa1b7faa27b32a4835f95f4b6bf235636ebe59c8dda2793bba6a","False"
"2875587269|57","Special-World","SW","2875587269","127297","https://catalogue.smods.ru/archives/127297","A Special World – Special Building Compatch","57","False","19 Feb, 2025 at 06:55 UTC","2025-02-19 06:55","True","https://modsbase.com/0tx4hmbavuzc/2875587269_A_Special_World_-_Special_Building_Compatch.zip.html","2026","ce0a358ce210fa1b7faa27b32a4835f95f4b6bf235636ebe59c8dda2793bba6a","False"
"2875587269|58","Special-World","SW","2875587269","127297","https://catalogue.smods.ru/archives/127297","A Special World – Special Building Compatch","58","False","13 Feb, 2025 at 21:55 UTC","2025-02-13 21:55","True","https://modsbase.com/p577edg0zm0w/2875587269_A_Special_World_-_Special_Building_Compatch.zip.html","2026","ce0a358ce210fa1b7faa27b32a4835f95f4b6bf235636ebe59c8dda2793bba6a","False"
"2875587269|59","Special-World","SW","2875587269","127297","https://catalogue.smods.ru/archives/127297","A Special World – Special Building Compatch","59","False","7 Feb, 2025 at 00:07 UTC","2025-02-07 00:07","True","https://modsbase.com/fvbahwpo6gec/2875587269_A_Special_World_-_Special_Building_Compatch.zip.html","2026","ce0a358ce210fa1b7faa27b32a4835f95f4b6bf235636ebe59c8dda2793bba6a","False"
"2875587269|60","Special-World","SW","2875587269","127297","https://catalogue.smods.ru/archives/127297","A Special World – Special Building Compatch","60","False","2 Feb, 2025 at 01:17 UTC","2025-02-02 01:17","True","https://modsbase.com/ft3r9qk0frqs/2875587269_A_Special_World_-_Special_Building_Compatch.zip.html","2026","ce0a358ce210fa1b7faa27b32a4835f95f4b6bf235636ebe59c8dda2793bba6a","False"
"2875587269|61","Special-World","SW","2875587269","127297","https://catalogue.smods.ru/archives/127297","A Special World – Special Building Compatch","61","False","28 Jan, 2025 at 17:33 UTC","2025-01-28 17:33","True","https://modsbase.com/gss0f9g62g4z/2875587269_A_Special_World_-_Special_Building_Compatch.zip.html","2026","ce0a358ce210fa1b7faa27b32a4835f95f4b6bf235636ebe59c8dda2793bba6a","False"
"2875587269|62","Special-World","SW","2875587269","127297","https://catalogue.smods.ru/archives/127297","A Special World – Special Building Compatch","62","False","24 Jan, 2025 at 23:29 UTC","2025-01-24 23:29","True","https://modsbase.com/4x4n447mbtj0/2875587269_A_Special_World_-_Special_Building_Compatch.zip.html","2026","ce0a358ce210fa1b7faa27b32a4835f95f4b6bf235636ebe59c8dda2793bba6a","False"
"2875587269|63","Special-World","SW","2875587269","127297","https://catalogue.smods.ru/archives/127297","A Special World – Special Building Compatch","63","False","24 Jan, 2025 at 01:44 UTC","2025-01-24 01:44","True","https://modsbase.com/77hywwmec0eq/2875587269_A_Special_World_-_Special_Building_Compatch.zip.html","2026","ce0a358ce210fa1b7faa27b32a4835f95f4b6bf235636ebe59c8dda2793bba6a","False"
"2875587269|64","Special-World","SW","2875587269","127297","https://catalogue.smods.ru/archives/127297","A Special World – Special Building Compatch","64","False","20 Jan, 2025 at 07:01 UTC","2025-01-20 07:01","True","https://modsbase.com/5n4o5guhh9ts/2875587269_A_Special_World_-_Special_Building_Compatch.zip.html","2026","ce0a358ce210fa1b7faa27b32a4835f95f4b6bf235636ebe59c8dda2793bba6a","False"
"2875587269|65","Special-World","SW","2875587269","127297","https://catalogue.smods.ru/archives/127297","A Special World – Special Building Compatch","65","False","16 Jan, 2025 at 19:14 UTC","2025-01-16 19:14","True","https://modsbase.com/jehpuul4dl5h/2875587269_A_Special_World_-_Special_Building_Compatch.zip.html","2026","ce0a358ce210fa1b7faa27b32a4835f95f4b6bf235636ebe59c8dda2793bba6a","False"
"2875587269|66","Special-World","SW","2875587269","127297","https://catalogue.smods.ru/archives/127297","A Special World – Special Building Compatch","66","False","14 Jan, 2025 at 17:18 UTC","2025-01-14 17:18","True","https://modsbase.com/n0ll6nobdkl3/2875587269_A_Special_World_-_Special_Building_Compatch.zip.html","2026","ce0a358ce210fa1b7faa27b32a4835f95f4b6bf235636ebe59c8dda2793bba6a","False"
"2875587269|67","Special-World","SW","2875587269","127297","https://catalogue.smods.ru/archives/127297","A Special World – Special Building Compatch","67","False","7 Jan, 2025 at 20:03 UTC","2025-01-07 20:03","True","https://modsbase.com/de37mu10jg4w/2875587269_A_Special_World_-_Special_Building_Compatch.zip.html","2026","ce0a358ce210fa1b7faa27b32a4835f95f4b6bf235636ebe59c8dda2793bba6a","False"
"2875587269|68","Special-World","SW","2875587269","127297","https://catalogue.smods.ru/archives/127297","A Special World – Special Building Compatch","68","False","31 Dec, 2024 at 18:45 UTC","2024-12-31 18:45","True","https://modsbase.com/u49l5v8mvefs/2875587269_A_Special_World_-_Special_Building_Compatch.zip.html","2026","ce0a358ce210fa1b7faa27b32a4835f95f4b6bf235636ebe59c8dda2793bba6a","False"
"2875587269|69","Special-World","SW","2875587269","127297","https://catalogue.smods.ru/archives/127297","A Special World – Special Building Compatch","69","False","30 Dec, 2024 at 06:27 UTC","2024-12-30 06:27","True","https://modsbase.com/smjz6pscif6i/2875587269_A_Special_World_-_Special_Building_Compatch___40____MHG___41_.zip.html","2026","ce0a358ce210fa1b7faa27b32a4835f95f4b6bf235636ebe59c8dda2793bba6a","False"
"2875587269|70","Special-World","SW","2875587269","127297","https://catalogue.smods.ru/archives/127297","A Special World – Special Building Compatch","70","False","22 Dec, 2024 at 22:30 UTC","2024-12-22 22:30","True","https://modsbase.com/m1rflmpaf81u/2875587269_A_Special_World_-_Special_Building_Compatch.zip.html","2026","ce0a358ce210fa1b7faa27b32a4835f95f4b6bf235636ebe59c8dda2793bba6a","False"
"2875587269|71","Special-World","SW","2875587269","127297","https://catalogue.smods.ru/archives/127297","A Special World – Special Building Compatch","71","False","19 Dec, 2024 at 17:04 UTC","2024-12-19 17:04","True","https://modsbase.com/cnz4rsdz6tcx/2875587269_A_Special_World_-_Special_Building_Compatch.zip.html","2026","ce0a358ce210fa1b7faa27b32a4835f95f4b6bf235636ebe59c8dda2793bba6a","False"
"2875587269|72","Special-World","SW","2875587269","127297","https://catalogue.smods.ru/archives/127297","A Special World – Special Building Compatch","72","False","17 Dec, 2024 at 19:03 UTC","2024-12-17 19:03","True","https://modsbase.com/v5n9i3mjxsb2/2875587269_A_Special_World_-_Special_Building_Compatch.zip.html","2026","ce0a358ce210fa1b7faa27b32a4835f95f4b6bf235636ebe59c8dda2793bba6a","False"
"2875587269|73","Special-World","SW","2875587269","127297","https://catalogue.smods.ru/archives/127297","A Special World – Special Building Compatch","73","False","9 Dec, 2024 at 18:10 UTC","2024-12-09 18:10","True","https://modsbase.com/wyn7i8lxxdap/2875587269_A_Special_World_-_Special_Building_Compatch.zip.html","2026","ce0a358ce210fa1b7faa27b32a4835f95f4b6bf235636ebe59c8dda2793bba6a","False"
"2875587269|74","Special-World","SW","2875587269","127297","https://catalogue.smods.ru/archives/127297","A Special World – Special Building Compatch","74","False","9 Dec, 2024 at 07:05 UTC","2024-12-09 07:05","True","https://modsbase.com/cndyepnud3ob/2875587269_A_Special_World_-_Special_Building_Compatch.zip.html","2026","ce0a358ce210fa1b7faa27b32a4835f95f4b6bf235636ebe59c8dda2793bba6a","False"
"2875587269|75","Special-World","SW","2875587269","127297","https://catalogue.smods.ru/archives/127297","A Special World – Special Building Compatch","75","False","26 Nov, 2024 at 19:58 UTC","2024-11-26 19:58","True","https://modsbase.com/6i09zu2d199y/2875587269_A_Special_World_-_Special_Building_Compatch.zip.html","2026","ce0a358ce210fa1b7faa27b32a4835f95f4b6bf235636ebe59c8dda2793bba6a","False"
"2875587269|76","Special-World","SW","2875587269","127297","https://catalogue.smods.ru/archives/127297","A Special World – Special Building Compatch","76","False","24 Nov, 2024 at 21:25 UTC","2024-11-24 21:25","True","https://modsbase.com/vxhcf5rp7fet/2875587269_A_Special_World_-_Special_Building_Compatch.zip.html","2026","ce0a358ce210fa1b7faa27b32a4835f95f4b6bf235636ebe59c8dda2793bba6a","False"
"2875587269|77","Special-World","SW","2875587269","127297","https://catalogue.smods.ru/archives/127297","A Special World – Special Building Compatch","77","False","11 Nov, 2024 at 16:10 UTC","2024-11-11 16:10","True","https://modsbase.com/v6rr6hfeqg3e/2875587269_A_Special_World_-_Special_Building_Compatch.zip.html","2026","ce0a358ce210fa1b7faa27b32a4835f95f4b6bf235636ebe59c8dda2793bba6a","False"
"2875587269|78","Special-World","SW","2875587269","127297","https://catalogue.smods.ru/archives/127297","A Special World – Special Building Compatch","78","False","5 Nov, 2024 at 07:49 UTC","2024-11-05 07:49","True","https://modsbase.com/84j2ma96lyl5/2875587269_A_Special_World_-_Special_Building_Compatch.zip.html","2026","ce0a358ce210fa1b7faa27b32a4835f95f4b6bf235636ebe59c8dda2793bba6a","False"
"2875587269|79","Special-World","SW","2875587269","127297","https://catalogue.smods.ru/archives/127297","A Special World – Special Building Compatch","79","False","31 Oct, 2024 at 19:39 UTC","2024-10-31 19:39","True","https://modsbase.com/khh61cii15uz/2875587269_A_Special_World_-_Special_Building_Compatch.zip.html","2026","ce0a358ce210fa1b7faa27b32a4835f95f4b6bf235636ebe59c8dda2793bba6a","False"
"2875587269|80","Special-World","SW","2875587269","127297","https://catalogue.smods.ru/archives/127297","A Special World – Special Building Compatch","80","False","22 Oct, 2024 at 16:14 UTC","2024-10-22 16:14","True","https://modsbase.com/acwdw2idcqyb/2875587269_A_Special_World_-_Special_Building_Compatch.zip.html","2026","ce0a358ce210fa1b7faa27b32a4835f95f4b6bf235636ebe59c8dda2793bba6a","False"
"2875587269|81","Special-World","SW","2875587269","127297","https://catalogue.smods.ru/archives/127297","A Special World – Special Building Compatch","81","False","10 Oct, 2024 at 06:55 UTC","2024-10-10 06:55","True","https://modsbase.com/rjr25wknel5f/2875587269_A_Special_World_-_Special_Building_Compatch.zip.html","2026","ce0a358ce210fa1b7faa27b32a4835f95f4b6bf235636ebe59c8dda2793bba6a","False"
"2875587269|82","Special-World","SW","2875587269","127297","https://catalogue.smods.ru/archives/127297","A Special World – Special Building Compatch","82","False","9 Oct, 2024 at 00:46 UTC","2024-10-09 00:46","True","https://modsbase.com/cp3r069t1iro/2875587269_A_Special_World_-_Special_Building_Compatch.zip.html","2026","ce0a358ce210fa1b7faa27b32a4835f95f4b6bf235636ebe59c8dda2793bba6a","False"
"2875587269|83","Special-World","SW","2875587269","127297","https://catalogue.smods.ru/archives/127297","A Special World – Special Building Compatch","83","False","4 Oct, 2024 at 22:19 UTC","2024-10-04 22:19","True","https://modsbase.com/7hp73bbspprv/2875587269_A_Special_World_-_Special_Building_Compatch.zip.html","2026","ce0a358ce210fa1b7faa27b32a4835f95f4b6bf235636ebe59c8dda2793bba6a","False"
"2875587269|84","Special-World","SW","2875587269","127297","https://catalogue.smods.ru/archives/127297","A Special World – Special Building Compatch","84","False","17 Sep, 2024 at 16:14 UTC","2024-09-17 16:14","True","https://modsbase.com/j9i6ji6pp974/2875587269_A_Special_World_-_Special_Building_Compatch.zip.html","2026","ce0a358ce210fa1b7faa27b32a4835f95f4b6bf235636ebe59c8dda2793bba6a","False"
"2875587269|85","Special-World","SW","2875587269","127297","https://catalogue.smods.ru/archives/127297","A Special World – Special Building Compatch","85","False","21 Aug, 2024 at 15:18 UTC","2024-08-21 15:18","True","https://modsbase.com/c0yexkmzk8sm/2875587269_A_Special_World_-_Special_Building_Compatch.zip.html","2026","ce0a358ce210fa1b7faa27b32a4835f95f4b6bf235636ebe59c8dda2793bba6a","False"
"2875587269|86","Special-World","SW","2875587269","127297","https://catalogue.smods.ru/archives/127297","A Special World – Special Building Compatch","86","False","30 Jul, 2024 at 16:49 UTC","2024-07-30 16:49","True","https://modsbase.com/uad8qtl916j0/2875587269_A_Special_World_-_Special_Building_Compatch.zip.html","2026","ce0a358ce210fa1b7faa27b32a4835f95f4b6bf235636ebe59c8dda2793bba6a","False"
"2875587269|87","Special-World","SW","2875587269","127297","https://catalogue.smods.ru/archives/127297","A Special World – Special Building Compatch","87","False","28 Jul, 2024 at 22:15 UTC","2024-07-28 22:15","True","https://modsbase.com/bvw167ux6v43/2875587269_A_Special_World_-_Special_Building_Compatch.zip.html","2026","ce0a358ce210fa1b7faa27b32a4835f95f4b6bf235636ebe59c8dda2793bba6a","False"
"2875587269|88","Special-World","SW","2875587269","127297","https://catalogue.smods.ru/archives/127297","A Special World – Special Building Compatch","88","False","20 Jun, 2024 at 19:01 UTC","2024-06-20 19:01","True","https://modsbase.com/79q19anosorb/2875587269_A_Special_World_-_Special_Building_Compatch.zip.html","2026","ce0a358ce210fa1b7faa27b32a4835f95f4b6bf235636ebe59c8dda2793bba6a","False"
"2875587269|89","Special-World","SW","2875587269","127297","https://catalogue.smods.ru/archives/127297","A Special World – Special Building Compatch","89","False","17 Jun, 2024 at 06:17 UTC","2024-06-17 06:17","True","https://modsbase.com/tww784h2p76x/2875587269_A_Special_World_-_Special_Building_Compatch.zip.html","2026","ce0a358ce210fa1b7faa27b32a4835f95f4b6bf235636ebe59c8dda2793bba6a","False"
"2875587269|90","Special-World","SW","2875587269","127297","https://catalogue.smods.ru/archives/127297","A Special World – Special Building Compatch","90","False","5 Jun, 2024 at 22:30 UTC","2024-06-05 22:30","True","https://modsbase.com/5st9l8iknru5/2875587269_A_Special_World_-_Special_Building_Compatch.zip.html","2026","ce0a358ce210fa1b7faa27b32a4835f95f4b6bf235636ebe59c8dda2793bba6a","False"
"2875587269|91","Special-World","SW","2875587269","127297","https://catalogue.smods.ru/archives/127297","A Special World – Special Building Compatch","91","False","3 Jun, 2024 at 19:39 UTC","2024-06-03 19:39","True","https://modsbase.com/fjuvrhgrbd5n/2875587269_A_Special_World_-_Special_Building_Compatch.zip.html","2026","ce0a358ce210fa1b7faa27b32a4835f95f4b6bf235636ebe59c8dda2793bba6a","False"
"2875587269|92","Special-World","SW","2875587269","127297","https://catalogue.smods.ru/archives/127297","A Special World – Special Building Compatch","92","False","21 May, 2024 at 19:07 UTC","2024-05-21 19:07","True","https://modsbase.com/a81i1gminxvp/2875587269_A_Special_World_-_Special_Building_Compatch.zip.html","2026","ce0a358ce210fa1b7faa27b32a4835f95f4b6bf235636ebe59c8dda2793bba6a","False"
"2875587269|93","Special-World","SW","2875587269","127297","https://catalogue.smods.ru/archives/127297","A Special World – Special Building Compatch","93","False","15 May, 2024 at 19:11 UTC","2024-05-15 19:11","True","https://modsbase.com/ya5xmj5ho5ru/2875587269_A_Special_World_-_Special_Building_Compatch.zip.html","2026","ce0a358ce210fa1b7faa27b32a4835f95f4b6bf235636ebe59c8dda2793bba6a","False"
"2875587269|94","Special-World","SW","2875587269","127297","https://catalogue.smods.ru/archives/127297","A Special World – Special Building Compatch","94","False","8 May, 2024 at 16:32 UTC","2024-05-08 16:32","True","https://modsbase.com/2jtkt18bi060/2875587269_A_Special_World_-_Special_Building_Compatch.zip.html","2026","ce0a358ce210fa1b7faa27b32a4835f95f4b6bf235636ebe59c8dda2793bba6a","False"
"2875587269|95","Special-World","SW","2875587269","127297","https://catalogue.smods.ru/archives/127297","A Special World – Special Building Compatch","95","False","2 May, 2024 at 21:35 UTC","2024-05-02 21:35","True","https://modsbase.com/25iwd91atdfr/2875587269_A_Special_World_-_Special_Building_Compatch.zip.html","2026","ce0a358ce210fa1b7faa27b32a4835f95f4b6bf235636ebe59c8dda2793bba6a","False"
"2875587269|96","Special-World","SW","2875587269","127297","https://catalogue.smods.ru/archives/127297","A Special World – Special Building Compatch","96","False","23 Apr, 2024 at 16:43 UTC","2024-04-23 16:43","True","https://modsbase.com/s50ciif30nc5/2875587269_A_Special_World_-_Special_Building_Compatch.zip.html","2026","ce0a358ce210fa1b7faa27b32a4835f95f4b6bf235636ebe59c8dda2793bba6a","False"
"2875587269|97","Special-World","SW","2875587269","127297","https://catalogue.smods.ru/archives/127297","A Special World – Special Building Compatch","97","False","18 Apr, 2024 at 18:10 UTC","2024-04-18 18:10","True","https://modsbase.com/wtu384aiqcoa/2875587269_A_Special_World_-_Special_Building_Compatch.zip.html","2026","ce0a358ce210fa1b7faa27b32a4835f95f4b6bf235636ebe59c8dda2793bba6a","False"
"2875587269|98","Special-World","SW","2875587269","127297","https://catalogue.smods.ru/archives/127297","A Special World – Special Building Compatch","98","False","17 Apr, 2024 at 14:40 UTC","2024-04-17 14:40","True","https://modsbase.com/9h202cnyqmed/2875587269_A_Special_World_-_Special_Building_Compatch.zip.html","2026","ce0a358ce210fa1b7faa27b32a4835f95f4b6bf235636ebe59c8dda2793bba6a","False"
"2875587269|99","Special-World","SW","2875587269","127297","https://catalogue.smods.ru/archives/127297","A Special World – Special Building Compatch","99","False","11 Apr, 2024 at 07:30 UTC","2024-04-11 07:30","True","https://modsbase.com/6pn2mlkm3qhj/2875587269_A_Special_World___40_MA__UBP___MB__COW3__MA-MSB__RICE_and_More_Compatch__41_.zip.html","2026","ce0a358ce210fa1b7faa27b32a4835f95f4b6bf235636ebe59c8dda2793bba6a","False"
"2875587269|100","Special-World","SW","2875587269","127297","https://catalogue.smods.ru/archives/127297","A Special World – Special Building Compatch","100","False","9 Apr, 2024 at 17:37 UTC","2024-04-09 17:37","True","https://modsbase.com/uwv2fwyhibz3/2875587269_A_Special_World___40_MA__UBP___MB__COW3__MA-MSB__RICE_and_More_Compatch__41_.zip.html","2026","ce0a358ce210fa1b7faa27b32a4835f95f4b6bf235636ebe59c8dda2793bba6a","False"
"2875587269|101","Special-World","SW","2875587269","127297","https://catalogue.smods.ru/archives/127297","A Special World – Special Building Compatch","101","False","4 Apr, 2024 at 18:54 UTC","2024-04-04 18:54","True","https://modsbase.com/6kklkeso6c9e/2875587269_A_Special_World___40_MA__UBP___MB__COW3__MA-MSB__RICE_and_More_Compatch__41_.zip.html","2026","ce0a358ce210fa1b7faa27b32a4835f95f4b6bf235636ebe59c8dda2793bba6a","False"
"2875587269|102","Special-World","SW","2875587269","127297","https://catalogue.smods.ru/archives/127297","A Special World – Special Building Compatch","102","False","29 Mar, 2024 at 15:08 UTC","2024-03-29 15:08","True","https://modsbase.com/61v2qoh9ie4d/2875587269_A_Special_World___40_MA__UBP___MB__COW3__MA-MSB__RICE_and_More_Compatch__41_.zip.html","2026","ce0a358ce210fa1b7faa27b32a4835f95f4b6bf235636ebe59c8dda2793bba6a","False"
"2875587269|103","Special-World","SW","2875587269","127297","https://catalogue.smods.ru/archives/127297","A Special World – Special Building Compatch","103","False","19 Mar, 2024 at 17:33 UTC","2024-03-19 17:33","True","https://modsbase.com/16fh6aa9dm7d/2875587269_A_Special_World___40_MA__UBP___MB__COW3__MA-MSB__RICE_and_More_Compatch__41_.zip.html","2026","ce0a358ce210fa1b7faa27b32a4835f95f4b6bf235636ebe59c8dda2793bba6a","False"
"2875587269|104","Special-World","SW","2875587269","127297","https://catalogue.smods.ru/archives/127297","A Special World – Special Building Compatch","104","False","16 Mar, 2024 at 17:48 UTC","2024-03-16 17:48","True","https://modsbase.com/gs80vzyq5jmn/2875587269_A_Special_World___40_MA__UBP___MB__COW3__MA-MSB__RICE_and_More_Compatch__41_.zip.html","2026","ce0a358ce210fa1b7faa27b32a4835f95f4b6bf235636ebe59c8dda2793bba6a","False"
"2875587269|105","Special-World","SW","2875587269","127297","https://catalogue.smods.ru/archives/127297","A Special World – Special Building Compatch","105","False","7 Mar, 2024 at 18:27 UTC","2024-03-07 18:27","True","https://modsbase.com/giq3qf0tp0oe/2875587269_A_Special_World___40_MA__UBP___MB__COW3__MA-MSB__RICE_and_More_Compatch__41_.zip.html","2026","ce0a358ce210fa1b7faa27b32a4835f95f4b6bf235636ebe59c8dda2793bba6a","False"
"2875587269|106","Special-World","SW","2875587269","127297","https://catalogue.smods.ru/archives/127297","A Special World – Special Building Compatch","106","False","10 Feb, 2024 at 18:13 UTC","2024-02-10 18:13","True","https://modsbase.com/0fbgu2qbxqxn/2875587269_A_Special_World___40_MA__UBP___MB__COW3__MA-MSB__RICE_and_More_Compatch__41_.zip.html","2026","ce0a358ce210fa1b7faa27b32a4835f95f4b6bf235636ebe59c8dda2793bba6a","False"
"2875587269|107","Special-World","SW","2875587269","127297","https://catalogue.smods.ru/archives/127297","A Special World – Special Building Compatch","107","False","21 Dec, 2023 at 06:18 UTC","2023-12-21 06:18","True","https://modsbase.com/dbfplaoq2uoz/2875587269_A_Special_World___40_MA__UBP___MB__COW3__MA-MSB__RICE_and_More_Compatch__41_.zip.html","2026","ce0a358ce210fa1b7faa27b32a4835f95f4b6bf235636ebe59c8dda2793bba6a","False"
"2875587269|108","Special-World","SW","2875587269","127297","https://catalogue.smods.ru/archives/127297","A Special World – Special Building Compatch","108","False","19 Dec, 2023 at 17:48 UTC","2023-12-19 17:48","True","https://modsbase.com/xuvheimdmfaf/2875587269_A_Special_World___40_MA__UBP___MB__COW3__MA-MSB__RICE_and_More_Compatch__41_.zip.html","2026","ce0a358ce210fa1b7faa27b32a4835f95f4b6bf235636ebe59c8dda2793bba6a","False"
"2875587269|109","Special-World","SW","2875587269","127297","https://catalogue.smods.ru/archives/127297","A Special World – Special Building Compatch","109","False","16 Dec, 2023 at 18:27 UTC","2023-12-16 18:27","True","https://modsbase.com/77kh8x6lynhe/2875587269_A_Special_World___40_MA__UBP___MB__COW3__MA-MSB__RICE_and_More_Compatch__41_.zip.html","2026","ce0a358ce210fa1b7faa27b32a4835f95f4b6bf235636ebe59c8dda2793bba6a","False"
"2875587269|110","Special-World","SW","2875587269","127297","https://catalogue.smods.ru/archives/127297","A Special World – Special Building Compatch","110","False","6 Dec, 2023 at 23:12 UTC","2023-12-06 23:12","True","https://modsbase.com/ofa1wbkok1jy/2875587269_A_Special_World___40_MA__UBP___MB__COW3__MA-MSB__RICE_and_More_Compatch__41_.zip.html","2026","ce0a358ce210fa1b7faa27b32a4835f95f4b6bf235636ebe59c8dda2793bba6a","False"
"2875587269|111","Special-World","SW","2875587269","127297","https://catalogue.smods.ru/archives/127297","A Special World – Special Building Compatch","111","False","28 Nov, 2023 at 01:43 UTC","2023-11-28 01:43","True","https://modsbase.com/mom4ch85pu0n/2875587269_A_Special_World___40_MA__UBP___MB__COW3__MA-MSB__RICE_and_More_Compatch__41_.zip.html","2026","ce0a358ce210fa1b7faa27b32a4835f95f4b6bf235636ebe59c8dda2793bba6a","False"
"2875587269|112","Special-World","SW","2875587269","127297","https://catalogue.smods.ru/archives/127297","A Special World – Special Building Compatch","112","False","22 Nov, 2023 at 03:55 UTC","2023-11-22 03:55","True","https://modsbase.com/zl6knv5z6qp2/2875587269_A_Special_World___40_MA__UBP___MB__COW3__MA-MSB__RICE_and_More_Compatch__41_.zip.html","2026","ce0a358ce210fa1b7faa27b32a4835f95f4b6bf235636ebe59c8dda2793bba6a","False"
"2875587269|113","Special-World","SW","2875587269","127297","https://catalogue.smods.ru/archives/127297","A Special World – Special Building Compatch","113","False","18 Nov, 2023 at 08:35 UTC","2023-11-18 08:35","True","https://modsbase.com/uo7757qk0dli/2875587269_A_Special_World___40_MA__UBP___MB__COW3__MA-MSB__RICE_and_More_Compatch__41_.zip.html","2026","ce0a358ce210fa1b7faa27b32a4835f95f4b6bf235636ebe59c8dda2793bba6a","False"
"2875587269|114","Special-World","SW","2875587269","127297","https://catalogue.smods.ru/archives/127297","A Special World – Special Building Compatch","114","False","9 Oct, 2023 at 22:22 UTC","2023-10-09 22:22","True","https://modsbase.com/pul69bxgbm6i/2875587269_A_Special_World___40_MA__UBP___MB__COW3__MA-MSB__RICE_and_More_Compatch__41_.zip.html","2026","ce0a358ce210fa1b7faa27b32a4835f95f4b6bf235636ebe59c8dda2793bba6a","False"
"2875587269|115","Special-World","SW","2875587269","127297","https://catalogue.smods.ru/archives/127297","A Special World – Special Building Compatch","115","False","6 Oct, 2023 at 17:04 UTC","2023-10-06 17:04","True","https://modsbase.com/0jvwyrsv6zih/2875587269_A_Special_World___40_MA__UBP___MB__COW3__MA-MSB__RICE_and_More_Compatch__41_.zip.html","2026","ce0a358ce210fa1b7faa27b32a4835f95f4b6bf235636ebe59c8dda2793bba6a","False"
"2875587269|116","Special-World","SW","2875587269","127297","https://catalogue.smods.ru/archives/127297","A Special World – Special Building Compatch","116","False","3 Oct, 2023 at 15:32 UTC","2023-10-03 15:32","True","https://modsbase.com/lb1mlt2p6aem/2875587269_A_Special_World___40_MA__UBP___MB__COW3__MA-MSB__RICE_and_More_Compatch__41_.zip.html","2026","ce0a358ce210fa1b7faa27b32a4835f95f4b6bf235636ebe59c8dda2793bba6a","False"
"2875587269|117","Special-World","SW","2875587269","127297","https://catalogue.smods.ru/archives/127297","A Special World – Special Building Compatch","117","False","28 Sep, 2023 at 22:23 UTC","2023-09-28 22:23","True","https://modsbase.com/9n7f97sdrxq2/2875587269_A_Special_World___40_MA__UBP___MB__COW3__MA-MSB__RICE_and_More_Compatch__41_.zip.html","2026","ce0a358ce210fa1b7faa27b32a4835f95f4b6bf235636ebe59c8dda2793bba6a","False"
"2875587269|118","Special-World","SW","2875587269","127297","https://catalogue.smods.ru/archives/127297","A Special World – Special Building Compatch","118","False","6 Aug, 2023 at 22:10 UTC","2023-08-06 22:10","True","https://modsbase.com/i3af0s2hg5y1/2875587269_A_Special_World___40_MA__UBP___MB__COW3__MA-MSB__RICE_and_More_Compatch__41_.zip.html","2026","ce0a358ce210fa1b7faa27b32a4835f95f4b6bf235636ebe59c8dda2793bba6a","False"
"2875587269|119","Special-World","SW","2875587269","127297","https://catalogue.smods.ru/archives/127297","A Special World – Special Building Compatch","119","False","31 Jul, 2023 at 21:09 UTC","2023-07-31 21:09","True","https://modsbase.com/95qb2eddfa25/2875587269_A_Special_World___40_MA__UBP___MB__COW3__MA-MSB__RICE_and_More_Compatch__41_.zip.html","2026","ce0a358ce210fa1b7faa27b32a4835f95f4b6bf235636ebe59c8dda2793bba6a","False"
"2875587269|120","Special-World","SW","2875587269","127297","https://catalogue.smods.ru/archives/127297","A Special World – Special Building Compatch","120","False","27 Jul, 2023 at 17:21 UTC","2023-07-27 17:21","True","https://modsbase.com/lye0dzvthfpi/2875587269_A_Special_World___40_MA__UBP___MB__COW3__MA-MSB__RICE_and_More_Compatch__41_.zip.html","2026","ce0a358ce210fa1b7faa27b32a4835f95f4b6bf235636ebe59c8dda2793bba6a","False"
"2875587269|121","Special-World","SW","2875587269","127297","https://catalogue.smods.ru/archives/127297","A Special World – Special Building Compatch","121","False","3 Jul, 2023 at 02:24 UTC","2023-07-03 02:24","True","https://modsbase.com/ltedci12ibo1/2875587269_A_Special_World___40_MA__UBP___MB__COW3__MA-MSB__RICE_and_More_Compatch__41_.zip.html","2026","ce0a358ce210fa1b7faa27b32a4835f95f4b6bf235636ebe59c8dda2793bba6a","False"
"2875587269|122","Special-World","SW","2875587269","127297","https://catalogue.smods.ru/archives/127297","A Special World – Special Building Compatch","122","False","29 Jun, 2023 at 15:57 UTC","2023-06-29 15:57","True","https://modsbase.com/yv1wgdypt4j5/2875587269_A_Special_World___40_MA__UBP___MB__COW3__MA-MSB__RICE_and_More_Compatch__41_.zip.html","2026","ce0a358ce210fa1b7faa27b32a4835f95f4b6bf235636ebe59c8dda2793bba6a","False"
"2875587269|123","Special-World","SW","2875587269","127297","https://catalogue.smods.ru/archives/127297","A Special World – Special Building Compatch","123","False","23 Jun, 2023 at 00:38 UTC","2023-06-23 00:38","True","https://modsbase.com/q5t39e9pj8o3/2875587269_A_Special_World___40_MA__UBP___MB__COW3__MA-MSB__RICE_and_More_Compatch__41_.zip.html","2026","ce0a358ce210fa1b7faa27b32a4835f95f4b6bf235636ebe59c8dda2793bba6a","False"
"2875587269|124","Special-World","SW","2875587269","127297","https://catalogue.smods.ru/archives/127297","A Special World – Special Building Compatch","124","False","20 Jun, 2023 at 21:24 UTC","2023-06-20 21:24","True","https://modsbase.com/wil5to90o2pb/2875587269_A_Special_World___40_MA__UBP___MB__COW3__MA-MSB__RICE_and_More_Compatch__41_.zip.html","2026","ce0a358ce210fa1b7faa27b32a4835f95f4b6bf235636ebe59c8dda2793bba6a","False"
"2875587269|125","Special-World","SW","2875587269","127297","https://catalogue.smods.ru/archives/127297","A Special World – Special Building Compatch","125","False","16 Jun, 2023 at 16:40 UTC","2023-06-16 16:40","True","https://modsbase.com/wv0stcgru12w/2875587269_A_Special_World___40_MA__UBP___MB__COW3__MA-MSB__RICE_and_More_Compatch__41_.zip.html","2026","ce0a358ce210fa1b7faa27b32a4835f95f4b6bf235636ebe59c8dda2793bba6a","False"
"2875587269|126","Special-World","SW","2875587269","127297","https://catalogue.smods.ru/archives/127297","A Special World – Special Building Compatch","126","False","13 Jun, 2023 at 15:07 UTC","2023-06-13 15:07","True","https://modsbase.com/82rwm37wh6t0/2875587269_A_Special_World___40_MA__UBP___MB__COW3__MA-MSB__RICE_and_More_Compatch__41_.zip.html","2026","ce0a358ce210fa1b7faa27b32a4835f95f4b6bf235636ebe59c8dda2793bba6a","False"
"2875587269|127","Special-World","SW","2875587269","127297","https://catalogue.smods.ru/archives/127297","A Special World – Special Building Compatch","127","False","11 Jun, 2023 at 17:34 UTC","2023-06-11 17:34","True","https://modsbase.com/vgk2a1r4w61h/2875587269_A_Special_World___40_MA__UBP___MB__COW3__MA-MSB__RICE_and_More_Compatch__41_.zip.html","2026","ce0a358ce210fa1b7faa27b32a4835f95f4b6bf235636ebe59c8dda2793bba6a","False"
"2875587269|128","Special-World","SW","2875587269","127297","https://catalogue.smods.ru/archives/127297","A Special World – Special Building Compatch","128","False","5 Jun, 2023 at 19:00 UTC","2023-06-05 19:00","True","https://modsbase.com/wsmnx6bpnn9k/2875587269_A_Special_World___40_MA__UBP___MB__COW3__MA-MSB__RICE_and_More_Compatch__41_.zip.html","2026","ce0a358ce210fa1b7faa27b32a4835f95f4b6bf235636ebe59c8dda2793bba6a","False"
"2875587269|129","Special-World","SW","2875587269","127297","https://catalogue.smods.ru/archives/127297","A Special World – Special Building Compatch","129","False","22 May, 2023 at 20:05 UTC","2023-05-22 20:05","True","https://modsbase.com/pmq0w1wgaalw/2875587269_A_Special_World___40_MA__UBP___MB__COW3__MA-MSB__RICE_and_More_Compatch__41_.zip.html","2026","ce0a358ce210fa1b7faa27b32a4835f95f4b6bf235636ebe59c8dda2793bba6a","False"
"2875587269|130","Special-World","SW","2875587269","127297","https://catalogue.smods.ru/archives/127297","A Special World – Special Building Compatch","130","False","25 Apr, 2023 at 15:28 UTC","2023-04-25 15:28","True","https://modsbase.com/tqixgp9760uo/2875587269_A_Special_World___40_MA__UBP___MB__COW3__MA-MSB__RICE_and_More_Compatch__41_.zip.html","2026","ce0a358ce210fa1b7faa27b32a4835f95f4b6bf235636ebe59c8dda2793bba6a","False"
"2875587269|131","Special-World","SW","2875587269","127297","https://catalogue.smods.ru/archives/127297","A Special World – Special Building Compatch","131","False","4 Apr, 2023 at 17:07 UTC","2023-04-04 17:07","True","https://modsbase.com/i8182g9upxbk/2875587269_A_Special_World___40_MA__UBP___MB__COW3__MA-MSB__RICE_and_More_Compatch__41_.zip.html","2026","ce0a358ce210fa1b7faa27b32a4835f95f4b6bf235636ebe59c8dda2793bba6a","False"
"2875587269|132","Special-World","SW","2875587269","127297","https://catalogue.smods.ru/archives/127297","A Special World – Special Building Compatch","132","False","9 Mar, 2023 at 21:53 UTC","2023-03-09 21:53","True","https://modsbase.com/84d9qmp3nbiw/2875587269_A_Special_World___40_MA__UBP___MB__COW3__MA-MSB__RICE_and_More_Compatch__41_.zip.html","2026","ce0a358ce210fa1b7faa27b32a4835f95f4b6bf235636ebe59c8dda2793bba6a","False"
"2875587269|133","Special-World","SW","2875587269","127297","https://catalogue.smods.ru/archives/127297","A Special World – Special Building Compatch","133","False","5 Mar, 2023 at 19:12 UTC","2023-03-05 19:12","True","https://modsbase.com/q3o0rng5nkf7/2875587269_A_Special_World___40_MA__UBP___MB__COW3__MA-MSB__RICE_and_More_Compatch__41_.zip.html","2026","ce0a358ce210fa1b7faa27b32a4835f95f4b6bf235636ebe59c8dda2793bba6a","False"
"2875587269|134","Special-World","SW","2875587269","127297","https://catalogue.smods.ru/archives/127297","A Special World – Special Building Compatch","134","False","28 Feb, 2023 at 03:27 UTC","2023-02-28 03:27","True","https://modsbase.com/qynnluf1h1z3/2875587269_A_Special_World___40_MA__UBP___MB__COW3__MA-MSB__RICE_and_More_Compatch__41_.zip.html","2026","ce0a358ce210fa1b7faa27b32a4835f95f4b6bf235636ebe59c8dda2793bba6a","False"
"2875587269|135","Special-World","SW","2875587269","127297","https://catalogue.smods.ru/archives/127297","A Special World – Special Building Compatch","135","False","17 Feb, 2023 at 19:28 UTC","2023-02-17 19:28","True","https://modsbase.com/ueqxuhstex9y/2875587269_A_Special_World___40_MA__UBP___MB__COW3__MA-MSB__RICE_and_More_Compatch__41_.zip.html","2026","ce0a358ce210fa1b7faa27b32a4835f95f4b6bf235636ebe59c8dda2793bba6a","False"
"2875587269|136","Special-World","SW","2875587269","127297","https://catalogue.smods.ru/archives/127297","A Special World – Special Building Compatch","136","False","6 Feb, 2023 at 23:02 UTC","2023-02-06 23:02","True","https://modsbase.com/aeudplocy4d1/2875587269_A_Special_World___40_MA__UBP___MB__COW3__MA-MSB__RICE_and_More_Compatch__41_.zip.html","2026","ce0a358ce210fa1b7faa27b32a4835f95f4b6bf235636ebe59c8dda2793bba6a","False"
"2875587269|137","Special-World","SW","2875587269","127297","https://catalogue.smods.ru/archives/127297","A Special World – Special Building Compatch","137","False","5 Feb, 2023 at 18:35 UTC","2023-02-05 18:35","True","https://modsbase.com/vsn28kn0g1pf/2875587269_A_Special_World___40_MA__UBP___MB__COW3__MA-MSB__RICE_and_More_Compatch__41_.zip.html","2026","ce0a358ce210fa1b7faa27b32a4835f95f4b6bf235636ebe59c8dda2793bba6a","False"
"2875587269|138","Special-World","SW","2875587269","127297","https://catalogue.smods.ru/archives/127297","A Special World – Special Building Compatch","138","False","1 Feb, 2023 at 18:32 UTC","2023-02-01 18:32","True","https://modsbase.com/sgd6d3zyejys/2875587269_A_Special_World___40_MA__UBP___MB__COW3__MA-MSB__RICE_and_More_Compatch__41_.zip.html","2026","ce0a358ce210fa1b7faa27b32a4835f95f4b6bf235636ebe59c8dda2793bba6a","False"
"2875587269|139","Special-World","SW","2875587269","127297","https://catalogue.smods.ru/archives/127297","A Special World – Special Building Compatch","139","False","1 Feb, 2023 at 00:23 UTC","2023-02-01 00:23","True","https://modsbase.com/mah4w59d9l1b/2875587269_Medieval_Arts__Unique_Buldings___40_Tweaked__41___More_Bookmarks___RICE_and_more_Merged.zip.html","2026","ce0a358ce210fa1b7faa27b32a4835f95f4b6bf235636ebe59c8dda2793bba6a","False"
"2875587269|140","Special-World","SW","2875587269","127297","https://catalogue.smods.ru/archives/127297","A Special World – Special Building Compatch","140","False","26 Jan, 2023 at 00:12 UTC","2023-01-26 00:12","True","https://modsbase.com/lp9q1jq2quzu/2875587269_Medieval_Arts__Unique_Buldings___40_Tweaked__41___More_Bookmarks___RICE_and_more_Merged.zip.html","2026","ce0a358ce210fa1b7faa27b32a4835f95f4b6bf235636ebe59c8dda2793bba6a","False"
"2875587269|141","Special-World","SW","2875587269","127297","https://catalogue.smods.ru/archives/127297","A Special World – Special Building Compatch","141","False","24 Jan, 2023 at 23:39 UTC","2023-01-24 23:39","True","https://modsbase.com/s3x2dyon2jwx/2875587269_Medieval_Arts__Unique_Buldings___40_Tweaked__41___More_Bookmarks___RICE_and_more_Merged.zip.html","2026","ce0a358ce210fa1b7faa27b32a4835f95f4b6bf235636ebe59c8dda2793bba6a","False"
"2875587269|142","Special-World","SW","2875587269","127297","https://catalogue.smods.ru/archives/127297","A Special World – Special Building Compatch","142","False","23 Jan, 2023 at 07:46 UTC","2023-01-23 07:46","True","https://modsbase.com/ek7i612wh8na/2875587269_Medieval_Arts__Unique_Buldings___40_Tweaked__41___More_Bookmarks___RICE_and_more_Merged.zip.html","2026","ce0a358ce210fa1b7faa27b32a4835f95f4b6bf235636ebe59c8dda2793bba6a","False"
"2875587269|143","Special-World","SW","2875587269","127297","https://catalogue.smods.ru/archives/127297","A Special World – Special Building Compatch","143","False","17 Jan, 2023 at 22:10 UTC","2023-01-17 22:10","True","https://modsbase.com/8jt7ai9fqhar/2875587269_Medieval_Arts__Unique_Buldings___40_Tweaked__41___More_Bookmarks___RICE_and_more_Merged.zip.html","2026","ce0a358ce210fa1b7faa27b32a4835f95f4b6bf235636ebe59c8dda2793bba6a","False"
"2875587269|144","Special-World","SW","2875587269","127297","https://catalogue.smods.ru/archives/127297","A Special World – Special Building Compatch","144","False","15 Jan, 2023 at 22:17 UTC","2023-01-15 22:17","True","https://modsbase.com/0310w9r73lz0/2875587269_Medieval_Arts__Unique_Buldings___40_Tweaked__41___More_Bookmarks___RICE_and_more_Merged.zip.html","2026","ce0a358ce210fa1b7faa27b32a4835f95f4b6bf235636ebe59c8dda2793bba6a","False"
"2875587269|145","Special-World","SW","2875587269","127297","https://catalogue.smods.ru/archives/127297","A Special World – Special Building Compatch","145","False","9 Jan, 2023 at 15:51 UTC","2023-01-09 15:51","True","https://modsbase.com/eczoc8hcoa9v/2875587269_Medieval_Arts__Unique_Buldings___40_Tweaked__41___More_Bookmarks___RICE_and_more_Merged.zip.html","2026","ce0a358ce210fa1b7faa27b32a4835f95f4b6bf235636ebe59c8dda2793bba6a","False"
"2875587269|146","Special-World","SW","2875587269","127297","https://catalogue.smods.ru/archives/127297","A Special World – Special Building Compatch","146","False","2 Jan, 2023 at 18:14 UTC","2023-01-02 18:14","True","https://modsbase.com/i9a63ezh2upd/2875587269_Medieval_Arts__Unique_Buldings___40_Tweaked__41___More_Bookmarks___RICE_and_more_Merged.zip.html","2026","ce0a358ce210fa1b7faa27b32a4835f95f4b6bf235636ebe59c8dda2793bba6a","False"
"2875587269|147","Special-World","SW","2875587269","127297","https://catalogue.smods.ru/archives/127297","A Special World – Special Building Compatch","147","False","24 Dec, 2022 at 03:01 UTC","2022-12-24 03:01","True","https://modsbase.com/ldh03n60e73g/2875587269_Medieval_Arts__Unique_Buldings___40_Tweaked__41___More_Bookmarks___RICE_and_more_Merged.zip.html","2026","ce0a358ce210fa1b7faa27b32a4835f95f4b6bf235636ebe59c8dda2793bba6a","False"
"2875587269|148","Special-World","SW","2875587269","127297","https://catalogue.smods.ru/archives/127297","A Special World – Special Building Compatch","148","False","6 Dec, 2022 at 18:16 UTC","2022-12-06 18:16","True","https://modsbase.com/ns8tk0xardf5/2875587269_Medieval_Arts__Unique_Buldings___40_Tweaked__41___More_Bookmarks___RICE_and_more_Merged.zip.html","2026","ce0a358ce210fa1b7faa27b32a4835f95f4b6bf235636ebe59c8dda2793bba6a","False"
"2875587269|149","Special-World","SW","2875587269","127297","https://catalogue.smods.ru/archives/127297","A Special World – Special Building Compatch","149","False","1 Dec, 2022 at 01:16 UTC","2022-12-01 01:16","True","https://modsbase.com/cik0si0whr0t/2875587269_Medieval_Arts__Unique_Buldings___40_Tweaked__41___More_Bookmarks___RICE_and_more_Merged.zip.html","2026","ce0a358ce210fa1b7faa27b32a4835f95f4b6bf235636ebe59c8dda2793bba6a","False"
"2875587269|150","Special-World","SW","2875587269","127297","https://catalogue.smods.ru/archives/127297","A Special World – Special Building Compatch","150","False","28 Nov, 2022 at 17:30 UTC","2022-11-28 17:30","True","https://modsbase.com/zyg1xdol5kod/2875587269_Medieval_Arts___Unique_Buldings_____RICE___Merge___Tweak.zip.html","2026","ce0a358ce210fa1b7faa27b32a4835f95f4b6bf235636ebe59c8dda2793bba6a","False"
"2875587269|151","Special-World","SW","2875587269","127297","https://catalogue.smods.ru/archives/127297","A Special World – Special Building Compatch","151","False","18 Oct, 2022 at 00:39 UTC","2022-10-18 00:39","True","https://modsbase.com/rc3v5ac70c0o/2875587269_Medieval_Arts___Unique_Buldings___-_Merge___Tweak.zip.html","2026","ce0a358ce210fa1b7faa27b32a4835f95f4b6bf235636ebe59c8dda2793bba6a","False"
"3668769244|1","Turkic-World-Expanded","TWE","3668769244","421646","https://catalogue.smods.ru/archives/421646","Turkic World Expanded","1","True","1 May at 20:48 UTC","2026-05-01 20:48","True","https://modsbase.com/4fd28fedw2eo/3668769244_Turkic_World_Expanded.zip.html","2026","dd083812858b8a93ba8ccf1c974352c6a61bcc3d69b1985018e5f9b605659cfa","False"
"3668769244|2","Turkic-World-Expanded","TWE","3668769244","421646","https://catalogue.smods.ru/archives/421646","Turkic World Expanded","2","False","7 Mar at 19:16 UTC","2026-03-07 19:16","True","https://modsbase.com/ovqru76fiz8w/3668769244_Turkic_World_Expanded.zip.html","2026","dd083812858b8a93ba8ccf1c974352c6a61bcc3d69b1985018e5f9b605659cfa","False"
"3490396842|1","Western-Steppe-Expanded","WSE","3490396842","360256","https://catalogue.smods.ru/archives/360256","Western Steppe Expanded","1","True","20 Apr at 15:37 UTC","2026-04-20 15:37","True","https://modsbase.com/iryh9g8jcfz2/3490396842_Western_Steppe_Expanded.zip.html","2026","bd0e80421009597932a101b91cbddbe64924de5689122e80b3030cc3e2619ec4","False"
"3490396842|2","Western-Steppe-Expanded","WSE","3490396842","360256","https://catalogue.smods.ru/archives/360256","Western Steppe Expanded","2","False","4 Feb at 20:39 UTC","2026-02-04 20:39","True","https://modsbase.com/y87gxbd37old/3490396842_Western_Steppe_Expanded.zip.html","2026","bd0e80421009597932a101b91cbddbe64924de5689122e80b3030cc3e2619ec4","False"
"3490396842|3","Western-Steppe-Expanded","WSE","3490396842","360256","https://catalogue.smods.ru/archives/360256","Western Steppe Expanded","3","False","17 Dec, 2025 at 11:04 UTC","2025-12-17 11:04","True","https://modsbase.com/sixx0q27g0qn/3490396842_Western_Steppe_Expanded.zip.html","2026","bd0e80421009597932a101b91cbddbe64924de5689122e80b3030cc3e2619ec4","False"
"3490396842|4","Western-Steppe-Expanded","WSE","3490396842","360256","https://catalogue.smods.ru/archives/360256","Western Steppe Expanded","4","False","1 Dec, 2025 at 19:48 UTC","2025-12-01 19:48","True","https://modsbase.com/eqyt1p6kemuc/3490396842_Western_Steppe_Expanded.zip.html","2026","bd0e80421009597932a101b91cbddbe64924de5689122e80b3030cc3e2619ec4","False"
"3490396842|5","Western-Steppe-Expanded","WSE","3490396842","360256","https://catalogue.smods.ru/archives/360256","Western Steppe Expanded","5","False","18 Nov, 2025 at 15:25 UTC","2025-11-18 15:25","True","https://modsbase.com/2enkyrhgxhto/3490396842_Western_Steppe_Expanded.zip.html","2026","bd0e80421009597932a101b91cbddbe64924de5689122e80b3030cc3e2619ec4","False"
"3490396842|6","Western-Steppe-Expanded","WSE","3490396842","360256","https://catalogue.smods.ru/archives/360256","Western Steppe Expanded","6","False","31 Oct, 2025 at 21:18 UTC","2025-10-31 21:18","True","https://modsbase.com/urorc681o7fg/3490396842_Western_Steppe_Expanded.zip.html","2026","bd0e80421009597932a101b91cbddbe64924de5689122e80b3030cc3e2619ec4","False"
"3490396842|7","Western-Steppe-Expanded","WSE","3490396842","360256","https://catalogue.smods.ru/archives/360256","Western Steppe Expanded","7","False","28 Oct, 2025 at 19:57 UTC","2025-10-28 19:57","True","https://modsbase.com/e4jj87ocpiqu/3490396842_Western_Steppe_Expanded.zip.html","2026","bd0e80421009597932a101b91cbddbe64924de5689122e80b3030cc3e2619ec4","False"
"3490396842|8","Western-Steppe-Expanded","WSE","3490396842","360256","https://catalogue.smods.ru/archives/360256","Western Steppe Expanded","8","False","30 Sep, 2025 at 18:36 UTC","2025-09-30 18:36","True","https://modsbase.com/92tbtrhp0akr/3490396842_Western_Steppe_Expanded.zip.html","2026","bd0e80421009597932a101b91cbddbe64924de5689122e80b3030cc3e2619ec4","False"
"3490396842|9","Western-Steppe-Expanded","WSE","3490396842","360256","https://catalogue.smods.ru/archives/360256","Western Steppe Expanded","9","False","14 Sep, 2025 at 20:38 UTC","2025-09-14 20:38","True","https://modsbase.com/i0i8uclx0uh4/3490396842_Western_Steppe_Expanded.zip.html","2026","bd0e80421009597932a101b91cbddbe64924de5689122e80b3030cc3e2619ec4","False"
"3490396842|10","Western-Steppe-Expanded","WSE","3490396842","360256","https://catalogue.smods.ru/archives/360256","Western Steppe Expanded","10","False","9 Sep, 2025 at 17:10 UTC","2025-09-09 17:10","True","https://modsbase.com/5ttnw94x2om8/3490396842_Western_Steppe_Expanded.zip.html","2026","bd0e80421009597932a101b91cbddbe64924de5689122e80b3030cc3e2619ec4","False"
"3490396842|11","Western-Steppe-Expanded","WSE","3490396842","360256","https://catalogue.smods.ru/archives/360256","Western Steppe Expanded","11","False","27 Jul, 2025 at 09:01 UTC","2025-07-27 09:01","True","https://modsbase.com/hk6spr5fn5o7/3490396842_Western_Steppe_Expanded.zip.html","2026","bd0e80421009597932a101b91cbddbe64924de5689122e80b3030cc3e2619ec4","False"
"3490396842|12","Western-Steppe-Expanded","WSE","3490396842","360256","https://catalogue.smods.ru/archives/360256","Western Steppe Expanded","12","False","7 Jun, 2025 at 20:50 UTC","2025-06-07 20:50","True","https://modsbase.com/6a8gn6awr9ng/3490396842_Western_Steppe_Expanded.zip.html","2026","bd0e80421009597932a101b91cbddbe64924de5689122e80b3030cc3e2619ec4","False"
"3490396842|13","Western-Steppe-Expanded","WSE","3490396842","360256","https://catalogue.smods.ru/archives/360256","Western Steppe Expanded","13","False","5 Jun, 2025 at 20:52 UTC","2025-06-05 20:52","True","https://modsbase.com/z7robi53h6y7/3490396842_Western_Steppe_Expanded.zip.html","2026","bd0e80421009597932a101b91cbddbe64924de5689122e80b3030cc3e2619ec4","False"
