"EventKey","Repo","Abbreviation","WorkshopId","SteamNewestOrdinal","SteamRawDisplayedTime","SteamNormalizedFetchedTime","SteamVersionText","SteamPreview","SteamCanonicalTimeVerified","CandidateGitCommitCount","CandidateGitCommitShas","CandidateGitClassifications","VerifiedArchiveLinkCount","QualifiedVerifiedArchiveLinkCount","VerifiedArchiveRevisionKeys","SelectedSkymodsRevisionKey","SelectedArchiveVerificationStatus","SelectedTemporalPairStatus","MatchedGitCommitShas","DescriptorOnlyNearMatch","GitIdentityAmbiguous","ExistingViaEquivalentArchive","EquivalentArchiveRevisionKeys","ResolutionStatus","ResolutionConfidence","ResolutionBasis"
"2220098919|1","Community-Flavor-Pack","CFP","2220098919","1","21 Apr @ 11:34am","2026-04-21 11:34","Version 3.3.6","Version 3.3.6","False","0","","","0","0","","","","","","False","False","False","","UNVERIFIED","UNRESOLVED","No content-verified first-pass relationship is sufficient for automatic resolution."
"2220098919|2","Community-Flavor-Pack","CFP","2220098919","2","27 Jan @ 1:24pm","2026-01-27 13:24","Version 3.3.5","Version 3.3.5","False","1","afa8f4eb4da627fe9d1c9ef60ff58ee3e6fed62d","NORMAL","0","0","","","","","","False","False","False","","UNVERIFIED","UNRESOLVED","No content-verified first-pass relationship is sufficient for automatic resolution."
"2220098919|3","Community-Flavor-Pack","CFP","2220098919","3","12 Nov, 2025 @ 12:36pm","2025-11-12 12:36","Version 3.3.4","Version 3.3.4","False","1","115aefd26240f208fe4a9ce7ab3c867ca1e6a8ea","NORMAL","1","1","2220098919|3","2220098919|3","UNIQUE_PROJECTED_GIT_MATCH","BIDIRECTIONAL_UNIQUE","115aefd26240f208fe4a9ce7ab3c867ca1e6a8ea","False","False","False","","KNOWN + EXISTING","STRONG","Content-verified archive uniquely matches an Analysis 05 Git candidate and the Steam/Skymods temporal relationship is bidirectionally unique."
"2220098919|4","Community-Flavor-Pack","CFP","2220098919","4","11 Nov, 2025 @ 8:03am","2025-11-11 08:03","Version 3.3.3","Version 3.3.3","False","0","","","0","0","","","","","","False","False","False","","UNVERIFIED","UNRESOLVED","No content-verified first-pass relationship is sufficient for automatic resolution."
"2220098919|5","Community-Flavor-Pack","CFP","2220098919","5","30 Oct, 2025 @ 3:05pm","2025-10-30 15:05","Version 3.3.2","Version 3.3.2","False","0","","","0","0","","","","","","False","False","False","","UNVERIFIED","UNRESOLVED","No content-verified first-pass relationship is sufficient for automatic resolution."
"2220098919|6","Community-Flavor-Pack","CFP","2220098919","6","28 Oct, 2025 @ 10:28am","2025-10-28 10:28","Version 3.3.1","Version 3.3.1","False","0","","","0","0","","","","","","False","False","False","","UNVERIFIED","UNRESOLVED","No content-verified first-pass relationship is sufficient for automatic resolution."
"2220098919|7","Community-Flavor-Pack","CFP","2220098919","7","28 Oct, 2025 @ 10:18am","2025-10-28 10:18","Version 3.3.0 « All Under Heaven » compatibility","Version 3.3.0 « All Under Heaven » compatibility","False","0","","","0","0","","","","","","False","False","False","","UNVERIFIED","UNRESOLVED","No content-verified first-pass relationship is sufficient for automatic resolution."
"2220098919|8","Community-Flavor-Pack","CFP","2220098919","8","9 Sep, 2025 @ 12:19pm","2025-09-09 12:19","Version 3.2.24","Version 3.2.24","False","0","","","0","0","","","","","","False","False","False","","UNVERIFIED","UNRESOLVED","No content-verified first-pass relationship is sufficient for automatic resolution."
"2220098919|9","Community-Flavor-Pack","CFP","2220098919","9","21 Jul, 2025 @ 7:51am","2025-07-21 07:51","Version 3.2.23","Version 3.2.23","False","0","","","0","0","","","","","","False","False","False","","UNVERIFIED","UNRESOLVED","No content-verified first-pass relationship is sufficient for automatic resolution."
"2220098919|10","Community-Flavor-Pack","CFP","2220098919","10","28 Apr, 2025 @ 6:15am","2025-04-28 06:15","Version 3.2.22","Version 3.2.22","False","0","","","0","0","","","","","","False","False","False","","UNVERIFIED","UNRESOLVED","No content-verified first-pass relationship is sufficient for automatic resolution."
"2220098919|11","Community-Flavor-Pack","CFP","2220098919","11","12 Mar, 2025 @ 10:13am","2025-03-12 10:13","Version 3.2.21","Version 3.2.21","False","0","","","0","0","","","","","","False","False","False","","UNVERIFIED","UNRESOLVED","No content-verified first-pass relationship is sufficient for automatic resolution."
"2220098919|12","Community-Flavor-Pack","CFP","2220098919","12","25 Feb, 2025 @ 6:41am","2025-02-25 06:41","Version 3.2.20","Version 3.2.20","False","0","","","0","0","","","","","","False","False","False","","UNVERIFIED","UNRESOLVED","No content-verified first-pass relationship is sufficient for automatic resolution."
"2220098919|13","Community-Flavor-Pack","CFP","2220098919","13","27 Nov, 2024 @ 9:21am","2024-11-27 09:21","Version 3.2.19","Version 3.2.19","False","0","","","0","0","","","","","","False","False","False","","UNVERIFIED","UNRESOLVED","No content-verified first-pass relationship is sufficient for automatic resolution."
"2220098919|14","Community-Flavor-Pack","CFP","2220098919","14","4 Nov, 2024 @ 9:32am","2024-11-04 09:32","Version 3.2.18","Version 3.2.18","False","0","","","0","0","","","","","","False","False","False","","UNVERIFIED","UNRESOLVED","No content-verified first-pass relationship is sufficient for automatic resolution."
"2220098919|15","Community-Flavor-Pack","CFP","2220098919","15","29 Sep, 2024 @ 11:46pm","2024-09-29 23:46","Version 3.2.17","Version 3.2.17","False","0","","","0","0","","","","","","False","False","False","","UNVERIFIED","UNRESOLVED","No content-verified first-pass relationship is sufficient for automatic resolution."
"2220098919|16","Community-Flavor-Pack","CFP","2220098919","16","29 Sep, 2024 @ 8:17am","2024-09-29 08:17","Version 3.2.16","Version 3.2.16","False","0","","","0","0","","","","","","False","False","False","","UNVERIFIED","UNRESOLVED","No content-verified first-pass relationship is sufficient for automatic resolution."
"2220098919|17","Community-Flavor-Pack","CFP","2220098919","17","24 Sep, 2024 @ 10:59am","2024-09-24 10:59","Version 3.2.15 « Roads to Power »","Version 3.2.15 « Roads to Power »","False","0","","","0","0","","","","","","False","False","False","","UNVERIFIED","UNRESOLVED","No content-verified first-pass relationship is sufficient for automatic resolution."
"2220098919|18","Community-Flavor-Pack","CFP","2220098919","18","4 Mar, 2024 @ 11:54am","2024-03-04 11:54","Version 3.2.14","Version 3.2.14","False","0","","","0","0","","","","","","False","False","False","","UNVERIFIED","UNRESOLVED","No content-verified first-pass relationship is sufficient for automatic resolution."
"2220098919|19","Community-Flavor-Pack","CFP","2220098919","19","6 Feb, 2024 @ 9:33am","2024-02-06 09:33","Version 3.2.13","Version 3.2.13","False","0","","","0","0","","","","","","False","False","False","","UNVERIFIED","UNRESOLVED","No content-verified first-pass relationship is sufficient for automatic resolution."
"2220098919|20","Community-Flavor-Pack","CFP","2220098919","20","23 Jan, 2024 @ 6:51am","2024-01-23 06:51","Version 3.2.12 - Compatibility with North African Attire Content Creator Pack.","Version 3.2.12 - Compatibility with North African Attire Content Creator Pack.","False","0","","","0","0","","","","","","False","False","False","","UNVERIFIED","UNRESOLVED","No content-verified first-pass relationship is sufficient for automatic resolution."
"2220098919|21","Community-Flavor-Pack","CFP","2220098919","21","16 Nov, 2023 @ 2:34am","2023-11-16 02:34","Version 3.2.11","Version 3.2.11","False","0","","","0","0","","","","","","False","False","False","","UNVERIFIED","UNRESOLVED","No content-verified first-pass relationship is sufficient for automatic resolution."
"2220098919|22","Community-Flavor-Pack","CFP","2220098919","22","9 Nov, 2023 @ 10:03am","2023-11-09 10:03","Version 3.2.10","Version 3.2.10","False","0","","","0","0","","","","","","False","False","False","","UNVERIFIED","UNRESOLVED","No content-verified first-pass relationship is sufficient for automatic resolution."
"2220098919|23","Community-Flavor-Pack","CFP","2220098919","23","22 Aug, 2023 @ 8:41am","2023-08-22 08:41","Version 3.2.9","Version 3.2.9","False","0","","","0","0","","","","","","False","False","False","","UNVERIFIED","UNRESOLVED","No content-verified first-pass relationship is sufficient for automatic resolution."
"2220098919|24","Community-Flavor-Pack","CFP","2220098919","24","15 Jun, 2023 @ 5:50am","2023-06-15 05:50","Version 3.2.8","Version 3.2.8","False","0","","","0","0","","","","","","False","False","False","","UNVERIFIED","UNRESOLVED","No content-verified first-pass relationship is sufficient for automatic resolution."
"2220098919|25","Community-Flavor-Pack","CFP","2220098919","25","6 Jun, 2023 @ 10:02am","2023-06-06 10:02","Version 3.2.7","Version 3.2.7","False","0","","","0","0","","","","","","False","False","False","","UNVERIFIED","UNRESOLVED","No content-verified first-pass relationship is sufficient for automatic resolution."
"2220098919|26","Community-Flavor-Pack","CFP","2220098919","26","30 May, 2023 @ 9:43am","2023-05-30 09:43","Version 3.2.6","Version 3.2.6","False","0","","","0","0","","","","","","False","False","False","","UNVERIFIED","UNRESOLVED","No content-verified first-pass relationship is sufficient for automatic resolution."
"2220098919|27","Community-Flavor-Pack","CFP","2220098919","27","16 May, 2023 @ 12:31pm","2023-05-16 12:31","Version 3.2.5","Version 3.2.5","False","0","","","0","0","","","","","","False","False","False","","UNVERIFIED","UNRESOLVED","No content-verified first-pass relationship is sufficient for automatic resolution."
"2220098919|28","Community-Flavor-Pack","CFP","2220098919","28","14 May, 2023 @ 3:31am","2023-05-14 03:31","Version 3.2.4","Version 3.2.4","False","0","","","0","0","","","","","","False","False","False","","UNVERIFIED","UNRESOLVED","No content-verified first-pass relationship is sufficient for automatic resolution."
"2220098919|29","Community-Flavor-Pack","CFP","2220098919","29","13 May, 2023 @ 6:11am","2023-05-13 06:11","Version 3.2.3","Version 3.2.3","False","0","","","0","0","","","","","","False","False","False","","UNVERIFIED","UNRESOLVED","No content-verified first-pass relationship is sufficient for automatic resolution."
"2220098919|30","Community-Flavor-Pack","CFP","2220098919","30","12 May, 2023 @ 5:52am","2023-05-12 05:52","","~ Fixed: it was impossible to click on the cursed apply button.","False","0","","","0","0","","","","","","False","False","False","","UNVERIFIED","UNRESOLVED","No content-verified first-pass relationship is sufficient for automatic resolution."
"2220098919|31","Community-Flavor-Pack","CFP","2220098919","31","12 May, 2023 @ 5:20am","2023-05-12 05:20","Version 3.2.2","Version 3.2.2","False","0","","","0","0","","","","","","False","False","False","","UNVERIFIED","UNRESOLVED","No content-verified first-pass relationship is sufficient for automatic resolution."
"2220098919|32","Community-Flavor-Pack","CFP","2220098919","32","11 May, 2023 @ 11:47am","2023-05-11 11:47","Version 3.2.1","Version 3.2.1","False","0","","","0","0","","","","","","False","False","False","","UNVERIFIED","UNRESOLVED","No content-verified first-pass relationship is sufficient for automatic resolution."
"2220098919|33","Community-Flavor-Pack","CFP","2220098919","33","11 May, 2023 @ 10:34am","2023-05-11 10:34","Version 3.2.0","Version 3.2.0","False","0","","","0","0","","","","","","False","False","False","","UNVERIFIED","UNRESOLVED","No content-verified first-pass relationship is sufficient for automatic resolution."
"2220098919|34","Community-Flavor-Pack","CFP","2220098919","34","4 Apr, 2023 @ 1:29pm","2023-04-04 13:29","Version 3.1.11","Version 3.1.11","False","0","","","0","0","","","","","","False","False","False","","UNVERIFIED","UNRESOLVED","No content-verified first-pass relationship is sufficient for automatic resolution."
"2220098919|35","Community-Flavor-Pack","CFP","2220098919","35","4 Mar, 2023 @ 7:59am","2023-03-04 07:59","Version 3.1.10","Version 3.1.10","False","0","","","0","0","","","","","","False","False","False","","UNVERIFIED","UNRESOLVED","No content-verified first-pass relationship is sufficient for automatic resolution."
"2220098919|36","Community-Flavor-Pack","CFP","2220098919","36","3 Mar, 2023 @ 12:47am","2023-03-03 00:47","Version 3.1.9","Version 3.1.9","False","0","","","0","0","","","","","","False","False","False","","UNVERIFIED","UNRESOLVED","No content-verified first-pass relationship is sufficient for automatic resolution."
"2220098919|37","Community-Flavor-Pack","CFP","2220098919","37","1 Dec, 2022 @ 11:47am","2022-12-01 11:47","Version 3.1.8","Version 3.1.8","False","0","","","0","0","","","","","","False","False","False","","UNVERIFIED","UNRESOLVED","No content-verified first-pass relationship is sufficient for automatic resolution."
"2220098919|38","Community-Flavor-Pack","CFP","2220098919","38","20 Nov, 2022 @ 2:36am","2022-11-20 02:36","Version 3.1.7","Version 3.1.7","False","0","","","0","0","","","","","","False","False","False","","UNVERIFIED","UNRESOLVED","No content-verified first-pass relationship is sufficient for automatic resolution."
"2220098919|39","Community-Flavor-Pack","CFP","2220098919","39","1 Nov, 2022 @ 7:22am","2022-11-01 07:22","Version 3.1.6","Version 3.1.6","False","0","","","0","0","","","","","","False","False","False","","UNVERIFIED","UNRESOLVED","No content-verified first-pass relationship is sufficient for automatic resolution."
"2220098919|40","Community-Flavor-Pack","CFP","2220098919","40","8 Sep, 2022 @ 12:19pm","2022-09-08 12:19","Version 3.1.5","Version 3.1.5","False","0","","","0","0","","","","","","False","False","False","","UNVERIFIED","UNRESOLVED","No content-verified first-pass relationship is sufficient for automatic resolution."
"2220098919|41","Community-Flavor-Pack","CFP","2220098919","41","3 Aug, 2022 @ 1:23am","2022-08-03 01:23","Version 3.1.4","Version 3.1.4","False","0","","","0","0","","","","","","False","False","False","","UNVERIFIED","UNRESOLVED","No content-verified first-pass relationship is sufficient for automatic resolution."
"2220098919|42","Community-Flavor-Pack","CFP","2220098919","42","21 Jun, 2022 @ 7:04am","2022-06-21 07:04","Version 3.1.3","Version 3.1.3","False","0","","","0","0","","","","","","False","False","False","","UNVERIFIED","UNRESOLVED","No content-verified first-pass relationship is sufficient for automatic resolution."
"2220098919|43","Community-Flavor-Pack","CFP","2220098919","43","7 Jun, 2022 @ 3:11am","2022-06-07 03:11","Version 3.1.2","Version 3.1.2","False","0","","","0","0","","","","","","False","False","False","","UNVERIFIED","UNRESOLVED","No content-verified first-pass relationship is sufficient for automatic resolution."
"2220098919|44","Community-Flavor-Pack","CFP","2220098919","44","7 Jun, 2022 @ 1:49am","2022-06-07 01:49","Version 3.1.2","Version 3.1.2","False","0","","","0","0","","","","","","False","False","False","","UNVERIFIED","UNRESOLVED","No content-verified first-pass relationship is sufficient for automatic resolution."
"2220098919|45","Community-Flavor-Pack","CFP","2220098919","45","1 Jun, 2022 @ 10:21am","2022-06-01 10:21","Version 3.1.1","Version 3.1.1","False","0","","","0","0","","","","","","False","False","False","","UNVERIFIED","UNRESOLVED","No content-verified first-pass relationship is sufficient for automatic resolution."
"2220098919|46","Community-Flavor-Pack","CFP","2220098919","46","1 Jun, 2022 @ 10:09am","2022-06-01 10:09","Version 3.1.1","Version 3.1.1","False","0","","","0","0","","","","","","False","False","False","","UNVERIFIED","UNRESOLVED","No content-verified first-pass relationship is sufficient for automatic resolution."
"2220098919|47","Community-Flavor-Pack","CFP","2220098919","47","31 May, 2022 @ 9:32am","2022-05-31 09:32","Version 3.1.0","Version 3.1.0","False","0","","","0","0","","","","","","False","False","False","","UNVERIFIED","UNRESOLVED","No content-verified first-pass relationship is sufficient for automatic resolution."
"2220098919|48","Community-Flavor-Pack","CFP","2220098919","48","16 May, 2022 @ 6:07am","2022-05-16 06:07","Version 3.0.9","Version 3.0.9","False","0","","","0","0","","","","","","False","False","False","","UNVERIFIED","UNRESOLVED","No content-verified first-pass relationship is sufficient for automatic resolution."
"2220098919|49","Community-Flavor-Pack","CFP","2220098919","49","28 Apr, 2022 @ 3:52am","2022-04-28 03:52","Version 3.0.8","Version 3.0.8","False","0","","","0","0","","","","","","False","False","False","","UNVERIFIED","UNRESOLVED","No content-verified first-pass relationship is sufficient for automatic resolution."
"2220098919|50","Community-Flavor-Pack","CFP","2220098919","50","17 Apr, 2022 @ 3:50am","2022-04-17 03:50","Version 3.0.7","Version 3.0.7","False","0","","","0","0","","","","","","False","False","False","","UNVERIFIED","UNRESOLVED","No content-verified first-pass relationship is sufficient for automatic resolution."
"2220098919|51","Community-Flavor-Pack","CFP","2220098919","51","10 Mar, 2022 @ 9:53am","2022-03-10 09:53","Version 3.0.6","Version 3.0.6","False","0","","","0","0","","","","","","False","False","False","","UNVERIFIED","UNRESOLVED","No content-verified first-pass relationship is sufficient for automatic resolution."
"2220098919|52","Community-Flavor-Pack","CFP","2220098919","52","7 Mar, 2022 @ 8:14am","2022-03-07 08:14","Version 3.0.5","Version 3.0.5","False","0","","","0","0","","","","","","False","False","False","","UNVERIFIED","UNRESOLVED","No content-verified first-pass relationship is sufficient for automatic resolution."
"2220098919|53","Community-Flavor-Pack","CFP","2220098919","53","22 Feb, 2022 @ 9:42am","2022-02-22 09:42","Version 3.0.4","Version 3.0.4","False","0","","","0","0","","","","","","False","False","False","","UNVERIFIED","UNRESOLVED","No content-verified first-pass relationship is sufficient for automatic resolution."
"2220098919|54","Community-Flavor-Pack","CFP","2220098919","54","19 Feb, 2022 @ 7:35am","2022-02-19 07:35","Version 3.0.3","Version 3.0.3","False","0","","","0","0","","","","","","False","False","False","","UNVERIFIED","UNRESOLVED","No content-verified first-pass relationship is sufficient for automatic resolution."
"2220098919|55","Community-Flavor-Pack","CFP","2220098919","55","13 Feb, 2022 @ 1:16am","2022-02-13 01:16","Version 3.0.2","Version 3.0.2","False","0","","","0","0","","","","","","False","False","False","","UNVERIFIED","UNRESOLVED","No content-verified first-pass relationship is sufficient for automatic resolution."
"2220098919|56","Community-Flavor-Pack","CFP","2220098919","56","10 Feb, 2022 @ 2:57am","2022-02-10 02:57","Version 3.0.1","Version 3.0.1","False","0","","","0","0","","","","","","False","False","False","","UNVERIFIED","UNRESOLVED","No content-verified first-pass relationship is sufficient for automatic resolution."
"2220098919|57","Community-Flavor-Pack","CFP","2220098919","57","8 Feb, 2022 @ 9:21am","2022-02-08 09:21","","// Version 3.0 « Royal Court »","False","0","","","0","0","","","","","","False","False","False","","UNVERIFIED","UNRESOLVED","No content-verified first-pass relationship is sufficient for automatic resolution."
"2220098919|58","Community-Flavor-Pack","CFP","2220098919","58","25 Dec, 2021 @ 2:32pm","2021-12-25 14:32","Version 2.11.1","Version 2.11.1","False","0","","","0","0","","","","","","False","False","False","","UNVERIFIED","UNRESOLVED","No content-verified first-pass relationship is sufficient for automatic resolution."
"2220098919|59","Community-Flavor-Pack","CFP","2220098919","59","12 Dec, 2021 @ 5:36am","2021-12-12 05:36","Version 2.11.0","Version 2.11.0","False","0","","","0","0","","","","","","False","False","False","","UNVERIFIED","UNRESOLVED","No content-verified first-pass relationship is sufficient for automatic resolution."
"2220098919|60","Community-Flavor-Pack","CFP","2220098919","60","11 Oct, 2021 @ 4:51am","2021-10-11 04:51","Version 2.10.0","Version 2.10.0","False","0","","","0","0","","","","","","False","False","False","","UNVERIFIED","UNRESOLVED","No content-verified first-pass relationship is sufficient for automatic resolution."
"2220098919|61","Community-Flavor-Pack","CFP","2220098919","61","6 Oct, 2021 @ 10:41am","2021-10-06 10:41","Version 2.93","Version 2.93","False","0","","","0","0","","","","","","False","False","False","","UNVERIFIED","UNRESOLVED","No content-verified first-pass relationship is sufficient for automatic resolution."
"2220098919|62","Community-Flavor-Pack","CFP","2220098919","62","14 Aug, 2021 @ 7:41am","2021-08-14 07:41","Version 2.92","Version 2.92","False","0","","","0","0","","","","","","False","False","False","","UNVERIFIED","UNRESOLVED","No content-verified first-pass relationship is sufficient for automatic resolution."
"2220098919|63","Community-Flavor-Pack","CFP","2220098919","63","13 Aug, 2021 @ 4:14am","2021-08-13 04:14","Version 2.91","Version 2.91","False","0","","","0","0","","","","","","False","False","False","","UNVERIFIED","UNRESOLVED","No content-verified first-pass relationship is sufficient for automatic resolution."
"2220098919|64","Community-Flavor-Pack","CFP","2220098919","64","6 Aug, 2021 @ 7:51am","2021-08-06 07:51","Version 2.9","Version 2.9","False","0","","","0","0","","","","","","False","False","False","","UNVERIFIED","UNRESOLVED","No content-verified first-pass relationship is sufficient for automatic resolution."
"2220098919|65","Community-Flavor-Pack","CFP","2220098919","65","6 Jul, 2021 @ 11:30am","2021-07-06 11:30","Version 2.85","Version 2.85","False","0","","","0","0","","","","","","False","False","False","","UNVERIFIED","UNRESOLVED","No content-verified first-pass relationship is sufficient for automatic resolution."
"2220098919|66","Community-Flavor-Pack","CFP","2220098919","66","30 Jun, 2021 @ 10:18am","2021-06-30 10:18","Version 2.84","Version 2.84","False","0","","","0","0","","","","","","False","False","False","","UNVERIFIED","UNRESOLVED","No content-verified first-pass relationship is sufficient for automatic resolution."
"2220098919|67","Community-Flavor-Pack","CFP","2220098919","67","22 Jun, 2021 @ 1:03am","2021-06-22 01:03","Version 2.83","Version 2.83","False","0","","","0","0","","","","","","False","False","False","","UNVERIFIED","UNRESOLVED","No content-verified first-pass relationship is sufficient for automatic resolution."
"2220098919|68","Community-Flavor-Pack","CFP","2220098919","68","19 Jun, 2021 @ 2:50am","2021-06-19 02:50","Version 2.82","Version 2.82","False","0","","","0","0","","","","","","False","False","False","","UNVERIFIED","UNRESOLVED","No content-verified first-pass relationship is sufficient for automatic resolution."
"2220098919|69","Community-Flavor-Pack","CFP","2220098919","69","14 Jun, 2021 @ 5:12am","2021-06-14 05:12","Version 2.81","Version 2.81","False","0","","","0","0","","","","","","False","False","False","","UNVERIFIED","UNRESOLVED","No content-verified first-pass relationship is sufficient for automatic resolution."
"2220098919|70","Community-Flavor-Pack","CFP","2220098919","70","8 Jun, 2021 @ 6:25am","2021-06-08 06:25","Version 2.8","Version 2.8","False","0","","","0","0","","","","","","False","False","False","","UNVERIFIED","UNRESOLVED","No content-verified first-pass relationship is sufficient for automatic resolution."
"2220098919|71","Community-Flavor-Pack","CFP","2220098919","71","28 Apr, 2021 @ 10:17am","2021-04-28 10:17","Version 2.72","Version 2.72","False","0","","","0","0","","","","","","False","False","False","","UNVERIFIED","UNRESOLVED","No content-verified first-pass relationship is sufficient for automatic resolution."
"2220098919|72","Community-Flavor-Pack","CFP","2220098919","72","24 Apr, 2021 @ 9:15am","2021-04-24 09:15","Version 2.71","Version 2.71","False","0","","","0","0","","","","","","False","False","False","","UNVERIFIED","UNRESOLVED","No content-verified first-pass relationship is sufficient for automatic resolution."
"2220098919|73","Community-Flavor-Pack","CFP","2220098919","73","21 Apr, 2021 @ 10:14am","2021-04-21 10:14","Version 2.7","Version 2.7","False","0","","","0","0","","","","","","False","False","False","","UNVERIFIED","UNRESOLVED","No content-verified first-pass relationship is sufficient for automatic resolution."
"2220098919|74","Community-Flavor-Pack","CFP","2220098919","74","12 Apr, 2021 @ 5:16am","2021-04-12 05:16","Version 2.64","Version 2.64","False","0","","","0","0","","","","","","False","False","False","","UNVERIFIED","UNRESOLVED","No content-verified first-pass relationship is sufficient for automatic resolution."
"2220098919|75","Community-Flavor-Pack","CFP","2220098919","75","4 Apr, 2021 @ 10:38am","2021-04-04 10:38","Version 2.63","Version 2.63","False","0","","","0","0","","","","","","False","False","False","","UNVERIFIED","UNRESOLVED","No content-verified first-pass relationship is sufficient for automatic resolution."
"2220098919|76","Community-Flavor-Pack","CFP","2220098919","76","28 Mar, 2021 @ 3:43pm","2021-03-28 15:43","Version 2.62","Version 2.62","False","0","","","0","0","","","","","","False","False","False","","UNVERIFIED","UNRESOLVED","No content-verified first-pass relationship is sufficient for automatic resolution."
"2220098919|77","Community-Flavor-Pack","CFP","2220098919","77","23 Mar, 2021 @ 5:18am","2021-03-23 05:18","Version 2.61","Version 2.61","False","0","","","0","0","","","","","","False","False","False","","UNVERIFIED","UNRESOLVED","No content-verified first-pass relationship is sufficient for automatic resolution."
"2220098919|78","Community-Flavor-Pack","CFP","2220098919","78","20 Mar, 2021 @ 9:39am","2021-03-20 09:39","Version 2.6","Version 2.6","False","0","","","0","0","","","","","","False","False","False","","UNVERIFIED","UNRESOLVED","No content-verified first-pass relationship is sufficient for automatic resolution."
"2220098919|79","Community-Flavor-Pack","CFP","2220098919","79","16 Mar, 2021 @ 4:23pm","2021-03-16 16:23","Version 2.56","Version 2.56","False","0","","","0","0","","","","","","False","False","False","","UNVERIFIED","UNRESOLVED","No content-verified first-pass relationship is sufficient for automatic resolution."
"2220098919|80","Community-Flavor-Pack","CFP","2220098919","80","16 Mar, 2021 @ 10:36am","2021-03-16 10:36","Version 2.55","Version 2.55","False","0","","","0","0","","","","","","False","False","False","","UNVERIFIED","UNRESOLVED","No content-verified first-pass relationship is sufficient for automatic resolution."
"2220098919|81","Community-Flavor-Pack","CFP","2220098919","81","27 Feb, 2021 @ 10:04am","2021-02-27 10:04","Version 2.54","Version 2.54","False","0","","","0","0","","","","","","False","False","False","","UNVERIFIED","UNRESOLVED","No content-verified first-pass relationship is sufficient for automatic resolution."
"2220098919|82","Community-Flavor-Pack","CFP","2220098919","82","23 Feb, 2021 @ 5:16am","2021-02-23 05:16","Version 2.53","Version 2.53","False","0","","","0","0","","","","","","False","False","False","","UNVERIFIED","UNRESOLVED","No content-verified first-pass relationship is sufficient for automatic resolution."
"2220098919|83","Community-Flavor-Pack","CFP","2220098919","83","4 Feb, 2021 @ 7:20am","2021-02-04 07:20","Version 2.52","Version 2.52","False","0","","","0","0","","","","","","False","False","False","","UNVERIFIED","UNRESOLVED","No content-verified first-pass relationship is sufficient for automatic resolution."
"2220098919|84","Community-Flavor-Pack","CFP","2220098919","84","4 Feb, 2021 @ 7:20am","2021-02-04 07:20","","","False","0","","","0","0","","","","","","False","False","False","","UNVERIFIED","UNRESOLVED","No content-verified first-pass relationship is sufficient for automatic resolution."
"2220098919|85","Community-Flavor-Pack","CFP","2220098919","85","30 Jan, 2021 @ 6:07am","2021-01-30 06:07","Version 2.51","Version 2.51","False","0","","","0","0","","","","","","False","False","False","","UNVERIFIED","UNRESOLVED","No content-verified first-pass relationship is sufficient for automatic resolution."
"2220098919|86","Community-Flavor-Pack","CFP","2220098919","86","24 Jan, 2021 @ 7:45am","2021-01-24 07:45","Version 2.5","Version 2.5","False","0","","","0","0","","","","","","False","False","False","","UNVERIFIED","UNRESOLVED","No content-verified first-pass relationship is sufficient for automatic resolution."
"2220098919|87","Community-Flavor-Pack","CFP","2220098919","87","21 Jan, 2021 @ 5:45am","2021-01-21 05:45","Version 2.42","Version 2.42","False","0","","","0","0","","","","","","False","False","False","","UNVERIFIED","UNRESOLVED","No content-verified first-pass relationship is sufficient for automatic resolution."
"2220098919|88","Community-Flavor-Pack","CFP","2220098919","88","19 Jan, 2021 @ 11:35am","2021-01-19 11:35","Version 2.41","Version 2.41","False","0","","","0","0","","","","","","False","False","False","","UNVERIFIED","UNRESOLVED","No content-verified first-pass relationship is sufficient for automatic resolution."
"2220098919|89","Community-Flavor-Pack","CFP","2220098919","89","15 Jan, 2021 @ 9:07am","2021-01-15 09:07","Version 2.4","Version 2.4","False","0","","","0","0","","","","","","False","False","False","","UNVERIFIED","UNRESOLVED","No content-verified first-pass relationship is sufficient for automatic resolution."
"2220098919|90","Community-Flavor-Pack","CFP","2220098919","90","3 Jan, 2021 @ 7:43am","2021-01-03 07:43","Version 2.31","Version 2.31","False","0","","","0","0","","","","","","False","False","False","","UNVERIFIED","UNRESOLVED","No content-verified first-pass relationship is sufficient for automatic resolution."
"2220098919|91","Community-Flavor-Pack","CFP","2220098919","91","31 Dec, 2020 @ 6:56am","2020-12-31 06:56","Version 2.3","Version 2.3","False","0","","","0","0","","","","","","False","False","False","","UNVERIFIED","UNRESOLVED","No content-verified first-pass relationship is sufficient for automatic resolution."
"2220098919|92","Community-Flavor-Pack","CFP","2220098919","92","18 Dec, 2020 @ 1:55am","2020-12-18 01:55","Version 2.22","Version 2.22","False","0","","","0","0","","","","","","False","False","False","","UNVERIFIED","UNRESOLVED","No content-verified first-pass relationship is sufficient for automatic resolution."
"2220098919|93","Community-Flavor-Pack","CFP","2220098919","93","17 Dec, 2020 @ 11:44am","2020-12-17 11:44","Version 2.21","Version 2.21","False","0","","","0","0","","","","","","False","False","False","","UNVERIFIED","UNRESOLVED","No content-verified first-pass relationship is sufficient for automatic resolution."
"2220098919|94","Community-Flavor-Pack","CFP","2220098919","94","17 Dec, 2020 @ 3:42am","2020-12-17 03:42","Version 2.2","Version 2.2","False","0","","","0","0","","","","","","False","False","False","","UNVERIFIED","UNRESOLVED","No content-verified first-pass relationship is sufficient for automatic resolution."
"2220098919|95","Community-Flavor-Pack","CFP","2220098919","95","7 Dec, 2020 @ 8:56am","2020-12-07 08:56","Version 2.12","Version 2.12","False","0","","","0","0","","","","","","False","False","False","","UNVERIFIED","UNRESOLVED","No content-verified first-pass relationship is sufficient for automatic resolution."
"2220098919|96","Community-Flavor-Pack","CFP","2220098919","96","4 Dec, 2020 @ 7:41am","2020-12-04 07:41","","~ Fixed: bad version numbering.","False","0","","","0","0","","","","","","False","False","False","","UNVERIFIED","UNRESOLVED","No content-verified first-pass relationship is sufficient for automatic resolution."
"2220098919|97","Community-Flavor-Pack","CFP","2220098919","97","4 Dec, 2020 @ 7:33am","2020-12-04 07:33","Version 2.11","Version 2.11","False","0","","","0","0","","","","","","False","False","False","","UNVERIFIED","UNRESOLVED","No content-verified first-pass relationship is sufficient for automatic resolution."
"2220098919|98","Community-Flavor-Pack","CFP","2220098919","98","25 Nov, 2020 @ 10:43am","2020-11-25 10:43","Version 2.1","Version 2.1","False","0","","","0","0","","","","","","False","False","False","","UNVERIFIED","UNRESOLVED","No content-verified first-pass relationship is sufficient for automatic resolution."
"2220098919|99","Community-Flavor-Pack","CFP","2220098919","99","24 Nov, 2020 @ 5:21am","2020-11-24 05:21","Version 2.03","Version 2.03","False","0","","","0","0","","","","","","False","False","False","","UNVERIFIED","UNRESOLVED","No content-verified first-pass relationship is sufficient for automatic resolution."
"2220098919|100","Community-Flavor-Pack","CFP","2220098919","100","23 Nov, 2020 @ 4:16pm","2020-11-23 16:16","Version 2.02","Version 2.02","False","0","","","0","0","","","","","","False","False","False","","UNVERIFIED","UNRESOLVED","No content-verified first-pass relationship is sufficient for automatic resolution."
"2220098919|101","Community-Flavor-Pack","CFP","2220098919","101","16 Nov, 2020 @ 4:29am","2020-11-16 04:29","Version 2.01","Version 2.01","False","0","","","0","0","","","","","","False","False","False","","UNVERIFIED","UNRESOLVED","No content-verified first-pass relationship is sufficient for automatic resolution."
"2220098919|102","Community-Flavor-Pack","CFP","2220098919","102","12 Nov, 2020 @ 6:56am","2020-11-12 06:56","Version 2.0","Version 2.0","False","0","","","0","0","","","","","","False","False","False","","UNVERIFIED","UNRESOLVED","No content-verified first-pass relationship is sufficient for automatic resolution."
"2220098919|103","Community-Flavor-Pack","CFP","2220098919","103","1 Nov, 2020 @ 3:38am","2020-11-01 03:38","Version 1.93","Version 1.93","False","0","","","0","0","","","","","","False","False","False","","UNVERIFIED","UNRESOLVED","No content-verified first-pass relationship is sufficient for automatic resolution."
"2220098919|104","Community-Flavor-Pack","CFP","2220098919","104","29 Oct, 2020 @ 2:28pm","2020-10-29 14:28","Version 1.92","Version 1.92","False","0","","","0","0","","","","","","False","False","False","","UNVERIFIED","UNRESOLVED","No content-verified first-pass relationship is sufficient for automatic resolution."
"2220098919|105","Community-Flavor-Pack","CFP","2220098919","105","29 Oct, 2020 @ 12:11pm","2020-10-29 12:11","Version 1.91","Version 1.91","False","0","","","0","0","","","","","","False","False","False","","UNVERIFIED","UNRESOLVED","No content-verified first-pass relationship is sufficient for automatic resolution."
"2220098919|106","Community-Flavor-Pack","CFP","2220098919","106","25 Oct, 2020 @ 8:17am","2020-10-25 08:17","Version 1.9","Version 1.9","False","0","","","0","0","","","","","","False","False","False","","UNVERIFIED","UNRESOLVED","No content-verified first-pass relationship is sufficient for automatic resolution."
"2220098919|107","Community-Flavor-Pack","CFP","2220098919","107","17 Oct, 2020 @ 6:01am","2020-10-17 06:01","Version 1.81","Version 1.81","False","0","","","0","0","","","","","","False","False","False","","UNVERIFIED","UNRESOLVED","No content-verified first-pass relationship is sufficient for automatic resolution."
"2220098919|108","Community-Flavor-Pack","CFP","2220098919","108","14 Oct, 2020 @ 7:30am","2020-10-14 07:30","Version 1.8","Version 1.8","False","0","","","0","0","","","","","","False","False","False","","UNVERIFIED","UNRESOLVED","No content-verified first-pass relationship is sufficient for automatic resolution."
"2220098919|109","Community-Flavor-Pack","CFP","2220098919","109","10 Oct, 2020 @ 3:37am","2020-10-10 03:37","Version 1.72","Version 1.72","False","0","","","0","0","","","","","","False","False","False","","UNVERIFIED","UNRESOLVED","No content-verified first-pass relationship is sufficient for automatic resolution."
"2220098919|110","Community-Flavor-Pack","CFP","2220098919","110","8 Oct, 2020 @ 1:37pm","2020-10-08 13:37","Version 1.71","Version 1.71","False","0","","","0","0","","","","","","False","False","False","","UNVERIFIED","UNRESOLVED","No content-verified first-pass relationship is sufficient for automatic resolution."
"2220098919|111","Community-Flavor-Pack","CFP","2220098919","111","8 Oct, 2020 @ 1:37pm","2020-10-08 13:37","","","False","0","","","0","0","","","","","","False","False","False","","UNVERIFIED","UNRESOLVED","No content-verified first-pass relationship is sufficient for automatic resolution."
"2220098919|112","Community-Flavor-Pack","CFP","2220098919","112","4 Oct, 2020 @ 7:03am","2020-10-04 07:03","Version 1.7","Version 1.7","False","0","","","0","0","","","","","","False","False","False","","UNVERIFIED","UNRESOLVED","No content-verified first-pass relationship is sufficient for automatic resolution."
"2220098919|113","Community-Flavor-Pack","CFP","2220098919","113","1 Oct, 2020 @ 4:15pm","2020-10-01 16:15","","","False","0","","","0","0","","","","","","False","False","False","","UNVERIFIED","UNRESOLVED","No content-verified first-pass relationship is sufficient for automatic resolution."
"2220098919|114","Community-Flavor-Pack","CFP","2220098919","114","1 Oct, 2020 @ 4:07pm","2020-10-01 16:07","1.1.2 compatibility in the launcher.","1.1.2 compatibility in the launcher.","False","0","","","0","0","","","","","","False","False","False","","UNVERIFIED","UNRESOLVED","No content-verified first-pass relationship is sufficient for automatic resolution."
"2220098919|115","Community-Flavor-Pack","CFP","2220098919","115","29 Sep, 2020 @ 11:46am","2020-09-29 11:46","Version 1.62","Version 1.62","False","0","","","0","0","","","","","","False","False","False","","UNVERIFIED","UNRESOLVED","No content-verified first-pass relationship is sufficient for automatic resolution."
"2220098919|116","Community-Flavor-Pack","CFP","2220098919","116","29 Sep, 2020 @ 9:26am","2020-09-29 09:26","Version 1.61","Version 1.61","False","0","","","0","0","","","","","","False","False","False","","UNVERIFIED","UNRESOLVED","No content-verified first-pass relationship is sufficient for automatic resolution."
"2220098919|117","Community-Flavor-Pack","CFP","2220098919","117","27 Sep, 2020 @ 12:11pm","2020-09-27 12:11","Version 1.6","Version 1.6","False","0","","","0","0","","","","","","False","False","False","","UNVERIFIED","UNRESOLVED","No content-verified first-pass relationship is sufficient for automatic resolution."
"2220098919|118","Community-Flavor-Pack","CFP","2220098919","118","21 Sep, 2020 @ 1:09pm","2020-09-21 13:09","Version 1.5","Version 1.5","False","0","","","0","0","","","","","","False","False","False","","UNVERIFIED","UNRESOLVED","No content-verified first-pass relationship is sufficient for automatic resolution."
"2220098919|119","Community-Flavor-Pack","CFP","2220098919","119","17 Sep, 2020 @ 2:44am","2020-09-17 02:44","Version 1.4","Version 1.4","False","0","","","0","0","","","","","","False","False","False","","UNVERIFIED","UNRESOLVED","No content-verified first-pass relationship is sufficient for automatic resolution."
"2220098919|120","Community-Flavor-Pack","CFP","2220098919","120","14 Sep, 2020 @ 12:39am","2020-09-14 00:39","","~ Fixed: mail coif usage ratio in Byzantine, Abbasid and Steppe cultural groups reduced to 10% instead of 50%.","False","0","","","0","0","","","","","","False","False","False","","UNVERIFIED","UNRESOLVED","No content-verified first-pass relationship is sufficient for automatic resolution."
"2220098919|121","Community-Flavor-Pack","CFP","2220098919","121","13 Sep, 2020 @ 8:26am","2020-09-13 08:26","Version 1.3","Version 1.3","False","0","","","0","0","","","","","","False","False","False","","UNVERIFIED","UNRESOLVED","No content-verified first-pass relationship is sufficient for automatic resolution."
"2220098919|122","Community-Flavor-Pack","CFP","2220098919","122","11 Sep, 2020 @ 8:47am","2020-09-11 08:47","","~ Improved: full plate helmets will hide characters beards in order to avoid weird appearances and collisions.","False","0","","","0","0","","","","","","False","False","False","","UNVERIFIED","UNRESOLVED","No content-verified first-pass relationship is sufficient for automatic resolution."
"2220098919|123","Community-Flavor-Pack","CFP","2220098919","123","10 Sep, 2020 @ 9:37am","2020-09-10 09:37","","~ Fixed: mesh has meshes with vertex count incompatible with base object.","False","0","","","0","0","","","","","","False","False","False","","UNVERIFIED","UNRESOLVED","No content-verified first-pass relationship is sufficient for automatic resolution."
"2220098919|124","Community-Flavor-Pack","CFP","2220098919","124","10 Sep, 2020 @ 8:01am","2020-09-10 08:01","Version 1.2","Version 1.2","False","0","","","0","0","","","","","","False","False","False","","UNVERIFIED","UNRESOLVED","No content-verified first-pass relationship is sufficient for automatic resolution."
"2220098919|125","Community-Flavor-Pack","CFP","2220098919","125","8 Sep, 2020 @ 12:39pm","2020-09-08 12:39","Version 1.1","Version 1.1","False","0","","","0","0","","","","","","False","False","False","","UNVERIFIED","UNRESOLVED","No content-verified first-pass relationship is sufficient for automatic resolution."
"2220098919|126","Community-Flavor-Pack","CFP","2220098919","126","6 Sep, 2020 @ 6:20am","2020-09-06 06:20","","~ Fixed: reverted previous version.","False","0","","","0","0","","","","","","False","False","False","","UNVERIFIED","UNRESOLVED","No content-verified first-pass relationship is sufficient for automatic resolution."
"2220098919|127","Community-Flavor-Pack","CFP","2220098919","127","6 Sep, 2020 @ 3:41am","2020-09-06 03:41","","","False","0","","","0","0","","","","","","False","False","False","","UNVERIFIED","UNRESOLVED","No content-verified first-pass relationship is sufficient for automatic resolution."
"2220098919|128","Community-Flavor-Pack","CFP","2220098919","128","6 Sep, 2020 @ 12:30am","2020-09-06 00:30","","Changed name from ""Expanded Flavour Pack"" to ""Community Flavour Pack""","False","0","","","0","0","","","","","","False","False","False","","UNVERIFIED","UNRESOLVED","No content-verified first-pass relationship is sufficient for automatic resolution."
"2220098919|129","Community-Flavor-Pack","CFP","2220098919","129","5 Sep, 2020 @ 5:02am","2020-09-05 05:02","","V.1.0","False","0","","","0","0","","","","","","False","False","False","","UNVERIFIED","UNRESOLVED","No content-verified first-pass relationship is sufficient for automatic resolution."
"3206891770|1","Culture-and-Faith-Granularity","CFG","3206891770","1","20 Apr @ 3:37pm","2026-04-20 15:37","","- Fixed tab icons issue","False","0","","","0","0","","","","","","False","False","False","","UNVERIFIED","UNRESOLVED","No content-verified first-pass relationship is sufficient for automatic resolution."
"3206891770|2","Culture-and-Faith-Granularity","CFG","3206891770","2","20 Apr @ 7:57am","2026-04-20 07:57","2.3.1","2.3.1","False","0","","","0","0","","","","","","False","False","False","","UNVERIFIED","UNRESOLVED","No content-verified first-pass relationship is sufficient for automatic resolution."
"3206891770|3","Culture-and-Faith-Granularity","CFG","3206891770","3","14 Nov, 2025 @ 11:43am","2025-11-14 11:43","2.3.0","2.3.0","False","1","2e2602f56ee08890cc915690989b121c299ca8d0","NORMAL","1","1","3206891770|2","3206891770|2","UNIQUE_PROJECTED_GIT_MATCH","BIDIRECTIONAL_UNIQUE","2e2602f56ee08890cc915690989b121c299ca8d0","False","False","False","","KNOWN + EXISTING","STRONG","Content-verified archive uniquely matches an Analysis 05 Git candidate and the Steam/Skymods temporal relationship is bidirectionally unique."
"3206891770|4","Culture-and-Faith-Granularity","CFG","3206891770","4","10 Sep, 2025 @ 3:09am","2025-09-10 03:09","2.2.3","2.2.3","False","0","","","0","0","","","","","","False","False","False","","UNVERIFIED","UNRESOLVED","No content-verified first-pass relationship is sufficient for automatic resolution."
"3206891770|5","Culture-and-Faith-Granularity","CFG","3206891770","5","4 Aug, 2025 @ 9:28am","2025-08-04 09:28","2.2.2","2.2.2","False","0","","","0","0","","","","","","False","False","False","","UNVERIFIED","UNRESOLVED","No content-verified first-pass relationship is sufficient for automatic resolution."
"3206891770|6","Culture-and-Faith-Granularity","CFG","3206891770","6","15 May, 2025 @ 5:57pm","2025-05-15 17:57","","Updated for CK 1.16.2","False","0","","","0","0","","","","","","False","False","False","","UNVERIFIED","UNRESOLVED","No content-verified first-pass relationship is sufficient for automatic resolution."
"3206891770|7","Culture-and-Faith-Granularity","CFG","3206891770","7","8 May, 2025 @ 2:19pm","2025-05-08 14:19","2.1.2","2.1.2","False","0","","","0","0","","","","","","False","False","False","","UNVERIFIED","UNRESOLVED","No content-verified first-pass relationship is sufficient for automatic resolution."
"3206891770|8","Culture-and-Faith-Granularity","CFG","3206891770","8","22 Mar, 2025 @ 3:13am","2025-03-22 03:13","2.1.1","2.1.1","False","0","","","0","0","","","","","","False","False","False","","UNVERIFIED","UNRESOLVED","No content-verified first-pass relationship is sufficient for automatic resolution."
"3206891770|9","Culture-and-Faith-Granularity","CFG","3206891770","9","3 Dec, 2024 @ 6:27am","2024-12-03 06:27","2.1.0","2.1.0","False","0","","","0","0","","","","","","False","False","False","","UNVERIFIED","UNRESOLVED","No content-verified first-pass relationship is sufficient for automatic resolution."
"3206891770|10","Culture-and-Faith-Granularity","CFG","3206891770","10","11 Nov, 2024 @ 4:43am","2024-11-11 04:43","2.0.2","2.0.2","False","0","","","0","0","","","","","","False","False","False","","UNVERIFIED","UNRESOLVED","No content-verified first-pass relationship is sufficient for automatic resolution."
"3206891770|11","Culture-and-Faith-Granularity","CFG","3206891770","11","5 Nov, 2024 @ 4:18pm","2024-11-05 16:18","2.0.1","2.0.1","False","0","","","0","0","","","","","","False","False","False","","UNVERIFIED","UNRESOLVED","No content-verified first-pass relationship is sufficient for automatic resolution."
"3206891770|12","Culture-and-Faith-Granularity","CFG","3206891770","12","4 Nov, 2024 @ 1:54pm","2024-11-04 13:54","2.0.0","2.0.0","False","0","","","0","0","","","","","","False","False","False","","UNVERIFIED","UNRESOLVED","No content-verified first-pass relationship is sufficient for automatic resolution."
"3206891770|13","Culture-and-Faith-Granularity","CFG","3206891770","13","9 Oct, 2024 @ 11:28am","2024-10-09 11:28","1.4.0","1.4.0","False","1","3b866d6489ab4552cf501aebce5f7836c90c45a5","EXTERNAL_DESCRIPTOR_MISMATCH","1","1","3206891770|11","3206891770|11","NO_PROJECTED_GIT_MATCH","BIDIRECTIONAL_UNIQUE","","True","False","False","","UNVERIFIED","UNRESOLVED","The archive is bidirectionally anchored to this Steam event. No exact projected Git match exists among the tested Analysis 09 candidates, while a historical Git candidate differs only in descriptor.mod. An exhaustive same-repository Git comparison is required before assigning EXISTING or RECOVERED."
"3206891770|14","Culture-and-Faith-Granularity","CFG","3206891770","14","2 Oct, 2024 @ 3:10am","2024-10-02 03:10","1.3.1","1.3.1","False","0","","","0","0","","","","","","False","False","False","","UNVERIFIED","UNRESOLVED","No content-verified first-pass relationship is sufficient for automatic resolution."
"3206891770|15","Culture-and-Faith-Granularity","CFG","3206891770","15","26 Sep, 2024 @ 2:55am","2024-09-26 02:55","1.3.0","1.3.0","False","0","","","0","0","","","","","","False","False","False","","UNVERIFIED","UNRESOLVED","No content-verified first-pass relationship is sufficient for automatic resolution."
"3206891770|16","Culture-and-Faith-Granularity","CFG","3206891770","16","23 Sep, 2024 @ 9:53am","2024-09-23 09:53","","Small fixes for ECV mod","False","0","","","0","0","","","","","","False","False","False","","UNVERIFIED","UNRESOLVED","No content-verified first-pass relationship is sufficient for automatic resolution."
"3206891770|17","Culture-and-Faith-Granularity","CFG","3206891770","17","20 May, 2024 @ 5:17am","2024-05-20 05:17","1.2.4","1.2.4","False","0","","","0","0","","","","","","False","False","False","","UNVERIFIED","UNRESOLVED","No content-verified first-pass relationship is sufficient for automatic resolution."
"3206891770|18","Culture-and-Faith-Granularity","CFG","3206891770","18","8 May, 2024 @ 1:57am","2024-05-08 01:57","1.2.3","1.2.3","False","0","","","0","0","","","","","","False","False","False","","UNVERIFIED","UNRESOLVED","No content-verified first-pass relationship is sufficient for automatic resolution."
"3206891770|19","Culture-and-Faith-Granularity","CFG","3206891770","19","7 May, 2024 @ 8:08am","2024-05-07 08:08","1.2.2","1.2.2","False","0","","","0","0","","","","","","False","False","False","","UNVERIFIED","UNRESOLVED","No content-verified first-pass relationship is sufficient for automatic resolution."
"3206891770|20","Culture-and-Faith-Granularity","CFG","3206891770","20","7 May, 2024 @ 7:30am","2024-05-07 07:30","1.2.1","1.2.1","False","0","","","0","0","","","","","","False","False","False","","UNVERIFIED","UNRESOLVED","No content-verified first-pass relationship is sufficient for automatic resolution."
"3206891770|21","Culture-and-Faith-Granularity","CFG","3206891770","21","6 May, 2024 @ 9:53am","2024-05-06 09:53","1.2.0","1.2.0","False","0","","","0","0","","","","","","False","False","False","","UNVERIFIED","UNRESOLVED","No content-verified first-pass relationship is sufficient for automatic resolution."
"3206891770|22","Culture-and-Faith-Granularity","CFG","3206891770","22","11 Apr, 2024 @ 12:56pm","2024-04-11 12:56","1.1.0","1.1.0","False","0","","","0","0","","","","","","False","False","False","","UNVERIFIED","UNRESOLVED","No content-verified first-pass relationship is sufficient for automatic resolution."
"3206891770|23","Culture-and-Faith-Granularity","CFG","3206891770","23","4 Apr, 2024 @ 7:45am","2024-04-04 07:45","1.0.3","1.0.3","False","0","","","0","0","","","","","","False","False","False","","UNVERIFIED","UNRESOLVED","No content-verified first-pass relationship is sufficient for automatic resolution."
"3206891770|24","Culture-and-Faith-Granularity","CFG","3206891770","24","30 Mar, 2024 @ 2:58pm","2024-03-30 14:58","1.0.2","1.0.2","False","0","","","0","0","","","","","","False","False","False","","UNVERIFIED","UNRESOLVED","No content-verified first-pass relationship is sufficient for automatic resolution."
"3206891770|25","Culture-and-Faith-Granularity","CFG","3206891770","25","30 Mar, 2024 @ 2:34pm","2024-03-30 14:34","1.0.1","1.0.1","False","0","","","0","0","","","","","","False","False","False","","UNVERIFIED","UNRESOLVED","No content-verified first-pass relationship is sufficient for automatic resolution."
"3206891770|26","Culture-and-Faith-Granularity","CFG","3206891770","26","30 Mar, 2024 @ 12:43pm","2024-03-30 12:43","1.0.0","1.0.0","False","0","","","0","0","","","","","","False","False","False","","UNVERIFIED","UNRESOLVED","No content-verified first-pass relationship is sufficient for automatic resolution."
"2829397295|1","Culture-Expanded","CE","2829397295","1","25 May @ 8:54am","2026-05-25 08:54","","","False","1","07b7ca5ee4f0481ea9107d0299a90a396d2d78e8","NORMAL","0","0","","","","","","False","False","False","","UNVERIFIED","UNRESOLVED","No content-verified first-pass relationship is sufficient for automatic resolution."
"2829397295|2","Culture-Expanded","CE","2829397295","2","9 May @ 10:30pm","2026-05-09 22:30","","","False","1","0804f6a73ecb93a2bfc8b048ae2730c242388a92","NORMAL","1","1","2829397295|2","2829397295|2","UNIQUE_PROJECTED_GIT_MATCH","BIDIRECTIONAL_UNIQUE","0804f6a73ecb93a2bfc8b048ae2730c242388a92","False","False","False","","KNOWN + EXISTING","STRONG","Content-verified archive uniquely matches an Analysis 05 Git candidate and the Steam/Skymods temporal relationship is bidirectionally unique."
"2829397295|3","Culture-Expanded","CE","2829397295","3","9 May @ 9:57pm","2026-05-09 21:57","","","False","1","0804f6a73ecb93a2bfc8b048ae2730c242388a92","NORMAL","0","0","","","","","","False","False","False","","UNVERIFIED","UNRESOLVED","No content-verified first-pass relationship is sufficient for automatic resolution."
"2829397295|4","Culture-Expanded","CE","2829397295","4","26 Apr @ 11:08am","2026-04-26 11:08","","","False","2","8a0cffb5c6f82b7addeb8e91e25799b95d3689ae|dd4267956356f7e84f8e6bd84bea17c8ec45ee20","NORMAL","1","1","2829397295|3","2829397295|3","UNIQUE_PROJECTED_GIT_MATCH","BIDIRECTIONAL_UNIQUE","8a0cffb5c6f82b7addeb8e91e25799b95d3689ae","False","False","False","","KNOWN + EXISTING","STRONG","Content-verified archive uniquely matches an Analysis 05 Git candidate and the Steam/Skymods temporal relationship is bidirectionally unique."
"2829397295|5","Culture-Expanded","CE","2829397295","5","20 Apr @ 4:09pm","2026-04-20 16:09","","","False","2","8a0cffb5c6f82b7addeb8e91e25799b95d3689ae|dd4267956356f7e84f8e6bd84bea17c8ec45ee20","NORMAL","0","0","","","","","","False","False","False","","UNVERIFIED","UNRESOLVED","No content-verified first-pass relationship is sufficient for automatic resolution."
"2829397295|6","Culture-Expanded","CE","2829397295","6","18 Mar @ 7:50pm","2026-03-18 19:50","","","False","1","9cf590790a7e257689388e0a8d06335e3fdaf4f5","NORMAL","0","0","","","","","","False","False","False","","UNVERIFIED","UNRESOLVED","No content-verified first-pass relationship is sufficient for automatic resolution."
"2829397295|7","Culture-Expanded","CE","2829397295","7","12 Feb @ 6:55pm","2026-02-12 18:55","","","False","1","5db0c9ce064448e50984a8c113d3dea1d5a17c45","NORMAL","0","0","","","","","","False","False","False","","UNVERIFIED","UNRESOLVED","No content-verified first-pass relationship is sufficient for automatic resolution."
"2829397295|8","Culture-Expanded","CE","2829397295","8","15 Dec, 2025 @ 10:32pm","2025-12-15 22:32","","Fixes unique COA shapes for CE Cultures","False","0","","","0","0","","","","","","False","False","False","","UNVERIFIED","UNRESOLVED","No content-verified first-pass relationship is sufficient for automatic resolution."
"2829397295|9","Culture-Expanded","CE","2829397295","9","15 Dec, 2025 @ 6:44pm","2025-12-15 18:44","1.18.2 Base Compatibility","1.18.2 Base Compatibility","False","0","","","0","0","","","","","","False","False","False","","UNVERIFIED","UNRESOLVED","No content-verified first-pass relationship is sufficient for automatic resolution."
"2829397295|10","Culture-Expanded","CE","2829397295","10","8 Jun, 2025 @ 10:41pm","2025-06-08 22:41","","Share to your Steam activity feed","False","0","","","0","0","","","","","","False","False","False","","UNVERIFIED","UNRESOLVED","No content-verified first-pass relationship is sufficient for automatic resolution."
"2829397295|11","Culture-Expanded","CE","2829397295","11","4 Jun, 2025 @ 8:09pm","2025-06-04 20:09","","","False","0","","","0","0","","","","","","False","False","False","","UNVERIFIED","UNRESOLVED","No content-verified first-pass relationship is sufficient for automatic resolution."
"2829397295|12","Culture-Expanded","CE","2829397295","12","1 Jun, 2025 @ 3:59pm","2025-06-01 15:59","","","False","0","","","0","0","","","","","","False","False","False","","UNVERIFIED","UNRESOLVED","No content-verified first-pass relationship is sufficient for automatic resolution."
"2829397295|13","Culture-Expanded","CE","2829397295","13","23 May, 2025 @ 5:32pm","2025-05-23 17:32","","","False","0","","","0","0","","","","","","False","False","False","","UNVERIFIED","UNRESOLVED","No content-verified first-pass relationship is sufficient for automatic resolution."
"2829397295|14","Culture-Expanded","CE","2829397295","14","18 May, 2025 @ 11:55am","2025-05-18 11:55","","","False","0","","","0","0","","","","","","False","False","False","","UNVERIFIED","UNRESOLVED","No content-verified first-pass relationship is sufficient for automatic resolution."
"2829397295|15","Culture-Expanded","CE","2829397295","15","13 Apr, 2025 @ 9:18am","2025-04-13 09:18","","","False","0","","","0","0","","","","","","False","False","False","","UNVERIFIED","UNRESOLVED","No content-verified first-pass relationship is sufficient for automatic resolution."
"2829397295|16","Culture-Expanded","CE","2829397295","16","15 Mar, 2025 @ 1:12pm","2025-03-15 13:12","","","False","0","","","0","0","","","","","","False","False","False","","UNVERIFIED","UNRESOLVED","No content-verified first-pass relationship is sufficient for automatic resolution."
"2829397295|17","Culture-Expanded","CE","2829397295","17","26 Feb, 2025 @ 6:39pm","2025-02-26 18:39","","","False","0","","","0","0","","","","","","False","False","False","","UNVERIFIED","UNRESOLVED","No content-verified first-pass relationship is sufficient for automatic resolution."
"2829397295|18","Culture-Expanded","CE","2829397295","18","19 Feb, 2025 @ 11:47am","2025-02-19 11:47","","","False","0","","","0","0","","","","","","False","False","False","","UNVERIFIED","UNRESOLVED","No content-verified first-pass relationship is sufficient for automatic resolution."
"2829397295|19","Culture-Expanded","CE","2829397295","19","15 Feb, 2025 @ 9:54pm","2025-02-15 21:54","","","False","0","","","0","0","","","","","","False","False","False","","UNVERIFIED","UNRESOLVED","No content-verified first-pass relationship is sufficient for automatic resolution."
"2829397295|20","Culture-Expanded","CE","2829397295","20","8 May, 2024 @ 8:14pm","2024-05-08 20:14","","Share to your Steam activity feed","False","0","","","0","0","","","","","","False","False","False","","UNVERIFIED","UNRESOLVED","No content-verified first-pass relationship is sufficient for automatic resolution."
"2829397295|21","Culture-Expanded","CE","2829397295","21","12 Apr, 2024 @ 9:20pm","2024-04-12 21:20","","CE Changelog - Scythe 1.12.4","False","0","","","0","0","","","","","","False","False","False","","UNVERIFIED","UNRESOLVED","No content-verified first-pass relationship is sufficient for automatic resolution."
"2829397295|22","Culture-Expanded","CE","2829397295","22","22 Mar, 2024 @ 9:03pm","2024-03-22 21:03","","CE Changelog - Scythe","False","0","","","0","0","","","","","","False","False","False","","UNVERIFIED","UNRESOLVED","No content-verified first-pass relationship is sufficient for automatic resolution."
"2829397295|23","Culture-Expanded","CE","2829397295","23","10 Mar, 2024 @ 8:00pm","2024-03-10 20:00","","","False","0","","","0","0","","","","","","False","False","False","","UNVERIFIED","UNRESOLVED","No content-verified first-pass relationship is sufficient for automatic resolution."
"2829397295|24","Culture-Expanded","CE","2829397295","24","9 Mar, 2024 @ 9:15pm","2024-03-09 21:15","","","False","0","","","0","0","","","","","","False","False","False","","UNVERIFIED","UNRESOLVED","No content-verified first-pass relationship is sufficient for automatic resolution."
"2829397295|25","Culture-Expanded","CE","2829397295","25","19 Dec, 2023 @ 1:57pm","2023-12-19 13:57","","CE Changelog:","False","0","","","0","0","","","","","","False","False","False","","UNVERIFIED","UNRESOLVED","No content-verified first-pass relationship is sufficient for automatic resolution."
"2829397295|26","Culture-Expanded","CE","2829397295","26","2 Dec, 2023 @ 5:54pm","2023-12-02 17:54","","","False","0","","","0","0","","","","","","False","False","False","","UNVERIFIED","UNRESOLVED","No content-verified first-pass relationship is sufficient for automatic resolution."
"2829397295|27","Culture-Expanded","CE","2829397295","27","20 Nov, 2023 @ 7:19pm","2023-11-20 19:19","1.11 Culture Expanded Hotfix #1","1.11 Culture Expanded Hotfix #1","False","0","","","0","0","","","","","","False","False","False","","UNVERIFIED","UNRESOLVED","No content-verified first-pass relationship is sufficient for automatic resolution."
"2829397295|28","Culture-Expanded","CE","2829397295","28","19 Nov, 2023 @ 11:08am","2023-11-19 11:08","1.11.0.1 Peacock Expanded Series Patch Notes","1.11.0.1 Peacock Expanded Series Patch Notes","False","0","","","0","0","","","","","","False","False","False","","UNVERIFIED","UNRESOLVED","No content-verified first-pass relationship is sufficient for automatic resolution."
"2829397295|29","Culture-Expanded","CE","2829397295","29","1 Oct, 2023 @ 5:34pm","2023-10-01 17:34","","","False","0","","","0","0","","","","","","False","False","False","","UNVERIFIED","UNRESOLVED","No content-verified first-pass relationship is sufficient for automatic resolution."
"2829397295|30","Culture-Expanded","CE","2829397295","30","24 Sep, 2023 @ 8:34pm","2023-09-24 20:34","","Share to your Steam activity feed","False","0","","","0","0","","","","","","False","False","False","","UNVERIFIED","UNRESOLVED","No content-verified first-pass relationship is sufficient for automatic resolution."
"2829397295|31","Culture-Expanded","CE","2829397295","31","23 Sep, 2023 @ 5:43pm","2023-09-23 17:43","","","False","0","","","0","0","","","","","","False","False","False","","UNVERIFIED","UNRESOLVED","No content-verified first-pass relationship is sufficient for automatic resolution."
"2829397295|32","Culture-Expanded","CE","2829397295","32","25 Jun, 2023 @ 12:04pm","2023-06-25 12:04","","#######################################","False","0","","","0","0","","","","","","False","False","False","","UNVERIFIED","UNRESOLVED","No content-verified first-pass relationship is sufficient for automatic resolution."
"2829397295|33","Culture-Expanded","CE","2829397295","33","18 Jun, 2023 @ 10:24am","2023-06-18 10:24","","","False","0","","","0","0","","","","","","False","False","False","","UNVERIFIED","UNRESOLVED","No content-verified first-pass relationship is sufficient for automatic resolution."
"2829397295|34","Culture-Expanded","CE","2829397295","34","7 Apr, 2023 @ 10:22am","2023-04-07 10:22","","","False","0","","","0","0","","","","","","False","False","False","","UNVERIFIED","UNRESOLVED","No content-verified first-pass relationship is sufficient for automatic resolution."
"2829397295|35","Culture-Expanded","CE","2829397295","35","21 Jan, 2023 @ 6:26pm","2023-01-21 18:26","1.8.1 Misc Patch Notes for Expanded Series","1.8.1 Misc Patch Notes for Expanded Series","False","0","","","0","0","","","","","","False","False","False","","UNVERIFIED","UNRESOLVED","No content-verified first-pass relationship is sufficient for automatic resolution."
"2829397295|36","Culture-Expanded","CE","2829397295","36","15 Dec, 2022 @ 8:00pm","2022-12-15 20:00","","CULTURE EXPANDED PATCH NOTES: 1.8.1","False","0","","","0","0","","","","","","False","False","False","","UNVERIFIED","UNRESOLVED","No content-verified first-pass relationship is sufficient for automatic resolution."
"2829397295|37","Culture-Expanded","CE","2829397295","37","2 Dec, 2022 @ 5:38pm","2022-12-02 17:38","","CULTURE EXPANDED PATCH NOTES:","False","0","","","0","0","","","","","","False","False","False","","UNVERIFIED","UNRESOLVED","No content-verified first-pass relationship is sufficient for automatic resolution."
"2829397295|38","Culture-Expanded","CE","2829397295","38","30 Sep, 2022 @ 8:44pm","2022-09-30 20:44","Version # Update","Version # Update","False","0","","","0","0","","","","","","False","False","False","","UNVERIFIED","UNRESOLVED","No content-verified first-pass relationship is sufficient for automatic resolution."
"2829397295|39","Culture-Expanded","CE","2829397295","39","15 Sep, 2022 @ 5:01pm","2022-09-15 17:01","","- Version # Fix","False","0","","","0","0","","","","","","False","False","False","","UNVERIFIED","UNRESOLVED","No content-verified first-pass relationship is sufficient for automatic resolution."
"2829397295|40","Culture-Expanded","CE","2829397295","40","11 Sep, 2022 @ 10:08am","2022-09-11 10:08","","-Fixed Landed Title color error.","False","0","","","0","0","","","","","","False","False","False","","UNVERIFIED","UNRESOLVED","No content-verified first-pass relationship is sufficient for automatic resolution."
"2829397295|41","Culture-Expanded","CE","2829397295","41","8 Sep, 2022 @ 9:56pm","2022-09-08 21:56","","-Court Language of Croatia has been fixed.","False","0","","","0","0","","","","","","False","False","False","","UNVERIFIED","UNRESOLVED","No content-verified first-pass relationship is sufficient for automatic resolution."
"2829397295|42","Culture-Expanded","CE","2829397295","42","21 Jul, 2022 @ 12:31am","2022-07-21 00:31","","Hotfix #11","False","0","","","0","0","","","","","","False","False","False","","UNVERIFIED","UNRESOLVED","No content-verified first-pass relationship is sufficient for automatic resolution."
"2829397295|43","Culture-Expanded","CE","2829397295","43","12 Jul, 2022 @ 12:26am","2022-07-12 00:26","","- Quick fix for Leonese in 1066.","False","0","","","0","0","","","","","","False","False","False","","UNVERIFIED","UNRESOLVED","No content-verified first-pass relationship is sufficient for automatic resolution."
"2829397295|44","Culture-Expanded","CE","2829397295","44","12 Jul, 2022 @ 12:12am","2022-07-12 00:12","","Hotfix #10","False","0","","","0","0","","","","","","False","False","False","","UNVERIFIED","UNRESOLVED","No content-verified first-pass relationship is sufficient for automatic resolution."
"2829397295|45","Culture-Expanded","CE","2829397295","45","8 Jul, 2022 @ 7:16pm","2022-07-08 19:16","","Hotfix #9","False","0","","","0","0","","","","","","False","False","False","","UNVERIFIED","UNRESOLVED","No content-verified first-pass relationship is sufficient for automatic resolution."
"2829397295|46","Culture-Expanded","CE","2829397295","46","6 Jul, 2022 @ 7:18pm","2022-07-06 19:18","","Hotfix #8","False","0","","","0","0","","","","","","False","False","False","","UNVERIFIED","UNRESOLVED","No content-verified first-pass relationship is sufficient for automatic resolution."
"2829397295|47","Culture-Expanded","CE","2829397295","47","6 Jul, 2022 @ 12:36am","2022-07-06 00:36","","Hotfix #7","False","0","","","0","0","","","","","","False","False","False","","UNVERIFIED","UNRESOLVED","No content-verified first-pass relationship is sufficient for automatic resolution."
"2829397295|48","Culture-Expanded","CE","2829397295","48","4 Jul, 2022 @ 11:29am","2022-07-04 11:29","","Hotfix #6","False","0","","","0","0","","","","","","False","False","False","","UNVERIFIED","UNRESOLVED","No content-verified first-pass relationship is sufficient for automatic resolution."
"2829397295|49","Culture-Expanded","CE","2829397295","49","3 Jul, 2022 @ 6:27pm","2022-07-03 18:27","","Hotfix #5","False","0","","","0","0","","","","","","False","False","False","","UNVERIFIED","UNRESOLVED","No content-verified first-pass relationship is sufficient for automatic resolution."
"2829397295|50","Culture-Expanded","CE","2829397295","50","2 Jul, 2022 @ 10:40pm","2022-07-02 22:40","","Hotfix #4","False","0","","","0","0","","","","","","False","False","False","","UNVERIFIED","UNRESOLVED","No content-verified first-pass relationship is sufficient for automatic resolution."
"2829397295|51","Culture-Expanded","CE","2829397295","51","2 Jul, 2022 @ 9:11pm","2022-07-02 21:11","","Hotfix #3","False","0","","","0","0","","","","","","False","False","False","","UNVERIFIED","UNRESOLVED","No content-verified first-pass relationship is sufficient for automatic resolution."
"2829397295|52","Culture-Expanded","CE","2829397295","52","2 Jul, 2022 @ 1:05pm","2022-07-02 13:05","","Hotfix #2","False","0","","","0","0","","","","","","False","False","False","","UNVERIFIED","UNRESOLVED","No content-verified first-pass relationship is sufficient for automatic resolution."
"2829397295|53","Culture-Expanded","CE","2829397295","53","2 Jul, 2022 @ 11:55am","2022-07-02 11:55","","Hotfix #1","False","0","","","0","0","","","","","","False","False","False","","UNVERIFIED","UNRESOLVED","No content-verified first-pass relationship is sufficient for automatic resolution."
"2829397295|54","Culture-Expanded","CE","2829397295","54","2 Jul, 2022 @ 10:41am","2022-07-02 10:41","","Initial Release - 1.0","False","0","","","0","0","","","","","","False","False","False","","UNVERIFIED","UNRESOLVED","No content-verified first-pass relationship is sufficient for automatic resolution."
"3473488611|1","Demand-Tribute","DT","3473488611","1","29 Oct, 2025 @ 3:52am","2025-10-29 03:52","","","False","0","","","0","0","","","","","","False","False","False","","UNVERIFIED","UNRESOLVED","No content-verified first-pass relationship is sufficient for automatic resolution."
"3473488611|2","Demand-Tribute","DT","3473488611","2","9 Sep, 2025 @ 8:58am","2025-09-09 08:58","","","False","0","","","0","0","","","","","","False","False","False","","UNVERIFIED","UNRESOLVED","No content-verified first-pass relationship is sufficient for automatic resolution."
"3473488611|3","Demand-Tribute","DT","3473488611","3","17 May, 2025 @ 12:43pm","2025-05-17 12:43","","","False","0","","","0","0","","","","","","False","False","False","","UNVERIFIED","UNRESOLVED","No content-verified first-pass relationship is sufficient for automatic resolution."
"3473488611|4","Demand-Tribute","DT","3473488611","4","11 May, 2025 @ 9:41am","2025-05-11 09:41","","","False","0","","","0","0","","","","","","False","False","False","","UNVERIFIED","UNRESOLVED","No content-verified first-pass relationship is sufficient for automatic resolution."
"3473488611|5","Demand-Tribute","DT","3473488611","5","7 May, 2025 @ 9:56am","2025-05-07 09:56","","","False","0","","","0","0","","","","","","False","False","False","","UNVERIFIED","UNRESOLVED","No content-verified first-pass relationship is sufficient for automatic resolution."
"3473488611|6","Demand-Tribute","DT","3473488611","6","6 May, 2025 @ 9:31am","2025-05-06 09:31","","","False","0","","","0","0","","","","","","False","False","False","","UNVERIFIED","UNRESOLVED","No content-verified first-pass relationship is sufficient for automatic resolution."
"3473488611|7","Demand-Tribute","DT","3473488611","7","5 May, 2025 @ 8:09am","2025-05-05 08:09","","","False","0","","","0","0","","","","","","False","False","False","","UNVERIFIED","UNRESOLVED","No content-verified first-pass relationship is sufficient for automatic resolution."
"3473488611|8","Demand-Tribute","DT","3473488611","8","2 May, 2025 @ 12:31pm","2025-05-02 12:31","","","False","0","","","0","0","","","","","","False","False","False","","UNVERIFIED","UNRESOLVED","No content-verified first-pass relationship is sufficient for automatic resolution."
"3473488611|9","Demand-Tribute","DT","3473488611","9","30 Apr, 2025 @ 3:08pm","2025-04-30 15:08","","","False","0","","","0","0","","","","","","False","False","False","","UNVERIFIED","UNRESOLVED","No content-verified first-pass relationship is sufficient for automatic resolution."
"3473488611|10","Demand-Tribute","DT","3473488611","10","30 Apr, 2025 @ 2:57pm","2025-04-30 14:57","","Share to your Steam activity feed","False","0","","","0","0","","","","","","False","False","False","","UNVERIFIED","UNRESOLVED","No content-verified first-pass relationship is sufficient for automatic resolution."
"3473488611|11","Demand-Tribute","DT","3473488611","11","30 Apr, 2025 @ 2:47pm","2025-04-30 14:47","","Share to your Steam activity feed","False","0","","","0","0","","","","","","False","False","False","","UNVERIFIED","UNRESOLVED","No content-verified first-pass relationship is sufficient for automatic resolution."
"2996881191|1","EPE-CFP","EPE-CFP","2996881191","1","7 Jun @ 12:39pm","2026-06-07 12:39","","","False","1","63d844200f7adf6fb57df1b37cb99d89d6ca8ced","NORMAL","0","0","","","","","","False","False","False","","UNVERIFIED","UNRESOLVED","No content-verified first-pass relationship is sufficient for automatic resolution."
"2996881191|2","EPE-CFP","EPE-CFP","2996881191","2","11 May @ 4:49am","2026-05-11 04:49","","","False","1","54cc9c5830ad485c79bacc5ec5c31416ba30ae1f","NORMAL","0","0","","","","","","False","False","False","","UNVERIFIED","UNRESOLVED","No content-verified first-pass relationship is sufficient for automatic resolution."
"2996881191|3","EPE-CFP","EPE-CFP","2996881191","3","28 Apr @ 5:48am","2026-04-28 05:48","","","False","2","dbebe469551c494e9481693a5ef74dcc847c77b7|ec21513d682e85426658aaf24cf68ccdd884adb9","NORMAL","1","1","2996881191|3","2996881191|3","UNIQUE_PROJECTED_GIT_MATCH","BIDIRECTIONAL_UNIQUE","dbebe469551c494e9481693a5ef74dcc847c77b7","False","False","False","","KNOWN + EXISTING","STRONG","Content-verified archive uniquely matches an Analysis 05 Git candidate and the Steam/Skymods temporal relationship is bidirectionally unique."
"2996881191|4","EPE-CFP","EPE-CFP","2996881191","4","26 Apr @ 2:10pm","2026-04-26 14:10","","","False","2","dbebe469551c494e9481693a5ef74dcc847c77b7|ec21513d682e85426658aaf24cf68ccdd884adb9","NORMAL","0","0","","","","","","False","False","False","","UNVERIFIED","UNRESOLVED","No content-verified first-pass relationship is sufficient for automatic resolution."
"2996881191|5","EPE-CFP","EPE-CFP","2996881191","5","20 Mar @ 1:18pm","2026-03-20 13:18","1.18.4","1.18.4","False","1","3f7bbef8e71f4cbc0483ada19c89d5bee9ec9906","NORMAL","0","0","","","","","","False","False","False","","UNVERIFIED","UNRESOLVED","No content-verified first-pass relationship is sufficient for automatic resolution."
"2996881191|6","EPE-CFP","EPE-CFP","2996881191","6","5 Feb @ 4:16am","2026-02-05 04:16","","","False","1","9ff2bd53b1bec5e0cd1b8d0816f7d750fef566d3","NORMAL","0","0","","","","","","False","False","False","","UNVERIFIED","UNRESOLVED","No content-verified first-pass relationship is sufficient for automatic resolution."
"2996881191|7","EPE-CFP","EPE-CFP","2996881191","7","15 Dec, 2025 @ 4:53am","2025-12-15 04:53","","","False","1","25284d7351b6cdc292cdccb3ceed15ef5336622f","NORMAL","1","1","2996881191|6","2996881191|6","UNIQUE_PROJECTED_GIT_MATCH","BIDIRECTIONAL_UNIQUE","25284d7351b6cdc292cdccb3ceed15ef5336622f","False","False","False","","KNOWN + EXISTING","STRONG","Content-verified archive uniquely matches an Analysis 05 Git candidate and the Steam/Skymods temporal relationship is bidirectionally unique."
"2996881191|8","EPE-CFP","EPE-CFP","2996881191","8","14 Dec, 2025 @ 1:13pm","2025-12-14 13:13","","","False","1","25284d7351b6cdc292cdccb3ceed15ef5336622f","NORMAL","1","1","2996881191|7","2996881191|7","NO_PROJECTED_GIT_MATCH","BIDIRECTIONAL_UNIQUE","","True","False","False","","UNVERIFIED","UNRESOLVED","The archive is bidirectionally anchored to this Steam event. No exact projected Git match exists among the tested Analysis 09 candidates, while a historical Git candidate differs only in descriptor.mod. An exhaustive same-repository Git comparison is required before assigning EXISTING or RECOVERED."
"2996881191|9","EPE-CFP","EPE-CFP","2996881191","9","18 Nov, 2025 @ 11:39am","2025-11-18 11:39","","","False","2","4ce6ce712925f0b928664bfbda395ca2b98fda0d|821c8f1f68c5aa8245e3653bff2d275e2a43fd3f","NORMAL","1","1","2996881191|8","2996881191|8","UNIQUE_PROJECTED_GIT_MATCH","BIDIRECTIONAL_UNIQUE","4ce6ce712925f0b928664bfbda395ca2b98fda0d","False","False","False","","KNOWN + EXISTING","STRONG","Content-verified archive uniquely matches an Analysis 05 Git candidate and the Steam/Skymods temporal relationship is bidirectionally unique."
"2996881191|10","EPE-CFP","EPE-CFP","2996881191","10","17 Nov, 2025 @ 4:33am","2025-11-17 04:33","","Share to your Steam activity feed","False","2","4ce6ce712925f0b928664bfbda395ca2b98fda0d|821c8f1f68c5aa8245e3653bff2d275e2a43fd3f","NORMAL","0","0","","","","","","False","False","False","","UNVERIFIED","UNRESOLVED","No content-verified first-pass relationship is sufficient for automatic resolution."
"2996881191|11","EPE-CFP","EPE-CFP","2996881191","11","16 Nov, 2025 @ 5:12am","2025-11-16 05:12","","","False","2","4ce6ce712925f0b928664bfbda395ca2b98fda0d|821c8f1f68c5aa8245e3653bff2d275e2a43fd3f","NORMAL","0","0","","","","","","False","False","False","","UNVERIFIED","UNRESOLVED","No content-verified first-pass relationship is sufficient for automatic resolution."
"2996881191|12","EPE-CFP","EPE-CFP","2996881191","12","12 Nov, 2025 @ 5:52am","2025-11-12 05:52","","","False","2","4ce6ce712925f0b928664bfbda395ca2b98fda0d|821c8f1f68c5aa8245e3653bff2d275e2a43fd3f","NORMAL","1","1","2996881191|9","2996881191|9","UNIQUE_PROJECTED_GIT_MATCH","BIDIRECTIONAL_UNIQUE","821c8f1f68c5aa8245e3653bff2d275e2a43fd3f","False","False","False","","KNOWN + EXISTING","STRONG","Content-verified archive uniquely matches an Analysis 05 Git candidate and the Steam/Skymods temporal relationship is bidirectionally unique."
"2996881191|13","EPE-CFP","EPE-CFP","2996881191","13","25 May, 2025 @ 2:09am","2025-05-25 02:09","","","False","0","","","0","0","","","","","","False","False","False","","UNVERIFIED","UNRESOLVED","No content-verified first-pass relationship is sufficient for automatic resolution."
"2996881191|14","EPE-CFP","EPE-CFP","2996881191","14","24 May, 2025 @ 11:19am","2025-05-24 11:19","","","False","0","","","0","0","","","","","","False","False","False","","UNVERIFIED","UNRESOLVED","No content-verified first-pass relationship is sufficient for automatic resolution."
"2996881191|15","EPE-CFP","EPE-CFP","2996881191","15","16 May, 2025 @ 11:12am","2025-05-16 11:12","","","False","0","","","0","0","","","","","","False","False","False","","UNVERIFIED","UNRESOLVED","No content-verified first-pass relationship is sufficient for automatic resolution."
"2996881191|16","EPE-CFP","EPE-CFP","2996881191","16","16 May, 2025 @ 5:53am","2025-05-16 05:53","","","False","0","","","0","0","","","","","","False","False","False","","UNVERIFIED","UNRESOLVED","No content-verified first-pass relationship is sufficient for automatic resolution."
"2996881191|17","EPE-CFP","EPE-CFP","2996881191","17","4 Apr, 2025 @ 12:59pm","2025-04-04 12:59","","","False","0","","","0","0","","","","","","False","False","False","","UNVERIFIED","UNRESOLVED","No content-verified first-pass relationship is sufficient for automatic resolution."
"2996881191|18","EPE-CFP","EPE-CFP","2996881191","18","27 Mar, 2025 @ 1:39am","2025-03-27 01:39","","","False","0","","","0","0","","","","","","False","False","False","","UNVERIFIED","UNRESOLVED","No content-verified first-pass relationship is sufficient for automatic resolution."
"2996881191|19","EPE-CFP","EPE-CFP","2996881191","19","27 Feb, 2025 @ 1:30pm","2025-02-27 13:30","","","False","0","","","0","0","","","","","","False","False","False","","UNVERIFIED","UNRESOLVED","No content-verified first-pass relationship is sufficient for automatic resolution."
"2996881191|20","EPE-CFP","EPE-CFP","2996881191","20","27 Feb, 2025 @ 12:00am","2025-02-27 00:00","","Share to your Steam activity feed","False","0","","","0","0","","","","","","False","False","False","","UNVERIFIED","UNRESOLVED","No content-verified first-pass relationship is sufficient for automatic resolution."
"2996881191|21","EPE-CFP","EPE-CFP","2996881191","21","11 Jan, 2025 @ 1:20am","2025-01-11 01:20","","","False","0","","","0","0","","","","","","False","False","False","","UNVERIFIED","UNRESOLVED","No content-verified first-pass relationship is sufficient for automatic resolution."
"2996881191|22","EPE-CFP","EPE-CFP","2996881191","22","10 Jan, 2025 @ 2:01pm","2025-01-10 14:01","","","False","0","","","0","0","","","","","","False","False","False","","UNVERIFIED","UNRESOLVED","No content-verified first-pass relationship is sufficient for automatic resolution."
"2996881191|23","EPE-CFP","EPE-CFP","2996881191","23","3 Dec, 2024 @ 12:00pm","2024-12-03 12:00","","","False","0","","","0","0","","","","","","False","False","False","","UNVERIFIED","UNRESOLVED","No content-verified first-pass relationship is sufficient for automatic resolution."
"2996881191|24","EPE-CFP","EPE-CFP","2996881191","24","2 May, 2024 @ 2:30am","2024-05-02 02:30","","","False","0","","","0","0","","","","","","False","False","False","","UNVERIFIED","UNRESOLVED","No content-verified first-pass relationship is sufficient for automatic resolution."
"2996881191|25","EPE-CFP","EPE-CFP","2996881191","25","13 Apr, 2024 @ 8:36am","2024-04-13 08:36","","","False","0","","","0","0","","","","","","False","False","False","","UNVERIFIED","UNRESOLVED","No content-verified first-pass relationship is sufficient for automatic resolution."
"2996881191|26","EPE-CFP","EPE-CFP","2996881191","26","10 Mar, 2024 @ 2:21pm","2024-03-10 14:21","","Updated to 1.12","False","0","","","0","0","","","","","","False","False","False","","UNVERIFIED","UNRESOLVED","No content-verified first-pass relationship is sufficient for automatic resolution."
"2996881191|27","EPE-CFP","EPE-CFP","2996881191","27","6 Feb, 2024 @ 10:36am","2024-02-06 10:36","","Updated to 1.11.5 Couture of the Capets","False","0","","","0","0","","","","","","False","False","False","","UNVERIFIED","UNRESOLVED","No content-verified first-pass relationship is sufficient for automatic resolution."
"2996881191|28","EPE-CFP","EPE-CFP","2996881191","28","25 Jan, 2024 @ 1:02pm","2024-01-25 13:02","","","False","0","","","0","0","","","","","","False","False","False","","UNVERIFIED","UNRESOLVED","No content-verified first-pass relationship is sufficient for automatic resolution."
"2996881191|29","EPE-CFP","EPE-CFP","2996881191","29","25 Jan, 2024 @ 12:13pm","2024-01-25 12:13","","Added missing Berber Clothes","False","0","","","0","0","","","","","","False","False","False","","UNVERIFIED","UNRESOLVED","No content-verified first-pass relationship is sufficient for automatic resolution."
"2996881191|30","EPE-CFP","EPE-CFP","2996881191","30","25 Jan, 2024 @ 10:57am","2024-01-25 10:57","","Updated to 1.11.4 Northern African Attire","False","0","","","0","0","","","","","","False","False","False","","UNVERIFIED","UNRESOLVED","No content-verified first-pass relationship is sufficient for automatic resolution."
"2996881191|31","EPE-CFP","EPE-CFP","2996881191","31","4 Dec, 2023 @ 2:03am","2023-12-04 02:03","","","False","0","","","0","0","","","","","","False","False","False","","UNVERIFIED","UNRESOLVED","No content-verified first-pass relationship is sufficient for automatic resolution."
"2996881191|32","EPE-CFP","EPE-CFP","2996881191","32","19 Nov, 2023 @ 11:19am","2023-11-19 11:19","","","False","0","","","0","0","","","","","","False","False","False","","UNVERIFIED","UNRESOLVED","No content-verified first-pass relationship is sufficient for automatic resolution."
"2996881191|33","EPE-CFP","EPE-CFP","2996881191","33","18 Oct, 2023 @ 1:16am","2023-10-18 01:16","","Enabled war gear for Iranian and Seljuk characters (thanks Muhammadonov!)","False","0","","","0","0","","","","","","False","False","False","","UNVERIFIED","UNRESOLVED","No content-verified first-pass relationship is sufficient for automatic resolution."
"2996881191|34","EPE-CFP","EPE-CFP","2996881191","34","4 Oct, 2023 @ 1:30pm","2023-10-04 13:30","","","False","0","","","0","0","","","","","","False","False","False","","UNVERIFIED","UNRESOLVED","No content-verified first-pass relationship is sufficient for automatic resolution."
"2996881191|35","EPE-CFP","EPE-CFP","2996881191","35","3 Oct, 2023 @ 4:01am","2023-10-03 04:01","","","False","0","","","0","0","","","","","","False","False","False","","UNVERIFIED","UNRESOLVED","No content-verified first-pass relationship is sufficient for automatic resolution."
"2996881191|36","EPE-CFP","EPE-CFP","2996881191","36","2 Oct, 2023 @ 8:52am","2023-10-02 08:52","","","False","0","","","0","0","","","","","","False","False","False","","UNVERIFIED","UNRESOLVED","No content-verified first-pass relationship is sufficient for automatic resolution."
"2996881191|37","EPE-CFP","EPE-CFP","2996881191","37","30 Sep, 2023 @ 1:11am","2023-09-30 01:11","","Optimized asset distribution","False","0","","","0","0","","","","","","False","False","False","","UNVERIFIED","UNRESOLVED","No content-verified first-pass relationship is sufficient for automatic resolution."
"2996881191|38","EPE-CFP","EPE-CFP","2996881191","38","25 Sep, 2023 @ 1:52pm","2023-09-25 13:52","","Fixed a user reported bug, save game compatible","False","0","","","0","0","","","","","","False","False","False","","UNVERIFIED","UNRESOLVED","No content-verified first-pass relationship is sufficient for automatic resolution."
"2996881191|39","EPE-CFP","EPE-CFP","2996881191","39","24 Sep, 2023 @ 7:02am","2023-09-24 07:02","","Updated to 1.10 Quill","False","0","","","0","0","","","","","","False","False","False","","UNVERIFIED","UNRESOLVED","No content-verified first-pass relationship is sufficient for automatic resolution."
"2996881191|40","EPE-CFP","EPE-CFP","2996881191","40","8 Jul, 2023 @ 8:59am","2023-07-08 08:59","","Rearranged files for greater sustainability","False","0","","","0","0","","","","","","False","False","False","","UNVERIFIED","UNRESOLVED","No content-verified first-pass relationship is sufficient for automatic resolution."
"2996881191|41","EPE-CFP","EPE-CFP","2996881191","41","7 Jul, 2023 @ 10:38am","2023-07-07 10:38","","Returned Doge of Venice his hat","False","0","","","0","0","","","","","","False","False","False","","UNVERIFIED","UNRESOLVED","No content-verified first-pass relationship is sufficient for automatic resolution."
"2996881191|42","EPE-CFP","EPE-CFP","2996881191","42","5 Jul, 2023 @ 10:12am","2023-07-05 10:12","","This should fix all duplicate headwears and barbershop functionality.","False","0","","","0","0","","","","","","False","False","False","","UNVERIFIED","UNRESOLVED","No content-verified first-pass relationship is sufficient for automatic resolution."
"2996881191|43","EPE-CFP","EPE-CFP","2996881191","43","1 Jul, 2023 @ 3:03am","2023-07-01 03:03","","Fixed duplicate headwear for some characters and holy order tabards for western rulers at war","False","0","","","0","0","","","","","","False","False","False","","UNVERIFIED","UNRESOLVED","No content-verified first-pass relationship is sufficient for automatic resolution."
"2996881191|44","EPE-CFP","EPE-CFP","2996881191","44","30 Jun, 2023 @ 12:18pm","2023-06-30 12:18","","Share to your Steam activity feed","False","0","","","0","0","","","","","","False","False","False","","UNVERIFIED","UNRESOLVED","No content-verified first-pass relationship is sufficient for automatic resolution."
"2507209632|1","Ethnicities-and-Portraits-Expanded","EPE","2507209632","1","25 May @ 8:54am","2026-05-25 08:54","","","False","1","3bd4f6406b7068dddf48e28d2fc4b79b0329ebd1","NORMAL","0","0","","","","","","False","False","False","","UNVERIFIED","UNRESOLVED","No content-verified first-pass relationship is sufficient for automatic resolution."
"2507209632|2","Ethnicities-and-Portraits-Expanded","EPE","2507209632","2","9 May @ 1:40pm","2026-05-09 13:40","","","False","1","c4f0f4855d23fa3c3987825aaf47d921df27bcce","NORMAL","0","0","","","","","","False","False","False","","UNVERIFIED","UNRESOLVED","No content-verified first-pass relationship is sufficient for automatic resolution."
"2507209632|3","Ethnicities-and-Portraits-Expanded","EPE","2507209632","3","27 Apr @ 9:05pm","2026-04-27 21:05","","","False","3","89af2c6f05c3e771a5d540012639759e8bdbb804|acca03321fce1ea242cdacba66f3d2c97a622d06|d18bd456a64d6b756bc5c51a22a5f4b931dea401","NORMAL","1","1","2507209632|3","2507209632|3","UNIQUE_PROJECTED_GIT_MATCH","BIDIRECTIONAL_UNIQUE","89af2c6f05c3e771a5d540012639759e8bdbb804","False","False","False","","KNOWN + EXISTING","STRONG","Content-verified archive uniquely matches an Analysis 05 Git candidate and the Steam/Skymods temporal relationship is bidirectionally unique."
"2507209632|4","Ethnicities-and-Portraits-Expanded","EPE","2507209632","4","26 Apr @ 11:08am","2026-04-26 11:08","","","False","3","89af2c6f05c3e771a5d540012639759e8bdbb804|acca03321fce1ea242cdacba66f3d2c97a622d06|d18bd456a64d6b756bc5c51a22a5f4b931dea401","NORMAL","0","0","","","","","","False","False","False","","UNVERIFIED","UNRESOLVED","No content-verified first-pass relationship is sufficient for automatic resolution."
"2507209632|5","Ethnicities-and-Portraits-Expanded","EPE","2507209632","5","20 Apr @ 9:35pm","2026-04-20 21:35","","","False","2","acca03321fce1ea242cdacba66f3d2c97a622d06|d18bd456a64d6b756bc5c51a22a5f4b931dea401","NORMAL","0","0","","","","","","False","False","False","","UNVERIFIED","UNRESOLVED","No content-verified first-pass relationship is sufficient for automatic resolution."
"2507209632|6","Ethnicities-and-Portraits-Expanded","EPE","2507209632","6","20 Apr @ 4:08pm","2026-04-20 16:08","","","False","2","acca03321fce1ea242cdacba66f3d2c97a622d06|d18bd456a64d6b756bc5c51a22a5f4b931dea401","NORMAL","0","0","","","","","","False","False","False","","UNVERIFIED","UNRESOLVED","No content-verified first-pass relationship is sufficient for automatic resolution."
"2507209632|7","Ethnicities-and-Portraits-Expanded","EPE","2507209632","7","18 Mar @ 7:48pm","2026-03-18 19:48","","","False","3","01623125ad685892e015bde075febb957368e178|0a56c30b2fc9fbf7feac6efb2dbf0c13a790c1eb|e22986746fdb4b6cca0724d22e5a4089c1ada711","DESCRIPTOR_ID_MISSING|NORMAL","1","1","2507209632|4","2507209632|4","MULTIPLE_PROJECTED_GIT_MATCHES","BIDIRECTIONAL_UNIQUE","01623125ad685892e015bde075febb957368e178|e22986746fdb4b6cca0724d22e5a4089c1ada711","False","True","False","","UNVERIFIED","UNRESOLVED","The verified archive matches multiple historical Git snapshots exactly in projected tracked content. Git identity remains ambiguous."
"2507209632|8","Ethnicities-and-Portraits-Expanded","EPE","2507209632","8","3 Feb @ 5:01pm","2026-02-03 17:01","","","False","1","fa84cac63da28d1638da6654995cbf9591d43878","NORMAL","0","0","","","","","","False","False","False","","UNVERIFIED","UNRESOLVED","No content-verified first-pass relationship is sufficient for automatic resolution."
"2507209632|9","Ethnicities-and-Portraits-Expanded","EPE","2507209632","9","19 Jan @ 9:51pm","2026-01-19 21:51","","","False","1","1813c7f41d030378fccac0f1324bdfefb30cc76b","NORMAL","0","0","","","","","","False","False","False","","UNVERIFIED","UNRESOLVED","No content-verified first-pass relationship is sufficient for automatic resolution."
"2507209632|10","Ethnicities-and-Portraits-Expanded","EPE","2507209632","10","14 Dec, 2025 @ 6:59pm","2025-12-14 18:59","","Share to your Steam activity feed","False","3","6da86181eb50d0403af87630acec947f1742ebdb|bea606d31f179e2f4e6552ab88b613bbe6bf4619|f80b05bd4c1d6488d1f1bdefa6839f9bdb003813","NORMAL","1","1","2507209632|7","2507209632|7","UNIQUE_PROJECTED_GIT_MATCH","BIDIRECTIONAL_UNIQUE","bea606d31f179e2f4e6552ab88b613bbe6bf4619","False","False","False","","KNOWN + EXISTING","STRONG","Content-verified archive uniquely matches an Analysis 05 Git candidate and the Steam/Skymods temporal relationship is bidirectionally unique."
"2507209632|11","Ethnicities-and-Portraits-Expanded","EPE","2507209632","11","13 Dec, 2025 @ 12:47pm","2025-12-13 12:47","","","False","3","6da86181eb50d0403af87630acec947f1742ebdb|bea606d31f179e2f4e6552ab88b613bbe6bf4619|f80b05bd4c1d6488d1f1bdefa6839f9bdb003813","NORMAL","0","0","","","","","","False","False","False","","UNVERIFIED","UNRESOLVED","No content-verified first-pass relationship is sufficient for automatic resolution."
"2507209632|12","Ethnicities-and-Portraits-Expanded","EPE","2507209632","12","17 Nov, 2025 @ 7:25pm","2025-11-17 19:25","","","False","2","541b16c138e3574ce547b5a4a43ef3cfdf215854|b36c5a961967d25e197c816b18a6aaf7eaa0428c","DESCRIPTOR_ID_MISSING|NORMAL","1","1","2507209632|8","2507209632|8","UNIQUE_PROJECTED_GIT_MATCH","BIDIRECTIONAL_UNIQUE","541b16c138e3574ce547b5a4a43ef3cfdf215854","False","False","False","","KNOWN + EXISTING","STRONG","Content-verified archive uniquely matches an Analysis 05 Git candidate and the Steam/Skymods temporal relationship is bidirectionally unique."
"2507209632|13","Ethnicities-and-Portraits-Expanded","EPE","2507209632","13","16 Nov, 2025 @ 10:18pm","2025-11-16 22:18","","","False","2","541b16c138e3574ce547b5a4a43ef3cfdf215854|b36c5a961967d25e197c816b18a6aaf7eaa0428c","DESCRIPTOR_ID_MISSING|NORMAL","0","0","","","","","","False","False","False","","UNVERIFIED","UNRESOLVED","No content-verified first-pass relationship is sufficient for automatic resolution."
"2507209632|14","Ethnicities-and-Portraits-Expanded","EPE","2507209632","14","15 Nov, 2025 @ 11:29am","2025-11-15 11:29","","","False","2","541b16c138e3574ce547b5a4a43ef3cfdf215854|b36c5a961967d25e197c816b18a6aaf7eaa0428c","DESCRIPTOR_ID_MISSING|NORMAL","0","0","","","","","","False","False","False","","UNVERIFIED","UNRESOLVED","No content-verified first-pass relationship is sufficient for automatic resolution."
"2507209632|15","Ethnicities-and-Portraits-Expanded","EPE","2507209632","15","10 Nov, 2025 @ 2:47pm","2025-11-10 14:47","","","False","1","b36c5a961967d25e197c816b18a6aaf7eaa0428c","NORMAL","1","1","2507209632|9","2507209632|9","NO_PROJECTED_GIT_MATCH","BIDIRECTIONAL_UNIQUE","","True","False","False","","UNVERIFIED","UNRESOLVED","The archive is bidirectionally anchored to this Steam event. No exact projected Git match exists among the tested Analysis 09 candidates, while a historical Git candidate differs only in descriptor.mod. An exhaustive same-repository Git comparison is required before assigning EXISTING or RECOVERED."
"2507209632|16","Ethnicities-and-Portraits-Expanded","EPE","2507209632","16","10 Nov, 2025 @ 2:43pm","2025-11-10 14:43","","","False","1","b36c5a961967d25e197c816b18a6aaf7eaa0428c","NORMAL","0","0","","","","","","False","False","False","","UNVERIFIED","UNRESOLVED","No content-verified first-pass relationship is sufficient for automatic resolution."
"2507209632|17","Ethnicities-and-Portraits-Expanded","EPE","2507209632","17","8 Jun, 2025 @ 10:41pm","2025-06-08 22:41","","","False","0","","","0","0","","","","","","False","False","False","","UNVERIFIED","UNRESOLVED","No content-verified first-pass relationship is sufficient for automatic resolution."
"2507209632|18","Ethnicities-and-Portraits-Expanded","EPE","2507209632","18","4 Jun, 2025 @ 8:08pm","2025-06-04 20:08","","","False","0","","","0","0","","","","","","False","False","False","","UNVERIFIED","UNRESOLVED","No content-verified first-pass relationship is sufficient for automatic resolution."
"2507209632|19","Ethnicities-and-Portraits-Expanded","EPE","2507209632","19","1 Jun, 2025 @ 3:58pm","2025-06-01 15:58","","","False","0","","","0","0","","","","","","False","False","False","","UNVERIFIED","UNRESOLVED","No content-verified first-pass relationship is sufficient for automatic resolution."
"2507209632|20","Ethnicities-and-Portraits-Expanded","EPE","2507209632","20","23 May, 2025 @ 5:32pm","2025-05-23 17:32","","Share to your Steam activity feed","False","0","","","0","0","","","","","","False","False","False","","UNVERIFIED","UNRESOLVED","No content-verified first-pass relationship is sufficient for automatic resolution."
"2507209632|21","Ethnicities-and-Portraits-Expanded","EPE","2507209632","21","13 May, 2025 @ 9:03pm","2025-05-13 21:03","","","False","0","","","0","0","","","","","","False","False","False","","UNVERIFIED","UNRESOLVED","No content-verified first-pass relationship is sufficient for automatic resolution."
"2507209632|22","Ethnicities-and-Portraits-Expanded","EPE","2507209632","22","11 May, 2025 @ 10:35pm","2025-05-11 22:35","","","False","0","","","0","0","","","","","","False","False","False","","UNVERIFIED","UNRESOLVED","No content-verified first-pass relationship is sufficient for automatic resolution."
"2507209632|23","Ethnicities-and-Portraits-Expanded","EPE","2507209632","23","13 Apr, 2025 @ 9:19am","2025-04-13 09:19","","","False","0","","","0","0","","","","","","False","False","False","","UNVERIFIED","UNRESOLVED","No content-verified first-pass relationship is sufficient for automatic resolution."
"2507209632|24","Ethnicities-and-Portraits-Expanded","EPE","2507209632","24","15 Mar, 2025 @ 1:11pm","2025-03-15 13:11","","","False","0","","","0","0","","","","","","False","False","False","","UNVERIFIED","UNRESOLVED","No content-verified first-pass relationship is sufficient for automatic resolution."
"2507209632|25","Ethnicities-and-Portraits-Expanded","EPE","2507209632","25","26 Feb, 2025 @ 6:38pm","2025-02-26 18:38","","","False","0","","","0","0","","","","","","False","False","False","","UNVERIFIED","UNRESOLVED","No content-verified first-pass relationship is sufficient for automatic resolution."
"2507209632|26","Ethnicities-and-Portraits-Expanded","EPE","2507209632","26","19 Feb, 2025 @ 1:32pm","2025-02-19 13:32","","","False","0","","","0","0","","","","","","False","False","False","","UNVERIFIED","UNRESOLVED","No content-verified first-pass relationship is sufficient for automatic resolution."
"2507209632|27","Ethnicities-and-Portraits-Expanded","EPE","2507209632","27","15 Feb, 2025 @ 9:53pm","2025-02-15 21:53","","","False","0","","","0","0","","","","","","False","False","False","","UNVERIFIED","UNRESOLVED","No content-verified first-pass relationship is sufficient for automatic resolution."
"2507209632|28","Ethnicities-and-Portraits-Expanded","EPE","2507209632","28","5 Jan, 2025 @ 8:27pm","2025-01-05 20:27","","","False","0","","","0","0","","","","","","False","False","False","","UNVERIFIED","UNRESOLVED","No content-verified first-pass relationship is sufficient for automatic resolution."
"2507209632|29","Ethnicities-and-Portraits-Expanded","EPE","2507209632","29","1 Dec, 2024 @ 11:47am","2024-12-01 11:47","","","False","0","","","0","0","","","","","","False","False","False","","UNVERIFIED","UNRESOLVED","No content-verified first-pass relationship is sufficient for automatic resolution."
"2507209632|30","Ethnicities-and-Portraits-Expanded","EPE","2507209632","30","8 May, 2024 @ 8:13pm","2024-05-08 20:13","","Share to your Steam activity feed","False","0","","","0","0","","","","","","False","False","False","","UNVERIFIED","UNRESOLVED","No content-verified first-pass relationship is sufficient for automatic resolution."
"2507209632|31","Ethnicities-and-Portraits-Expanded","EPE","2507209632","31","12 Apr, 2024 @ 9:20pm","2024-04-12 21:20","","EPE Changelog - 1.12.4 Scythe","False","0","","","0","0","","","","","","False","False","False","","UNVERIFIED","UNRESOLVED","No content-verified first-pass relationship is sufficient for automatic resolution."
"2507209632|32","Ethnicities-and-Portraits-Expanded","EPE","2507209632","32","22 Mar, 2024 @ 9:03pm","2024-03-22 21:03","","EPE Changelog - 1.12.3 Scythe","False","0","","","0","0","","","","","","False","False","False","","UNVERIFIED","UNRESOLVED","No content-verified first-pass relationship is sufficient for automatic resolution."
"2507209632|33","Ethnicities-and-Portraits-Expanded","EPE","2507209632","33","9 Mar, 2024 @ 9:14pm","2024-03-09 21:14","","","False","0","","","0","0","","","","","","False","False","False","","UNVERIFIED","UNRESOLVED","No content-verified first-pass relationship is sufficient for automatic resolution."
"2507209632|34","Ethnicities-and-Portraits-Expanded","EPE","2507209632","34","19 Dec, 2023 @ 1:56pm","2023-12-19 13:56","","EPE Changelog:","False","0","","","0","0","","","","","","False","False","False","","UNVERIFIED","UNRESOLVED","No content-verified first-pass relationship is sufficient for automatic resolution."
"2507209632|35","Ethnicities-and-Portraits-Expanded","EPE","2507209632","35","2 Dec, 2023 @ 5:53pm","2023-12-02 17:53","","","False","0","","","0","0","","","","","","False","False","False","","UNVERIFIED","UNRESOLVED","No content-verified first-pass relationship is sufficient for automatic resolution."
"2507209632|36","Ethnicities-and-Portraits-Expanded","EPE","2507209632","36","22 Nov, 2023 @ 7:18pm","2023-11-22 19:18","","","False","0","","","0","0","","","","","","False","False","False","","UNVERIFIED","UNRESOLVED","No content-verified first-pass relationship is sufficient for automatic resolution."
"2507209632|37","Ethnicities-and-Portraits-Expanded","EPE","2507209632","37","20 Nov, 2023 @ 7:18pm","2023-11-20 19:18","1.11 Ethnicities & Portraits Expanded Hotfix #1","1.11 Ethnicities & Portraits Expanded Hotfix #1","False","0","","","0","0","","","","","","False","False","False","","UNVERIFIED","UNRESOLVED","No content-verified first-pass relationship is sufficient for automatic resolution."
"2507209632|38","Ethnicities-and-Portraits-Expanded","EPE","2507209632","38","19 Nov, 2023 @ 11:09am","2023-11-19 11:09","1.11.0.1 Peacock Expanded Series Patch Notes","1.11.0.1 Peacock Expanded Series Patch Notes","False","0","","","0","0","","","","","","False","False","False","","UNVERIFIED","UNRESOLVED","No content-verified first-pass relationship is sufficient for automatic resolution."
"2507209632|39","Ethnicities-and-Portraits-Expanded","EPE","2507209632","39","1 Oct, 2023 @ 5:33pm","2023-10-01 17:33","","","False","0","","","0","0","","","","","","False","False","False","","UNVERIFIED","UNRESOLVED","No content-verified first-pass relationship is sufficient for automatic resolution."
"2507209632|40","Ethnicities-and-Portraits-Expanded","EPE","2507209632","40","24 Sep, 2023 @ 8:33pm","2023-09-24 20:33","","Share to your Steam activity feed","False","0","","","0","0","","","","","","False","False","False","","UNVERIFIED","UNRESOLVED","No content-verified first-pass relationship is sufficient for automatic resolution."
"2507209632|41","Ethnicities-and-Portraits-Expanded","EPE","2507209632","41","23 Sep, 2023 @ 5:42pm","2023-09-23 17:42","","","False","0","","","0","0","","","","","","False","False","False","","UNVERIFIED","UNRESOLVED","No content-verified first-pass relationship is sufficient for automatic resolution."
"2507209632|42","Ethnicities-and-Portraits-Expanded","EPE","2507209632","42","25 Jun, 2023 @ 12:03pm","2023-06-25 12:03","1.9.X - Lance Full Patch Notes","######################################","False","0","","","0","0","","","","","","False","False","False","","UNVERIFIED","UNRESOLVED","No content-verified first-pass relationship is sufficient for automatic resolution."
"2507209632|43","Ethnicities-and-Portraits-Expanded","EPE","2507209632","43","18 Jun, 2023 @ 10:22am","2023-06-18 10:22","","","False","0","","","0","0","","","","","","False","False","False","","UNVERIFIED","UNRESOLVED","No content-verified first-pass relationship is sufficient for automatic resolution."
"2507209632|44","Ethnicities-and-Portraits-Expanded","EPE","2507209632","44","9 Apr, 2023 @ 9:56pm","2023-04-09 21:56","1.8.2 EPE Elegance of the Empire Updated","1.8.2 EPE Elegance of the Empire Updated","False","0","","","0","0","","","","","","False","False","False","","UNVERIFIED","UNRESOLVED","No content-verified first-pass relationship is sufficient for automatic resolution."
"2507209632|45","Ethnicities-and-Portraits-Expanded","EPE","2507209632","45","21 Jan, 2023 @ 6:24pm","2023-01-21 18:24","1.8.1 Misc Patch Notes for Expanded Series","1.8.1 Misc Patch Notes for Expanded Series","False","0","","","0","0","","","","","","False","False","False","","UNVERIFIED","UNRESOLVED","No content-verified first-pass relationship is sufficient for automatic resolution."
"2507209632|46","Ethnicities-and-Portraits-Expanded","EPE","2507209632","46","15 Dec, 2022 @ 7:59pm","2022-12-15 19:59","1.8.1 Update","1.8.1 Update","False","0","","","0","0","","","","","","False","False","False","","UNVERIFIED","UNRESOLVED","No content-verified first-pass relationship is sufficient for automatic resolution."
"2507209632|47","Ethnicities-and-Portraits-Expanded","EPE","2507209632","47","8 Dec, 2022 @ 6:06pm","2022-12-08 18:06","1.8.0 “Robe” Hotfix Patch Notes for Expanded Series","1.8.0 “Robe” Hotfix Patch Notes for Expanded Series","False","0","","","0","0","","","","","","False","False","False","","UNVERIFIED","UNRESOLVED","No content-verified first-pass relationship is sufficient for automatic resolution."
"2507209632|48","Ethnicities-and-Portraits-Expanded","EPE","2507209632","48","2 Dec, 2022 @ 5:34pm","2022-12-02 17:34","1.8.0 “Robe” Patch Notes for Expanded Series","1.8.0 “Robe” Patch Notes for Expanded Series","False","0","","","0","0","","","","","","False","False","False","","UNVERIFIED","UNRESOLVED","No content-verified first-pass relationship is sufficient for automatic resolution."
"2507209632|49","Ethnicities-and-Portraits-Expanded","EPE","2507209632","49","29 Sep, 2022 @ 4:40pm","2022-09-29 16:40","","Just Version # Updated","False","0","","","0","0","","","","","","False","False","False","","UNVERIFIED","UNRESOLVED","No content-verified first-pass relationship is sufficient for automatic resolution."
"2507209632|50","Ethnicities-and-Portraits-Expanded","EPE","2507209632","50","18 Sep, 2022 @ 2:41pm","2022-09-18 14:41","","BUG FIXES","False","0","","","0","0","","","","","","False","False","False","","UNVERIFIED","UNRESOLVED","No content-verified first-pass relationship is sufficient for automatic resolution."
"2507209632|51","Ethnicities-and-Portraits-Expanded","EPE","2507209632","51","17 Sep, 2022 @ 10:41pm","2022-09-17 22:41","","ADDITIONS:","False","0","","","0","0","","","","","","False","False","False","","UNVERIFIED","UNRESOLVED","No content-verified first-pass relationship is sufficient for automatic resolution."
"2507209632|52","Ethnicities-and-Portraits-Expanded","EPE","2507209632","52","11 Sep, 2022 @ 6:11pm","2022-09-11 18:11","","BUG FIXES/CHANGES:","False","0","","","0","0","","","","","","False","False","False","","UNVERIFIED","UNRESOLVED","No content-verified first-pass relationship is sufficient for automatic resolution."
"2507209632|53","Ethnicities-and-Portraits-Expanded","EPE","2507209632","53","8 Sep, 2022 @ 9:55pm","2022-09-08 21:55","","COMPATIBILITY:","False","0","","","0","0","","","","","","False","False","False","","UNVERIFIED","UNRESOLVED","No content-verified first-pass relationship is sufficient for automatic resolution."
"2507209632|54","Ethnicities-and-Portraits-Expanded","EPE","2507209632","54","29 Jun, 2022 @ 12:42pm","2022-06-29 12:42","","@everyone - Remember to Unsub and Resub if the update doesnt trigger for you!","False","0","","","0","0","","","","","","False","False","False","","UNVERIFIED","UNRESOLVED","No content-verified first-pass relationship is sufficient for automatic resolution."
"2507209632|55","Ethnicities-and-Portraits-Expanded","EPE","2507209632","55","26 Jun, 2022 @ 8:39pm","2022-06-26 20:39","","Patch is live for EPE and EPE + CFP Compatch","False","0","","","0","0","","","","","","False","False","False","","UNVERIFIED","UNRESOLVED","No content-verified first-pass relationship is sufficient for automatic resolution."
"2507209632|56","Ethnicities-and-Portraits-Expanded","EPE","2507209632","56","26 Jun, 2022 @ 8:32pm","2022-06-26 20:32","","","False","0","","","0","0","","","","","","False","False","False","","UNVERIFIED","UNRESOLVED","No content-verified first-pass relationship is sufficient for automatic resolution."
"2507209632|57","Ethnicities-and-Portraits-Expanded","EPE","2507209632","57","12 Jun, 2022 @ 7:03pm","2022-06-12 19:03","","Another Hotfix with some small additions.","False","0","","","0","0","","","","","","False","False","False","","UNVERIFIED","UNRESOLVED","No content-verified first-pass relationship is sufficient for automatic resolution."
"2507209632|58","Ethnicities-and-Portraits-Expanded","EPE","2507209632","58","9 Jun, 2022 @ 3:24pm","2022-06-09 15:24","","Another patch for EPE and the CFP patch for 1.6.0.1 with some additions and bug fixes.","False","0","","","0","0","","","","","","False","False","False","","UNVERIFIED","UNRESOLVED","No content-verified first-pass relationship is sufficient for automatic resolution."
"2507209632|59","Ethnicities-and-Portraits-Expanded","EPE","2507209632","59","5 Jun, 2022 @ 9:08pm","2022-06-05 21:08","","##############################","False","0","","","0","0","","","","","","False","False","False","","UNVERIFIED","UNRESOLVED","No content-verified first-pass relationship is sufficient for automatic resolution."
"2507209632|60","Ethnicities-and-Portraits-Expanded","EPE","2507209632","60","4 Jun, 2022 @ 11:30pm","2022-06-04 23:30","","Update - Small Hotfix for the missing barbershop items.","False","0","","","0","0","","","","","","False","False","False","","UNVERIFIED","UNRESOLVED","No content-verified first-pass relationship is sufficient for automatic resolution."
"2507209632|61","Ethnicities-and-Portraits-Expanded","EPE","2507209632","61","4 Jun, 2022 @ 7:39pm","2022-06-04 19:39","","##############################","False","0","","","0","0","","","","","","False","False","False","","UNVERIFIED","UNRESOLVED","No content-verified first-pass relationship is sufficient for automatic resolution."
"2507209632|62","Ethnicities-and-Portraits-Expanded","EPE","2507209632","62","23 Mar, 2022 @ 1:27pm","2022-03-23 13:27","","-Removed GUI file for portrait freezes fix as it is no longer necessary.","False","0","","","0","0","","","","","","False","False","False","","UNVERIFIED","UNRESOLVED","No content-verified first-pass relationship is sufficient for automatic resolution."
"2507209632|63","Ethnicities-and-Portraits-Expanded","EPE","2507209632","63","22 Mar, 2022 @ 3:15pm","2022-03-22 15:15","1.5.1.1 Version #","1.5.1.1 Version #","False","0","","","0","0","","","","","","False","False","False","","UNVERIFIED","UNRESOLVED","No content-verified first-pass relationship is sufficient for automatic resolution."
"2507209632|64","Ethnicities-and-Portraits-Expanded","EPE","2507209632","64","14 Mar, 2022 @ 9:19am","2022-03-14 09:19","","New Update with Bug Fixes and couple new things!","False","0","","","0","0","","","","","","False","False","False","","UNVERIFIED","UNRESOLVED","No content-verified first-pass relationship is sufficient for automatic resolution."
"2507209632|65","Ethnicities-and-Portraits-Expanded","EPE","2507209632","65","10 Mar, 2022 @ 11:22pm","2022-03-10 23:22","","##############################","False","0","","","0","0","","","","","","False","False","False","","UNVERIFIED","UNRESOLVED","No content-verified first-pass relationship is sufficient for automatic resolution."
"2507209632|66","Ethnicities-and-Portraits-Expanded","EPE","2507209632","66","10 Mar, 2022 @ 10:54pm","2022-03-10 22:54","","","False","0","","","0","0","","","","","","False","False","False","","UNVERIFIED","UNRESOLVED","No content-verified first-pass relationship is sufficient for automatic resolution."
"2507209632|67","Ethnicities-and-Portraits-Expanded","EPE","2507209632","67","5 Mar, 2022 @ 1:33am","2022-03-05 01:33","","Small Update! Notes Below! @everyone","False","0","","","0","0","","","","","","False","False","False","","UNVERIFIED","UNRESOLVED","No content-verified first-pass relationship is sufficient for automatic resolution."
"2507209632|68","Ethnicities-and-Portraits-Expanded","EPE","2507209632","68","18 Feb, 2022 @ 8:58pm","2022-02-18 20:58","","Hotfix for Patch 1.5.0.2! Patch Notes Below! @everyone","False","0","","","0","0","","","","","","False","False","False","","UNVERIFIED","UNRESOLVED","No content-verified first-pass relationship is sufficient for automatic resolution."
"2507209632|69","Ethnicities-and-Portraits-Expanded","EPE","2507209632","69","14 Feb, 2022 @ 8:24pm","2022-02-14 20:24","","We are happy to announce a content update for EPE! Patch Notes Below! @everyone","False","0","","","0","0","","","","","","False","False","False","","UNVERIFIED","UNRESOLVED","No content-verified first-pass relationship is sufficient for automatic resolution."
"2507209632|70","Ethnicities-and-Portraits-Expanded","EPE","2507209632","70","10 Feb, 2022 @ 9:39pm","2022-02-10 21:39","","##############################","False","0","","","0","0","","","","","","False","False","False","","UNVERIFIED","UNRESOLVED","No content-verified first-pass relationship is sufficient for automatic resolution."
"2507209632|71","Ethnicities-and-Portraits-Expanded","EPE","2507209632","71","8 Feb, 2022 @ 4:54pm","2022-02-08 16:54","","##############################","False","0","","","0","0","","","","","","False","False","False","","UNVERIFIED","UNRESOLVED","No content-verified first-pass relationship is sufficient for automatic resolution."
"2507209632|72","Ethnicities-and-Portraits-Expanded","EPE","2507209632","72","9 Jan, 2022 @ 10:01pm","2022-01-09 22:01","","##############################","False","0","","","0","0","","","","","","False","False","False","","UNVERIFIED","UNRESOLVED","No content-verified first-pass relationship is sufficient for automatic resolution."
"2507209632|73","Ethnicities-and-Portraits-Expanded","EPE","2507209632","73","27 Oct, 2021 @ 8:14pm","2021-10-27 20:14","","##############################","False","0","","","0","0","","","","","","False","False","False","","UNVERIFIED","UNRESOLVED","No content-verified first-pass relationship is sufficient for automatic resolution."
"2507209632|74","Ethnicities-and-Portraits-Expanded","EPE","2507209632","74","27 Oct, 2021 @ 6:37pm","2021-10-27 18:37","","Errors still Present, Another Update Coming Soon.","False","0","","","0","0","","","","","","False","False","False","","UNVERIFIED","UNRESOLVED","No content-verified first-pass relationship is sufficient for automatic resolution."
"2507209632|75","Ethnicities-and-Portraits-Expanded","EPE","2507209632","75","9 Oct, 2021 @ 11:34pm","2021-10-09 23:34","","##############################","False","0","","","0","0","","","","","","False","False","False","","UNVERIFIED","UNRESOLVED","No content-verified first-pass relationship is sufficient for automatic resolution."
"2507209632|76","Ethnicities-and-Portraits-Expanded","EPE","2507209632","76","11 Sep, 2021 @ 9:27am","2021-09-11 09:27","","Mini Fix:","False","0","","","0","0","","","","","","False","False","False","","UNVERIFIED","UNRESOLVED","No content-verified first-pass relationship is sufficient for automatic resolution."
"2507209632|77","Ethnicities-and-Portraits-Expanded","EPE","2507209632","77","9 Sep, 2021 @ 12:21pm","2021-09-09 12:21","","##############################","False","0","","","0","0","","","","","","False","False","False","","UNVERIFIED","UNRESOLVED","No content-verified first-pass relationship is sufficient for automatic resolution."
"2507209632|78","Ethnicities-and-Portraits-Expanded","EPE","2507209632","78","29 Aug, 2021 @ 9:13pm","2021-08-29 21:13","","##############################","False","0","","","0","0","","","","","","False","False","False","","UNVERIFIED","UNRESOLVED","No content-verified first-pass relationship is sufficient for automatic resolution."
"2507209632|79","Ethnicities-and-Portraits-Expanded","EPE","2507209632","79","9 Jul, 2021 @ 10:07am","2021-07-09 10:07","","##############################","False","0","","","0","0","","","","","","False","False","False","","UNVERIFIED","UNRESOLVED","No content-verified first-pass relationship is sufficient for automatic resolution."
"2507209632|80","Ethnicities-and-Portraits-Expanded","EPE","2507209632","80","29 Jun, 2021 @ 8:48am","2021-06-29 08:48","","Just a version update, no file changes.","False","0","","","0","0","","","","","","False","False","False","","UNVERIFIED","UNRESOLVED","No content-verified first-pass relationship is sufficient for automatic resolution."
"2507209632|81","Ethnicities-and-Portraits-Expanded","EPE","2507209632","81","22 Jun, 2021 @ 9:48pm","2021-06-22 21:48","","##############################","False","0","","","0","0","","","","","","False","False","False","","UNVERIFIED","UNRESOLVED","No content-verified first-pass relationship is sufficient for automatic resolution."
"2507209632|82","Ethnicities-and-Portraits-Expanded","EPE","2507209632","82","22 Jun, 2021 @ 5:10pm","2021-06-22 17:10","","##############################","False","0","","","0","0","","","","","","False","False","False","","UNVERIFIED","UNRESOLVED","No content-verified first-pass relationship is sufficient for automatic resolution."
"2507209632|83","Ethnicities-and-Portraits-Expanded","EPE","2507209632","83","11 Jun, 2021 @ 10:57pm","2021-06-11 22:57","","Patch Notes: Hotfix 2 - 1.0.3","False","0","","","0","0","","","","","","False","False","False","","UNVERIFIED","UNRESOLVED","No content-verified first-pass relationship is sufficient for automatic resolution."
"2507209632|84","Ethnicities-and-Portraits-Expanded","EPE","2507209632","84","10 Jun, 2021 @ 9:23pm","2021-06-10 21:23","","Patch Notes: Azure Patch 1.0.2","False","0","","","0","0","","","","","","False","False","False","","UNVERIFIED","UNRESOLVED","No content-verified first-pass relationship is sufficient for automatic resolution."
"2507209632|85","Ethnicities-and-Portraits-Expanded","EPE","2507209632","85","7 Jun, 2021 @ 2:03am","2021-06-07 02:03","","EPE Hotfix 1.0.1","False","0","","","0","0","","","","","","False","False","False","","UNVERIFIED","UNRESOLVED","No content-verified first-pass relationship is sufficient for automatic resolution."
"2507209632|86","Ethnicities-and-Portraits-Expanded","EPE","2507209632","86","4 Jun, 2021 @ 8:32am","2021-06-04 08:32","","Initial 1.0 Release.","False","0","","","0","0","","","","","","False","False","False","","UNVERIFIED","UNRESOLVED","No content-verified first-pass relationship is sufficient for automatic resolution."
"2543865921|1","MBP-EPE-CFP","MBP-EPE-CFP","2543865921","1","24 Jul @ 7:40am","2026-07-24 07:40","","","False","1","b459dda76721e334d0998a90f62ce01b9c6cff5d","NORMAL","0","0","","","","","","False","False","False","","UNVERIFIED","UNRESOLVED","No content-verified first-pass relationship is sufficient for automatic resolution."
"2543865921|2","MBP-EPE-CFP","MBP-EPE-CFP","2543865921","2","1 May @ 11:37am","2026-05-01 11:37","","","False","0","","","0","0","","","","","","False","False","False","","UNVERIFIED","UNRESOLVED","No content-verified first-pass relationship is sufficient for automatic resolution."
"2543865921|3","MBP-EPE-CFP","MBP-EPE-CFP","2543865921","3","20 Apr @ 9:20am","2026-04-20 09:20","","","False","1","92d4259f2ec8c80ec304c1e2293d137e5e99511a","NORMAL","0","0","","","","","","False","False","False","","UNVERIFIED","UNRESOLVED","No content-verified first-pass relationship is sufficient for automatic resolution."
"2543865921|4","MBP-EPE-CFP","MBP-EPE-CFP","2543865921","4","30 Mar @ 2:20pm","2026-03-30 14:20","","","False","0","","","0","0","","","","","","False","False","False","","UNVERIFIED","UNRESOLVED","No content-verified first-pass relationship is sufficient for automatic resolution."
"2543865921|5","MBP-EPE-CFP","MBP-EPE-CFP","2543865921","5","12 Mar @ 9:46pm","2026-03-12 21:46","","","False","1","c86a00c074ec2900035bcd8cca81c850b38d6a3c","NORMAL","1","1","2543865921|3","2543865921|3","UNIQUE_PROJECTED_GIT_MATCH","BIDIRECTIONAL_UNIQUE","c86a00c074ec2900035bcd8cca81c850b38d6a3c","False","False","False","","KNOWN + EXISTING","STRONG","Content-verified archive uniquely matches an Analysis 05 Git candidate and the Steam/Skymods temporal relationship is bidirectionally unique."
"2543865921|6","MBP-EPE-CFP","MBP-EPE-CFP","2543865921","6","12 Mar @ 8:18pm","2026-03-12 20:18","","","False","1","c86a00c074ec2900035bcd8cca81c850b38d6a3c","NORMAL","0","0","","","","","","False","False","False","","UNVERIFIED","UNRESOLVED","No content-verified first-pass relationship is sufficient for automatic resolution."
"2543865921|7","MBP-EPE-CFP","MBP-EPE-CFP","2543865921","7","26 Feb @ 3:29pm","2026-02-26 15:29","","","False","1","8465d11333287e282920c262db343a33fd7dd177","NORMAL","0","0","","","","","","False","False","False","","UNVERIFIED","UNRESOLVED","No content-verified first-pass relationship is sufficient for automatic resolution."
"2543865921|8","MBP-EPE-CFP","MBP-EPE-CFP","2543865921","8","14 Feb @ 4:01pm","2026-02-14 16:01","","","False","0","","","0","0","","","","","","False","False","False","","UNVERIFIED","UNRESOLVED","No content-verified first-pass relationship is sufficient for automatic resolution."
"2543865921|9","MBP-EPE-CFP","MBP-EPE-CFP","2543865921","9","9 Feb @ 6:04pm","2026-02-09 18:04","","","False","0","","","0","0","","","","","","False","False","False","","UNVERIFIED","UNRESOLVED","No content-verified first-pass relationship is sufficient for automatic resolution."
"2543865921|10","MBP-EPE-CFP","MBP-EPE-CFP","2543865921","10","12 Dec, 2025 @ 7:03am","2025-12-12 07:03","","Share to your Steam activity feed","False","0","","","0","0","","","","","","False","False","False","","UNVERIFIED","UNRESOLVED","No content-verified first-pass relationship is sufficient for automatic resolution."
"2543865921|11","MBP-EPE-CFP","MBP-EPE-CFP","2543865921","11","8 Dec, 2025 @ 1:15pm","2025-12-08 13:15","","","False","0","","","0","0","","","","","","False","False","False","","UNVERIFIED","UNRESOLVED","No content-verified first-pass relationship is sufficient for automatic resolution."
"2543865921|12","MBP-EPE-CFP","MBP-EPE-CFP","2543865921","12","7 Dec, 2025 @ 3:08pm","2025-12-07 15:08","","","False","0","","","0","0","","","","","","False","False","False","","UNVERIFIED","UNRESOLVED","No content-verified first-pass relationship is sufficient for automatic resolution."
"2543865921|13","MBP-EPE-CFP","MBP-EPE-CFP","2543865921","13","6 Dec, 2025 @ 4:09pm","2025-12-06 16:09","","","False","0","","","0","0","","","","","","False","False","False","","UNVERIFIED","UNRESOLVED","No content-verified first-pass relationship is sufficient for automatic resolution."
"2543865921|14","MBP-EPE-CFP","MBP-EPE-CFP","2543865921","14","17 Sep, 2025 @ 7:30pm","2025-09-17 19:30","","","False","0","","","0","0","","","","","","False","False","False","","UNVERIFIED","UNRESOLVED","No content-verified first-pass relationship is sufficient for automatic resolution."
"2543865921|15","MBP-EPE-CFP","MBP-EPE-CFP","2543865921","15","10 Sep, 2025 @ 1:52pm","2025-09-10 13:52","","","False","0","","","0","0","","","","","","False","False","False","","UNVERIFIED","UNRESOLVED","No content-verified first-pass relationship is sufficient for automatic resolution."
"2543865921|16","MBP-EPE-CFP","MBP-EPE-CFP","2543865921","16","9 Sep, 2025 @ 7:12pm","2025-09-09 19:12","","","False","0","","","0","0","","","","","","False","False","False","","UNVERIFIED","UNRESOLVED","No content-verified first-pass relationship is sufficient for automatic resolution."
"2543865921|17","MBP-EPE-CFP","MBP-EPE-CFP","2543865921","17","6 Jul, 2025 @ 5:54pm","2025-07-06 17:54","","","False","0","","","0","0","","","","","","False","False","False","","UNVERIFIED","UNRESOLVED","No content-verified first-pass relationship is sufficient for automatic resolution."
"2543865921|18","MBP-EPE-CFP","MBP-EPE-CFP","2543865921","18","11 Jun, 2025 @ 3:42pm","2025-06-11 15:42","","","False","0","","","0","0","","","","","","False","False","False","","UNVERIFIED","UNRESOLVED","No content-verified first-pass relationship is sufficient for automatic resolution."
"2543865921|19","MBP-EPE-CFP","MBP-EPE-CFP","2543865921","19","6 Jun, 2025 @ 7:24pm","2025-06-06 19:24","","","False","0","","","0","0","","","","","","False","False","False","","UNVERIFIED","UNRESOLVED","No content-verified first-pass relationship is sufficient for automatic resolution."
"2543865921|20","MBP-EPE-CFP","MBP-EPE-CFP","2543865921","20","5 Jun, 2025 @ 8:00pm","2025-06-05 20:00","","Share to your Steam activity feed","False","0","","","0","0","","","","","","False","False","False","","UNVERIFIED","UNRESOLVED","No content-verified first-pass relationship is sufficient for automatic resolution."
"2543865921|21","MBP-EPE-CFP","MBP-EPE-CFP","2543865921","21","1 Jun, 2025 @ 7:24pm","2025-06-01 19:24","","","False","0","","","0","0","","","","","","False","False","False","","UNVERIFIED","UNRESOLVED","No content-verified first-pass relationship is sufficient for automatic resolution."
"2543865921|22","MBP-EPE-CFP","MBP-EPE-CFP","2543865921","22","25 May, 2025 @ 9:16am","2025-05-25 09:16","","","False","0","","","0","0","","","","","","False","False","False","","UNVERIFIED","UNRESOLVED","No content-verified first-pass relationship is sufficient for automatic resolution."
"2543865921|23","MBP-EPE-CFP","MBP-EPE-CFP","2543865921","23","24 May, 2025 @ 11:00am","2025-05-24 11:00","","","False","0","","","0","0","","","","","","False","False","False","","UNVERIFIED","UNRESOLVED","No content-verified first-pass relationship is sufficient for automatic resolution."
"2543865921|24","MBP-EPE-CFP","MBP-EPE-CFP","2543865921","24","24 May, 2025 @ 10:56am","2025-05-24 10:56","","","False","0","","","0","0","","","","","","False","False","False","","UNVERIFIED","UNRESOLVED","No content-verified first-pass relationship is sufficient for automatic resolution."
"2543865921|25","MBP-EPE-CFP","MBP-EPE-CFP","2543865921","25","5 Apr, 2025 @ 3:20pm","2025-04-05 15:20","","","False","0","","","0","0","","","","","","False","False","False","","UNVERIFIED","UNRESOLVED","No content-verified first-pass relationship is sufficient for automatic resolution."
"2543865921|26","MBP-EPE-CFP","MBP-EPE-CFP","2543865921","26","29 Mar, 2025 @ 10:46pm","2025-03-29 22:46","","","False","0","","","0","0","","","","","","False","False","False","","UNVERIFIED","UNRESOLVED","No content-verified first-pass relationship is sufficient for automatic resolution."
"2543865921|27","MBP-EPE-CFP","MBP-EPE-CFP","2543865921","27","27 Mar, 2025 @ 9:51pm","2025-03-27 21:51","","","False","0","","","0","0","","","","","","False","False","False","","UNVERIFIED","UNRESOLVED","No content-verified first-pass relationship is sufficient for automatic resolution."
"2543865921|28","MBP-EPE-CFP","MBP-EPE-CFP","2543865921","28","27 Mar, 2025 @ 9:45pm","2025-03-27 21:45","","","False","0","","","0","0","","","","","","False","False","False","","UNVERIFIED","UNRESOLVED","No content-verified first-pass relationship is sufficient for automatic resolution."
"2543865921|29","MBP-EPE-CFP","MBP-EPE-CFP","2543865921","29","27 Mar, 2025 @ 9:35pm","2025-03-27 21:35","","","False","0","","","0","0","","","","","","False","False","False","","UNVERIFIED","UNRESOLVED","No content-verified first-pass relationship is sufficient for automatic resolution."
"2543865921|30","MBP-EPE-CFP","MBP-EPE-CFP","2543865921","30","9 Mar, 2025 @ 4:11pm","2025-03-09 16:11","","Share to your Steam activity feed","False","0","","","0","0","","","","","","False","False","False","","UNVERIFIED","UNRESOLVED","No content-verified first-pass relationship is sufficient for automatic resolution."
"2543865921|31","MBP-EPE-CFP","MBP-EPE-CFP","2543865921","31","8 Mar, 2025 @ 4:16pm","2025-03-08 16:16","","","False","0","","","0","0","","","","","","False","False","False","","UNVERIFIED","UNRESOLVED","No content-verified first-pass relationship is sufficient for automatic resolution."
"2543865921|32","MBP-EPE-CFP","MBP-EPE-CFP","2543865921","32","2 Mar, 2025 @ 9:31pm","2025-03-02 21:31","","","False","0","","","0","0","","","","","","False","False","False","","UNVERIFIED","UNRESOLVED","No content-verified first-pass relationship is sufficient for automatic resolution."
"2543865921|33","MBP-EPE-CFP","MBP-EPE-CFP","2543865921","33","27 Feb, 2025 @ 8:39pm","2025-02-27 20:39","","","False","0","","","0","0","","","","","","False","False","False","","UNVERIFIED","UNRESOLVED","No content-verified first-pass relationship is sufficient for automatic resolution."
"2543865921|34","MBP-EPE-CFP","MBP-EPE-CFP","2543865921","34","22 Feb, 2025 @ 11:03pm","2025-02-22 23:03","","","False","0","","","0","0","","","","","","False","False","False","","UNVERIFIED","UNRESOLVED","No content-verified first-pass relationship is sufficient for automatic resolution."
"2543865921|35","MBP-EPE-CFP","MBP-EPE-CFP","2543865921","35","16 Feb, 2025 @ 11:09pm","2025-02-16 23:09","","","False","0","","","0","0","","","","","","False","False","False","","UNVERIFIED","UNRESOLVED","No content-verified first-pass relationship is sufficient for automatic resolution."
"2543865921|36","MBP-EPE-CFP","MBP-EPE-CFP","2543865921","36","21 Jan, 2025 @ 6:02am","2025-01-21 06:02","","","False","0","","","0","0","","","","","","False","False","False","","UNVERIFIED","UNRESOLVED","No content-verified first-pass relationship is sufficient for automatic resolution."
"2543865921|37","MBP-EPE-CFP","MBP-EPE-CFP","2543865921","37","15 Jan, 2025 @ 2:06pm","2025-01-15 14:06","","","False","0","","","0","0","","","","","","False","False","False","","UNVERIFIED","UNRESOLVED","No content-verified first-pass relationship is sufficient for automatic resolution."
"2543865921|38","MBP-EPE-CFP","MBP-EPE-CFP","2543865921","38","12 Jan, 2025 @ 5:03pm","2025-01-12 17:03","","","False","0","","","0","0","","","","","","False","False","False","","UNVERIFIED","UNRESOLVED","No content-verified first-pass relationship is sufficient for automatic resolution."
"2543865921|39","MBP-EPE-CFP","MBP-EPE-CFP","2543865921","39","12 Jan, 2025 @ 4:20pm","2025-01-12 16:20","","","False","0","","","0","0","","","","","","False","False","False","","UNVERIFIED","UNRESOLVED","No content-verified first-pass relationship is sufficient for automatic resolution."
"2543865921|40","MBP-EPE-CFP","MBP-EPE-CFP","2543865921","40","5 Jan, 2025 @ 4:48pm","2025-01-05 16:48","","Share to your Steam activity feed","False","0","","","0","0","","","","","","False","False","False","","UNVERIFIED","UNRESOLVED","No content-verified first-pass relationship is sufficient for automatic resolution."
"2543865921|41","MBP-EPE-CFP","MBP-EPE-CFP","2543865921","41","1 Jan, 2025 @ 7:55pm","2025-01-01 19:55","","","False","0","","","0","0","","","","","","False","False","False","","UNVERIFIED","UNRESOLVED","No content-verified first-pass relationship is sufficient for automatic resolution."
"2543865921|42","MBP-EPE-CFP","MBP-EPE-CFP","2543865921","42","1 Jan, 2025 @ 12:10am","2025-01-01 00:10","","","False","0","","","0","0","","","","","","False","False","False","","UNVERIFIED","UNRESOLVED","No content-verified first-pass relationship is sufficient for automatic resolution."
"2543865921|43","MBP-EPE-CFP","MBP-EPE-CFP","2543865921","43","31 Dec, 2024 @ 12:33am","2024-12-31 00:33","","","False","0","","","0","0","","","","","","False","False","False","","UNVERIFIED","UNRESOLVED","No content-verified first-pass relationship is sufficient for automatic resolution."
"2543865921|44","MBP-EPE-CFP","MBP-EPE-CFP","2543865921","44","27 Dec, 2024 @ 9:59pm","2024-12-27 21:59","","","False","0","","","0","0","","","","","","False","False","False","","UNVERIFIED","UNRESOLVED","No content-verified first-pass relationship is sufficient for automatic resolution."
"2543865921|45","MBP-EPE-CFP","MBP-EPE-CFP","2543865921","45","27 Dec, 2024 @ 9:56am","2024-12-27 09:56","","","False","0","","","0","0","","","","","","False","False","False","","UNVERIFIED","UNRESOLVED","No content-verified first-pass relationship is sufficient for automatic resolution."
"2543865921|46","MBP-EPE-CFP","MBP-EPE-CFP","2543865921","46","27 Dec, 2024 @ 1:36am","2024-12-27 01:36","","","False","0","","","0","0","","","","","","False","False","False","","UNVERIFIED","UNRESOLVED","No content-verified first-pass relationship is sufficient for automatic resolution."
"2543865921|47","MBP-EPE-CFP","MBP-EPE-CFP","2543865921","47","27 Dec, 2024 @ 1:18am","2024-12-27 01:18","","","False","0","","","0","0","","","","","","False","False","False","","UNVERIFIED","UNRESOLVED","No content-verified first-pass relationship is sufficient for automatic resolution."
"2543865921|48","MBP-EPE-CFP","MBP-EPE-CFP","2543865921","48","27 Dec, 2024 @ 12:43am","2024-12-27 00:43","","","False","0","","","0","0","","","","","","False","False","False","","UNVERIFIED","UNRESOLVED","No content-verified first-pass relationship is sufficient for automatic resolution."
"2543865921|49","MBP-EPE-CFP","MBP-EPE-CFP","2543865921","49","26 Dec, 2024 @ 8:22pm","2024-12-26 20:22","","","False","0","","","0","0","","","","","","False","False","False","","UNVERIFIED","UNRESOLVED","No content-verified first-pass relationship is sufficient for automatic resolution."
"2543865921|50","MBP-EPE-CFP","MBP-EPE-CFP","2543865921","50","18 Dec, 2024 @ 4:04pm","2024-12-18 16:04","","Share to your Steam activity feed","False","0","","","0","0","","","","","","False","False","False","","UNVERIFIED","UNRESOLVED","No content-verified first-pass relationship is sufficient for automatic resolution."
"2543865921|51","MBP-EPE-CFP","MBP-EPE-CFP","2543865921","51","9 Dec, 2024 @ 3:16pm","2024-12-09 15:16","","","False","0","","","0","0","","","","","","False","False","False","","UNVERIFIED","UNRESOLVED","No content-verified first-pass relationship is sufficient for automatic resolution."
"2543865921|52","MBP-EPE-CFP","MBP-EPE-CFP","2543865921","52","9 Dec, 2024 @ 3:10pm","2024-12-09 15:10","","","False","0","","","0","0","","","","","","False","False","False","","UNVERIFIED","UNRESOLVED","No content-verified first-pass relationship is sufficient for automatic resolution."
"2543865921|53","MBP-EPE-CFP","MBP-EPE-CFP","2543865921","53","8 Dec, 2024 @ 8:52pm","2024-12-08 20:52","","","False","0","","","0","0","","","","","","False","False","False","","UNVERIFIED","UNRESOLVED","No content-verified first-pass relationship is sufficient for automatic resolution."
"2543865921|54","MBP-EPE-CFP","MBP-EPE-CFP","2543865921","54","13 Sep, 2024 @ 6:43am","2024-09-13 06:43","","","False","0","","","0","0","","","","","","False","False","False","","UNVERIFIED","UNRESOLVED","No content-verified first-pass relationship is sufficient for automatic resolution."
"2543865921|55","MBP-EPE-CFP","MBP-EPE-CFP","2543865921","55","30 Jul, 2024 @ 8:49am","2024-07-30 08:49","","","False","0","","","0","0","","","","","","False","False","False","","UNVERIFIED","UNRESOLVED","No content-verified first-pass relationship is sufficient for automatic resolution."
"2543865921|56","MBP-EPE-CFP","MBP-EPE-CFP","2543865921","56","20 Jun, 2024 @ 6:07pm","2024-06-20 18:07","","","False","0","","","0","0","","","","","","False","False","False","","UNVERIFIED","UNRESOLVED","No content-verified first-pass relationship is sufficient for automatic resolution."
"2543865921|57","MBP-EPE-CFP","MBP-EPE-CFP","2543865921","57","18 Jun, 2024 @ 6:08pm","2024-06-18 18:08","","","False","0","","","0","0","","","","","","False","False","False","","UNVERIFIED","UNRESOLVED","No content-verified first-pass relationship is sufficient for automatic resolution."
"2543865921|58","MBP-EPE-CFP","MBP-EPE-CFP","2543865921","58","12 Jun, 2024 @ 5:25pm","2024-06-12 17:25","","","False","0","","","0","0","","","","","","False","False","False","","UNVERIFIED","UNRESOLVED","No content-verified first-pass relationship is sufficient for automatic resolution."
"2543865921|59","MBP-EPE-CFP","MBP-EPE-CFP","2543865921","59","24 May, 2024 @ 11:48pm","2024-05-24 23:48","","","False","0","","","0","0","","","","","","False","False","False","","UNVERIFIED","UNRESOLVED","No content-verified first-pass relationship is sufficient for automatic resolution."
"2543865921|60","MBP-EPE-CFP","MBP-EPE-CFP","2543865921","60","14 May, 2024 @ 10:06pm","2024-05-14 22:06","","Share to your Steam activity feed","False","0","","","0","0","","","","","","False","False","False","","UNVERIFIED","UNRESOLVED","No content-verified first-pass relationship is sufficient for automatic resolution."
"2543865921|61","MBP-EPE-CFP","MBP-EPE-CFP","2543865921","61","14 May, 2024 @ 5:56pm","2024-05-14 17:56","","","False","0","","","0","0","","","","","","False","False","False","","UNVERIFIED","UNRESOLVED","No content-verified first-pass relationship is sufficient for automatic resolution."
"2543865921|62","MBP-EPE-CFP","MBP-EPE-CFP","2543865921","62","8 May, 2024 @ 7:17pm","2024-05-08 19:17","","","False","0","","","0","0","","","","","","False","False","False","","UNVERIFIED","UNRESOLVED","No content-verified first-pass relationship is sufficient for automatic resolution."
"2543865921|63","MBP-EPE-CFP","MBP-EPE-CFP","2543865921","63","3 May, 2024 @ 8:14pm","2024-05-03 20:14","","","False","0","","","0","0","","","","","","False","False","False","","UNVERIFIED","UNRESOLVED","No content-verified first-pass relationship is sufficient for automatic resolution."
"2543865921|64","MBP-EPE-CFP","MBP-EPE-CFP","2543865921","64","3 May, 2024 @ 8:03pm","2024-05-03 20:03","","","False","0","","","0","0","","","","","","False","False","False","","UNVERIFIED","UNRESOLVED","No content-verified first-pass relationship is sufficient for automatic resolution."
"2543865921|65","MBP-EPE-CFP","MBP-EPE-CFP","2543865921","65","18 Apr, 2024 @ 12:24pm","2024-04-18 12:24","","","False","0","","","0","0","","","","","","False","False","False","","UNVERIFIED","UNRESOLVED","No content-verified first-pass relationship is sufficient for automatic resolution."
"2543865921|66","MBP-EPE-CFP","MBP-EPE-CFP","2543865921","66","9 Apr, 2024 @ 7:40pm","2024-04-09 19:40","","","False","0","","","0","0","","","","","","False","False","False","","UNVERIFIED","UNRESOLVED","No content-verified first-pass relationship is sufficient for automatic resolution."
"2543865921|67","MBP-EPE-CFP","MBP-EPE-CFP","2543865921","67","1 Apr, 2024 @ 2:17pm","2024-04-01 14:17","","","False","0","","","0","0","","","","","","False","False","False","","UNVERIFIED","UNRESOLVED","No content-verified first-pass relationship is sufficient for automatic resolution."
"2543865921|68","MBP-EPE-CFP","MBP-EPE-CFP","2543865921","68","30 Mar, 2024 @ 7:15pm","2024-03-30 19:15","","","False","0","","","0","0","","","","","","False","False","False","","UNVERIFIED","UNRESOLVED","No content-verified first-pass relationship is sufficient for automatic resolution."
"2543865921|69","MBP-EPE-CFP","MBP-EPE-CFP","2543865921","69","27 Mar, 2024 @ 12:59pm","2024-03-27 12:59","","","False","0","","","0","0","","","","","","False","False","False","","UNVERIFIED","UNRESOLVED","No content-verified first-pass relationship is sufficient for automatic resolution."
"2543865921|70","MBP-EPE-CFP","MBP-EPE-CFP","2543865921","70","22 Mar, 2024 @ 2:46am","2024-03-22 02:46","","Share to your Steam activity feed","False","0","","","0","0","","","","","","False","False","False","","UNVERIFIED","UNRESOLVED","No content-verified first-pass relationship is sufficient for automatic resolution."
"2543865921|71","MBP-EPE-CFP","MBP-EPE-CFP","2543865921","71","19 Mar, 2024 @ 12:28pm","2024-03-19 12:28","","","False","0","","","0","0","","","","","","False","False","False","","UNVERIFIED","UNRESOLVED","No content-verified first-pass relationship is sufficient for automatic resolution."
"2543865921|72","MBP-EPE-CFP","MBP-EPE-CFP","2543865921","72","16 Mar, 2024 @ 12:26pm","2024-03-16 12:26","","","False","0","","","0","0","","","","","","False","False","False","","UNVERIFIED","UNRESOLVED","No content-verified first-pass relationship is sufficient for automatic resolution."
"2543865921|73","MBP-EPE-CFP","MBP-EPE-CFP","2543865921","73","11 Mar, 2024 @ 6:37pm","2024-03-11 18:37","","","False","0","","","0","0","","","","","","False","False","False","","UNVERIFIED","UNRESOLVED","No content-verified first-pass relationship is sufficient for automatic resolution."
"2543865921|74","MBP-EPE-CFP","MBP-EPE-CFP","2543865921","74","10 Mar, 2024 @ 8:02pm","2024-03-10 20:02","","","False","0","","","0","0","","","","","","False","False","False","","UNVERIFIED","UNRESOLVED","No content-verified first-pass relationship is sufficient for automatic resolution."
"2543865921|75","MBP-EPE-CFP","MBP-EPE-CFP","2543865921","75","10 Mar, 2024 @ 7:38pm","2024-03-10 19:38","","","False","0","","","0","0","","","","","","False","False","False","","UNVERIFIED","UNRESOLVED","No content-verified first-pass relationship is sufficient for automatic resolution."
"2543865921|76","MBP-EPE-CFP","MBP-EPE-CFP","2543865921","76","10 Mar, 2024 @ 7:24pm","2024-03-10 19:24","","","False","0","","","0","0","","","","","","False","False","False","","UNVERIFIED","UNRESOLVED","No content-verified first-pass relationship is sufficient for automatic resolution."
"2543865921|77","MBP-EPE-CFP","MBP-EPE-CFP","2543865921","77","10 Mar, 2024 @ 7:19pm","2024-03-10 19:19","","","False","0","","","0","0","","","","","","False","False","False","","UNVERIFIED","UNRESOLVED","No content-verified first-pass relationship is sufficient for automatic resolution."
"2543865921|78","MBP-EPE-CFP","MBP-EPE-CFP","2543865921","78","10 Mar, 2024 @ 5:24pm","2024-03-10 17:24","","","False","0","","","0","0","","","","","","False","False","False","","UNVERIFIED","UNRESOLVED","No content-verified first-pass relationship is sufficient for automatic resolution."
"2543865921|79","MBP-EPE-CFP","MBP-EPE-CFP","2543865921","79","21 Feb, 2024 @ 1:16am","2024-02-21 01:16","","","False","0","","","0","0","","","","","","False","False","False","","UNVERIFIED","UNRESOLVED","No content-verified first-pass relationship is sufficient for automatic resolution."
"2543865921|80","MBP-EPE-CFP","MBP-EPE-CFP","2543865921","80","10 Feb, 2024 @ 12:03pm","2024-02-10 12:03","","Share to your Steam activity feed","False","0","","","0","0","","","","","","False","False","False","","UNVERIFIED","UNRESOLVED","No content-verified first-pass relationship is sufficient for automatic resolution."
"2543865921|81","MBP-EPE-CFP","MBP-EPE-CFP","2543865921","81","10 Feb, 2024 @ 12:56am","2024-02-10 00:56","","","False","0","","","0","0","","","","","","False","False","False","","UNVERIFIED","UNRESOLVED","No content-verified first-pass relationship is sufficient for automatic resolution."
"2543865921|82","MBP-EPE-CFP","MBP-EPE-CFP","2543865921","82","9 Feb, 2024 @ 11:17am","2024-02-09 11:17","","","False","0","","","0","0","","","","","","False","False","False","","UNVERIFIED","UNRESOLVED","No content-verified first-pass relationship is sufficient for automatic resolution."
"2543865921|83","MBP-EPE-CFP","MBP-EPE-CFP","2543865921","83","7 Feb, 2024 @ 8:23pm","2024-02-07 20:23","","","False","0","","","0","0","","","","","","False","False","False","","UNVERIFIED","UNRESOLVED","No content-verified first-pass relationship is sufficient for automatic resolution."
"2543865921|84","MBP-EPE-CFP","MBP-EPE-CFP","2543865921","84","7 Feb, 2024 @ 8:15pm","2024-02-07 20:15","","","False","0","","","0","0","","","","","","False","False","False","","UNVERIFIED","UNRESOLVED","No content-verified first-pass relationship is sufficient for automatic resolution."
"2543865921|85","MBP-EPE-CFP","MBP-EPE-CFP","2543865921","85","25 Jan, 2024 @ 9:05pm","2024-01-25 21:05","","","False","0","","","0","0","","","","","","False","False","False","","UNVERIFIED","UNRESOLVED","No content-verified first-pass relationship is sufficient for automatic resolution."
"2543865921|86","MBP-EPE-CFP","MBP-EPE-CFP","2543865921","86","25 Jan, 2024 @ 8:42pm","2024-01-25 20:42","","","False","0","","","0","0","","","","","","False","False","False","","UNVERIFIED","UNRESOLVED","No content-verified first-pass relationship is sufficient for automatic resolution."
"2543865921|87","MBP-EPE-CFP","MBP-EPE-CFP","2543865921","87","15 Jan, 2024 @ 2:04pm","2024-01-15 14:04","","","False","0","","","0","0","","","","","","False","False","False","","UNVERIFIED","UNRESOLVED","No content-verified first-pass relationship is sufficient for automatic resolution."
"2543865921|88","MBP-EPE-CFP","MBP-EPE-CFP","2543865921","88","12 Jan, 2024 @ 12:17am","2024-01-12 00:17","","","False","0","","","0","0","","","","","","False","False","False","","UNVERIFIED","UNRESOLVED","No content-verified first-pass relationship is sufficient for automatic resolution."
"2543865921|89","MBP-EPE-CFP","MBP-EPE-CFP","2543865921","89","4 Jan, 2024 @ 11:59pm","2024-01-04 23:59","","","False","0","","","0","0","","","","","","False","False","False","","UNVERIFIED","UNRESOLVED","No content-verified first-pass relationship is sufficient for automatic resolution."
"2543865921|90","MBP-EPE-CFP","MBP-EPE-CFP","2543865921","90","28 Dec, 2023 @ 2:46pm","2023-12-28 14:46","","Share to your Steam activity feed","False","0","","","0","0","","","","","","False","False","False","","UNVERIFIED","UNRESOLVED","No content-verified first-pass relationship is sufficient for automatic resolution."
"2543865921|91","MBP-EPE-CFP","MBP-EPE-CFP","2543865921","91","26 Dec, 2023 @ 8:10pm","2023-12-26 20:10","","","False","0","","","0","0","","","","","","False","False","False","","UNVERIFIED","UNRESOLVED","No content-verified first-pass relationship is sufficient for automatic resolution."
"2543865921|92","MBP-EPE-CFP","MBP-EPE-CFP","2543865921","92","10 Dec, 2023 @ 11:28pm","2023-12-10 23:28","","","False","0","","","0","0","","","","","","False","False","False","","UNVERIFIED","UNRESOLVED","No content-verified first-pass relationship is sufficient for automatic resolution."
"2543865921|93","MBP-EPE-CFP","MBP-EPE-CFP","2543865921","93","8 Dec, 2023 @ 2:08pm","2023-12-08 14:08","","","False","0","","","0","0","","","","","","False","False","False","","UNVERIFIED","UNRESOLVED","No content-verified first-pass relationship is sufficient for automatic resolution."
"2543865921|94","MBP-EPE-CFP","MBP-EPE-CFP","2543865921","94","6 Dec, 2023 @ 4:24pm","2023-12-06 16:24","","","False","0","","","0","0","","","","","","False","False","False","","UNVERIFIED","UNRESOLVED","No content-verified first-pass relationship is sufficient for automatic resolution."
"2543865921|95","MBP-EPE-CFP","MBP-EPE-CFP","2543865921","95","4 Dec, 2023 @ 11:37pm","2023-12-04 23:37","","","False","0","","","0","0","","","","","","False","False","False","","UNVERIFIED","UNRESOLVED","No content-verified first-pass relationship is sufficient for automatic resolution."
"2543865921|96","MBP-EPE-CFP","MBP-EPE-CFP","2543865921","96","4 Dec, 2023 @ 1:28am","2023-12-04 01:28","","","False","0","","","0","0","","","","","","False","False","False","","UNVERIFIED","UNRESOLVED","No content-verified first-pass relationship is sufficient for automatic resolution."
"2543865921|97","MBP-EPE-CFP","MBP-EPE-CFP","2543865921","97","3 Dec, 2023 @ 2:04am","2023-12-03 02:04","","","False","0","","","0","0","","","","","","False","False","False","","UNVERIFIED","UNRESOLVED","No content-verified first-pass relationship is sufficient for automatic resolution."
"2543865921|98","MBP-EPE-CFP","MBP-EPE-CFP","2543865921","98","2 Dec, 2023 @ 12:27am","2023-12-02 00:27","","","False","0","","","0","0","","","","","","False","False","False","","UNVERIFIED","UNRESOLVED","No content-verified first-pass relationship is sufficient for automatic resolution."
"2543865921|99","MBP-EPE-CFP","MBP-EPE-CFP","2543865921","99","25 Nov, 2023 @ 5:41pm","2023-11-25 17:41","","","False","0","","","0","0","","","","","","False","False","False","","UNVERIFIED","UNRESOLVED","No content-verified first-pass relationship is sufficient for automatic resolution."
"2543865921|100","MBP-EPE-CFP","MBP-EPE-CFP","2543865921","100","23 Nov, 2023 @ 5:37pm","2023-11-23 17:37","","Share to your Steam activity feed","False","0","","","0","0","","","","","","False","False","False","","UNVERIFIED","UNRESOLVED","No content-verified first-pass relationship is sufficient for automatic resolution."
"2543865921|101","MBP-EPE-CFP","MBP-EPE-CFP","2543865921","101","21 Nov, 2023 @ 3:17pm","2023-11-21 15:17","","","False","0","","","0","0","","","","","","False","False","False","","UNVERIFIED","UNRESOLVED","No content-verified first-pass relationship is sufficient for automatic resolution."
"2543865921|102","MBP-EPE-CFP","MBP-EPE-CFP","2543865921","102","20 Nov, 2023 @ 11:26am","2023-11-20 11:26","","","False","0","","","0","0","","","","","","False","False","False","","UNVERIFIED","UNRESOLVED","No content-verified first-pass relationship is sufficient for automatic resolution."
"2543865921|103","MBP-EPE-CFP","MBP-EPE-CFP","2543865921","103","19 Nov, 2023 @ 8:45pm","2023-11-19 20:45","","","False","0","","","0","0","","","","","","False","False","False","","UNVERIFIED","UNRESOLVED","No content-verified first-pass relationship is sufficient for automatic resolution."
"2543865921|104","MBP-EPE-CFP","MBP-EPE-CFP","2543865921","104","19 Nov, 2023 @ 5:01pm","2023-11-19 17:01","","","False","0","","","0","0","","","","","","False","False","False","","UNVERIFIED","UNRESOLVED","No content-verified first-pass relationship is sufficient for automatic resolution."
"2543865921|105","MBP-EPE-CFP","MBP-EPE-CFP","2543865921","105","23 Oct, 2023 @ 11:40am","2023-10-23 11:40","","","False","0","","","0","0","","","","","","False","False","False","","UNVERIFIED","UNRESOLVED","No content-verified first-pass relationship is sufficient for automatic resolution."
"2543865921|106","MBP-EPE-CFP","MBP-EPE-CFP","2543865921","106","15 Oct, 2023 @ 8:08pm","2023-10-15 20:08","","","False","0","","","0","0","","","","","","False","False","False","","UNVERIFIED","UNRESOLVED","No content-verified first-pass relationship is sufficient for automatic resolution."
"2543865921|107","MBP-EPE-CFP","MBP-EPE-CFP","2543865921","107","4 Oct, 2023 @ 6:41pm","2023-10-04 18:41","","","False","0","","","0","0","","","","","","False","False","False","","UNVERIFIED","UNRESOLVED","No content-verified first-pass relationship is sufficient for automatic resolution."
"2543865921|108","MBP-EPE-CFP","MBP-EPE-CFP","2543865921","108","3 Oct, 2023 @ 7:27pm","2023-10-03 19:27","","","False","0","","","0","0","","","","","","False","False","False","","UNVERIFIED","UNRESOLVED","No content-verified first-pass relationship is sufficient for automatic resolution."
"2543865921|109","MBP-EPE-CFP","MBP-EPE-CFP","2543865921","109","3 Oct, 2023 @ 3:20pm","2023-10-03 15:20","","","False","0","","","0","0","","","","","","False","False","False","","UNVERIFIED","UNRESOLVED","No content-verified first-pass relationship is sufficient for automatic resolution."
"2543865921|110","MBP-EPE-CFP","MBP-EPE-CFP","2543865921","110","1 Oct, 2023 @ 9:18pm","2023-10-01 21:18","","Share to your Steam activity feed","False","0","","","0","0","","","","","","False","False","False","","UNVERIFIED","UNRESOLVED","No content-verified first-pass relationship is sufficient for automatic resolution."
"2543865921|111","MBP-EPE-CFP","MBP-EPE-CFP","2543865921","111","1 Oct, 2023 @ 9:08pm","2023-10-01 21:08","","","False","0","","","0","0","","","","","","False","False","False","","UNVERIFIED","UNRESOLVED","No content-verified first-pass relationship is sufficient for automatic resolution."
"2543865921|112","MBP-EPE-CFP","MBP-EPE-CFP","2543865921","112","1 Oct, 2023 @ 11:27am","2023-10-01 11:27","","","False","0","","","0","0","","","","","","False","False","False","","UNVERIFIED","UNRESOLVED","No content-verified first-pass relationship is sufficient for automatic resolution."
"2543865921|113","MBP-EPE-CFP","MBP-EPE-CFP","2543865921","113","28 Sep, 2023 @ 10:14pm","2023-09-28 22:14","","","False","0","","","0","0","","","","","","False","False","False","","UNVERIFIED","UNRESOLVED","No content-verified first-pass relationship is sufficient for automatic resolution."
"2543865921|114","MBP-EPE-CFP","MBP-EPE-CFP","2543865921","114","27 Sep, 2023 @ 10:14pm","2023-09-27 22:14","","- Partly updated. Will take a bit longer for the full update","False","0","","","0","0","","","","","","False","False","False","","UNVERIFIED","UNRESOLVED","No content-verified first-pass relationship is sufficient for automatic resolution."
"2543865921|115","MBP-EPE-CFP","MBP-EPE-CFP","2543865921","115","22 Aug, 2023 @ 2:23pm","2023-08-22 14:23","","","False","0","","","0","0","","","","","","False","False","False","","UNVERIFIED","UNRESOLVED","No content-verified first-pass relationship is sufficient for automatic resolution."
"2543865921|116","MBP-EPE-CFP","MBP-EPE-CFP","2543865921","116","7 Aug, 2023 @ 10:38am","2023-08-07 10:38","","","False","0","","","0","0","","","","","","False","False","False","","UNVERIFIED","UNRESOLVED","No content-verified first-pass relationship is sufficient for automatic resolution."
"2543865921|117","MBP-EPE-CFP","MBP-EPE-CFP","2543865921","117","5 Aug, 2023 @ 7:24pm","2023-08-05 19:24","","","False","0","","","0","0","","","","","","False","False","False","","UNVERIFIED","UNRESOLVED","No content-verified first-pass relationship is sufficient for automatic resolution."
"2543865921|118","MBP-EPE-CFP","MBP-EPE-CFP","2543865921","118","2 Aug, 2023 @ 3:07pm","2023-08-02 15:07","","","False","0","","","0","0","","","","","","False","False","False","","UNVERIFIED","UNRESOLVED","No content-verified first-pass relationship is sufficient for automatic resolution."
"2543865921|119","MBP-EPE-CFP","MBP-EPE-CFP","2543865921","119","29 Jul, 2023 @ 10:07am","2023-07-29 10:07","","","False","0","","","0","0","","","","","","False","False","False","","UNVERIFIED","UNRESOLVED","No content-verified first-pass relationship is sufficient for automatic resolution."
"2543865921|120","MBP-EPE-CFP","MBP-EPE-CFP","2543865921","120","24 Jul, 2023 @ 11:25am","2023-07-24 11:25","","Share to your Steam activity feed","False","0","","","0","0","","","","","","False","False","False","","UNVERIFIED","UNRESOLVED","No content-verified first-pass relationship is sufficient for automatic resolution."
"2543865921|121","MBP-EPE-CFP","MBP-EPE-CFP","2543865921","121","24 Jul, 2023 @ 1:54am","2023-07-24 01:54","","","False","0","","","0","0","","","","","","False","False","False","","UNVERIFIED","UNRESOLVED","No content-verified first-pass relationship is sufficient for automatic resolution."
"2543865921|122","MBP-EPE-CFP","MBP-EPE-CFP","2543865921","122","24 Jul, 2023 @ 1:40am","2023-07-24 01:40","","","False","0","","","0","0","","","","","","False","False","False","","UNVERIFIED","UNRESOLVED","No content-verified first-pass relationship is sufficient for automatic resolution."
"2543865921|123","MBP-EPE-CFP","MBP-EPE-CFP","2543865921","123","24 Jul, 2023 @ 1:18am","2023-07-24 01:18","","","False","0","","","0","0","","","","","","False","False","False","","UNVERIFIED","UNRESOLVED","No content-verified first-pass relationship is sufficient for automatic resolution."
"2543865921|124","MBP-EPE-CFP","MBP-EPE-CFP","2543865921","124","24 Jul, 2023 @ 1:02am","2023-07-24 01:02","","","False","0","","","0","0","","","","","","False","False","False","","UNVERIFIED","UNRESOLVED","No content-verified first-pass relationship is sufficient for automatic resolution."
"2543865921|125","MBP-EPE-CFP","MBP-EPE-CFP","2543865921","125","20 Jul, 2023 @ 9:36pm","2023-07-20 21:36","","","False","0","","","0","0","","","","","","False","False","False","","UNVERIFIED","UNRESOLVED","No content-verified first-pass relationship is sufficient for automatic resolution."
"2543865921|126","MBP-EPE-CFP","MBP-EPE-CFP","2543865921","126","20 Jul, 2023 @ 9:25pm","2023-07-20 21:25","","- Basic update. There will be issues.","False","0","","","0","0","","","","","","False","False","False","","UNVERIFIED","UNRESOLVED","No content-verified first-pass relationship is sufficient for automatic resolution."
"2543865921|127","MBP-EPE-CFP","MBP-EPE-CFP","2543865921","127","17 Apr, 2023 @ 5:13pm","2023-04-17 17:13","","","False","0","","","0","0","","","","","","False","False","False","","UNVERIFIED","UNRESOLVED","No content-verified first-pass relationship is sufficient for automatic resolution."
"2543865921|128","MBP-EPE-CFP","MBP-EPE-CFP","2543865921","128","15 Mar, 2023 @ 5:51pm","2023-03-15 17:51","","","False","0","","","0","0","","","","","","False","False","False","","UNVERIFIED","UNRESOLVED","No content-verified first-pass relationship is sufficient for automatic resolution."
"2543865921|129","MBP-EPE-CFP","MBP-EPE-CFP","2543865921","129","15 Mar, 2023 @ 5:33pm","2023-03-15 17:33","","","False","0","","","0","0","","","","","","False","False","False","","UNVERIFIED","UNRESOLVED","No content-verified first-pass relationship is sufficient for automatic resolution."
"2543865921|130","MBP-EPE-CFP","MBP-EPE-CFP","2543865921","130","15 Mar, 2023 @ 12:21am","2023-03-15 00:21","","Share to your Steam activity feed","False","0","","","0","0","","","","","","False","False","False","","UNVERIFIED","UNRESOLVED","No content-verified first-pass relationship is sufficient for automatic resolution."
"2543865921|131","MBP-EPE-CFP","MBP-EPE-CFP","2543865921","131","12 Mar, 2023 @ 7:15pm","2023-03-12 19:15","","","False","0","","","0","0","","","","","","False","False","False","","UNVERIFIED","UNRESOLVED","No content-verified first-pass relationship is sufficient for automatic resolution."
"2543865921|132","MBP-EPE-CFP","MBP-EPE-CFP","2543865921","132","5 Mar, 2023 @ 8:36pm","2023-03-05 20:36","","","False","0","","","0","0","","","","","","False","False","False","","UNVERIFIED","UNRESOLVED","No content-verified first-pass relationship is sufficient for automatic resolution."
"2543865921|133","MBP-EPE-CFP","MBP-EPE-CFP","2543865921","133","4 Feb, 2023 @ 8:06pm","2023-02-04 20:06","","","False","0","","","0","0","","","","","","False","False","False","","UNVERIFIED","UNRESOLVED","No content-verified first-pass relationship is sufficient for automatic resolution."
"2543865921|134","MBP-EPE-CFP","MBP-EPE-CFP","2543865921","134","21 Jan, 2023 @ 7:37pm","2023-01-21 19:37","","","False","0","","","0","0","","","","","","False","False","False","","UNVERIFIED","UNRESOLVED","No content-verified first-pass relationship is sufficient for automatic resolution."
"2543865921|135","MBP-EPE-CFP","MBP-EPE-CFP","2543865921","135","13 Jan, 2023 @ 11:32pm","2023-01-13 23:32","","","False","0","","","0","0","","","","","","False","False","False","","UNVERIFIED","UNRESOLVED","No content-verified first-pass relationship is sufficient for automatic resolution."
"2543865921|136","MBP-EPE-CFP","MBP-EPE-CFP","2543865921","136","13 Dec, 2022 @ 12:48pm","2022-12-13 12:48","","","False","0","","","0","0","","","","","","False","False","False","","UNVERIFIED","UNRESOLVED","No content-verified first-pass relationship is sufficient for automatic resolution."
"2543865921|137","MBP-EPE-CFP","MBP-EPE-CFP","2543865921","137","3 Dec, 2022 @ 12:38pm","2022-12-03 12:38","","","False","0","","","0","0","","","","","","False","False","False","","UNVERIFIED","UNRESOLVED","No content-verified first-pass relationship is sufficient for automatic resolution."
"2543865921|138","MBP-EPE-CFP","MBP-EPE-CFP","2543865921","138","2 Dec, 2022 @ 7:20pm","2022-12-02 19:20","","","False","0","","","0","0","","","","","","False","False","False","","UNVERIFIED","UNRESOLVED","No content-verified first-pass relationship is sufficient for automatic resolution."
"2543865921|139","MBP-EPE-CFP","MBP-EPE-CFP","2543865921","139","29 Sep, 2022 @ 9:55am","2022-09-29 09:55","","","False","0","","","0","0","","","","","","False","False","False","","UNVERIFIED","UNRESOLVED","No content-verified first-pass relationship is sufficient for automatic resolution."
"2543865921|140","MBP-EPE-CFP","MBP-EPE-CFP","2543865921","140","22 Sep, 2022 @ 3:33pm","2022-09-22 15:33","","Share to your Steam activity feed","False","0","","","0","0","","","","","","False","False","False","","UNVERIFIED","UNRESOLVED","No content-verified first-pass relationship is sufficient for automatic resolution."
"2543865921|141","MBP-EPE-CFP","MBP-EPE-CFP","2543865921","141","18 Sep, 2022 @ 2:13am","2022-09-18 02:13","","","False","0","","","0","0","","","","","","False","False","False","","UNVERIFIED","UNRESOLVED","No content-verified first-pass relationship is sufficient for automatic resolution."
"2543865921|142","MBP-EPE-CFP","MBP-EPE-CFP","2543865921","142","15 Sep, 2022 @ 6:21pm","2022-09-15 18:21","","","False","0","","","0","0","","","","","","False","False","False","","UNVERIFIED","UNRESOLVED","No content-verified first-pass relationship is sufficient for automatic resolution."
"2543865921|143","MBP-EPE-CFP","MBP-EPE-CFP","2543865921","143","11 Sep, 2022 @ 6:22pm","2022-09-11 18:22","","","False","0","","","0","0","","","","","","False","False","False","","UNVERIFIED","UNRESOLVED","No content-verified first-pass relationship is sufficient for automatic resolution."
"2543865921|144","MBP-EPE-CFP","MBP-EPE-CFP","2543865921","144","9 Sep, 2022 @ 1:59pm","2022-09-09 13:59","","","False","0","","","0","0","","","","","","False","False","False","","UNVERIFIED","UNRESOLVED","No content-verified first-pass relationship is sufficient for automatic resolution."
"2543865921|145","MBP-EPE-CFP","MBP-EPE-CFP","2543865921","145","9 Sep, 2022 @ 12:32pm","2022-09-09 12:32","","","False","0","","","0","0","","","","","","False","False","False","","UNVERIFIED","UNRESOLVED","No content-verified first-pass relationship is sufficient for automatic resolution."
"2543865921|146","MBP-EPE-CFP","MBP-EPE-CFP","2543865921","146","9 Sep, 2022 @ 12:27pm","2022-09-09 12:27","","","False","0","","","0","0","","","","","","False","False","False","","UNVERIFIED","UNRESOLVED","No content-verified first-pass relationship is sufficient for automatic resolution."
"2543865921|147","MBP-EPE-CFP","MBP-EPE-CFP","2543865921","147","9 Sep, 2022 @ 2:23am","2022-09-09 02:23","","","False","0","","","0","0","","","","","","False","False","False","","UNVERIFIED","UNRESOLVED","No content-verified first-pass relationship is sufficient for automatic resolution."
"2543865921|148","MBP-EPE-CFP","MBP-EPE-CFP","2543865921","148","28 Jul, 2022 @ 7:08pm","2022-07-28 19:08","","","False","0","","","0","0","","","","","","False","False","False","","UNVERIFIED","UNRESOLVED","No content-verified first-pass relationship is sufficient for automatic resolution."
"2543865921|149","MBP-EPE-CFP","MBP-EPE-CFP","2543865921","149","12 Jul, 2022 @ 12:43pm","2022-07-12 12:43","","","False","0","","","0","0","","","","","","False","False","False","","UNVERIFIED","UNRESOLVED","No content-verified first-pass relationship is sufficient for automatic resolution."
"2543865921|150","MBP-EPE-CFP","MBP-EPE-CFP","2543865921","150","7 Jul, 2022 @ 12:27pm","2022-07-07 12:27","","Share to your Steam activity feed","False","0","","","0","0","","","","","","False","False","False","","UNVERIFIED","UNRESOLVED","No content-verified first-pass relationship is sufficient for automatic resolution."
"2543865921|151","MBP-EPE-CFP","MBP-EPE-CFP","2543865921","151","29 Jun, 2022 @ 12:54pm","2022-06-29 12:54","","","False","0","","","0","0","","","","","","False","False","False","","UNVERIFIED","UNRESOLVED","No content-verified first-pass relationship is sufficient for automatic resolution."
"2543865921|152","MBP-EPE-CFP","MBP-EPE-CFP","2543865921","152","29 Jun, 2022 @ 12:43pm","2022-06-29 12:43","","","False","0","","","0","0","","","","","","False","False","False","","UNVERIFIED","UNRESOLVED","No content-verified first-pass relationship is sufficient for automatic resolution."
"2543865921|153","MBP-EPE-CFP","MBP-EPE-CFP","2543865921","153","26 Jun, 2022 @ 9:06pm","2022-06-26 21:06","","","False","0","","","0","0","","","","","","False","False","False","","UNVERIFIED","UNRESOLVED","No content-verified first-pass relationship is sufficient for automatic resolution."
"2543865921|154","MBP-EPE-CFP","MBP-EPE-CFP","2543865921","154","12 Jun, 2022 @ 8:34pm","2022-06-12 20:34","","","False","0","","","0","0","","","","","","False","False","False","","UNVERIFIED","UNRESOLVED","No content-verified first-pass relationship is sufficient for automatic resolution."
"2543865921|155","MBP-EPE-CFP","MBP-EPE-CFP","2543865921","155","12 Jun, 2022 @ 3:16pm","2022-06-12 15:16","","","False","0","","","0","0","","","","","","False","False","False","","UNVERIFIED","UNRESOLVED","No content-verified first-pass relationship is sufficient for automatic resolution."
"2543865921|156","MBP-EPE-CFP","MBP-EPE-CFP","2543865921","156","9 Jun, 2022 @ 4:03pm","2022-06-09 16:03","","","False","0","","","0","0","","","","","","False","False","False","","UNVERIFIED","UNRESOLVED","No content-verified first-pass relationship is sufficient for automatic resolution."
"2543865921|157","MBP-EPE-CFP","MBP-EPE-CFP","2543865921","157","9 Jun, 2022 @ 1:56pm","2022-06-09 13:56","","","False","0","","","0","0","","","","","","False","False","False","","UNVERIFIED","UNRESOLVED","No content-verified first-pass relationship is sufficient for automatic resolution."
"2543865921|158","MBP-EPE-CFP","MBP-EPE-CFP","2543865921","158","6 Jun, 2022 @ 12:41am","2022-06-06 00:41","","","False","0","","","0","0","","","","","","False","False","False","","UNVERIFIED","UNRESOLVED","No content-verified first-pass relationship is sufficient for automatic resolution."
"2543865921|159","MBP-EPE-CFP","MBP-EPE-CFP","2543865921","159","6 Jun, 2022 @ 12:24am","2022-06-06 00:24","","","False","0","","","0","0","","","","","","False","False","False","","UNVERIFIED","UNRESOLVED","No content-verified first-pass relationship is sufficient for automatic resolution."
"2543865921|160","MBP-EPE-CFP","MBP-EPE-CFP","2543865921","160","6 Jun, 2022 @ 12:14am","2022-06-06 00:14","","Share to your Steam activity feed","False","0","","","0","0","","","","","","False","False","False","","UNVERIFIED","UNRESOLVED","No content-verified first-pass relationship is sufficient for automatic resolution."
"2543865921|161","MBP-EPE-CFP","MBP-EPE-CFP","2543865921","161","5 Jun, 2022 @ 12:36am","2022-06-05 00:36","","","False","0","","","0","0","","","","","","False","False","False","","UNVERIFIED","UNRESOLVED","No content-verified first-pass relationship is sufficient for automatic resolution."
"2543865921|162","MBP-EPE-CFP","MBP-EPE-CFP","2543865921","162","22 Mar, 2022 @ 3:37pm","2022-03-22 15:37","","","False","0","","","0","0","","","","","","False","False","False","","UNVERIFIED","UNRESOLVED","No content-verified first-pass relationship is sufficient for automatic resolution."
"2543865921|163","MBP-EPE-CFP","MBP-EPE-CFP","2543865921","163","14 Mar, 2022 @ 11:52am","2022-03-14 11:52","","","False","0","","","0","0","","","","","","False","False","False","","UNVERIFIED","UNRESOLVED","No content-verified first-pass relationship is sufficient for automatic resolution."
"2543865921|164","MBP-EPE-CFP","MBP-EPE-CFP","2543865921","164","11 Mar, 2022 @ 1:19pm","2022-03-11 13:19","","","False","0","","","0","0","","","","","","False","False","False","","UNVERIFIED","UNRESOLVED","No content-verified first-pass relationship is sufficient for automatic resolution."
"2543865921|165","MBP-EPE-CFP","MBP-EPE-CFP","2543865921","165","5 Mar, 2022 @ 1:53pm","2022-03-05 13:53","","","False","0","","","0","0","","","","","","False","False","False","","UNVERIFIED","UNRESOLVED","No content-verified first-pass relationship is sufficient for automatic resolution."
"2543865921|166","MBP-EPE-CFP","MBP-EPE-CFP","2543865921","166","5 Mar, 2022 @ 1:33pm","2022-03-05 13:33","","","False","0","","","0","0","","","","","","False","False","False","","UNVERIFIED","UNRESOLVED","No content-verified first-pass relationship is sufficient for automatic resolution."
"2543865921|167","MBP-EPE-CFP","MBP-EPE-CFP","2543865921","167","22 Feb, 2022 @ 9:38am","2022-02-22 09:38","","","False","0","","","0","0","","","","","","False","False","False","","UNVERIFIED","UNRESOLVED","No content-verified first-pass relationship is sufficient for automatic resolution."
"2543865921|168","MBP-EPE-CFP","MBP-EPE-CFP","2543865921","168","14 Feb, 2022 @ 8:37pm","2022-02-14 20:37","","","False","0","","","0","0","","","","","","False","False","False","","UNVERIFIED","UNRESOLVED","No content-verified first-pass relationship is sufficient for automatic resolution."
"2543865921|169","MBP-EPE-CFP","MBP-EPE-CFP","2543865921","169","12 Feb, 2022 @ 1:34am","2022-02-12 01:34","","","False","0","","","0","0","","","","","","False","False","False","","UNVERIFIED","UNRESOLVED","No content-verified first-pass relationship is sufficient for automatic resolution."
"2543865921|170","MBP-EPE-CFP","MBP-EPE-CFP","2543865921","170","10 Feb, 2022 @ 9:59pm","2022-02-10 21:59","","Share to your Steam activity feed","False","0","","","0","0","","","","","","False","False","False","","UNVERIFIED","UNRESOLVED","No content-verified first-pass relationship is sufficient for automatic resolution."
"2543865921|171","MBP-EPE-CFP","MBP-EPE-CFP","2543865921","171","10 Feb, 2022 @ 9:48pm","2022-02-10 21:48","","","False","0","","","0","0","","","","","","False","False","False","","UNVERIFIED","UNRESOLVED","No content-verified first-pass relationship is sufficient for automatic resolution."
"2543865921|172","MBP-EPE-CFP","MBP-EPE-CFP","2543865921","172","10 Feb, 2022 @ 8:21pm","2022-02-10 20:21","","","False","0","","","0","0","","","","","","False","False","False","","UNVERIFIED","UNRESOLVED","No content-verified first-pass relationship is sufficient for automatic resolution."
"2543865921|173","MBP-EPE-CFP","MBP-EPE-CFP","2543865921","173","10 Feb, 2022 @ 3:12pm","2022-02-10 15:12","","","False","0","","","0","0","","","","","","False","False","False","","UNVERIFIED","UNRESOLVED","No content-verified first-pass relationship is sufficient for automatic resolution."
"2543865921|174","MBP-EPE-CFP","MBP-EPE-CFP","2543865921","174","9 Jan, 2022 @ 11:17pm","2022-01-09 23:17","","","False","0","","","0","0","","","","","","False","False","False","","UNVERIFIED","UNRESOLVED","No content-verified first-pass relationship is sufficient for automatic resolution."
"2543865921|175","MBP-EPE-CFP","MBP-EPE-CFP","2543865921","175","9 Jan, 2022 @ 11:07pm","2022-01-09 23:07","","","False","0","","","0","0","","","","","","False","False","False","","UNVERIFIED","UNRESOLVED","No content-verified first-pass relationship is sufficient for automatic resolution."
"2543865921|176","MBP-EPE-CFP","MBP-EPE-CFP","2543865921","176","1 Dec, 2021 @ 4:39pm","2021-12-01 16:39","","","False","0","","","0","0","","","","","","False","False","False","","UNVERIFIED","UNRESOLVED","No content-verified first-pass relationship is sufficient for automatic resolution."
"2543865921|177","MBP-EPE-CFP","MBP-EPE-CFP","2543865921","177","1 Dec, 2021 @ 11:41am","2021-12-01 11:41","","","False","0","","","0","0","","","","","","False","False","False","","UNVERIFIED","UNRESOLVED","No content-verified first-pass relationship is sufficient for automatic resolution."
"2543865921|178","MBP-EPE-CFP","MBP-EPE-CFP","2543865921","178","1 Dec, 2021 @ 11:40am","2021-12-01 11:40","","","False","0","","","0","0","","","","","","False","False","False","","UNVERIFIED","UNRESOLVED","No content-verified first-pass relationship is sufficient for automatic resolution."
"2543865921|179","MBP-EPE-CFP","MBP-EPE-CFP","2543865921","179","30 Nov, 2021 @ 2:33pm","2021-11-30 14:33","","","False","0","","","0","0","","","","","","False","False","False","","UNVERIFIED","UNRESOLVED","No content-verified first-pass relationship is sufficient for automatic resolution."
"2543865921|180","MBP-EPE-CFP","MBP-EPE-CFP","2543865921","180","30 Nov, 2021 @ 2:20pm","2021-11-30 14:20","","Share to your Steam activity feed","False","0","","","0","0","","","","","","False","False","False","","UNVERIFIED","UNRESOLVED","No content-verified first-pass relationship is sufficient for automatic resolution."
"2543865921|181","MBP-EPE-CFP","MBP-EPE-CFP","2543865921","181","30 Nov, 2021 @ 12:57am","2021-11-30 00:57","","","False","0","","","0","0","","","","","","False","False","False","","UNVERIFIED","UNRESOLVED","No content-verified first-pass relationship is sufficient for automatic resolution."
"2543865921|182","MBP-EPE-CFP","MBP-EPE-CFP","2543865921","182","27 Oct, 2021 @ 9:58pm","2021-10-27 21:58","","","False","0","","","0","0","","","","","","False","False","False","","UNVERIFIED","UNRESOLVED","No content-verified first-pass relationship is sufficient for automatic resolution."
"2543865921|183","MBP-EPE-CFP","MBP-EPE-CFP","2543865921","183","18 Oct, 2021 @ 1:58pm","2021-10-18 13:58","","","False","0","","","0","0","","","","","","False","False","False","","UNVERIFIED","UNRESOLVED","No content-verified first-pass relationship is sufficient for automatic resolution."
"2543865921|184","MBP-EPE-CFP","MBP-EPE-CFP","2543865921","184","11 Oct, 2021 @ 2:23pm","2021-10-11 14:23","","","False","0","","","0","0","","","","","","False","False","False","","UNVERIFIED","UNRESOLVED","No content-verified first-pass relationship is sufficient for automatic resolution."
"2543865921|185","MBP-EPE-CFP","MBP-EPE-CFP","2543865921","185","9 Sep, 2021 @ 9:59pm","2021-09-09 21:59","","","False","0","","","0","0","","","","","","False","False","False","","UNVERIFIED","UNRESOLVED","No content-verified first-pass relationship is sufficient for automatic resolution."
"2543865921|186","MBP-EPE-CFP","MBP-EPE-CFP","2543865921","186","9 Sep, 2021 @ 1:48pm","2021-09-09 13:48","","","False","0","","","0","0","","","","","","False","False","False","","UNVERIFIED","UNRESOLVED","No content-verified first-pass relationship is sufficient for automatic resolution."
"2543865921|187","MBP-EPE-CFP","MBP-EPE-CFP","2543865921","187","6 Sep, 2021 @ 12:53pm","2021-09-06 12:53","","","False","0","","","0","0","","","","","","False","False","False","","UNVERIFIED","UNRESOLVED","No content-verified first-pass relationship is sufficient for automatic resolution."
"2543865921|188","MBP-EPE-CFP","MBP-EPE-CFP","2543865921","188","3 Sep, 2021 @ 9:14pm","2021-09-03 21:14","","","False","0","","","0","0","","","","","","False","False","False","","UNVERIFIED","UNRESOLVED","No content-verified first-pass relationship is sufficient for automatic resolution."
"2543865921|189","MBP-EPE-CFP","MBP-EPE-CFP","2543865921","189","30 Aug, 2021 @ 8:17pm","2021-08-30 20:17","","","False","0","","","0","0","","","","","","False","False","False","","UNVERIFIED","UNRESOLVED","No content-verified first-pass relationship is sufficient for automatic resolution."
"2543865921|190","MBP-EPE-CFP","MBP-EPE-CFP","2543865921","190","11 Jul, 2021 @ 2:12am","2021-07-11 02:12","","Share to your Steam activity feed","False","0","","","0","0","","","","","","False","False","False","","UNVERIFIED","UNRESOLVED","No content-verified first-pass relationship is sufficient for automatic resolution."
"2543865921|191","MBP-EPE-CFP","MBP-EPE-CFP","2543865921","191","11 Jul, 2021 @ 12:17am","2021-07-11 00:17","","Share to your Steam activity feed","False","0","","","0","0","","","","","","False","False","False","","UNVERIFIED","UNRESOLVED","No content-verified first-pass relationship is sufficient for automatic resolution."
"3268020725|1","MedievalImmersion","MI","3268020725","1","21 Jul @ 12:12pm","2026-07-21 12:12","","","False","2","140514d126037cc8a0f53fc6802e3f5e0cf71fd6|4110c9c2689b261b236d5030e78a1d797799bb26","NORMAL","0","0","","","","","","False","False","False","","UNVERIFIED","UNRESOLVED","No content-verified first-pass relationship is sufficient for automatic resolution."
"3268020725|2","MedievalImmersion","MI","3268020725","2","19 Jul @ 4:53pm","2026-07-19 16:53","","*Updated for latest patch","False","2","140514d126037cc8a0f53fc6802e3f5e0cf71fd6|4110c9c2689b261b236d5030e78a1d797799bb26","NORMAL","0","0","","","","","","False","False","False","","UNVERIFIED","UNRESOLVED","No content-verified first-pass relationship is sufficient for automatic resolution."
"3268020725|3","MedievalImmersion","MI","3268020725","3","30 Dec, 2025 @ 12:43pm","2025-12-30 12:43","","Fixed bug that caused CTD","False","1","734cf8921680212b8b4ba5147751d8f6fc951c8c","NORMAL","0","0","","","","","","False","False","False","","UNVERIFIED","UNRESOLVED","No content-verified first-pass relationship is sufficient for automatic resolution."
"3268020725|4","MedievalImmersion","MI","3268020725","4","21 Dec, 2025 @ 1:27pm","2025-12-21 13:27","","Added Hexi culture to Hexi corridor","False","0","","","0","0","","","","","","False","False","False","","UNVERIFIED","UNRESOLVED","No content-verified first-pass relationship is sufficient for automatic resolution."
"3268020725|5","MedievalImmersion","MI","3268020725","5","16 Dec, 2025 @ 2:50pm","2025-12-16 14:50","","Removed redundant file","False","0","","","0","0","","","","","","False","False","False","","UNVERIFIED","UNRESOLVED","No content-verified first-pass relationship is sufficient for automatic resolution."
"3268020725|6","MedievalImmersion","MI","3268020725","6","16 Dec, 2025 @ 2:35pm","2025-12-16 14:35","","Fixed Spelling Error","False","0","","","0","0","","","","","","False","False","False","","UNVERIFIED","UNRESOLVED","No content-verified first-pass relationship is sufficient for automatic resolution."
"3268020725|7","MedievalImmersion","MI","3268020725","7","13 Dec, 2025 @ 11:53am","2025-12-13 11:53","","Updated descriptor","False","0","","","0","0","","","","","","False","False","False","","UNVERIFIED","UNRESOLVED","No content-verified first-pass relationship is sufficient for automatic resolution."
"3268020725|8","MedievalImmersion","MI","3268020725","8","12 Dec, 2025 @ 9:47pm","2025-12-12 21:47","","Updated to latest patch plus minor bugfixes","False","0","","","0","0","","","","","","False","False","False","","UNVERIFIED","UNRESOLVED","No content-verified first-pass relationship is sufficient for automatic resolution."
"3268020725|9","MedievalImmersion","MI","3268020725","9","8 Dec, 2025 @ 4:58pm","2025-12-08 16:58","","bug fixes","False","0","","","0","0","","","","","","False","False","False","","UNVERIFIED","UNRESOLVED","No content-verified first-pass relationship is sufficient for automatic resolution."
"3268020725|10","MedievalImmersion","MI","3268020725","10","8 Dec, 2025 @ 4:56pm","2025-12-08 16:56","","Share to your Steam activity feed","False","0","","","0","0","","","","","","False","False","False","","UNVERIFIED","UNRESOLVED","No content-verified first-pass relationship is sufficient for automatic resolution."
"3268020725|11","MedievalImmersion","MI","3268020725","11","27 Nov, 2025 @ 5:52pm","2025-11-27 17:52","","minor bugfixes I forgot to include in the last main update","False","0","","","0","0","","","","","","False","False","False","","UNVERIFIED","UNRESOLVED","No content-verified first-pass relationship is sufficient for automatic resolution."
"3268020725|12","MedievalImmersion","MI","3268020725","12","27 Nov, 2025 @ 5:08pm","2025-11-27 17:08","","-added Tamna culture","False","0","","","0","0","","","","","","False","False","False","","UNVERIFIED","UNRESOLVED","No content-verified first-pass relationship is sufficient for automatic resolution."
"3268020725|13","MedievalImmersion","MI","3268020725","13","15 Nov, 2025 @ 9:31am","2025-11-15 09:31","","Minor bugfix","False","1","5b472603f6df7d88a26e7e0fa3a8eeada748b6d1","NORMAL","0","0","","","","","","False","False","False","","UNVERIFIED","UNRESOLVED","No content-verified first-pass relationship is sufficient for automatic resolution."
"3268020725|14","MedievalImmersion","MI","3268020725","14","14 Nov, 2025 @ 6:01pm","2025-11-14 18:01","","Fixed bug that did not allow members of the Robertians to form the house of Capet when they controlled the Kingdom of France","False","1","5b472603f6df7d88a26e7e0fa3a8eeada748b6d1","NORMAL","0","0","","","","","","False","False","False","","UNVERIFIED","UNRESOLVED","No content-verified first-pass relationship is sufficient for automatic resolution."
"3268020725|15","MedievalImmersion","MI","3268020725","15","14 Nov, 2025 @ 4:55pm","2025-11-14 16:55","","Minor bugfix","False","1","5b472603f6df7d88a26e7e0fa3a8eeada748b6d1","NORMAL","0","0","","","","","","False","False","False","","UNVERIFIED","UNRESOLVED","No content-verified first-pass relationship is sufficient for automatic resolution."
"3268020725|16","MedievalImmersion","MI","3268020725","16","14 Nov, 2025 @ 4:51pm","2025-11-14 16:51","","Minor bugfix","False","1","5b472603f6df7d88a26e7e0fa3a8eeada748b6d1","NORMAL","0","0","","","","","","False","False","False","","UNVERIFIED","UNRESOLVED","No content-verified first-pass relationship is sufficient for automatic resolution."
"3268020725|17","MedievalImmersion","MI","3268020725","17","14 Nov, 2025 @ 2:40pm","2025-11-14 14:40","","Updated for 1.18.1.1","False","1","5b472603f6df7d88a26e7e0fa3a8eeada748b6d1","NORMAL","0","0","","","","","","False","False","False","","UNVERIFIED","UNRESOLVED","No content-verified first-pass relationship is sufficient for automatic resolution."
"3268020725|18","MedievalImmersion","MI","3268020725","18","12 Nov, 2025 @ 7:23pm","2025-11-12 19:23","","Forgot about Siam. Updated for its decision to work.","False","1","5b472603f6df7d88a26e7e0fa3a8eeada748b6d1","NORMAL","0","0","","","","","","False","False","False","","UNVERIFIED","UNRESOLVED","No content-verified first-pass relationship is sufficient for automatic resolution."
"3268020725|19","MedievalImmersion","MI","3268020725","19","12 Nov, 2025 @ 6:44pm","2025-11-12 18:44","","General Changes:","False","1","5b472603f6df7d88a26e7e0fa3a8eeada748b6d1","NORMAL","0","0","","","","","","False","False","False","","UNVERIFIED","UNRESOLVED","No content-verified first-pass relationship is sufficient for automatic resolution."
"3268020725|20","MedievalImmersion","MI","3268020725","20","13 Aug, 2025 @ 9:38am","2025-08-13 09:38","","Split Indo-Aryan culture group into West Aryan, East Aryan, and Insular Aryan. Added Dhivehi and Bihari cultures. Updated faith icons.","False","0","","","0","0","","","","","","False","False","False","","UNVERIFIED","UNRESOLVED","No content-verified first-pass relationship is sufficient for automatic resolution."
"3268020725|21","MedievalImmersion","MI","3268020725","21","27 May, 2025 @ 4:23pm","2025-05-27 16:23","","-Updated for latest patch","False","0","","","0","0","","","","","","False","False","False","","UNVERIFIED","UNRESOLVED","No content-verified first-pass relationship is sufficient for automatic resolution."
"3268020725|22","MedievalImmersion","MI","3268020725","22","8 Apr, 2025 @ 1:50pm","2025-04-08 13:50","","-Updated culture groups to incorporate those from recent updates.","False","0","","","0","0","","","","","","False","False","False","","UNVERIFIED","UNRESOLVED","No content-verified first-pass relationship is sufficient for automatic resolution."
"3268020725|23","MedievalImmersion","MI","3268020725","23","22 Jun, 2024 @ 3:25pm","2024-06-22 15:25","","Fixed a bug in which the duchy of Istria is not a de-jure part of Carinthia in the 1066 startdate","False","0","","","0","0","","","","","","False","False","False","","UNVERIFIED","UNRESOLVED","No content-verified first-pass relationship is sufficient for automatic resolution."
"3268020725|24","MedievalImmersion","MI","3268020725","24","22 Jun, 2024 @ 2:59pm","2024-06-22 14:59","","Added many historical titles from late antiquity (not playable just for flavor), as well as their rulers","False","0","","","0","0","","","","","","False","False","False","","UNVERIFIED","UNRESOLVED","No content-verified first-pass relationship is sufficient for automatic resolution."
"3268020725|25","MedievalImmersion","MI","3268020725","25","19 Jun, 2024 @ 5:22pm","2024-06-19 17:22","","Fixed an issue in which some counties had the wrong names or were assigned the wrong duchies.","False","0","","","0","0","","","","","","False","False","False","","UNVERIFIED","UNRESOLVED","No content-verified first-pass relationship is sufficient for automatic resolution."
"3268020725|26","MedievalImmersion","MI","3268020725","26","15 Jun, 2024 @ 11:04am","2024-06-15 11:04","","Fixed an issue with the county of Hereford not being in the Welsh Marches duchy in the 1066 start.","False","0","","","0","0","","","","","","False","False","False","","UNVERIFIED","UNRESOLVED","No content-verified first-pass relationship is sufficient for automatic resolution."
"3268020725|27","MedievalImmersion","MI","3268020725","27","14 Jun, 2024 @ 9:05pm","2024-06-14 21:05","","Share to your Steam activity feed","False","0","","","0","0","","","","","","False","False","False","","UNVERIFIED","UNRESOLVED","No content-verified first-pass relationship is sufficient for automatic resolution."
"3726274827|1","MPE","MPE","3726274827","1","7 Aug @ 7:03pm","2026-08-07 19:03","","Various fixes,","False","1","d4aaebb1f911bb711138e8d12533cf022f2f1f75","NORMAL","0","0","","","","","","False","False","False","","UNVERIFIED","UNRESOLVED","No content-verified first-pass relationship is sufficient for automatic resolution."
"3726274827|2","MPE","MPE","3726274827","2","10 Jul @ 12:39am","2026-07-10 00:39","","Africa, Middle Kingdom, Land of Juche, and Riben Guizi.","False","1","3273a06395ca26775180f80c19adcba89fbe4fe3","NORMAL","1","1","3726274827|2","3726274827|2","UNIQUE_PROJECTED_GIT_MATCH","BIDIRECTIONAL_UNIQUE","3273a06395ca26775180f80c19adcba89fbe4fe3","False","False","False","","KNOWN + EXISTING","STRONG","Content-verified archive uniquely matches an Analysis 05 Git candidate and the Steam/Skymods temporal relationship is bidirectionally unique."
"3726274827|3","MPE","MPE","3726274827","3","10 Jul @ 12:34am","2026-07-10 00:34","","","False","1","3273a06395ca26775180f80c19adcba89fbe4fe3","NORMAL","0","0","","","","","","False","False","False","","UNVERIFIED","UNRESOLVED","No content-verified first-pass relationship is sufficient for automatic resolution."
"3726274827|4","MPE","MPE","3726274827","4","18 Jun @ 4:31am","2026-06-18 04:31","","South East Asia massive rework.","False","1","19b72a1ccc1c9b4b5aed39b07175cd07cf8c9fe5","NORMAL","0","0","","","","","","False","False","False","","UNVERIFIED","UNRESOLVED","No content-verified first-pass relationship is sufficient for automatic resolution."
"3726274827|5","MPE","MPE","3726274827","5","20 May @ 10:40pm","2026-05-20 22:40","","Medieval Arts fixes","False","3","2b645ef19806ff0fc1030944bba5f607da2e25d8|bda26e2f7f05946fad97191229afe72c6d9a3f9e|c88f6de5838518fb3721392953db7bf1e47afc59","NORMAL","1","1","3726274827|4","3726274827|4","UNIQUE_PROJECTED_GIT_MATCH","BIDIRECTIONAL_UNIQUE","2b645ef19806ff0fc1030944bba5f607da2e25d8","False","False","False","","KNOWN + EXISTING","STRONG","Content-verified archive uniquely matches an Analysis 05 Git candidate and the Steam/Skymods temporal relationship is bidirectionally unique."
"3726274827|6","MPE","MPE","3726274827","6","17 May @ 11:36pm","2026-05-17 23:36","","Winter severity","False","3","2b645ef19806ff0fc1030944bba5f607da2e25d8|bda26e2f7f05946fad97191229afe72c6d9a3f9e|c88f6de5838518fb3721392953db7bf1e47afc59","NORMAL","0","0","","","","","","False","False","False","","UNVERIFIED","UNRESOLVED","No content-verified first-pass relationship is sufficient for automatic resolution."
"3726274827|7","MPE","MPE","3726274827","7","17 May @ 2:34am","2026-05-17 02:34","","","False","3","2b645ef19806ff0fc1030944bba5f607da2e25d8|bda26e2f7f05946fad97191229afe72c6d9a3f9e|c88f6de5838518fb3721392953db7bf1e47afc59","NORMAL","1","1","3726274827|5","3726274827|5","UNIQUE_PROJECTED_GIT_MATCH","BIDIRECTIONAL_UNIQUE","bda26e2f7f05946fad97191229afe72c6d9a3f9e","False","False","False","","KNOWN + EXISTING","STRONG","Content-verified archive uniquely matches an Analysis 05 Git candidate and the Steam/Skymods temporal relationship is bidirectionally unique."
"3726274827|8","MPE","MPE","3726274827","8","16 May @ 3:46am","2026-05-16 03:46","","RICE files in COMPATCH folder","False","3","2b645ef19806ff0fc1030944bba5f607da2e25d8|bda26e2f7f05946fad97191229afe72c6d9a3f9e|c88f6de5838518fb3721392953db7bf1e47afc59","NORMAL","0","0","","","","","","False","False","False","","UNVERIFIED","UNRESOLVED","No content-verified first-pass relationship is sufficient for automatic resolution."
"3726274827|9","MPE","MPE","3726274827","9","15 May @ 1:28am","2026-05-15 01:28","","Share to your Steam activity feed","False","3","2b645ef19806ff0fc1030944bba5f607da2e25d8|bda26e2f7f05946fad97191229afe72c6d9a3f9e|c88f6de5838518fb3721392953db7bf1e47afc59","NORMAL","0","0","","","","","","False","False","False","","UNVERIFIED","UNRESOLVED","No content-verified first-pass relationship is sufficient for automatic resolution."
"2273832430|1","RICE","RICE","2273832430","1","14 Aug @ 12:14pm","2026-08-14 12:14","Version 1.19.2.a Hotfix for ""Al-Andalus""","Version 1.19.2.a Hotfix for ""Al-Andalus""","False","1","1e4238bd030ef259bcae60147126f3cc9c950ceb","NORMAL","0","0","","","","","","False","False","False","","UNVERIFIED","UNRESOLVED","No content-verified first-pass relationship is sufficient for automatic resolution."
"2273832430|2","RICE","RICE","2273832430","2","26 Jul @ 12:25pm","2026-07-26 12:25","Version 1.19.2 ""Al-Andalus""","Version 1.19.2 ""Al-Andalus""","False","1","9a3484844539b6a48bad484b98d189216412077d","NORMAL","1","1","2273832430|1","2273832430|1","UNIQUE_PROJECTED_GIT_MATCH","BIDIRECTIONAL_UNIQUE","9a3484844539b6a48bad484b98d189216412077d","False","False","False","","KNOWN + EXISTING","STRONG","Content-verified archive uniquely matches an Analysis 05 Git candidate and the Steam/Skymods temporal relationship is bidirectionally unique."
"2273832430|3","RICE","RICE","2273832430","3","10 Jul @ 11:40am","2026-07-10 11:40","Version 1.19.1 ""Pacific""","Version 1.19.1 ""Pacific""","False","1","9a8ce64d80233a6e638a628b3db4bbcea64c3ebb","NORMAL","1","1","2273832430|2","2273832430|2","UNIQUE_PROJECTED_GIT_MATCH","BIDIRECTIONAL_UNIQUE","9a8ce64d80233a6e638a628b3db4bbcea64c3ebb","False","False","False","","KNOWN + EXISTING","STRONG","Content-verified archive uniquely matches an Analysis 05 Git candidate and the Steam/Skymods temporal relationship is bidirectionally unique."
"2273832430|4","RICE","RICE","2273832430","4","15 May @ 1:16pm","2026-05-15 13:16","Version 1.19.0.b Hotfix for ""Strait of Malacca""","Version 1.19.0.b Hotfix for ""Strait of Malacca""","False","1","4615a5c22b57137e721bbc088bf3847b0b524045","NORMAL","1","1","2273832430|3","2273832430|3","UNIQUE_PROJECTED_GIT_MATCH","BIDIRECTIONAL_UNIQUE","4615a5c22b57137e721bbc088bf3847b0b524045","False","False","False","","KNOWN + EXISTING","STRONG","Content-verified archive uniquely matches an Analysis 05 Git candidate and the Steam/Skymods temporal relationship is bidirectionally unique."
"2273832430|5","RICE","RICE","2273832430","5","2 May @ 3:53pm","2026-05-02 15:53","Version 1.19.0.a Hotfix for ""Strait of Malacca""","Version 1.19.0.a Hotfix for ""Strait of Malacca""","False","2","d3f0ed7d2ba5c7fe349d23e4c90bd7bfdf25b5a4|dd84e726f4a52dd2a25804a07605f7d0f8b147ad","NORMAL","1","1","2273832430|4","2273832430|4","UNIQUE_PROJECTED_GIT_MATCH","BIDIRECTIONAL_UNIQUE","d3f0ed7d2ba5c7fe349d23e4c90bd7bfdf25b5a4","False","False","False","","KNOWN + EXISTING","STRONG","Content-verified archive uniquely matches an Analysis 05 Git candidate and the Steam/Skymods temporal relationship is bidirectionally unique."
"2273832430|6","RICE","RICE","2273832430","6","28 Apr @ 12:04pm","2026-04-28 12:04","","“All the merchants from above the winds and below the winds came to Melaka [...] It was named Malakat by all the Arabs, meaning the meeting place of all merchants, because there are many different types of commerce there.”","False","3","857b1d0f4a5be85306d3c9bc9658f8da21a8b0d7|d3f0ed7d2ba5c7fe349d23e4c90bd7bfdf25b5a4|dd84e726f4a52dd2a25804a07605f7d0f8b147ad","NORMAL","0","0","","","","","","False","False","False","","UNVERIFIED","UNRESOLVED","No content-verified first-pass relationship is sufficient for automatic resolution."
"2273832430|7","RICE","RICE","2273832430","7","28 Mar @ 11:29am","2026-03-28 11:29","","“Whoever is bound for the Land of the Zanj sails past Socotra. The majority of its population are Christian Arabs. Thence are delivered aloe and the resin of a tree which grows only on this island.”","False","1","857b1d0f4a5be85306d3c9bc9658f8da21a8b0d7","NORMAL","1","1","2273832430|5","2273832430|5","UNIQUE_PROJECTED_GIT_MATCH","BIDIRECTIONAL_UNIQUE","857b1d0f4a5be85306d3c9bc9658f8da21a8b0d7","False","False","False","","KNOWN + EXISTING","STRONG","Content-verified archive uniquely matches an Analysis 05 Git candidate and the Steam/Skymods temporal relationship is bidirectionally unique."
"2273832430|8","RICE","RICE","2273832430","8","9 Feb @ 10:48pm","2026-02-09 22:48","Version 1.18.1.b Hotfix for ""Saint Patrick""","Version 1.18.1.b Hotfix for ""Saint Patrick""","False","3","49e14a0204f299d58a4faa2d0ea74d21a1fbbcd5|9e37de2ebb79670977fa6a1f7ac4c334f2b6400f|e2f5f564b25bd86dd6517cc40bf7442475aed41c","NORMAL","1","1","2273832430|6","2273832430|6","UNIQUE_PROJECTED_GIT_MATCH","BIDIRECTIONAL_UNIQUE","e2f5f564b25bd86dd6517cc40bf7442475aed41c","False","False","False","","KNOWN + EXISTING","STRONG","Content-verified archive uniquely matches an Analysis 05 Git candidate and the Steam/Skymods temporal relationship is bidirectionally unique."
"2273832430|9","RICE","RICE","2273832430","9","7 Feb @ 1:01pm","2026-02-07 13:01","Version 1.18.1.a Hotfix for ""Saint Patrick""","Version 1.18.1.a Hotfix for ""Saint Patrick""","False","3","49e14a0204f299d58a4faa2d0ea74d21a1fbbcd5|9e37de2ebb79670977fa6a1f7ac4c334f2b6400f|e2f5f564b25bd86dd6517cc40bf7442475aed41c","NORMAL","1","1","2273832430|7","2273832430|7","UNIQUE_PROJECTED_GIT_MATCH","BIDIRECTIONAL_UNIQUE","49e14a0204f299d58a4faa2d0ea74d21a1fbbcd5","False","False","False","","KNOWN + EXISTING","STRONG","Content-verified archive uniquely matches an Analysis 05 Git candidate and the Steam/Skymods temporal relationship is bidirectionally unique."
"2273832430|10","RICE","RICE","2273832430","10","2 Feb @ 12:04am","2026-02-02 00:04","Version 1.18.1 ""Saint Patrick""","Version 1.18.1 ""Saint Patrick""","False","2","49e14a0204f299d58a4faa2d0ea74d21a1fbbcd5|9e37de2ebb79670977fa6a1f7ac4c334f2b6400f","NORMAL","1","1","2273832430|8","2273832430|8","UNIQUE_PROJECTED_GIT_MATCH","BIDIRECTIONAL_UNIQUE","9e37de2ebb79670977fa6a1f7ac4c334f2b6400f","False","False","False","","KNOWN + EXISTING","STRONG","Content-verified archive uniquely matches an Analysis 05 Git candidate and the Steam/Skymods temporal relationship is bidirectionally unique."
"2273832430|11","RICE","RICE","2273832430","11","17 Dec, 2025 @ 10:03pm","2025-12-17 22:03","Version 1.18.0.c Hotfix ""Scholar-Gentry""","Version 1.18.0.c Hotfix ""Scholar-Gentry""","False","3","3fccb9af9d3a57422f919b096eee2e1f9aca1f88|dcb50b0af9410c380ba4da4ed5d25e9b1a0540d2|e3c5eb10aeee7604aec826fc62fcbc53d64284ec","NORMAL","1","1","2273832430|9","2273832430|9","UNIQUE_PROJECTED_GIT_MATCH","BIDIRECTIONAL_UNIQUE","3fccb9af9d3a57422f919b096eee2e1f9aca1f88","False","False","False","","KNOWN + EXISTING","STRONG","Content-verified archive uniquely matches an Analysis 05 Git candidate and the Steam/Skymods temporal relationship is bidirectionally unique."
"2273832430|12","RICE","RICE","2273832430","12","13 Dec, 2025 @ 10:59pm","2025-12-13 22:59","Version 1.18.0.b Hotfix ""Scholar-Gentry""","Version 1.18.0.b Hotfix ""Scholar-Gentry""","False","3","3fccb9af9d3a57422f919b096eee2e1f9aca1f88|dcb50b0af9410c380ba4da4ed5d25e9b1a0540d2|e3c5eb10aeee7604aec826fc62fcbc53d64284ec","NORMAL","1","1","2273832430|10","2273832430|10","UNIQUE_PROJECTED_GIT_MATCH","BIDIRECTIONAL_UNIQUE","dcb50b0af9410c380ba4da4ed5d25e9b1a0540d2","False","False","False","","KNOWN + EXISTING","STRONG","Content-verified archive uniquely matches an Analysis 05 Git candidate and the Steam/Skymods temporal relationship is bidirectionally unique."
"2273832430|13","RICE","RICE","2273832430","13","9 Dec, 2025 @ 9:39pm","2025-12-09 21:39","Version 1.18.0.a Hotfix ""Scholar-Gentry""","Version 1.18.0.a Hotfix ""Scholar-Gentry""","False","4","138913511f7cc9aefa55a8c70b4546ee8509d5f6|928fd31902aae67f7ed963ea988f98ed8a9746b2|dcb50b0af9410c380ba4da4ed5d25e9b1a0540d2|e3c5eb10aeee7604aec826fc62fcbc53d64284ec","NORMAL","1","1","2273832430|11","2273832430|11","UNIQUE_PROJECTED_GIT_MATCH","BIDIRECTIONAL_UNIQUE","928fd31902aae67f7ed963ea988f98ed8a9746b2","False","False","False","","KNOWN + EXISTING","STRONG","Content-verified archive uniquely matches an Analysis 05 Git candidate and the Steam/Skymods temporal relationship is bidirectionally unique."
"2273832430|14","RICE","RICE","2273832430","14","9 Dec, 2025 @ 12:27am","2025-12-09 00:27","Version 1.18.0 ""Scholar-Gentry""","Version 1.18.0 ""Scholar-Gentry""","False","4","138913511f7cc9aefa55a8c70b4546ee8509d5f6|928fd31902aae67f7ed963ea988f98ed8a9746b2|dcb50b0af9410c380ba4da4ed5d25e9b1a0540d2|e3c5eb10aeee7604aec826fc62fcbc53d64284ec","NORMAL","0","0","","","","","","False","False","False","","UNVERIFIED","UNRESOLVED","No content-verified first-pass relationship is sufficient for automatic resolution."
"2273832430|15","RICE","RICE","2273832430","15","3 Oct, 2025 @ 10:34pm","2025-10-03 22:34","Version 1.17.0.a Hotfix for ""Makuria""","Version 1.17.0.a Hotfix for ""Makuria""","False","0","","","0","0","","","","","","False","False","False","","UNVERIFIED","UNRESOLVED","No content-verified first-pass relationship is sufficient for automatic resolution."
"2273832430|16","RICE","RICE","2273832430","16","30 Sep, 2025 @ 12:24am","2025-09-30 00:24","Version 1.17.0 ""Makuria""","Version 1.17.0 ""Makuria""","False","0","","","0","0","","","","","","False","False","False","","UNVERIFIED","UNRESOLVED","No content-verified first-pass relationship is sufficient for automatic resolution."
"2273832430|17","RICE","RICE","2273832430","17","3 Jul, 2025 @ 6:30pm","2025-07-03 18:30","","Fixed issues with the Spanish translation of the Manichean localization by fixing the relevant file's encoding","False","0","","","0","0","","","","","","False","False","False","","UNVERIFIED","UNRESOLVED","No content-verified first-pass relationship is sufficient for automatic resolution."
"2273832430|18","RICE","RICE","2273832430","18","28 Jun, 2025 @ 9:07pm","2025-06-28 21:07","Version 1.16.1.b Hotfix for ""Cao'an","Version 1.16.1.b Hotfix for ""Cao'an","False","0","","","0","0","","","","","","False","False","False","","UNVERIFIED","UNRESOLVED","No content-verified first-pass relationship is sufficient for automatic resolution."
"2273832430|19","RICE","RICE","2273832430","19","24 Jun, 2025 @ 8:52pm","2025-06-24 20:52","Version 1.16.1.a Hotfix for ""Cao'an","Version 1.16.1.a Hotfix for ""Cao'an","False","0","","","0","0","","","","","","False","False","False","","UNVERIFIED","UNRESOLVED","No content-verified first-pass relationship is sufficient for automatic resolution."
"2273832430|20","RICE","RICE","2273832430","20","17 Jun, 2025 @ 9:01pm","2025-06-17 21:01","Version 1.16.1 ""Cao'an","Version 1.16.1 ""Cao'an","False","0","","","0","0","","","","","","False","False","False","","UNVERIFIED","UNRESOLVED","No content-verified first-pass relationship is sufficient for automatic resolution."
"2273832430|21","RICE","RICE","2273832430","21","31 May, 2025 @ 1:33pm","2025-05-31 13:33","Version 1.16.0.b Hotfix for ""Buddha of Light""","Version 1.16.0.b Hotfix for ""Buddha of Light""","False","0","","","0","0","","","","","","False","False","False","","UNVERIFIED","UNRESOLVED","No content-verified first-pass relationship is sufficient for automatic resolution."
"2273832430|22","RICE","RICE","2273832430","22","20 May, 2025 @ 9:10pm","2025-05-20 21:10","Version 1.16.0.a Hotfix for ""Buddha of Light""","Version 1.16.0.a Hotfix for ""Buddha of Light""","False","0","","","0","0","","","","","","False","False","False","","UNVERIFIED","UNRESOLVED","No content-verified first-pass relationship is sufficient for automatic resolution."
"2273832430|23","RICE","RICE","2273832430","23","19 May, 2025 @ 12:47am","2025-05-19 00:47","Version 1.16.0 ""Buddha of Light""","Version 1.16.0 ""Buddha of Light""","False","0","","","0","0","","","","","","False","False","False","","UNVERIFIED","UNRESOLVED","No content-verified first-pass relationship is sufficient for automatic resolution."
"2273832430|24","RICE","RICE","2273832430","24","28 Mar, 2025 @ 9:44pm","2025-03-28 21:44","Version 1.15.0 ""Ladakh""","Version 1.15.0 ""Ladakh""","False","0","","","0","0","","","","","","False","False","False","","UNVERIFIED","UNRESOLVED","No content-verified first-pass relationship is sufficient for automatic resolution."
"2273832430|25","RICE","RICE","2273832430","25","7 Mar, 2025 @ 10:13pm","2025-03-07 22:13","Version 1.14.2.a Hotfix for ""Rus""","Version 1.14.2.a Hotfix for ""Rus""","False","0","","","0","0","","","","","","False","False","False","","UNVERIFIED","UNRESOLVED","No content-verified first-pass relationship is sufficient for automatic resolution."
"2273832430|26","RICE","RICE","2273832430","26","4 Mar, 2025 @ 12:10am","2025-03-04 00:10","Version 1.14.2 ""Rus""","Version 1.14.2 ""Rus""","False","0","","","0","0","","","","","","False","False","False","","UNVERIFIED","UNRESOLVED","No content-verified first-pass relationship is sufficient for automatic resolution."
"2273832430|27","RICE","RICE","2273832430","27","16 Feb, 2025 @ 12:44am","2025-02-16 00:44","Version 1.14.1.b Hotfix for ""Padmasambhava""","Version 1.14.1.b Hotfix for ""Padmasambhava""","False","0","","","0","0","","","","","","False","False","False","","UNVERIFIED","UNRESOLVED","No content-verified first-pass relationship is sufficient for automatic resolution."
"2273832430|28","RICE","RICE","2273832430","28","10 Feb, 2025 @ 10:52pm","2025-02-10 22:52","Version 1.14.1.a Hotfix for ""Padmasambhava""","Version 1.14.1.a Hotfix for ""Padmasambhava""","False","0","","","0","0","","","","","","False","False","False","","UNVERIFIED","UNRESOLVED","No content-verified first-pass relationship is sufficient for automatic resolution."
"2273832430|29","RICE","RICE","2273832430","29","5 Feb, 2025 @ 11:22pm","2025-02-05 23:22","Version 1.14.1 ""Padmasambhava""","Version 1.14.1 ""Padmasambhava""","False","0","","","0","0","","","","","","False","False","False","","UNVERIFIED","UNRESOLVED","No content-verified first-pass relationship is sufficient for automatic resolution."
"2273832430|30","RICE","RICE","2273832430","30","2 Dec, 2024 @ 12:10am","2024-12-02 00:10","Version 1.14.0.a Hotfix for ""Hyecho""","Version 1.14.0.a Hotfix for ""Hyecho""","False","0","","","0","0","","","","","","False","False","False","","UNVERIFIED","UNRESOLVED","No content-verified first-pass relationship is sufficient for automatic resolution."
"2273832430|31","RICE","RICE","2273832430","31","21 Nov, 2024 @ 12:00pm","2024-11-21 12:00","Version 1.14.0 ""Hyecho""","Version 1.14.0 ""Hyecho""","False","0","","","0","0","","","","","","False","False","False","","UNVERIFIED","UNRESOLVED","No content-verified first-pass relationship is sufficient for automatic resolution."
"2273832430|32","RICE","RICE","2273832430","32","21 Nov, 2024 @ 11:57am","2024-11-21 11:57","","Missed a few things","False","0","","","0","0","","","","","","False","False","False","","UNVERIFIED","UNRESOLVED","No content-verified first-pass relationship is sufficient for automatic resolution."
"2273832430|33","RICE","RICE","2273832430","33","21 Nov, 2024 @ 11:56am","2024-11-21 11:56","","","False","0","","","0","0","","","","","","False","False","False","","UNVERIFIED","UNRESOLVED","No content-verified first-pass relationship is sufficient for automatic resolution."
"2273832430|34","RICE","RICE","2273832430","34","29 Oct, 2024 @ 9:49pm","2024-10-29 21:49","Version 1.13.1 ""Alexiad""","Version 1.13.1 ""Alexiad""","False","0","","","0","0","","","","","","False","False","False","","UNVERIFIED","UNRESOLVED","No content-verified first-pass relationship is sufficient for automatic resolution."
"2273832430|35","RICE","RICE","2273832430","35","12 Oct, 2024 @ 10:35pm","2024-10-12 22:35","Version 1.13.0.a Hotfix for ""Anna Komnene""","Version 1.13.0.a Hotfix for ""Anna Komnene""","False","0","","","0","0","","","","","","False","False","False","","UNVERIFIED","UNRESOLVED","No content-verified first-pass relationship is sufficient for automatic resolution."
"2273832430|36","RICE","RICE","2273832430","36","6 Oct, 2024 @ 3:11am","2024-10-06 03:11","Version 1.3.0 Mini-Hotfix","Version 1.3.0 Mini-Hotfix","False","15","138913511f7cc9aefa55a8c70b4546ee8509d5f6|1e4238bd030ef259bcae60147126f3cc9c950ceb|3fccb9af9d3a57422f919b096eee2e1f9aca1f88|4615a5c22b57137e721bbc088bf3847b0b524045|49e14a0204f299d58a4faa2d0ea74d21a1fbbcd5|857b1d0f4a5be85306d3c9bc9658f8da21a8b0d7|928fd31902aae67f7ed963ea988f98ed8a9746b2|9a3484844539b6a48bad484b98d189216412077d|9a8ce64d80233a6e638a628b3db4bbcea64c3ebb|9e37de2ebb79670977fa6a1f7ac4c334f2b6400f|d3f0ed7d2ba5c7fe349d23e4c90bd7bfdf25b5a4|dcb50b0af9410c380ba4da4ed5d25e9b1a0540d2|dd84e726f4a52dd2a25804a07605f7d0f8b147ad|e2f5f564b25bd86dd6517cc40bf7442475aed41c|e3c5eb10aeee7604aec826fc62fcbc53d64284ec","NORMAL","1","1","2273832430|29","2273832430|29","NO_PROJECTED_GIT_MATCH","BIDIRECTIONAL_UNIQUE","","False","False","False","","UNVERIFIED","UNRESOLVED","The archive is bidirectionally anchored to this Steam event, but no exact projected Git match exists among the tested Analysis 09 candidates. Candidate-limited absence does not prove that the content is absent from all historical Git snapshots, so an exhaustive same-repository comparison is required before assigning RECOVERED."
"2273832430|37","RICE","RICE","2273832430","37","5 Oct, 2024 @ 11:08pm","2024-10-05 23:08","Version 1.13.0 ""Anna Komnene""","Version 1.13.0 ""Anna Komnene""","False","0","","","0","0","","","","","","False","False","False","","UNVERIFIED","UNRESOLVED","No content-verified first-pass relationship is sufficient for automatic resolution."
"2273832430|38","RICE","RICE","2273832430","38","8 Sep, 2024 @ 10:44pm","2024-09-08 22:44","Version 1.12.3 ""Syracuse""","Version 1.12.3 ""Syracuse""","False","0","","","0","0","","","","","","False","False","False","","UNVERIFIED","UNRESOLVED","No content-verified first-pass relationship is sufficient for automatic resolution."
"2273832430|39","RICE","RICE","2273832430","39","31 Aug, 2024 @ 11:14pm","2024-08-31 23:14","Version 1.12.2.b Hotfix for ""Palermo""","Version 1.12.2.b Hotfix for ""Palermo""","False","0","","","0","0","","","","","","False","False","False","","UNVERIFIED","UNRESOLVED","No content-verified first-pass relationship is sufficient for automatic resolution."
"2273832430|40","RICE","RICE","2273832430","40","30 Aug, 2024 @ 12:51am","2024-08-30 00:51","Version 1.12.2.a Hotfix for ""Palermo""","Version 1.12.2.a Hotfix for ""Palermo""","False","0","","","0","0","","","","","","False","False","False","","UNVERIFIED","UNRESOLVED","No content-verified first-pass relationship is sufficient for automatic resolution."
"2273832430|41","RICE","RICE","2273832430","41","28 Aug, 2024 @ 12:35am","2024-08-28 00:35","Version 1.12.2 ""Palermo""","Version 1.12.2 ""Palermo""","False","0","","","0","0","","","","","","False","False","False","","UNVERIFIED","UNRESOLVED","No content-verified first-pass relationship is sufficient for automatic resolution."
"2273832430|42","RICE","RICE","2273832430","42","30 Mar, 2024 @ 12:05pm","2024-03-30 12:05","Version 1.12.1.a Hotfix for ""Dioscorida""","Version 1.12.1.a Hotfix for ""Dioscorida""","False","0","","","0","0","","","","","","False","False","False","","UNVERIFIED","UNRESOLVED","No content-verified first-pass relationship is sufficient for automatic resolution."
"2273832430|43","RICE","RICE","2273832430","43","16 Mar, 2024 @ 10:21pm","2024-03-16 22:21","Version 1.12.1 ""Dioscorida""","Version 1.12.1 ""Dioscorida""","False","0","","","0","0","","","","","","False","False","False","","UNVERIFIED","UNRESOLVED","No content-verified first-pass relationship is sufficient for automatic resolution."
"2273832430|44","RICE","RICE","2273832430","44","10 Mar, 2024 @ 12:32pm","2024-03-10 12:32","Version 1.12.0.a Hotfix for ""Omotic""","Version 1.12.0.a Hotfix for ""Omotic""","False","0","","","0","0","","","","","","False","False","False","","UNVERIFIED","UNRESOLVED","No content-verified first-pass relationship is sufficient for automatic resolution."
"2273832430|45","RICE","RICE","2273832430","45","7 Mar, 2024 @ 12:58am","2024-03-07 00:58","Version 1.12.0 ""Omotic""","Version 1.12.0 ""Omotic""","False","0","","","0","0","","","","","","False","False","False","","UNVERIFIED","UNRESOLVED","No content-verified first-pass relationship is sufficient for automatic resolution."
"2273832430|46","RICE","RICE","2273832430","46","24 Feb, 2024 @ 2:17am","2024-02-24 02:17","Version 1.11.3 ""Nuraghe""","Version 1.11.3 ""Nuraghe""","False","0","","","0","0","","","","","","False","False","False","","UNVERIFIED","UNRESOLVED","No content-verified first-pass relationship is sufficient for automatic resolution."
"2273832430|47","RICE","RICE","2273832430","47","8 Feb, 2024 @ 11:39pm","2024-02-08 23:39","Version 1.11.2 ""Eleanor of Arborea""","Version 1.11.2 ""Eleanor of Arborea""","False","0","","","0","0","","","","","","False","False","False","","UNVERIFIED","UNRESOLVED","No content-verified first-pass relationship is sufficient for automatic resolution."
"2273832430|48","RICE","RICE","2273832430","48","12 Dec, 2023 @ 12:34am","2023-12-12 00:34","Version 1.11.1 ""Hindu Kush""","Version 1.11.1 ""Hindu Kush""","False","0","","","0","0","","","","","","False","False","False","","UNVERIFIED","UNRESOLVED","No content-verified first-pass relationship is sufficient for automatic resolution."
"2273832430|49","RICE","RICE","2273832430","49","20 Nov, 2023 @ 1:15am","2023-11-20 01:15","Version 1.11.0.a Hotfix for ""Melek Taus""","Version 1.11.0.a Hotfix for ""Melek Taus""","False","0","","","0","0","","","","","","False","False","False","","UNVERIFIED","UNRESOLVED","No content-verified first-pass relationship is sufficient for automatic resolution."
"2273832430|50","RICE","RICE","2273832430","50","11 Nov, 2023 @ 9:36pm","2023-11-11 21:36","Version 1.11.0 ""Melek taus""","Version 1.11.0 ""Melek taus""","False","0","","","0","0","","","","","","False","False","False","","UNVERIFIED","UNRESOLVED","No content-verified first-pass relationship is sufficient for automatic resolution."
"2273832430|51","RICE","RICE","2273832430","51","23 Oct, 2023 @ 1:12am","2023-10-23 01:12","Version 1.10.2 ""Arkona""","Version 1.10.2 ""Arkona""","False","0","","","0","0","","","","","","False","False","False","","UNVERIFIED","UNRESOLVED","No content-verified first-pass relationship is sufficient for automatic resolution."
"2273832430|52","RICE","RICE","2273832430","52","24 Sep, 2023 @ 12:49am","2023-09-24 00:49","Version 1.10.1 ""Sri Pada""","Version 1.10.1 ""Sri Pada""","False","0","","","0","0","","","","","","False","False","False","","UNVERIFIED","UNRESOLVED","No content-verified first-pass relationship is sufficient for automatic resolution."
"2273832430|53","RICE","RICE","2273832430","53","31 Aug, 2023 @ 6:55pm","2023-08-31 18:55","Version 1.10.0.a Hotfix for ""Pali""","Version 1.10.0.a Hotfix for ""Pali""","False","0","","","0","0","","","","","","False","False","False","","UNVERIFIED","UNRESOLVED","No content-verified first-pass relationship is sufficient for automatic resolution."
"2273832430|54","RICE","RICE","2273832430","54","28 Aug, 2023 @ 11:02pm","2023-08-28 23:02","Version 1.10.0 ""Pali""","Version 1.10.0 ""Pali""","False","0","","","0","0","","","","","","False","False","False","","UNVERIFIED","UNRESOLVED","No content-verified first-pass relationship is sufficient for automatic resolution."
"2273832430|55","RICE","RICE","2273832430","55","28 Jun, 2023 @ 11:17pm","2023-06-28 23:17","Version 1.9.2 ""Rouen""","Version 1.9.2 ""Rouen""","False","0","","","0","0","","","","","","False","False","False","","UNVERIFIED","UNRESOLVED","No content-verified first-pass relationship is sufficient for automatic resolution."
"2273832430|56","RICE","RICE","2273832430","56","20 Jun, 2023 @ 11:07pm","2023-06-20 23:07","Version 1.9.1 ""Agadez""","Version 1.9.1 ""Agadez""","False","0","","","0","0","","","","","","False","False","False","","UNVERIFIED","UNRESOLVED","No content-verified first-pass relationship is sufficient for automatic resolution."
"2273832430|57","RICE","RICE","2273832430","57","12 Jun, 2023 @ 6:23pm","2023-06-12 18:23","Version 1.9.0 ""Tagelmust""","Version 1.9.0 ""Tagelmust""","False","0","","","0","0","","","","","","False","False","False","","UNVERIFIED","UNRESOLVED","No content-verified first-pass relationship is sufficient for automatic resolution."
"2273832430|58","RICE","RICE","2273832430","58","18 Apr, 2023 @ 11:00pm","2023-04-18 23:00","Version 1.8.6 ""Jenne""","Version 1.8.6 ""Jenne""","False","0","","","0","0","","","","","","False","False","False","","UNVERIFIED","UNRESOLVED","No content-verified first-pass relationship is sufficient for automatic resolution."
"2273832430|59","RICE","RICE","2273832430","59","11 Apr, 2023 @ 11:12pm","2023-04-11 23:12","Version 1.8.5.b Hotfix for ""William the Conqueror""","Version 1.8.5.b Hotfix for ""William the Conqueror""","False","0","","","0","0","","","","","","False","False","False","","UNVERIFIED","UNRESOLVED","No content-verified first-pass relationship is sufficient for automatic resolution."
"2273832430|60","RICE","RICE","2273832430","60","5 Apr, 2023 @ 10:23pm","2023-04-05 22:23","Version 1.8.5.a Hotfix for ""William the Conqueror""","Version 1.8.5.a Hotfix for ""William the Conqueror""","False","0","","","0","0","","","","","","False","False","False","","UNVERIFIED","UNRESOLVED","No content-verified first-pass relationship is sufficient for automatic resolution."
"2273832430|61","RICE","RICE","2273832430","61","3 Apr, 2023 @ 11:09pm","2023-04-03 23:09","Version 1.8.5 ""William the Conqueror""","Version 1.8.5 ""William the Conqueror""","False","0","","","0","0","","","","","","False","False","False","","UNVERIFIED","UNRESOLVED","No content-verified first-pass relationship is sufficient for automatic resolution."
"2273832430|62","RICE","RICE","2273832430","62","20 Jan, 2023 @ 9:51pm","2023-01-20 21:51","Version 1.8.4 ""Al-Biruni""","Version 1.8.4 ""Al-Biruni""","False","0","","","0","0","","","","","","False","False","False","","UNVERIFIED","UNRESOLVED","No content-verified first-pass relationship is sufficient for automatic resolution."
"2273832430|63","RICE","RICE","2273832430","63","15 Jan, 2023 @ 10:03pm","2023-01-15 22:03","","Added missing icon for Lowly Menials innovation","False","0","","","0","0","","","","","","False","False","False","","UNVERIFIED","UNRESOLVED","No content-verified first-pass relationship is sufficient for automatic resolution."
"2273832430|64","RICE","RICE","2273832430","64","15 Jan, 2023 @ 7:25pm","2023-01-15 19:25","Version 1.8.3 ""Šuš""","Version 1.8.3 ""Šuš""","False","0","","","0","0","","","","","","False","False","False","","UNVERIFIED","UNRESOLVED","No content-verified first-pass relationship is sufficient for automatic resolution."
"2273832430|65","RICE","RICE","2273832430","65","19 Dec, 2022 @ 2:53am","2022-12-19 02:53","Version 1.8.2 ""Tyushtya""","Version 1.8.2 ""Tyushtya""","False","0","","","0","0","","","","","","False","False","False","","UNVERIFIED","UNRESOLVED","No content-verified first-pass relationship is sufficient for automatic resolution."
"2273832430|66","RICE","RICE","2273832430","66","7 Dec, 2022 @ 12:32am","2022-12-07 00:32","Version 1.8.1 ""Erik the Red""","Version 1.8.1 ""Erik the Red""","False","0","","","0","0","","","","","","False","False","False","","UNVERIFIED","UNRESOLVED","No content-verified first-pass relationship is sufficient for automatic resolution."
"2273832430|67","RICE","RICE","2273832430","67","1 Dec, 2022 @ 12:29pm","2022-12-01 12:29","","Version: 1.8.0 ""Tuniit""","False","0","","","0","0","","","","","","False","False","False","","UNVERIFIED","UNRESOLVED","No content-verified first-pass relationship is sufficient for automatic resolution."
"2273832430|68","RICE","RICE","2273832430","68","31 Oct, 2022 @ 10:55pm","2022-10-31 22:55","Version 1.7.2.b Hotfix for ""Leif Erikson""","Version 1.7.2.b Hotfix for ""Leif Erikson""","False","0","","","0","0","","","","","","False","False","False","","UNVERIFIED","UNRESOLVED","No content-verified first-pass relationship is sufficient for automatic resolution."
"2273832430|69","RICE","RICE","2273832430","69","31 Oct, 2022 @ 2:32am","2022-10-31 02:32","Version 1.7.2.a Hotfix for ""Leif Erikson""","Version 1.7.2.a Hotfix for ""Leif Erikson""","False","0","","","0","0","","","","","","False","False","False","","UNVERIFIED","UNRESOLVED","No content-verified first-pass relationship is sufficient for automatic resolution."
"2273832430|70","RICE","RICE","2273832430","70","30 Oct, 2022 @ 2:40am","2022-10-30 02:40","Version 1.7.2 ""Leif Erikson""","Version 1.7.2 ""Leif Erikson""","False","0","","","0","0","","","","","","False","False","False","","UNVERIFIED","UNRESOLVED","No content-verified first-pass relationship is sufficient for automatic resolution."
"2273832430|71","RICE","RICE","2273832430","71","3 Oct, 2022 @ 7:01pm","2022-10-03 19:01","Version 1.7.1 ""Hunza""","Version 1.7.1 ""Hunza""","False","0","","","0","0","","","","","","False","False","False","","UNVERIFIED","UNRESOLVED","No content-verified first-pass relationship is sufficient for automatic resolution."
"2273832430|72","RICE","RICE","2273832430","72","8 Sep, 2022 @ 6:34pm","2022-09-08 18:34","Version 1.7.0 ""Igbo-Ukwu""","Version 1.7.0 ""Igbo-Ukwu""","False","0","","","0","0","","","","","","False","False","False","","UNVERIFIED","UNRESOLVED","No content-verified first-pass relationship is sufficient for automatic resolution."
"2273832430|73","RICE","RICE","2273832430","73","22 Aug, 2022 @ 9:55pm","2022-08-22 21:55","Version 1.6.4.b Hotfix for ""Ile-Ife""","Version 1.6.4.b Hotfix for ""Ile-Ife""","False","0","","","0","0","","","","","","False","False","False","","UNVERIFIED","UNRESOLVED","No content-verified first-pass relationship is sufficient for automatic resolution."
"2273832430|74","RICE","RICE","2273832430","74","18 Aug, 2022 @ 1:46am","2022-08-18 01:46","Version 1.6.4.a Hotfix for ""Ile-Ife""","Version 1.6.4.a Hotfix for ""Ile-Ife""","False","0","","","0","0","","","","","","False","False","False","","UNVERIFIED","UNRESOLVED","No content-verified first-pass relationship is sufficient for automatic resolution."
"2273832430|75","RICE","RICE","2273832430","75","17 Aug, 2022 @ 10:36pm","2022-08-17 22:36","","(See Above)","False","0","","","0","0","","","","","","False","False","False","","UNVERIFIED","UNRESOLVED","No content-verified first-pass relationship is sufficient for automatic resolution."
"2273832430|76","RICE","RICE","2273832430","76","17 Aug, 2022 @ 12:41am","2022-08-17 00:41","Version 1.6.4 ""Ile-Ife""","Version 1.6.4 ""Ile-Ife""","False","0","","","0","0","","","","","","False","False","False","","UNVERIFIED","UNRESOLVED","No content-verified first-pass relationship is sufficient for automatic resolution."
"2273832430|77","RICE","RICE","2273832430","77","5 Jul, 2022 @ 9:52pm","2022-07-05 21:52","Version 1.6.3.a Hotfix for ""Cantiga""","Version 1.6.3.a Hotfix for ""Cantiga""","False","0","","","0","0","","","","","","False","False","False","","UNVERIFIED","UNRESOLVED","No content-verified first-pass relationship is sufficient for automatic resolution."
"2273832430|78","RICE","RICE","2273832430","78","30 Jun, 2022 @ 10:52pm","2022-06-30 22:52","Version 1.6.3 ""Cantiga""","Version 1.6.3 ""Cantiga""","False","0","","","0","0","","","","","","False","False","False","","UNVERIFIED","UNRESOLVED","No content-verified first-pass relationship is sufficient for automatic resolution."
"2273832430|79","RICE","RICE","2273832430","79","21 Jun, 2022 @ 9:49pm","2022-06-21 21:49","Version 1.6.2 ""Wakhan""","Version 1.6.2 ""Wakhan""","False","0","","","0","0","","","","","","False","False","False","","UNVERIFIED","UNRESOLVED","No content-verified first-pass relationship is sufficient for automatic resolution."
"2273832430|80","RICE","RICE","2273832430","80","19 Jun, 2022 @ 10:11pm","2022-06-19 22:11","Version 1.6.1.a Hotfix for ""Darro""","Version 1.6.1.a Hotfix for ""Darro""","False","0","","","0","0","","","","","","False","False","False","","UNVERIFIED","UNRESOLVED","No content-verified first-pass relationship is sufficient for automatic resolution."
"2273832430|81","RICE","RICE","2273832430","81","11 Jun, 2022 @ 10:33pm","2022-06-11 22:33","Version 1.6.1 ""Darro""","Version 1.6.1 ""Darro""","False","0","","","0","0","","","","","","False","False","False","","UNVERIFIED","UNRESOLVED","No content-verified first-pass relationship is sufficient for automatic resolution."
"2273832430|82","RICE","RICE","2273832430","82","4 Jun, 2022 @ 9:40pm","2022-06-04 21:40","Version 1.6.0.b Hotfix","Version 1.6.0.b Hotfix","False","0","","","0","0","","","","","","False","False","False","","UNVERIFIED","UNRESOLVED","No content-verified first-pass relationship is sufficient for automatic resolution."
"2273832430|83","RICE","RICE","2273832430","83","2 Jun, 2022 @ 10:23pm","2022-06-02 22:23","Version 1.6.0.a Hotfix","Version 1.6.0.a Hotfix","False","0","","","0","0","","","","","","False","False","False","","UNVERIFIED","UNRESOLVED","No content-verified first-pass relationship is sufficient for automatic resolution."
"2273832430|84","RICE","RICE","2273832430","84","1 Jun, 2022 @ 3:09am","2022-06-01 03:09","Version 1.6.0 ""Alhambra""","Version 1.6.0 ""Alhambra""","False","0","","","0","0","","","","","","False","False","False","","UNVERIFIED","UNRESOLVED","No content-verified first-pass relationship is sufficient for automatic resolution."
"2273832430|85","RICE","RICE","2273832430","85","25 May, 2022 @ 10:38pm","2022-05-25 22:38","Version 1.5.6 ""Zhai Fengda""","Version 1.5.6 ""Zhai Fengda""","False","0","","","0","0","","","","","","False","False","False","","UNVERIFIED","UNRESOLVED","No content-verified first-pass relationship is sufficient for automatic resolution."
"2273832430|86","RICE","RICE","2273832430","86","17 May, 2022 @ 2:03am","2022-05-17 02:03","Version 1.5.5 ""Silk Road""","Version 1.5.5 ""Silk Road""","False","0","","","0","0","","","","","","False","False","False","","UNVERIFIED","UNRESOLVED","No content-verified first-pass relationship is sufficient for automatic resolution."
"2273832430|87","RICE","RICE","2273832430","87","27 Mar, 2022 @ 6:40pm","2022-03-27 18:40","Version 1.5.4 ""Philae""","Version 1.5.4 ""Philae""","False","0","","","0","0","","","","","","False","False","False","","UNVERIFIED","UNRESOLVED","No content-verified first-pass relationship is sufficient for automatic resolution."
"2273832430|88","RICE","RICE","2273832430","88","15 Mar, 2022 @ 1:16pm","2022-03-15 13:16","Version 1.5.3 ""Nile""","Version 1.5.3 ""Nile""","False","0","","","0","0","","","","","","False","False","False","","UNVERIFIED","UNRESOLVED","No content-verified first-pass relationship is sufficient for automatic resolution."
"2273832430|89","RICE","RICE","2273832430","89","10 Mar, 2022 @ 7:04pm","2022-03-10 19:04","Version 1.5.2.b Hotfix","Version 1.5.2.b Hotfix","False","0","","","0","0","","","","","","False","False","False","","UNVERIFIED","UNRESOLVED","No content-verified first-pass relationship is sufficient for automatic resolution."
"2273832430|90","RICE","RICE","2273832430","90","24 Feb, 2022 @ 6:53pm","2022-02-24 18:53","","Share to your Steam activity feed","False","0","","","0","0","","","","","","False","False","False","","UNVERIFIED","UNRESOLVED","No content-verified first-pass relationship is sufficient for automatic resolution."
"2273832430|91","RICE","RICE","2273832430","91","23 Feb, 2022 @ 10:55pm","2022-02-23 22:55","Version 1.5.2.a Hotfix","Version 1.5.2.a Hotfix","False","0","","","0","0","","","","","","False","False","False","","UNVERIFIED","UNRESOLVED","No content-verified first-pass relationship is sufficient for automatic resolution."
"2273832430|92","RICE","RICE","2273832430","92","20 Feb, 2022 @ 10:07pm","2022-02-20 22:07","Version 1.5.2 ""Mount Teide""","Version 1.5.2 ""Mount Teide""","False","0","","","0","0","","","","","","False","False","False","","UNVERIFIED","UNRESOLVED","No content-verified first-pass relationship is sufficient for automatic resolution."
"2273832430|93","RICE","RICE","2273832430","93","12 Feb, 2022 @ 9:44pm","2022-02-12 21:44","Version 1.5.1 ""Faxian""","Version 1.5.1 ""Faxian""","False","0","","","0","0","","","","","","False","False","False","","UNVERIFIED","UNRESOLVED","No content-verified first-pass relationship is sufficient for automatic resolution."
"2273832430|94","RICE","RICE","2273832430","94","8 Feb, 2022 @ 9:33am","2022-02-08 09:33","Version 1.5.0 ""Nalanda""","Version 1.5.0 ""Nalanda""","False","0","","","0","0","","","","","","False","False","False","","UNVERIFIED","UNRESOLVED","No content-verified first-pass relationship is sufficient for automatic resolution."
"2273832430|95","RICE","RICE","2273832430","95","16 Jan, 2022 @ 1:54am","2022-01-16 01:54","Version 1.4.6 ""Dhow""","Version 1.4.6 ""Dhow""","False","0","","","0","0","","","","","","False","False","False","","UNVERIFIED","UNRESOLVED","No content-verified first-pass relationship is sufficient for automatic resolution."
"2273832430|96","RICE","RICE","2273832430","96","10 Jan, 2022 @ 12:45am","2022-01-10 00:45","Version 1.4.5 ""Avesta""","Version 1.4.5 ""Avesta""","False","0","","","0","0","","","","","","False","False","False","","UNVERIFIED","UNRESOLVED","No content-verified first-pass relationship is sufficient for automatic resolution."
"2273832430|97","RICE","RICE","2273832430","97","22 Dec, 2021 @ 9:59pm","2021-12-22 21:59","Version 1.4.4.a Hotfix","Version 1.4.4.a Hotfix","False","0","","","0","0","","","","","","False","False","False","","UNVERIFIED","UNRESOLVED","No content-verified first-pass relationship is sufficient for automatic resolution."
"2273832430|98","RICE","RICE","2273832430","98","16 Dec, 2021 @ 1:36am","2021-12-16 01:36","Version 1.4.4 ""Amazigh""","Version 1.4.4 ""Amazigh""","False","0","","","0","0","","","","","","False","False","False","","UNVERIFIED","UNRESOLVED","No content-verified first-pass relationship is sufficient for automatic resolution."
"2273832430|99","RICE","RICE","2273832430","99","31 Oct, 2021 @ 9:46pm","2021-10-31 21:46","Version 1.4.3.a Hotfix","Version 1.4.3.a Hotfix","False","0","","","0","0","","","","","","False","False","False","","UNVERIFIED","UNRESOLVED","No content-verified first-pass relationship is sufficient for automatic resolution."
"2273832430|100","RICE","RICE","2273832430","100","24 Oct, 2021 @ 9:31pm","2021-10-24 21:31","Version 1.4.3 ""Scarborough Fair""","Version 1.4.3 ""Scarborough Fair""","False","0","","","0","0","","","","","","False","False","False","","UNVERIFIED","UNRESOLVED","No content-verified first-pass relationship is sufficient for automatic resolution."
"2273832430|101","RICE","RICE","2273832430","101","20 Sep, 2021 @ 12:47am","2021-09-20 00:47","Version 1.4.2 ""Samos""","Version 1.4.2 ""Samos""","False","0","","","0","0","","","","","","False","False","False","","UNVERIFIED","UNRESOLVED","No content-verified first-pass relationship is sufficient for automatic resolution."
"2273832430|102","RICE","RICE","2273832430","102","17 Sep, 2021 @ 12:44am","2021-09-17 00:44","Version 1.4.1.a Hotfix","Version 1.4.1.a Hotfix","False","0","","","0","0","","","","","","False","False","False","","UNVERIFIED","UNRESOLVED","No content-verified first-pass relationship is sufficient for automatic resolution."
"2273832430|103","RICE","RICE","2273832430","103","10 Sep, 2021 @ 8:56pm","2021-09-10 20:56","Version 1.4.1 ""Zun""","Version 1.4.1 ""Zun""","False","0","","","0","0","","","","","","False","False","False","","UNVERIFIED","UNRESOLVED","No content-verified first-pass relationship is sufficient for automatic resolution."
"2273832430|104","RICE","RICE","2273832430","104","23 Aug, 2021 @ 10:19pm","2021-08-23 22:19","Version 1.4.0 ""Badakhshan""","Version 1.4.0 ""Badakhshan""","False","0","","","0","0","","","","","","False","False","False","","UNVERIFIED","UNRESOLVED","No content-verified first-pass relationship is sufficient for automatic resolution."
"2273832430|105","RICE","RICE","2273832430","105","5 Aug, 2021 @ 1:14am","2021-08-05 01:14","Version 1.3.2 ""Aydhab""","Version 1.3.2 ""Aydhab""","False","0","","","0","0","","","","","","False","False","False","","UNVERIFIED","UNRESOLVED","No content-verified first-pass relationship is sufficient for automatic resolution."
"2273832430|106","RICE","RICE","2273832430","106","20 Jul, 2021 @ 9:35pm","2021-07-20 21:35","Version 1.3.1 ""Suakin""","Version 1.3.1 ""Suakin""","False","0","","","0","0","","","","","","False","False","False","","UNVERIFIED","UNRESOLVED","No content-verified first-pass relationship is sufficient for automatic resolution."
"2273832430|107","RICE","RICE","2273832430","107","17 Jun, 2021 @ 9:50pm","2021-06-17 21:50","Version 1.3.0.1 Hotfix","Version 1.3.0.1 Hotfix","False","0","","","0","0","","","","","","False","False","False","","UNVERIFIED","UNRESOLVED","No content-verified first-pass relationship is sufficient for automatic resolution."
"2273832430|108","RICE","RICE","2273832430","108","10 Jun, 2021 @ 6:42pm","2021-06-10 18:42","Version 1.3.0 ""Tammuz""","Version 1.3.0 ""Tammuz""","False","15","138913511f7cc9aefa55a8c70b4546ee8509d5f6|1e4238bd030ef259bcae60147126f3cc9c950ceb|3fccb9af9d3a57422f919b096eee2e1f9aca1f88|4615a5c22b57137e721bbc088bf3847b0b524045|49e14a0204f299d58a4faa2d0ea74d21a1fbbcd5|857b1d0f4a5be85306d3c9bc9658f8da21a8b0d7|928fd31902aae67f7ed963ea988f98ed8a9746b2|9a3484844539b6a48bad484b98d189216412077d|9a8ce64d80233a6e638a628b3db4bbcea64c3ebb|9e37de2ebb79670977fa6a1f7ac4c334f2b6400f|d3f0ed7d2ba5c7fe349d23e4c90bd7bfdf25b5a4|dcb50b0af9410c380ba4da4ed5d25e9b1a0540d2|dd84e726f4a52dd2a25804a07605f7d0f8b147ad|e2f5f564b25bd86dd6517cc40bf7442475aed41c|e3c5eb10aeee7604aec826fc62fcbc53d64284ec","NORMAL","0","0","","","","","","False","False","False","","UNVERIFIED","UNRESOLVED","No content-verified first-pass relationship is sufficient for automatic resolution."
"2273832430|109","RICE","RICE","2273832430","109","30 May, 2021 @ 9:16pm","2021-05-30 21:16","Version 1.2.4 ""Plotinus""","Version 1.2.4 ""Plotinus""","False","0","","","0","0","","","","","","False","False","False","","UNVERIFIED","UNRESOLVED","No content-verified first-pass relationship is sufficient for automatic resolution."
"2273832430|110","RICE","RICE","2273832430","110","22 May, 2021 @ 9:58pm","2021-05-22 21:58","Version 1.2.3 ""Thabit ibn Qurra""","Version 1.2.3 ""Thabit ibn Qurra""","False","0","","","0","0","","","","","","False","False","False","","UNVERIFIED","UNRESOLVED","No content-verified first-pass relationship is sufficient for automatic resolution."
"2273832430|111","RICE","RICE","2273832430","111","15 May, 2021 @ 7:06pm","2021-05-15 19:06","Version 1.2.2 ""Carolus Magnus""","Version 1.2.2 ""Carolus Magnus""","False","0","","","0","0","","","","","","False","False","False","","UNVERIFIED","UNRESOLVED","No content-verified first-pass relationship is sufficient for automatic resolution."
"2273832430|112","RICE","RICE","2273832430","112","1 May, 2021 @ 9:56pm","2021-05-01 21:56","Version 1.2.1 ""Qinghaicong""","Version 1.2.1 ""Qinghaicong""","False","0","","","0","0","","","","","","False","False","False","","UNVERIFIED","UNRESOLVED","No content-verified first-pass relationship is sufficient for automatic resolution."
"2273832430|113","RICE","RICE","2273832430","113","12 Apr, 2021 @ 6:22pm","2021-04-12 18:22","Version 1.2.0.a Hotfix","Version 1.2.0.a Hotfix","False","0","","","0","0","","","","","","False","False","False","","UNVERIFIED","UNRESOLVED","No content-verified first-pass relationship is sufficient for automatic resolution."
"2273832430|114","RICE","RICE","2273832430","114","11 Apr, 2021 @ 9:27pm","2021-04-11 21:27","Version 1.2.0 ""Dragon's Blood""","Version 1.2.0 ""Dragon's Blood""","False","0","","","0","0","","","","","","False","False","False","","UNVERIFIED","UNRESOLVED","No content-verified first-pass relationship is sufficient for automatic resolution."
"2273832430|115","RICE","RICE","2273832430","115","21 Mar, 2021 @ 6:36pm","2021-03-21 18:36","Version 1.1.2 ""Bard""","Version 1.1.2 ""Bard""","False","0","","","0","0","","","","","","False","False","False","","UNVERIFIED","UNRESOLVED","No content-verified first-pass relationship is sufficient for automatic resolution."
"2273832430|116","RICE","RICE","2273832430","116","16 Mar, 2021 @ 11:02pm","2021-03-16 23:02","Version 1.1.1 ""Brocéliande""","Version 1.1.1 ""Brocéliande""","False","0","","","0","0","","","","","","False","False","False","","UNVERIFIED","UNRESOLVED","No content-verified first-pass relationship is sufficient for automatic resolution."
"2273832430|117","RICE","RICE","2273832430","117","28 Dec, 2020 @ 9:51pm","2020-12-28 21:51","Version 1.1.0 ""Reindeer""","Version 1.1.0 ""Reindeer""","False","0","","","0","0","","","","","","False","False","False","","UNVERIFIED","UNRESOLVED","No content-verified first-pass relationship is sufficient for automatic resolution."
"2273832430|118","RICE","RICE","2273832430","118","24 Nov, 2020 @ 11:01pm","2020-11-24 23:01","","","False","0","","","0","0","","","","","","False","False","False","","UNVERIFIED","UNRESOLVED","No content-verified first-pass relationship is sufficient for automatic resolution."
"2273832430|119","RICE","RICE","2273832430","119","15 Nov, 2020 @ 6:48pm","2020-11-15 18:48","Version 1.0.1 ""Iliad""","Version 1.0.1 ""Iliad""","False","0","","","0","0","","","","","","False","False","False","","UNVERIFIED","UNRESOLVED","No content-verified first-pass relationship is sufficient for automatic resolution."
"2273832430|120","RICE","RICE","2273832430","120","31 Oct, 2020 @ 10:21pm","2020-10-31 22:21","Version 1.0.0 ""Odyssey""","Version 1.0.0 ""Odyssey""","False","0","","","0","0","","","","","","False","False","False","","UNVERIFIED","UNRESOLVED","No content-verified first-pass relationship is sufficient for automatic resolution."
"2875587269|1","Special-World","SW","2875587269","1","1 Aug @ 8:11am","2026-08-01 08:11","","","False","2","4bb54881d2e35563f8db910cd3682869b875f706|62f33e63129a4196cf45d750c5c4f9316cd368fe","NORMAL","1","1","2875587269|1","2875587269|1","UNIQUE_PROJECTED_GIT_MATCH","BIDIRECTIONAL_UNIQUE","62f33e63129a4196cf45d750c5c4f9316cd368fe","False","False","False","","KNOWN + EXISTING","STRONG","Content-verified archive uniquely matches an Analysis 05 Git candidate and the Steam/Skymods temporal relationship is bidirectionally unique."
"2875587269|2","Special-World","SW","2875587269","2","29 Jul @ 12:36pm","2026-07-29 12:36","","","False","3","4bb54881d2e35563f8db910cd3682869b875f706|62f33e63129a4196cf45d750c5c4f9316cd368fe|f6452b9e2fdf635070305178f98828371a150190","NORMAL","0","0","","","","","","False","False","False","","UNVERIFIED","UNRESOLVED","No content-verified first-pass relationship is sufficient for automatic resolution."
"2875587269|3","Special-World","SW","2875587269","3","29 Jul @ 10:11am","2026-07-29 10:11","","","False","3","4bb54881d2e35563f8db910cd3682869b875f706|62f33e63129a4196cf45d750c5c4f9316cd368fe|f6452b9e2fdf635070305178f98828371a150190","NORMAL","0","0","","","","","","False","False","False","","UNVERIFIED","UNRESOLVED","No content-verified first-pass relationship is sufficient for automatic resolution."
"2875587269|4","Special-World","SW","2875587269","4","26 Jul @ 8:47pm","2026-07-26 20:47","","","False","4","0c51d727a0c8d83f8ebdb48f8b73c43737e1dbca|4bb54881d2e35563f8db910cd3682869b875f706|62f33e63129a4196cf45d750c5c4f9316cd368fe|f6452b9e2fdf635070305178f98828371a150190","NORMAL","0","0","","","","","","False","False","False","","UNVERIFIED","UNRESOLVED","No content-verified first-pass relationship is sufficient for automatic resolution."
"2875587269|5","Special-World","SW","2875587269","5","24 Jul @ 8:52am","2026-07-24 08:52","","","False","3","0c51d727a0c8d83f8ebdb48f8b73c43737e1dbca|4bb54881d2e35563f8db910cd3682869b875f706|f6452b9e2fdf635070305178f98828371a150190","NORMAL","0","0","","","","","","False","False","False","","UNVERIFIED","UNRESOLVED","No content-verified first-pass relationship is sufficient for automatic resolution."
"2875587269|6","Special-World","SW","2875587269","6","21 Jul @ 6:16pm","2026-07-21 18:16","","","False","2","0c51d727a0c8d83f8ebdb48f8b73c43737e1dbca|f6452b9e2fdf635070305178f98828371a150190","NORMAL","1","1","2875587269|2","2875587269|2","NO_PROJECTED_GIT_MATCH","BIDIRECTIONAL_UNIQUE","62f33e63129a4196cf45d750c5c4f9316cd368fe","False","False","True","2875587269|1","KNOWN + EXISTING","STRONG","The archive is bidirectionally anchored to this Steam event and is byte-identical to another verified revision whose archive has a unique exact projected historical Git match."
"2875587269|7","Special-World","SW","2875587269","7","21 Jul @ 5:46pm","2026-07-21 17:46","","","False","2","0c51d727a0c8d83f8ebdb48f8b73c43737e1dbca|f6452b9e2fdf635070305178f98828371a150190","NORMAL","0","0","","","","","","False","False","False","","UNVERIFIED","UNRESOLVED","No content-verified first-pass relationship is sufficient for automatic resolution."
"2875587269|8","Special-World","SW","2875587269","8","21 Jul @ 11:37am","2026-07-21 11:37","","","False","2","0c51d727a0c8d83f8ebdb48f8b73c43737e1dbca|f6452b9e2fdf635070305178f98828371a150190","NORMAL","0","0","","","","","","False","False","False","","UNVERIFIED","UNRESOLVED","No content-verified first-pass relationship is sufficient for automatic resolution."
"2875587269|9","Special-World","SW","2875587269","9","20 Jul @ 10:42pm","2026-07-20 22:42","","","False","2","0c51d727a0c8d83f8ebdb48f8b73c43737e1dbca|f6452b9e2fdf635070305178f98828371a150190","NORMAL","0","0","","","","","","False","False","False","","UNVERIFIED","UNRESOLVED","No content-verified first-pass relationship is sufficient for automatic resolution."
"2875587269|10","Special-World","SW","2875587269","10","20 Jul @ 9:56pm","2026-07-20 21:56","","Share to your Steam activity feed","False","2","0c51d727a0c8d83f8ebdb48f8b73c43737e1dbca|f6452b9e2fdf635070305178f98828371a150190","NORMAL","0","0","","","","","","False","False","False","","UNVERIFIED","UNRESOLVED","No content-verified first-pass relationship is sufficient for automatic resolution."
"2875587269|11","Special-World","SW","2875587269","11","19 Jul @ 9:52pm","2026-07-19 21:52","","","False","2","0c51d727a0c8d83f8ebdb48f8b73c43737e1dbca|f6452b9e2fdf635070305178f98828371a150190","NORMAL","0","0","","","","","","False","False","False","","UNVERIFIED","UNRESOLVED","No content-verified first-pass relationship is sufficient for automatic resolution."
"2875587269|12","Special-World","SW","2875587269","12","19 Jul @ 3:20pm","2026-07-19 15:20","","","False","2","0c51d727a0c8d83f8ebdb48f8b73c43737e1dbca|f6452b9e2fdf635070305178f98828371a150190","NORMAL","0","0","","","","","","False","False","False","","UNVERIFIED","UNRESOLVED","No content-verified first-pass relationship is sufficient for automatic resolution."
"2875587269|13","Special-World","SW","2875587269","13","19 Jul @ 11:10am","2026-07-19 11:10","","Update:","False","2","0c51d727a0c8d83f8ebdb48f8b73c43737e1dbca|f6452b9e2fdf635070305178f98828371a150190","NORMAL","0","0","","","","","","False","False","False","","UNVERIFIED","UNRESOLVED","No content-verified first-pass relationship is sufficient for automatic resolution."
"2875587269|14","Special-World","SW","2875587269","14","19 Jul @ 11:05am","2026-07-19 11:05","","","False","2","0c51d727a0c8d83f8ebdb48f8b73c43737e1dbca|f6452b9e2fdf635070305178f98828371a150190","NORMAL","0","0","","","","","","False","False","False","","UNVERIFIED","UNRESOLVED","No content-verified first-pass relationship is sufficient for automatic resolution."
"2875587269|15","Special-World","SW","2875587269","15","19 Jul @ 10:44am","2026-07-19 10:44","","Update:","False","2","0c51d727a0c8d83f8ebdb48f8b73c43737e1dbca|f6452b9e2fdf635070305178f98828371a150190","NORMAL","0","0","","","","","","False","False","False","","UNVERIFIED","UNRESOLVED","No content-verified first-pass relationship is sufficient for automatic resolution."
"2875587269|16","Special-World","SW","2875587269","16","10 Jul @ 12:12pm","2026-07-10 12:12","","Fixed Blank Character and Holding backgrounds for certain Turkish instances.","False","3","83032b87bb5b0f3ab378fb348fa4610f3ed71110|a8ada073cbf32d42c4f9928040d8183309e83563|f4aa884373df976e5da19fff5f1109bfc83b7451","NORMAL","1","1","2875587269|3","2875587269|3","UNIQUE_PROJECTED_GIT_MATCH","BIDIRECTIONAL_UNIQUE","83032b87bb5b0f3ab378fb348fa4610f3ed71110","False","False","False","","KNOWN + EXISTING","STRONG","Content-verified archive uniquely matches an Analysis 05 Git candidate and the Steam/Skymods temporal relationship is bidirectionally unique."
"2875587269|17","Special-World","SW","2875587269","17","8 Jul @ 6:05pm","2026-07-08 18:05","","","False","3","83032b87bb5b0f3ab378fb348fa4610f3ed71110|a8ada073cbf32d42c4f9928040d8183309e83563|f4aa884373df976e5da19fff5f1109bfc83b7451","NORMAL","0","0","","","","","","False","False","False","","UNVERIFIED","UNRESOLVED","No content-verified first-pass relationship is sufficient for automatic resolution."
"2875587269|18","Special-World","SW","2875587269","18","7 Jul @ 1:41pm","2026-07-07 13:41","","Updated for MA Updates with additional tweaks and updated.","False","3","83032b87bb5b0f3ab378fb348fa4610f3ed71110|a8ada073cbf32d42c4f9928040d8183309e83563|f4aa884373df976e5da19fff5f1109bfc83b7451","NORMAL","0","0","","","","","","False","False","False","","UNVERIFIED","UNRESOLVED","No content-verified first-pass relationship is sufficient for automatic resolution."
"2875587269|19","Special-World","SW","2875587269","19","29 May @ 1:46pm","2026-05-29 13:46","","","False","1","f0fcdf01de6da346c5542f250ad92797ae2dfae4","NORMAL","0","0","","","","","","False","False","False","","UNVERIFIED","UNRESOLVED","No content-verified first-pass relationship is sufficient for automatic resolution."
"2875587269|20","Special-World","SW","2875587269","20","19 May @ 2:00pm","2026-05-19 14:00","","Minor Fixes","False","2","1b3bfb322bb26b7bd3d940f2e3ab4b66e99c0dd9|6555e536fff0289dbd66fe561c93f37bb7e51854","NORMAL","0","0","","","","","","False","False","False","","UNVERIFIED","UNRESOLVED","No content-verified first-pass relationship is sufficient for automatic resolution."
"2875587269|21","Special-World","SW","2875587269","21","15 May @ 2:55pm","2026-05-15 14:55","","Minor Fixes and Adjustments","False","3","1b3bfb322bb26b7bd3d940f2e3ab4b66e99c0dd9|1eeaf8d51248fc7c41d8340a9ce7353020550954|6555e536fff0289dbd66fe561c93f37bb7e51854","NORMAL","0","0","","","","","","False","False","False","","UNVERIFIED","UNRESOLVED","No content-verified first-pass relationship is sufficient for automatic resolution."
"2875587269|22","Special-World","SW","2875587269","22","7 May @ 3:20pm","2026-05-07 15:20","1.19.0.5 Update","1.19.0.5 Update","False","3","1eeaf8d51248fc7c41d8340a9ce7353020550954|d78a822ab3d7e0eae87367e2a2230fd7ef0b7090|ed7d7be79ddaf725d79dff90abf05eba19e7c2e7","NORMAL","1","1","2875587269|5","2875587269|5","UNIQUE_PROJECTED_GIT_MATCH","BIDIRECTIONAL_UNIQUE","1eeaf8d51248fc7c41d8340a9ce7353020550954","False","False","False","","KNOWN + EXISTING","STRONG","Content-verified archive uniquely matches an Analysis 05 Git candidate and the Steam/Skymods temporal relationship is bidirectionally unique."
"2875587269|23","Special-World","SW","2875587269","23","2 May @ 7:37pm","2026-05-02 19:37","","MA/COW3 Update","False","6","1eeaf8d51248fc7c41d8340a9ce7353020550954|5e196a059c4a801d23e4200abc83d05b3838c29a|a8bfe78d253cb661b4d2b7d3bd462be98330f8a4|d78a822ab3d7e0eae87367e2a2230fd7ef0b7090|e73d268fb26b7d31a7d547d39ad95005358d85e9|ed7d7be79ddaf725d79dff90abf05eba19e7c2e7","NORMAL","1","1","2875587269|6","2875587269|6","UNIQUE_PROJECTED_GIT_MATCH","BIDIRECTIONAL_UNIQUE","d78a822ab3d7e0eae87367e2a2230fd7ef0b7090","False","False","False","","KNOWN + EXISTING","STRONG","Content-verified archive uniquely matches an Analysis 05 Git candidate and the Steam/Skymods temporal relationship is bidirectionally unique."
"2875587269|24","Special-World","SW","2875587269","24","30 Apr @ 7:50am","2026-04-30 07:50","","Update:","False","5","5e196a059c4a801d23e4200abc83d05b3838c29a|a8bfe78d253cb661b4d2b7d3bd462be98330f8a4|d78a822ab3d7e0eae87367e2a2230fd7ef0b7090|e73d268fb26b7d31a7d547d39ad95005358d85e9|ed7d7be79ddaf725d79dff90abf05eba19e7c2e7","NORMAL","0","0","","","","","","False","False","False","","UNVERIFIED","UNRESOLVED","No content-verified first-pass relationship is sufficient for automatic resolution."
"2875587269|25","Special-World","SW","2875587269","25","28 Apr @ 6:57pm","2026-04-28 18:57","","Update:","False","5","5e196a059c4a801d23e4200abc83d05b3838c29a|a8bfe78d253cb661b4d2b7d3bd462be98330f8a4|d78a822ab3d7e0eae87367e2a2230fd7ef0b7090|e73d268fb26b7d31a7d547d39ad95005358d85e9|ed7d7be79ddaf725d79dff90abf05eba19e7c2e7","NORMAL","0","0","","","","","","False","False","False","","UNVERIFIED","UNRESOLVED","No content-verified first-pass relationship is sufficient for automatic resolution."
"2875587269|26","Special-World","SW","2875587269","26","26 Apr @ 9:23pm","2026-04-26 21:23","","","False","5","5e196a059c4a801d23e4200abc83d05b3838c29a|a8bfe78d253cb661b4d2b7d3bd462be98330f8a4|d78a822ab3d7e0eae87367e2a2230fd7ef0b7090|e73d268fb26b7d31a7d547d39ad95005358d85e9|ed7d7be79ddaf725d79dff90abf05eba19e7c2e7","NORMAL","0","0","","","","","","False","False","False","","UNVERIFIED","UNRESOLVED","No content-verified first-pass relationship is sufficient for automatic resolution."
"2875587269|27","Special-World","SW","2875587269","27","25 Apr @ 3:53am","2026-04-25 03:53","","","False","4","5e196a059c4a801d23e4200abc83d05b3838c29a|a8bfe78d253cb661b4d2b7d3bd462be98330f8a4|e73d268fb26b7d31a7d547d39ad95005358d85e9|ed7d7be79ddaf725d79dff90abf05eba19e7c2e7","NORMAL","0","0","","","","","","False","False","False","","UNVERIFIED","UNRESOLVED","No content-verified first-pass relationship is sufficient for automatic resolution."
"2875587269|28","Special-World","SW","2875587269","28","24 Apr @ 7:28pm","2026-04-24 19:28","","","False","4","5e196a059c4a801d23e4200abc83d05b3838c29a|a8bfe78d253cb661b4d2b7d3bd462be98330f8a4|e73d268fb26b7d31a7d547d39ad95005358d85e9|ed7d7be79ddaf725d79dff90abf05eba19e7c2e7","NORMAL","0","0","","","","","","False","False","False","","UNVERIFIED","UNRESOLVED","No content-verified first-pass relationship is sufficient for automatic resolution."
"2875587269|29","Special-World","SW","2875587269","29","24 Apr @ 2:48pm","2026-04-24 14:48","1.19 Update","1.19 Update","False","4","5e196a059c4a801d23e4200abc83d05b3838c29a|a8bfe78d253cb661b4d2b7d3bd462be98330f8a4|e73d268fb26b7d31a7d547d39ad95005358d85e9|ed7d7be79ddaf725d79dff90abf05eba19e7c2e7","NORMAL","0","0","","","","","","False","False","False","","UNVERIFIED","UNRESOLVED","No content-verified first-pass relationship is sufficient for automatic resolution."
"2875587269|30","Special-World","SW","2875587269","30","22 Mar @ 1:03pm","2026-03-22 13:03","","MA Update","False","3","079d5a19aae0272124debd3075f1be8c94c2a127|7a988841a4ba8a4aaf107e9a743a9127443de517|9f4303d3f29ed5b04b3589ffdd2c069f44f8e811","NORMAL","1","1","2875587269|7","2875587269|7","UNIQUE_PROJECTED_GIT_MATCH","BIDIRECTIONAL_UNIQUE","079d5a19aae0272124debd3075f1be8c94c2a127","False","False","False","","KNOWN + EXISTING","STRONG","Content-verified archive uniquely matches an Analysis 05 Git candidate and the Steam/Skymods temporal relationship is bidirectionally unique."
"2875587269|31","Special-World","SW","2875587269","31","20 Mar @ 2:07pm","2026-03-20 14:07","","Replaced integratation of ""Prosperous Kaifeng"" with ""Yingzao Fashi"" by Pslim","False","4","079d5a19aae0272124debd3075f1be8c94c2a127|1a1b6fc88f3549885518ead116df2f6f0cd55b4b|7a988841a4ba8a4aaf107e9a743a9127443de517|9f4303d3f29ed5b04b3589ffdd2c069f44f8e811","NORMAL","1","1","2875587269|8","2875587269|8","UNIQUE_PROJECTED_GIT_MATCH","BIDIRECTIONAL_UNIQUE","9f4303d3f29ed5b04b3589ffdd2c069f44f8e811","False","False","False","","KNOWN + EXISTING","STRONG","Content-verified archive uniquely matches an Analysis 05 Git candidate and the Steam/Skymods temporal relationship is bidirectionally unique."
"2875587269|32","Special-World","SW","2875587269","32","14 Mar @ 4:20pm","2026-03-14 16:20","","","False","4","1a1b6fc88f3549885518ead116df2f6f0cd55b4b|7a988841a4ba8a4aaf107e9a743a9127443de517|9f4303d3f29ed5b04b3589ffdd2c069f44f8e811|fb9749b56200ff16abb9fec81ddcb0fe266eb35b","NORMAL","1","1","2875587269|9","2875587269|9","UNIQUE_PROJECTED_GIT_MATCH","BIDIRECTIONAL_UNIQUE","7a988841a4ba8a4aaf107e9a743a9127443de517","False","False","False","","KNOWN + EXISTING","STRONG","Content-verified archive uniquely matches an Analysis 05 Git candidate and the Steam/Skymods temporal relationship is bidirectionally unique."
"2875587269|33","Special-World","SW","2875587269","33","14 Mar @ 1:33pm","2026-03-14 13:33","","","False","4","1a1b6fc88f3549885518ead116df2f6f0cd55b4b|7a988841a4ba8a4aaf107e9a743a9127443de517|9f4303d3f29ed5b04b3589ffdd2c069f44f8e811|fb9749b56200ff16abb9fec81ddcb0fe266eb35b","NORMAL","0","0","","","","","","False","False","False","","UNVERIFIED","UNRESOLVED","No content-verified first-pass relationship is sufficient for automatic resolution."
"2875587269|34","Special-World","SW","2875587269","34","13 Mar @ 3:18pm","2026-03-13 15:18","","Medieval Arts / Locator Update","False","3","1a1b6fc88f3549885518ead116df2f6f0cd55b4b|7a988841a4ba8a4aaf107e9a743a9127443de517|fb9749b56200ff16abb9fec81ddcb0fe266eb35b","NORMAL","0","0","","","","","","False","False","False","","UNVERIFIED","UNRESOLVED","No content-verified first-pass relationship is sufficient for automatic resolution."
"2875587269|35","Special-World","SW","2875587269","35","6 Mar @ 2:30pm","2026-03-06 14:30","","Jerusalem model will now show as COW","False","2","82f9a80b847cebb359e9b8797be9b85058fc99e7|fb9749b56200ff16abb9fec81ddcb0fe266eb35b","NORMAL","0","0","","","","","","False","False","False","","UNVERIFIED","UNRESOLVED","No content-verified first-pass relationship is sufficient for automatic resolution."
"2875587269|36","Special-World","SW","2875587269","36","1 Mar @ 7:42am","2026-03-01 07:42","","","False","4","35b31d96b564aa28b6abc3079864e8cb73caa66d|82f9a80b847cebb359e9b8797be9b85058fc99e7|be266d10ef71a8ae6d1b26920fcb063039aa7d5c|fb9749b56200ff16abb9fec81ddcb0fe266eb35b","NORMAL","1","1","2875587269|10","2875587269|10","UNIQUE_PROJECTED_GIT_MATCH","BIDIRECTIONAL_UNIQUE","82f9a80b847cebb359e9b8797be9b85058fc99e7","False","False","False","","KNOWN + EXISTING","STRONG","Content-verified archive uniquely matches an Analysis 05 Git candidate and the Steam/Skymods temporal relationship is bidirectionally unique."
"2875587269|37","Special-World","SW","2875587269","37","25 Feb @ 3:30pm","2026-02-25 15:30","","Updated for COW3 Updates","False","4","35b31d96b564aa28b6abc3079864e8cb73caa66d|82f9a80b847cebb359e9b8797be9b85058fc99e7|9ee299267667b7f65add26844e8520da320efdae|be266d10ef71a8ae6d1b26920fcb063039aa7d5c","NORMAL","0","0","","","","","","False","False","False","","UNVERIFIED","UNRESOLVED","No content-verified first-pass relationship is sufficient for automatic resolution."
"2875587269|38","Special-World","SW","2875587269","38","21 Feb @ 10:54pm","2026-02-21 22:54","","","False","4","0d6593821735eed75eeea01feaa347e3323e81f6|35b31d96b564aa28b6abc3079864e8cb73caa66d|9ee299267667b7f65add26844e8520da320efdae|be266d10ef71a8ae6d1b26920fcb063039aa7d5c","NORMAL","1","1","2875587269|11","2875587269|11","UNIQUE_PROJECTED_GIT_MATCH","BIDIRECTIONAL_UNIQUE","be266d10ef71a8ae6d1b26920fcb063039aa7d5c","False","False","False","","KNOWN + EXISTING","STRONG","Content-verified archive uniquely matches an Analysis 05 Git candidate and the Steam/Skymods temporal relationship is bidirectionally unique."
"2875587269|39","Special-World","SW","2875587269","39","17 Feb @ 2:14pm","2026-02-17 14:14","","Fixed some issues with buildings.","False","4","0d6593821735eed75eeea01feaa347e3323e81f6|9ee299267667b7f65add26844e8520da320efdae|be266d10ef71a8ae6d1b26920fcb063039aa7d5c|dbd3d6f27c20d3fb999730b7d28e09df3667bd16","NORMAL","0","0","","","","","","False","False","False","","UNVERIFIED","UNRESOLVED","No content-verified first-pass relationship is sufficient for automatic resolution."
"2875587269|40","Special-World","SW","2875587269","40","15 Feb @ 10:39am","2026-02-15 10:39","","Share to your Steam activity feed","False","4","0d6593821735eed75eeea01feaa347e3323e81f6|9ee299267667b7f65add26844e8520da320efdae|be266d10ef71a8ae6d1b26920fcb063039aa7d5c|dbd3d6f27c20d3fb999730b7d28e09df3667bd16","NORMAL","0","0","","","","","","False","False","False","","UNVERIFIED","UNRESOLVED","No content-verified first-pass relationship is sufficient for automatic resolution."
"2875587269|41","Special-World","SW","2875587269","41","13 Feb @ 4:43pm","2026-02-13 16:43","","Medieval Arts Update","False","3","0d6593821735eed75eeea01feaa347e3323e81f6|9ee299267667b7f65add26844e8520da320efdae|dbd3d6f27c20d3fb999730b7d28e09df3667bd16","NORMAL","0","0","","","","","","False","False","False","","UNVERIFIED","UNRESOLVED","No content-verified first-pass relationship is sufficient for automatic resolution."
"2875587269|42","Special-World","SW","2875587269","42","10 Feb @ 4:52pm","2026-02-10 16:52","","A Special World Fixes:","False","2","0d6593821735eed75eeea01feaa347e3323e81f6|dbd3d6f27c20d3fb999730b7d28e09df3667bd16","NORMAL","0","0","","","","","","False","False","False","","UNVERIFIED","UNRESOLVED","No content-verified first-pass relationship is sufficient for automatic resolution."
"2875587269|43","Special-World","SW","2875587269","43","3 Feb @ 7:40am","2026-02-03 07:40","","Update for MA","False","2","04978e0c73beff81e806fb0433ea3ad95cf3a589|fc1bca8d5e65a0a82dfb0ac58e4d4858ed83afac","NORMAL","1","1","2875587269|12","2875587269|12","NO_PROJECTED_GIT_MATCH","BIDIRECTIONAL_UNIQUE","","False","False","False","","UNVERIFIED","UNRESOLVED","The archive is bidirectionally anchored to this Steam event, but no exact projected Git match exists among the tested Analysis 09 candidates. Candidate-limited absence does not prove that the content is absent from all historical Git snapshots, so an exhaustive same-repository comparison is required before assigning RECOVERED."
"2875587269|44","Special-World","SW","2875587269","44","30 Jan @ 5:13pm","2026-01-30 17:13","","","False","2","04978e0c73beff81e806fb0433ea3ad95cf3a589|fc1bca8d5e65a0a82dfb0ac58e4d4858ed83afac","NORMAL","0","0","","","","","","False","False","False","","UNVERIFIED","UNRESOLVED","No content-verified first-pass relationship is sufficient for automatic resolution."
"2875587269|45","Special-World","SW","2875587269","45","26 Jan @ 2:10pm","2026-01-26 14:10","","- Added Kaifeng city graphics by star","False","2","04978e0c73beff81e806fb0433ea3ad95cf3a589|fc1bca8d5e65a0a82dfb0ac58e4d4858ed83afac","NORMAL","1","1","2875587269|13","2875587269|13","UNIQUE_PROJECTED_GIT_MATCH","BIDIRECTIONAL_UNIQUE","fc1bca8d5e65a0a82dfb0ac58e4d4858ed83afac","False","False","False","","KNOWN + EXISTING","STRONG","Content-verified archive uniquely matches an Analysis 05 Git candidate and the Steam/Skymods temporal relationship is bidirectionally unique."
"2875587269|46","Special-World","SW","2875587269","46","14 Jan @ 3:41pm","2026-01-14 15:41","","","False","2","59197499171ff9f910d90d8b03407b7388b43847|688be509388ead75fa299018dcdde17ba4c8f5f5","NORMAL","1","1","2875587269|14","2875587269|14","UNIQUE_PROJECTED_GIT_MATCH","BIDIRECTIONAL_UNIQUE","688be509388ead75fa299018dcdde17ba4c8f5f5","False","False","False","","KNOWN + EXISTING","STRONG","Content-verified archive uniquely matches an Analysis 05 Git candidate and the Steam/Skymods temporal relationship is bidirectionally unique."
"2875587269|47","Special-World","SW","2875587269","47","11 Jan @ 8:30pm","2026-01-11 20:30","","","False","2","59197499171ff9f910d90d8b03407b7388b43847|688be509388ead75fa299018dcdde17ba4c8f5f5","NORMAL","1","1","2875587269|15","2875587269|15","UNIQUE_PROJECTED_GIT_MATCH","BIDIRECTIONAL_UNIQUE","59197499171ff9f910d90d8b03407b7388b43847","False","False","False","","KNOWN + EXISTING","STRONG","Content-verified archive uniquely matches an Analysis 05 Git candidate and the Steam/Skymods temporal relationship is bidirectionally unique."
"2875587269|48","Special-World","SW","2875587269","48","31 Dec, 2025 @ 2:43pm","2025-12-31 14:43","","","False","3","281142eee5206dc821e274b9db26da1428e16fc0|825da8e0f5e4b60f964301e80c5665a8a8426fc2|bd48aaacb89f48226bbaf66fad12ba33907e5c46","NORMAL","1","1","2875587269|16","2875587269|16","UNIQUE_PROJECTED_GIT_MATCH","BIDIRECTIONAL_UNIQUE","825da8e0f5e4b60f964301e80c5665a8a8426fc2","False","False","False","","KNOWN + EXISTING","STRONG","Content-verified archive uniquely matches an Analysis 05 Git candidate and the Steam/Skymods temporal relationship is bidirectionally unique."
"2875587269|49","Special-World","SW","2875587269","49","29 Dec, 2025 @ 11:57am","2025-12-29 11:57","","","False","3","281142eee5206dc821e274b9db26da1428e16fc0|825da8e0f5e4b60f964301e80c5665a8a8426fc2|bd48aaacb89f48226bbaf66fad12ba33907e5c46","NORMAL","0","0","","","","","","False","False","False","","UNVERIFIED","UNRESOLVED","No content-verified first-pass relationship is sufficient for automatic resolution."
"2875587269|50","Special-World","SW","2875587269","50","23 Dec, 2025 @ 4:05pm","2025-12-23 16:05","","-Updated for 1.18.2","False","2","281142eee5206dc821e274b9db26da1428e16fc0|bd48aaacb89f48226bbaf66fad12ba33907e5c46","NORMAL","1","1","2875587269|17","2875587269|17","UNIQUE_PROJECTED_GIT_MATCH","BIDIRECTIONAL_UNIQUE","bd48aaacb89f48226bbaf66fad12ba33907e5c46","False","False","False","","KNOWN + EXISTING","STRONG","Content-verified archive uniquely matches an Analysis 05 Git candidate and the Steam/Skymods temporal relationship is bidirectionally unique."
"2875587269|51","Special-World","SW","2875587269","51","10 Dec, 2025 @ 11:31am","2025-12-10 11:31","","""Temporarily"" removed some of the UB buildings as they may be causing issues.","False","1","a2f8e19bc24921e55b1459032bf255d0a02d4507","NORMAL","1","1","2875587269|18","2875587269|18","NO_PROJECTED_GIT_MATCH","BIDIRECTIONAL_UNIQUE","","False","False","False","","UNVERIFIED","UNRESOLVED","The archive is bidirectionally anchored to this Steam event, but no exact projected Git match exists among the tested Analysis 09 candidates. Candidate-limited absence does not prove that the content is absent from all historical Git snapshots, so an exhaustive same-repository comparison is required before assigning RECOVERED."
"2875587269|52","Special-World","SW","2875587269","52","6 Dec, 2025 @ 10:01pm","2025-12-06 22:01","","Fix to Improperly Loading Buildings","False","1","a2f8e19bc24921e55b1459032bf255d0a02d4507","NORMAL","1","1","2875587269|19","2875587269|19","NO_PROJECTED_GIT_MATCH","BIDIRECTIONAL_UNIQUE","","False","False","False","","UNVERIFIED","UNRESOLVED","The archive is bidirectionally anchored to this Steam event, but no exact projected Git match exists among the tested Analysis 09 candidates. Candidate-limited absence does not prove that the content is absent from all historical Git snapshots, so an exhaustive same-repository comparison is required before assigning RECOVERED."
"2875587269|53","Special-World","SW","2875587269","53","29 Nov, 2025 @ 10:45pm","2025-11-29 22:45","","Localization Fixes","False","0","","","0","0","","","","","","False","False","False","","UNVERIFIED","UNRESOLVED","No content-verified first-pass relationship is sufficient for automatic resolution."
"2875587269|54","Special-World","SW","2875587269","54","29 Nov, 2025 @ 10:44pm","2025-11-29 22:44","","","False","0","","","0","0","","","","","","False","False","False","","UNVERIFIED","UNRESOLVED","No content-verified first-pass relationship is sufficient for automatic resolution."
"2875587269|55","Special-World","SW","2875587269","55","26 Nov, 2025 @ 2:41pm","2025-11-26 14:41","","There will likely be a few tweaks that need to be made, especially to the GUI.","False","0","","","0","0","","","","","","False","False","False","","UNVERIFIED","UNRESOLVED","No content-verified first-pass relationship is sufficient for automatic resolution."
"2875587269|56","Special-World","SW","2875587269","56","14 Nov, 2025 @ 8:12pm","2025-11-14 20:12","","Semi Updated for 1.18 - Still uses old UB+ Version.","False","0","","","0","0","","","","","","False","False","False","","UNVERIFIED","UNRESOLVED","No content-verified first-pass relationship is sufficient for automatic resolution."
"2875587269|57","Special-World","SW","2875587269","57","14 Nov, 2025 @ 8:06pm","2025-11-14 20:06","","Temporary Reversion While Working on Update","False","0","","","0","0","","","","","","False","False","False","","UNVERIFIED","UNRESOLVED","No content-verified first-pass relationship is sufficient for automatic resolution."
"2875587269|58","Special-World","SW","2875587269","58","26 Oct, 2025 @ 10:02pm","2025-10-26 22:02","","","False","1","5d059d311cc276f2a49f976a2d4254280ac39f2c","NORMAL","1","1","2875587269|23","2875587269|23","NO_PROJECTED_GIT_MATCH","BIDIRECTIONAL_UNIQUE","","False","False","False","","UNVERIFIED","UNRESOLVED","The archive is bidirectionally anchored to this Steam event, but no exact projected Git match exists among the tested Analysis 09 candidates. Candidate-limited absence does not prove that the content is absent from all historical Git snapshots, so an exhaustive same-repository comparison is required before assigning RECOVERED."
"2875587269|59","Special-World","SW","2875587269","59","22 Oct, 2025 @ 5:58pm","2025-10-22 17:58","","Updated for Medieval Arts Update","False","1","5d059d311cc276f2a49f976a2d4254280ac39f2c","NORMAL","1","1","2875587269|24","2875587269|24","NO_PROJECTED_GIT_MATCH","BIDIRECTIONAL_UNIQUE","","False","False","False","","UNVERIFIED","UNRESOLVED","The archive is bidirectionally anchored to this Steam event, but no exact projected Git match exists among the tested Analysis 09 candidates. Candidate-limited absence does not prove that the content is absent from all historical Git snapshots, so an exhaustive same-repository comparison is required before assigning RECOVERED."
"2875587269|60","Special-World","SW","2875587269","60","17 Sep, 2025 @ 5:13pm","2025-09-17 17:13","1.17 and Medieval Arts Update","1.17 and Medieval Arts Update","False","1","8cff9607cb4a5bbf4772156f15f62b5564764df4","NORMAL","1","1","2875587269|25","2875587269|25","UNIQUE_PROJECTED_GIT_MATCH","BIDIRECTIONAL_UNIQUE","8cff9607cb4a5bbf4772156f15f62b5564764df4","False","False","False","","KNOWN + EXISTING","STRONG","Content-verified archive uniquely matches an Analysis 05 Git candidate and the Steam/Skymods temporal relationship is bidirectionally unique."
"2875587269|61","Special-World","SW","2875587269","61","1 Sep, 2025 @ 12:17am","2025-09-01 00:17","","Medieval Arts Update","False","0","","","0","0","","","","","","False","False","False","","UNVERIFIED","UNRESOLVED","No content-verified first-pass relationship is sufficient for automatic resolution."
"2875587269|62","Special-World","SW","2875587269","62","22 Aug, 2025 @ 4:08pm","2025-08-22 16:08","","","False","0","","","0","0","","","","","","False","False","False","","UNVERIFIED","UNRESOLVED","No content-verified first-pass relationship is sufficient for automatic resolution."
"2875587269|63","Special-World","SW","2875587269","63","19 Aug, 2025 @ 3:19pm","2025-08-19 15:19","","","False","0","","","0","0","","","","","","False","False","False","","UNVERIFIED","UNRESOLVED","No content-verified first-pass relationship is sufficient for automatic resolution."
"2875587269|64","Special-World","SW","2875587269","64","14 Aug, 2025 @ 2:46pm","2025-08-14 14:46","","","False","0","","","0","0","","","","","","False","False","False","","UNVERIFIED","UNRESOLVED","No content-verified first-pass relationship is sufficient for automatic resolution."
"2875587269|65","Special-World","SW","2875587269","65","11 Aug, 2025 @ 5:05pm","2025-08-11 17:05","","","False","0","","","0","0","","","","","","False","False","False","","UNVERIFIED","UNRESOLVED","No content-verified first-pass relationship is sufficient for automatic resolution."
"2875587269|66","Special-World","SW","2875587269","66","8 Aug, 2025 @ 11:34am","2025-08-08 11:34","","","False","0","","","0","0","","","","","","False","False","False","","UNVERIFIED","UNRESOLVED","No content-verified first-pass relationship is sufficient for automatic resolution."
"2875587269|67","Special-World","SW","2875587269","67","5 Aug, 2025 @ 10:09pm","2025-08-05 22:09","","Updated Cultures to Fix issues caused by addition of CE cultures (required EPE)","False","0","","","0","0","","","","","","False","False","False","","UNVERIFIED","UNRESOLVED","No content-verified first-pass relationship is sufficient for automatic resolution."
"2875587269|68","Special-World","SW","2875587269","68","2 Aug, 2025 @ 7:05pm","2025-08-02 19:05","","Medieval Arts Update","False","0","","","0","0","","","","","","False","False","False","","UNVERIFIED","UNRESOLVED","No content-verified first-pass relationship is sufficient for automatic resolution."
"2875587269|69","Special-World","SW","2875587269","69","1 Aug, 2025 @ 3:46pm","2025-08-01 15:46","","","False","0","","","0","0","","","","","","False","False","False","","UNVERIFIED","UNRESOLVED","No content-verified first-pass relationship is sufficient for automatic resolution."
"2875587269|70","Special-World","SW","2875587269","70","21 Jul, 2025 @ 9:41pm","2025-07-21 21:41","","Share to your Steam activity feed","False","0","","","0","0","","","","","","False","False","False","","UNVERIFIED","UNRESOLVED","No content-verified first-pass relationship is sufficient for automatic resolution."
"2875587269|71","Special-World","SW","2875587269","71","13 Jul, 2025 @ 8:50pm","2025-07-13 20:50","","Updated for Medieval Arts Update","False","0","","","0","0","","","","","","False","False","False","","UNVERIFIED","UNRESOLVED","No content-verified first-pass relationship is sufficient for automatic resolution."
"2875587269|72","Special-World","SW","2875587269","72","13 Jul, 2025 @ 8:26pm","2025-07-13 20:26","","","False","0","","","0","0","","","","","","False","False","False","","UNVERIFIED","UNRESOLVED","No content-verified first-pass relationship is sufficient for automatic resolution."
"2875587269|73","Special-World","SW","2875587269","73","13 Jul, 2025 @ 4:36pm","2025-07-13 16:36","","","False","0","","","0","0","","","","","","False","False","False","","UNVERIFIED","UNRESOLVED","No content-verified first-pass relationship is sufficient for automatic resolution."
"2875587269|74","Special-World","SW","2875587269","74","9 Jul, 2025 @ 10:18am","2025-07-09 10:18","","Fixed triggers that would prevent buildings from showing up when COW3 was active","False","0","","","0","0","","","","","","False","False","False","","UNVERIFIED","UNRESOLVED","No content-verified first-pass relationship is sufficient for automatic resolution."
"2875587269|75","Special-World","SW","2875587269","75","6 Jul, 2025 @ 2:34pm","2025-07-06 14:34","","","False","0","","","0","0","","","","","","False","False","False","","UNVERIFIED","UNRESOLVED","No content-verified first-pass relationship is sufficient for automatic resolution."
"2875587269|76","Special-World","SW","2875587269","76","25 Jun, 2025 @ 10:28pm","2025-06-25 22:28","","","False","0","","","0","0","","","","","","False","False","False","","UNVERIFIED","UNRESOLVED","No content-verified first-pass relationship is sufficient for automatic resolution."
"2875587269|77","Special-World","SW","2875587269","77","24 Jun, 2025 @ 10:18pm","2025-06-24 22:18","","","False","0","","","0","0","","","","","","False","False","False","","UNVERIFIED","UNRESOLVED","No content-verified first-pass relationship is sufficient for automatic resolution."
"2875587269|78","Special-World","SW","2875587269","78","21 Jun, 2025 @ 4:09pm","2025-06-21 16:09","","Updated for MA updates","False","0","","","0","0","","","","","","False","False","False","","UNVERIFIED","UNRESOLVED","No content-verified first-pass relationship is sufficient for automatic resolution."
"2875587269|79","Special-World","SW","2875587269","79","21 Jun, 2025 @ 3:19pm","2025-06-21 15:19","","","False","0","","","0","0","","","","","","False","False","False","","UNVERIFIED","UNRESOLVED","No content-verified first-pass relationship is sufficient for automatic resolution."
"2875587269|80","Special-World","SW","2875587269","80","20 Jun, 2025 @ 11:24pm","2025-06-20 23:24","","Share to your Steam activity feed","False","0","","","0","0","","","","","","False","False","False","","UNVERIFIED","UNRESOLVED","No content-verified first-pass relationship is sufficient for automatic resolution."
"2875587269|81","Special-World","SW","2875587269","81","16 Jun, 2025 @ 11:34pm","2025-06-16 23:34","","","False","0","","","0","0","","","","","","False","False","False","","UNVERIFIED","UNRESOLVED","No content-verified first-pass relationship is sufficient for automatic resolution."
"2875587269|82","Special-World","SW","2875587269","82","13 Jun, 2025 @ 2:52pm","2025-06-13 14:52","","","False","0","","","0","0","","","","","","False","False","False","","UNVERIFIED","UNRESOLVED","No content-verified first-pass relationship is sufficient for automatic resolution."
"2875587269|83","Special-World","SW","2875587269","83","12 Jun, 2025 @ 4:28pm","2025-06-12 16:28","","","False","0","","","0","0","","","","","","False","False","False","","UNVERIFIED","UNRESOLVED","No content-verified first-pass relationship is sufficient for automatic resolution."
"2875587269|84","Special-World","SW","2875587269","84","11 Jun, 2025 @ 11:04am","2025-06-11 11:04","","Updated the On_action so it works based on rule settings not each individual mod.","False","0","","","0","0","","","","","","False","False","False","","UNVERIFIED","UNRESOLVED","No content-verified first-pass relationship is sufficient for automatic resolution."
"2875587269|85","Special-World","SW","2875587269","85","10 Jun, 2025 @ 11:49am","2025-06-10 11:49","","","False","0","","","0","0","","","","","","False","False","False","","UNVERIFIED","UNRESOLVED","No content-verified first-pass relationship is sufficient for automatic resolution."
"2875587269|86","Special-World","SW","2875587269","86","10 Jun, 2025 @ 12:12am","2025-06-10 00:12","","","False","0","","","0","0","","","","","","False","False","False","","UNVERIFIED","UNRESOLVED","No content-verified first-pass relationship is sufficient for automatic resolution."
"2875587269|87","Special-World","SW","2875587269","87","9 Jun, 2025 @ 10:05pm","2025-06-09 22:05","","","False","0","","","0","0","","","","","","False","False","False","","UNVERIFIED","UNRESOLVED","No content-verified first-pass relationship is sufficient for automatic resolution."
"2875587269|88","Special-World","SW","2875587269","88","9 Jun, 2025 @ 8:10am","2025-06-09 08:10","","","False","0","","","0","0","","","","","","False","False","False","","UNVERIFIED","UNRESOLVED","No content-verified first-pass relationship is sufficient for automatic resolution."
"2875587269|89","Special-World","SW","2875587269","89","7 Jun, 2025 @ 12:34am","2025-06-07 00:34","","","False","0","","","0","0","","","","","","False","False","False","","UNVERIFIED","UNRESOLVED","No content-verified first-pass relationship is sufficient for automatic resolution."
"2875587269|90","Special-World","SW","2875587269","90","6 Jun, 2025 @ 11:58pm","2025-06-06 23:58","","Integrated...","False","0","","","0","0","","","","","","False","False","False","","UNVERIFIED","UNRESOLVED","No content-verified first-pass relationship is sufficient for automatic resolution."
"2875587269|91","Special-World","SW","2875587269","91","6 Jun, 2025 @ 2:12pm","2025-06-06 14:12","","","False","0","","","0","0","","","","","","False","False","False","","UNVERIFIED","UNRESOLVED","No content-verified first-pass relationship is sufficient for automatic resolution."
"2875587269|92","Special-World","SW","2875587269","92","6 Jun, 2025 @ 1:05pm","2025-06-06 13:05","","","False","0","","","0","0","","","","","","False","False","False","","UNVERIFIED","UNRESOLVED","No content-verified first-pass relationship is sufficient for automatic resolution."
"2875587269|93","Special-World","SW","2875587269","93","4 Jun, 2025 @ 12:31pm","2025-06-04 12:31","","","False","0","","","0","0","","","","","","False","False","False","","UNVERIFIED","UNRESOLVED","No content-verified first-pass relationship is sufficient for automatic resolution."
"2875587269|94","Special-World","SW","2875587269","94","4 Jun, 2025 @ 10:52am","2025-06-04 10:52","","","False","0","","","0","0","","","","","","False","False","False","","UNVERIFIED","UNRESOLVED","No content-verified first-pass relationship is sufficient for automatic resolution."
"2875587269|95","Special-World","SW","2875587269","95","4 Jun, 2025 @ 8:47am","2025-06-04 08:47","","","False","0","","","0","0","","","","","","False","False","False","","UNVERIFIED","UNRESOLVED","No content-verified first-pass relationship is sufficient for automatic resolution."
"2875587269|96","Special-World","SW","2875587269","96","4 Jun, 2025 @ 7:40am","2025-06-04 07:40","","","False","0","","","0","0","","","","","","False","False","False","","UNVERIFIED","UNRESOLVED","No content-verified first-pass relationship is sufficient for automatic resolution."
"2875587269|97","Special-World","SW","2875587269","97","3 Jun, 2025 @ 9:10am","2025-06-03 09:10","","","False","0","","","0","0","","","","","","False","False","False","","UNVERIFIED","UNRESOLVED","No content-verified first-pass relationship is sufficient for automatic resolution."
"2875587269|98","Special-World","SW","2875587269","98","2 Jun, 2025 @ 3:54pm","2025-06-02 15:54","","","False","0","","","0","0","","","","","","False","False","False","","UNVERIFIED","UNRESOLVED","No content-verified first-pass relationship is sufficient for automatic resolution."
"2875587269|99","Special-World","SW","2875587269","99","2 Jun, 2025 @ 11:18am","2025-06-02 11:18","","","False","0","","","0","0","","","","","","False","False","False","","UNVERIFIED","UNRESOLVED","No content-verified first-pass relationship is sufficient for automatic resolution."
"2875587269|100","Special-World","SW","2875587269","100","30 May, 2025 @ 5:59pm","2025-05-30 17:59","","Share to your Steam activity feed","False","0","","","0","0","","","","","","False","False","False","","UNVERIFIED","UNRESOLVED","No content-verified first-pass relationship is sufficient for automatic resolution."
"2875587269|101","Special-World","SW","2875587269","101","30 May, 2025 @ 4:28pm","2025-05-30 16:28","","","False","0","","","0","0","","","","","","False","False","False","","UNVERIFIED","UNRESOLVED","No content-verified first-pass relationship is sufficient for automatic resolution."
"2875587269|102","Special-World","SW","2875587269","102","30 May, 2025 @ 12:17pm","2025-05-30 12:17","","","False","0","","","0","0","","","","","","False","False","False","","UNVERIFIED","UNRESOLVED","No content-verified first-pass relationship is sufficient for automatic resolution."
"2875587269|103","Special-World","SW","2875587269","103","29 May, 2025 @ 9:58pm","2025-05-29 21:58","","","False","0","","","0","0","","","","","","False","False","False","","UNVERIFIED","UNRESOLVED","No content-verified first-pass relationship is sufficient for automatic resolution."
"2875587269|104","Special-World","SW","2875587269","104","29 May, 2025 @ 6:39pm","2025-05-29 18:39","","","False","0","","","0","0","","","","","","False","False","False","","UNVERIFIED","UNRESOLVED","No content-verified first-pass relationship is sufficient for automatic resolution."
"2875587269|105","Special-World","SW","2875587269","105","29 May, 2025 @ 1:48pm","2025-05-29 13:48","","","False","0","","","0","0","","","","","","False","False","False","","UNVERIFIED","UNRESOLVED","No content-verified first-pass relationship is sufficient for automatic resolution."
"2875587269|106","Special-World","SW","2875587269","106","29 May, 2025 @ 12:17pm","2025-05-29 12:17","","","False","0","","","0","0","","","","","","False","False","False","","UNVERIFIED","UNRESOLVED","No content-verified first-pass relationship is sufficient for automatic resolution."
"2875587269|107","Special-World","SW","2875587269","107","28 May, 2025 @ 4:53pm","2025-05-28 16:53","","","False","0","","","0","0","","","","","","False","False","False","","UNVERIFIED","UNRESOLVED","No content-verified first-pass relationship is sufficient for automatic resolution."
"2875587269|108","Special-World","SW","2875587269","108","28 May, 2025 @ 3:43pm","2025-05-28 15:43","","","False","0","","","0","0","","","","","","False","False","False","","UNVERIFIED","UNRESOLVED","No content-verified first-pass relationship is sufficient for automatic resolution."
"2875587269|109","Special-World","SW","2875587269","109","28 May, 2025 @ 3:19pm","2025-05-28 15:19","","","False","0","","","0","0","","","","","","False","False","False","","UNVERIFIED","UNRESOLVED","No content-verified first-pass relationship is sufficient for automatic resolution."
"2875587269|110","Special-World","SW","2875587269","110","28 May, 2025 @ 12:59pm","2025-05-28 12:59","","Share to your Steam activity feed","False","0","","","0","0","","","","","","False","False","False","","UNVERIFIED","UNRESOLVED","No content-verified first-pass relationship is sufficient for automatic resolution."
"2875587269|111","Special-World","SW","2875587269","111","27 May, 2025 @ 7:09pm","2025-05-27 19:09","","Updated for 1.16.1.2 and changes to COW3 and MHG.","False","0","","","0","0","","","","","","False","False","False","","UNVERIFIED","UNRESOLVED","No content-verified first-pass relationship is sufficient for automatic resolution."
"2875587269|112","Special-World","SW","2875587269","112","27 May, 2025 @ 7:07pm","2025-05-27 19:07","","","False","0","","","0","0","","","","","","False","False","False","","UNVERIFIED","UNRESOLVED","No content-verified first-pass relationship is sufficient for automatic resolution."
"2875587269|113","Special-World","SW","2875587269","113","20 May, 2025 @ 3:56pm","2025-05-20 15:56","","","False","0","","","0","0","","","","","","False","False","False","","UNVERIFIED","UNRESOLVED","No content-verified first-pass relationship is sufficient for automatic resolution."
"2875587269|114","Special-World","SW","2875587269","114","15 May, 2025 @ 10:04pm","2025-05-15 22:04","","","False","0","","","0","0","","","","","","False","False","False","","UNVERIFIED","UNRESOLVED","No content-verified first-pass relationship is sufficient for automatic resolution."
"2875587269|115","Special-World","SW","2875587269","115","12 May, 2025 @ 9:53am","2025-05-12 09:53","","","False","0","","","0","0","","","","","","False","False","False","","UNVERIFIED","UNRESOLVED","No content-verified first-pass relationship is sufficient for automatic resolution."
"2875587269|116","Special-World","SW","2875587269","116","2 May, 2025 @ 3:45pm","2025-05-02 15:45","","","False","0","","","0","0","","","","","","False","False","False","","UNVERIFIED","UNRESOLVED","No content-verified first-pass relationship is sufficient for automatic resolution."
"2875587269|117","Special-World","SW","2875587269","117","12 Apr, 2025 @ 9:31am","2025-04-12 09:31","","","False","0","","","0","0","","","","","","False","False","False","","UNVERIFIED","UNRESOLVED","No content-verified first-pass relationship is sufficient for automatic resolution."
"2875587269|118","Special-World","SW","2875587269","118","6 Apr, 2025 @ 11:39am","2025-04-06 11:39","","","False","0","","","0","0","","","","","","False","False","False","","UNVERIFIED","UNRESOLVED","No content-verified first-pass relationship is sufficient for automatic resolution."
"2875587269|119","Special-World","SW","2875587269","119","4 Apr, 2025 @ 5:00pm","2025-04-04 17:00","","Fixed artifact icon ""bug""","False","0","","","0","0","","","","","","False","False","False","","UNVERIFIED","UNRESOLVED","No content-verified first-pass relationship is sufficient for automatic resolution."
"2875587269|120","Special-World","SW","2875587269","120","4 Apr, 2025 @ 3:49pm","2025-04-04 15:49","","Share to your Steam activity feed","False","0","","","0","0","","","","","","False","False","False","","UNVERIFIED","UNRESOLVED","No content-verified first-pass relationship is sufficient for automatic resolution."
"2875587269|121","Special-World","SW","2875587269","121","2 Apr, 2025 @ 4:22pm","2025-04-02 16:22","","University Update","False","0","","","0","0","","","","","","False","False","False","","UNVERIFIED","UNRESOLVED","No content-verified first-pass relationship is sufficient for automatic resolution."
"2875587269|122","Special-World","SW","2875587269","122","2 Apr, 2025 @ 2:51pm","2025-04-02 14:51","","Inadvertent Upload","False","0","","","0","0","","","","","","False","False","False","","UNVERIFIED","UNRESOLVED","No content-verified first-pass relationship is sufficient for automatic resolution."
"2875587269|123","Special-World","SW","2875587269","123","2 Apr, 2025 @ 2:00pm","2025-04-02 14:00","","","False","0","","","0","0","","","","","","False","False","False","","UNVERIFIED","UNRESOLVED","No content-verified first-pass relationship is sufficient for automatic resolution."
"2875587269|124","Special-World","SW","2875587269","124","31 Mar, 2025 @ 11:43am","2025-03-31 11:43","","","False","0","","","0","0","","","","","","False","False","False","","UNVERIFIED","UNRESOLVED","No content-verified first-pass relationship is sufficient for automatic resolution."
"2875587269|125","Special-World","SW","2875587269","125","30 Mar, 2025 @ 2:15pm","2025-03-30 14:15","","","False","0","","","0","0","","","","","","False","False","False","","UNVERIFIED","UNRESOLVED","No content-verified first-pass relationship is sufficient for automatic resolution."
"2875587269|126","Special-World","SW","2875587269","126","29 Mar, 2025 @ 1:11pm","2025-03-29 13:11","","","False","0","","","0","0","","","","","","False","False","False","","UNVERIFIED","UNRESOLVED","No content-verified first-pass relationship is sufficient for automatic resolution."
"2875587269|127","Special-World","SW","2875587269","127","29 Mar, 2025 @ 12:29pm","2025-03-29 12:29","","Fixed bug where Vatican doesn't appear","False","0","","","0","0","","","","","","False","False","False","","UNVERIFIED","UNRESOLVED","No content-verified first-pass relationship is sufficient for automatic resolution."
"2875587269|128","Special-World","SW","2875587269","128","28 Mar, 2025 @ 11:58pm","2025-03-28 23:58","","Updated for Medieval Arts Update...added Mt Vesuvius if playing MB+ or MPE","False","0","","","0","0","","","","","","False","False","False","","UNVERIFIED","UNRESOLVED","No content-verified first-pass relationship is sufficient for automatic resolution."
"2875587269|129","Special-World","SW","2875587269","129","26 Mar, 2025 @ 1:52pm","2025-03-26 13:52","","","False","0","","","0","0","","","","","","False","False","False","","UNVERIFIED","UNRESOLVED","No content-verified first-pass relationship is sufficient for automatic resolution."
"2875587269|130","Special-World","SW","2875587269","130","26 Mar, 2025 @ 9:07am","2025-03-26 09:07","","Share to your Steam activity feed","False","0","","","0","0","","","","","","False","False","False","","UNVERIFIED","UNRESOLVED","No content-verified first-pass relationship is sufficient for automatic resolution."
"2875587269|131","Special-World","SW","2875587269","131","24 Mar, 2025 @ 10:11pm","2025-03-24 22:11","","","False","0","","","0","0","","","","","","False","False","False","","UNVERIFIED","UNRESOLVED","No content-verified first-pass relationship is sufficient for automatic resolution."
"2875587269|132","Special-World","SW","2875587269","132","24 Mar, 2025 @ 1:42pm","2025-03-24 13:42","","","False","0","","","0","0","","","","","","False","False","False","","UNVERIFIED","UNRESOLVED","No content-verified first-pass relationship is sufficient for automatic resolution."
"2875587269|133","Special-World","SW","2875587269","133","24 Mar, 2025 @ 11:03am","2025-03-24 11:03","","","False","0","","","0","0","","","","","","False","False","False","","UNVERIFIED","UNRESOLVED","No content-verified first-pass relationship is sufficient for automatic resolution."
"2875587269|134","Special-World","SW","2875587269","134","23 Mar, 2025 @ 11:52pm","2025-03-23 23:52","","","False","0","","","0","0","","","","","","False","False","False","","UNVERIFIED","UNRESOLVED","No content-verified first-pass relationship is sufficient for automatic resolution."
"2875587269|135","Special-World","SW","2875587269","135","23 Mar, 2025 @ 11:24am","2025-03-23 11:24","","Updated Holding Graphics and Backgrounds","False","0","","","0","0","","","","","","False","False","False","","UNVERIFIED","UNRESOLVED","No content-verified first-pass relationship is sufficient for automatic resolution."
"2875587269|136","Special-World","SW","2875587269","136","19 Mar, 2025 @ 10:13am","2025-03-19 10:13","","","False","0","","","0","0","","","","","","False","False","False","","UNVERIFIED","UNRESOLVED","No content-verified first-pass relationship is sufficient for automatic resolution."
"2875587269|137","Special-World","SW","2875587269","137","18 Mar, 2025 @ 6:33pm","2025-03-18 18:33","","","False","0","","","0","0","","","","","","False","False","False","","UNVERIFIED","UNRESOLVED","No content-verified first-pass relationship is sufficient for automatic resolution."
"2875587269|138","Special-World","SW","2875587269","138","18 Mar, 2025 @ 6:12pm","2025-03-18 18:12","","","False","0","","","0","0","","","","","","False","False","False","","UNVERIFIED","UNRESOLVED","No content-verified first-pass relationship is sufficient for automatic resolution."
"2875587269|139","Special-World","SW","2875587269","139","17 Mar, 2025 @ 10:09am","2025-03-17 10:09","","","False","0","","","0","0","","","","","","False","False","False","","UNVERIFIED","UNRESOLVED","No content-verified first-pass relationship is sufficient for automatic resolution."
"2875587269|140","Special-World","SW","2875587269","140","11 Mar, 2025 @ 11:12pm","2025-03-11 23:12","","Share to your Steam activity feed","False","0","","","0","0","","","","","","False","False","False","","UNVERIFIED","UNRESOLVED","No content-verified first-pass relationship is sufficient for automatic resolution."
"2875587269|141","Special-World","SW","2875587269","141","9 Mar, 2025 @ 11:41pm","2025-03-09 23:41","","","False","0","","","0","0","","","","","","False","False","False","","UNVERIFIED","UNRESOLVED","No content-verified first-pass relationship is sufficient for automatic resolution."
"2875587269|142","Special-World","SW","2875587269","142","4 Mar, 2025 @ 9:51pm","2025-03-04 21:51","","","False","0","","","0","0","","","","","","False","False","False","","UNVERIFIED","UNRESOLVED","No content-verified first-pass relationship is sufficient for automatic resolution."
"2875587269|143","Special-World","SW","2875587269","143","3 Mar, 2025 @ 2:17pm","2025-03-03 14:17","","","False","0","","","0","0","","","","","","False","False","False","","UNVERIFIED","UNRESOLVED","No content-verified first-pass relationship is sufficient for automatic resolution."
"2875587269|144","Special-World","SW","2875587269","144","3 Mar, 2025 @ 9:11am","2025-03-03 09:11","","","False","0","","","0","0","","","","","","False","False","False","","UNVERIFIED","UNRESOLVED","No content-verified first-pass relationship is sufficient for automatic resolution."
"2875587269|145","Special-World","SW","2875587269","145","2 Mar, 2025 @ 2:59pm","2025-03-02 14:59","","","False","0","","","0","0","","","","","","False","False","False","","UNVERIFIED","UNRESOLVED","No content-verified first-pass relationship is sufficient for automatic resolution."
"2875587269|146","Special-World","SW","2875587269","146","26 Feb, 2025 @ 7:36pm","2025-02-26 19:36","","","False","0","","","0","0","","","","","","False","False","False","","UNVERIFIED","UNRESOLVED","No content-verified first-pass relationship is sufficient for automatic resolution."
"2875587269|147","Special-World","SW","2875587269","147","26 Feb, 2025 @ 3:02pm","2025-02-26 15:02","","","False","0","","","0","0","","","","","","False","False","False","","UNVERIFIED","UNRESOLVED","No content-verified first-pass relationship is sufficient for automatic resolution."
"2875587269|148","Special-World","SW","2875587269","148","26 Feb, 2025 @ 12:39pm","2025-02-26 12:39","","Updated for DLCs. Various changes so some other buildings appear.","False","0","","","0","0","","","","","","False","False","False","","UNVERIFIED","UNRESOLVED","No content-verified first-pass relationship is sufficient for automatic resolution."
"2875587269|149","Special-World","SW","2875587269","149","18 Feb, 2025 @ 10:55pm","2025-02-18 22:55","","","False","0","","","0","0","","","","","","False","False","False","","UNVERIFIED","UNRESOLVED","No content-verified first-pass relationship is sufficient for automatic resolution."
"2875587269|150","Special-World","SW","2875587269","150","18 Feb, 2025 @ 12:38pm","2025-02-18 12:38","","Share to your Steam activity feed","False","0","","","0","0","","","","","","False","False","False","","UNVERIFIED","UNRESOLVED","No content-verified first-pass relationship is sufficient for automatic resolution."
"2875587269|151","Special-World","SW","2875587269","151","18 Feb, 2025 @ 9:29am","2025-02-18 09:29","","","False","0","","","0","0","","","","","","False","False","False","","UNVERIFIED","UNRESOLVED","No content-verified first-pass relationship is sufficient for automatic resolution."
"2875587269|152","Special-World","SW","2875587269","152","16 Feb, 2025 @ 11:53pm","2025-02-16 23:53","","","False","0","","","0","0","","","","","","False","False","False","","UNVERIFIED","UNRESOLVED","No content-verified first-pass relationship is sufficient for automatic resolution."
"2875587269|153","Special-World","SW","2875587269","153","13 Feb, 2025 @ 1:55pm","2025-02-13 13:55","","","False","0","","","0","0","","","","","","False","False","False","","UNVERIFIED","UNRESOLVED","No content-verified first-pass relationship is sufficient for automatic resolution."
"2875587269|154","Special-World","SW","2875587269","154","10 Feb, 2025 @ 10:21pm","2025-02-10 22:21","","","False","0","","","0","0","","","","","","False","False","False","","UNVERIFIED","UNRESOLVED","No content-verified first-pass relationship is sufficient for automatic resolution."
"2875587269|155","Special-World","SW","2875587269","155","10 Feb, 2025 @ 9:56pm","2025-02-10 21:56","","","False","0","","","0","0","","","","","","False","False","False","","UNVERIFIED","UNRESOLVED","No content-verified first-pass relationship is sufficient for automatic resolution."
"2875587269|156","Special-World","SW","2875587269","156","10 Feb, 2025 @ 3:53pm","2025-02-10 15:53","","Medieval Arts Update","False","0","","","0","0","","","","","","False","False","False","","UNVERIFIED","UNRESOLVED","No content-verified first-pass relationship is sufficient for automatic resolution."
"2875587269|157","Special-World","SW","2875587269","157","10 Feb, 2025 @ 8:24am","2025-02-10 08:24","","","False","0","","","0","0","","","","","","False","False","False","","UNVERIFIED","UNRESOLVED","No content-verified first-pass relationship is sufficient for automatic resolution."
"2875587269|158","Special-World","SW","2875587269","158","10 Feb, 2025 @ 12:55am","2025-02-10 00:55","","","False","0","","","0","0","","","","","","False","False","False","","UNVERIFIED","UNRESOLVED","No content-verified first-pass relationship is sufficient for automatic resolution."
"2875587269|159","Special-World","SW","2875587269","159","9 Feb, 2025 @ 11:48am","2025-02-09 11:48","","","False","0","","","0","0","","","","","","False","False","False","","UNVERIFIED","UNRESOLVED","No content-verified first-pass relationship is sufficient for automatic resolution."
"2875587269|160","Special-World","SW","2875587269","160","6 Feb, 2025 @ 4:07pm","2025-02-06 16:07","","Share to your Steam activity feed","False","0","","","0","0","","","","","","False","False","False","","UNVERIFIED","UNRESOLVED","No content-verified first-pass relationship is sufficient for automatic resolution."
"2875587269|161","Special-World","SW","2875587269","161","6 Feb, 2025 @ 1:18pm","2025-02-06 13:18","","","False","0","","","0","0","","","","","","False","False","False","","UNVERIFIED","UNRESOLVED","No content-verified first-pass relationship is sufficient for automatic resolution."
"2875587269|162","Special-World","SW","2875587269","162","6 Feb, 2025 @ 12:03pm","2025-02-06 12:03","","","False","0","","","0","0","","","","","","False","False","False","","UNVERIFIED","UNRESOLVED","No content-verified first-pass relationship is sufficient for automatic resolution."
"2875587269|163","Special-World","SW","2875587269","163","6 Feb, 2025 @ 9:57am","2025-02-06 09:57","","","False","0","","","0","0","","","","","","False","False","False","","UNVERIFIED","UNRESOLVED","No content-verified first-pass relationship is sufficient for automatic resolution."
"2875587269|164","Special-World","SW","2875587269","164","6 Feb, 2025 @ 9:14am","2025-02-06 09:14","","","False","0","","","0","0","","","","","","False","False","False","","UNVERIFIED","UNRESOLVED","No content-verified first-pass relationship is sufficient for automatic resolution."
"2875587269|165","Special-World","SW","2875587269","165","6 Feb, 2025 @ 9:06am","2025-02-06 09:06","","","False","0","","","0","0","","","","","","False","False","False","","UNVERIFIED","UNRESOLVED","No content-verified first-pass relationship is sufficient for automatic resolution."
"2875587269|166","Special-World","SW","2875587269","166","4 Feb, 2025 @ 1:02pm","2025-02-04 13:02","","","False","0","","","0","0","","","","","","False","False","False","","UNVERIFIED","UNRESOLVED","No content-verified first-pass relationship is sufficient for automatic resolution."
"2875587269|167","Special-World","SW","2875587269","167","4 Feb, 2025 @ 10:17am","2025-02-04 10:17","","Update:No longer required COW3 as it is now fully integrated","False","0","","","0","0","","","","","","False","False","False","","UNVERIFIED","UNRESOLVED","No content-verified first-pass relationship is sufficient for automatic resolution."
"2875587269|168","Special-World","SW","2875587269","168","3 Feb, 2025 @ 11:39pm","2025-02-03 23:39","","","False","0","","","0","0","","","","","","False","False","False","","UNVERIFIED","UNRESOLVED","No content-verified first-pass relationship is sufficient for automatic resolution."
"2875587269|169","Special-World","SW","2875587269","169","3 Feb, 2025 @ 11:03pm","2025-02-03 23:03","","","False","0","","","0","0","","","","","","False","False","False","","UNVERIFIED","UNRESOLVED","No content-verified first-pass relationship is sufficient for automatic resolution."
"2875587269|170","Special-World","SW","2875587269","170","3 Feb, 2025 @ 1:32pm","2025-02-03 13:32","","Share to your Steam activity feed","False","0","","","0","0","","","","","","False","False","False","","UNVERIFIED","UNRESOLVED","No content-verified first-pass relationship is sufficient for automatic resolution."
"2875587269|171","Special-World","SW","2875587269","171","3 Feb, 2025 @ 11:33am","2025-02-03 11:33","","","False","0","","","0","0","","","","","","False","False","False","","UNVERIFIED","UNRESOLVED","No content-verified first-pass relationship is sufficient for automatic resolution."
"2875587269|172","Special-World","SW","2875587269","172","3 Feb, 2025 @ 11:28am","2025-02-03 11:28","","","False","0","","","0","0","","","","","","False","False","False","","UNVERIFIED","UNRESOLVED","No content-verified first-pass relationship is sufficient for automatic resolution."
"2875587269|173","Special-World","SW","2875587269","173","1 Feb, 2025 @ 5:17pm","2025-02-01 17:17","","","False","0","","","0","0","","","","","","False","False","False","","UNVERIFIED","UNRESOLVED","No content-verified first-pass relationship is sufficient for automatic resolution."
"2875587269|174","Special-World","SW","2875587269","174","31 Jan, 2025 @ 9:21pm","2025-01-31 21:21","","","False","0","","","0","0","","","","","","False","False","False","","UNVERIFIED","UNRESOLVED","No content-verified first-pass relationship is sufficient for automatic resolution."
"2875587269|175","Special-World","SW","2875587269","175","31 Jan, 2025 @ 9:01pm","2025-01-31 21:01","","","False","0","","","0","0","","","","","","False","False","False","","UNVERIFIED","UNRESOLVED","No content-verified first-pass relationship is sufficient for automatic resolution."
"2875587269|176","Special-World","SW","2875587269","176","31 Jan, 2025 @ 12:50pm","2025-01-31 12:50","","","False","0","","","0","0","","","","","","False","False","False","","UNVERIFIED","UNRESOLVED","No content-verified first-pass relationship is sufficient for automatic resolution."
"2875587269|177","Special-World","SW","2875587269","177","30 Jan, 2025 @ 8:29am","2025-01-30 08:29","","Fixed triggers for compatibility and error prevention.","False","0","","","0","0","","","","","","False","False","False","","UNVERIFIED","UNRESOLVED","No content-verified first-pass relationship is sufficient for automatic resolution."
"2875587269|178","Special-World","SW","2875587269","178","28 Jan, 2025 @ 9:33am","2025-01-28 09:33","","","False","0","","","0","0","","","","","","False","False","False","","UNVERIFIED","UNRESOLVED","No content-verified first-pass relationship is sufficient for automatic resolution."
"2875587269|179","Special-World","SW","2875587269","179","27 Jan, 2025 @ 9:32pm","2025-01-27 21:32","","","False","0","","","0","0","","","","","","False","False","False","","UNVERIFIED","UNRESOLVED","No content-verified first-pass relationship is sufficient for automatic resolution."
"2875587269|180","Special-World","SW","2875587269","180","27 Jan, 2025 @ 4:16pm","2025-01-27 16:16","","Share to your Steam activity feed","False","0","","","0","0","","","","","","False","False","False","","UNVERIFIED","UNRESOLVED","No content-verified first-pass relationship is sufficient for automatic resolution."
"2875587269|181","Special-World","SW","2875587269","181","27 Jan, 2025 @ 1:53pm","2025-01-27 13:53","","","False","0","","","0","0","","","","","","False","False","False","","UNVERIFIED","UNRESOLVED","No content-verified first-pass relationship is sufficient for automatic resolution."
"2875587269|182","Special-World","SW","2875587269","182","26 Jan, 2025 @ 10:58pm","2025-01-26 22:58","","","False","0","","","0","0","","","","","","False","False","False","","UNVERIFIED","UNRESOLVED","No content-verified first-pass relationship is sufficient for automatic resolution."
"2875587269|183","Special-World","SW","2875587269","183","26 Jan, 2025 @ 2:32pm","2025-01-26 14:32","","","False","0","","","0","0","","","","","","False","False","False","","UNVERIFIED","UNRESOLVED","No content-verified first-pass relationship is sufficient for automatic resolution."
"2875587269|184","Special-World","SW","2875587269","184","24 Jan, 2025 @ 3:29pm","2025-01-24 15:29","","","False","0","","","0","0","","","","","","False","False","False","","UNVERIFIED","UNRESOLVED","No content-verified first-pass relationship is sufficient for automatic resolution."
"2875587269|185","Special-World","SW","2875587269","185","24 Jan, 2025 @ 1:23pm","2025-01-24 13:23","","","False","0","","","0","0","","","","","","False","False","False","","UNVERIFIED","UNRESOLVED","No content-verified first-pass relationship is sufficient for automatic resolution."
"2875587269|186","Special-World","SW","2875587269","186","23 Jan, 2025 @ 5:44pm","2025-01-23 17:44","","Error Fixes and fixes for buildings that were no showing up","False","0","","","0","0","","","","","","False","False","False","","UNVERIFIED","UNRESOLVED","No content-verified first-pass relationship is sufficient for automatic resolution."
"2875587269|187","Special-World","SW","2875587269","187","23 Jan, 2025 @ 12:11pm","2025-01-23 12:11","","","False","0","","","0","0","","","","","","False","False","False","","UNVERIFIED","UNRESOLVED","No content-verified first-pass relationship is sufficient for automatic resolution."
"2875587269|188","Special-World","SW","2875587269","188","23 Jan, 2025 @ 11:08am","2025-01-23 11:08","","","False","0","","","0","0","","","","","","False","False","False","","UNVERIFIED","UNRESOLVED","No content-verified first-pass relationship is sufficient for automatic resolution."
"2875587269|189","Special-World","SW","2875587269","189","23 Jan, 2025 @ 9:38am","2025-01-23 09:38","","","False","0","","","0","0","","","","","","False","False","False","","UNVERIFIED","UNRESOLVED","No content-verified first-pass relationship is sufficient for automatic resolution."
"2875587269|190","Special-World","SW","2875587269","190","22 Jan, 2025 @ 11:03pm","2025-01-22 23:03","","Share to your Steam activity feed","False","0","","","0","0","","","","","","False","False","False","","UNVERIFIED","UNRESOLVED","No content-verified first-pass relationship is sufficient for automatic resolution."
"2875587269|191","Special-World","SW","2875587269","191","22 Jan, 2025 @ 1:53pm","2025-01-22 13:53","","Updated script for errors upon world creation","False","0","","","0","0","","","","","","False","False","False","","UNVERIFIED","UNRESOLVED","No content-verified first-pass relationship is sufficient for automatic resolution."
"2875587269|192","Special-World","SW","2875587269","192","19 Jan, 2025 @ 11:01pm","2025-01-19 23:01","","","False","0","","","0","0","","","","","","False","False","False","","UNVERIFIED","UNRESOLVED","No content-verified first-pass relationship is sufficient for automatic resolution."
"2875587269|193","Special-World","SW","2875587269","193","19 Jan, 2025 @ 10:21pm","2025-01-19 22:21","","","False","0","","","0","0","","","","","","False","False","False","","UNVERIFIED","UNRESOLVED","No content-verified first-pass relationship is sufficient for automatic resolution."
"2875587269|194","Special-World","SW","2875587269","194","19 Jan, 2025 @ 10:05pm","2025-01-19 22:05","","","False","0","","","0","0","","","","","","False","False","False","","UNVERIFIED","UNRESOLVED","No content-verified first-pass relationship is sufficient for automatic resolution."
"2875587269|195","Special-World","SW","2875587269","195","19 Jan, 2025 @ 9:55pm","2025-01-19 21:55","","","False","0","","","0","0","","","","","","False","False","False","","UNVERIFIED","UNRESOLVED","No content-verified first-pass relationship is sufficient for automatic resolution."
"2875587269|196","Special-World","SW","2875587269","196","19 Jan, 2025 @ 9:24pm","2025-01-19 21:24","","","False","0","","","0","0","","","","","","False","False","False","","UNVERIFIED","UNRESOLVED","No content-verified first-pass relationship is sufficient for automatic resolution."
"2875587269|197","Special-World","SW","2875587269","197","16 Jan, 2025 @ 11:14am","2025-01-16 11:14","","","False","0","","","0","0","","","","","","False","False","False","","UNVERIFIED","UNRESOLVED","No content-verified first-pass relationship is sufficient for automatic resolution."
"2875587269|198","Special-World","SW","2875587269","198","16 Jan, 2025 @ 8:50am","2025-01-16 08:50","","Updated with Medieval Arts updates","False","0","","","0","0","","","","","","False","False","False","","UNVERIFIED","UNRESOLVED","No content-verified first-pass relationship is sufficient for automatic resolution."
"2875587269|199","Special-World","SW","2875587269","199","14 Jan, 2025 @ 9:18am","2025-01-14 09:18","","","False","0","","","0","0","","","","","","False","False","False","","UNVERIFIED","UNRESOLVED","No content-verified first-pass relationship is sufficient for automatic resolution."
"2875587269|200","Special-World","SW","2875587269","200","14 Jan, 2025 @ 8:24am","2025-01-14 08:24","","Share to your Steam activity feed","False","0","","","0","0","","","","","","False","False","False","","UNVERIFIED","UNRESOLVED","No content-verified first-pass relationship is sufficient for automatic resolution."
"2875587269|201","Special-World","SW","2875587269","201","14 Jan, 2025 @ 8:05am","2025-01-14 08:05","","","False","0","","","0","0","","","","","","False","False","False","","UNVERIFIED","UNRESOLVED","No content-verified first-pass relationship is sufficient for automatic resolution."
"2875587269|202","Special-World","SW","2875587269","202","14 Jan, 2025 @ 7:03am","2025-01-14 07:03","","","False","0","","","0","0","","","","","","False","False","False","","UNVERIFIED","UNRESOLVED","No content-verified first-pass relationship is sufficient for automatic resolution."
"2875587269|203","Special-World","SW","2875587269","203","13 Jan, 2025 @ 2:38pm","2025-01-13 14:38","","","False","0","","","0","0","","","","","","False","False","False","","UNVERIFIED","UNRESOLVED","No content-verified first-pass relationship is sufficient for automatic resolution."
"2875587269|204","Special-World","SW","2875587269","204","13 Jan, 2025 @ 1:51pm","2025-01-13 13:51","","","False","0","","","0","0","","","","","","False","False","False","","UNVERIFIED","UNRESOLVED","No content-verified first-pass relationship is sufficient for automatic resolution."
"2875587269|205","Special-World","SW","2875587269","205","13 Jan, 2025 @ 12:28pm","2025-01-13 12:28","","","False","0","","","0","0","","","","","","False","False","False","","UNVERIFIED","UNRESOLVED","No content-verified first-pass relationship is sufficient for automatic resolution."
"2875587269|206","Special-World","SW","2875587269","206","13 Jan, 2025 @ 9:17am","2025-01-13 09:17","","","False","0","","","0","0","","","","","","False","False","False","","UNVERIFIED","UNRESOLVED","No content-verified first-pass relationship is sufficient for automatic resolution."
"2875587269|207","Special-World","SW","2875587269","207","7 Jan, 2025 @ 12:03pm","2025-01-07 12:03","","Default Special Building locators are now based on regular map / Medieval Arts","False","0","","","0","0","","","","","","False","False","False","","UNVERIFIED","UNRESOLVED","No content-verified first-pass relationship is sufficient for automatic resolution."
"2875587269|208","Special-World","SW","2875587269","208","6 Jan, 2025 @ 9:04am","2025-01-06 09:04","","","False","0","","","0","0","","","","","","False","False","False","","UNVERIFIED","UNRESOLVED","No content-verified first-pass relationship is sufficient for automatic resolution."
"2875587269|209","Special-World","SW","2875587269","209","3 Jan, 2025 @ 11:31am","2025-01-03 11:31","","","False","0","","","0","0","","","","","","False","False","False","","UNVERIFIED","UNRESOLVED","No content-verified first-pass relationship is sufficient for automatic resolution."
"2875587269|210","Special-World","SW","2875587269","210","31 Dec, 2024 @ 10:45am","2024-12-31 10:45","","Share to your Steam activity feed","False","0","","","0","0","","","","","","False","False","False","","UNVERIFIED","UNRESOLVED","No content-verified first-pass relationship is sufficient for automatic resolution."
"2875587269|211","Special-World","SW","2875587269","211","30 Dec, 2024 @ 8:27am","2024-12-30 08:27","","","False","0","","","0","0","","","","","","False","False","False","","UNVERIFIED","UNRESOLVED","No content-verified first-pass relationship is sufficient for automatic resolution."
"2875587269|212","Special-World","SW","2875587269","212","29 Dec, 2024 @ 10:27pm","2024-12-29 22:27","","","False","0","","","0","0","","","","","","False","False","False","","UNVERIFIED","UNRESOLVED","No content-verified first-pass relationship is sufficient for automatic resolution."
"2875587269|213","Special-World","SW","2875587269","213","29 Dec, 2024 @ 9:27pm","2024-12-29 21:27","","","False","0","","","0","0","","","","","","False","False","False","","UNVERIFIED","UNRESOLVED","No content-verified first-pass relationship is sufficient for automatic resolution."
"2875587269|214","Special-World","SW","2875587269","214","28 Dec, 2024 @ 5:45pm","2024-12-28 17:45","","","False","0","","","0","0","","","","","","False","False","False","","UNVERIFIED","UNRESOLVED","No content-verified first-pass relationship is sufficient for automatic resolution."
"2875587269|215","Special-World","SW","2875587269","215","28 Dec, 2024 @ 5:22pm","2024-12-28 17:22","","","False","0","","","0","0","","","","","","False","False","False","","UNVERIFIED","UNRESOLVED","No content-verified first-pass relationship is sufficient for automatic resolution."
"2875587269|216","Special-World","SW","2875587269","216","28 Dec, 2024 @ 5:18pm","2024-12-28 17:18","","Ignore","False","0","","","0","0","","","","","","False","False","False","","UNVERIFIED","UNRESOLVED","No content-verified first-pass relationship is sufficient for automatic resolution."
"2875587269|217","Special-World","SW","2875587269","217","28 Dec, 2024 @ 5:00pm","2024-12-28 17:00","","","False","0","","","0","0","","","","","","False","False","False","","UNVERIFIED","UNRESOLVED","No content-verified first-pass relationship is sufficient for automatic resolution."
"2875587269|218","Special-World","SW","2875587269","218","28 Dec, 2024 @ 1:48pm","2024-12-28 13:48","","UPDATE:","False","0","","","0","0","","","","","","False","False","False","","UNVERIFIED","UNRESOLVED","No content-verified first-pass relationship is sufficient for automatic resolution."
"2875587269|219","Special-World","SW","2875587269","219","27 Dec, 2024 @ 8:44am","2024-12-27 08:44","","","False","0","","","0","0","","","","","","False","False","False","","UNVERIFIED","UNRESOLVED","No content-verified first-pass relationship is sufficient for automatic resolution."
"2875587269|220","Special-World","SW","2875587269","220","27 Dec, 2024 @ 12:55am","2024-12-27 00:55","","Share to your Steam activity feed","False","0","","","0","0","","","","","","False","False","False","","UNVERIFIED","UNRESOLVED","No content-verified first-pass relationship is sufficient for automatic resolution."
"2875587269|221","Special-World","SW","2875587269","221","27 Dec, 2024 @ 12:37am","2024-12-27 00:37","","Post Christmas Update","False","0","","","0","0","","","","","","False","False","False","","UNVERIFIED","UNRESOLVED","No content-verified first-pass relationship is sufficient for automatic resolution."
"2875587269|222","Special-World","SW","2875587269","222","22 Dec, 2024 @ 2:30pm","2024-12-22 14:30","","","False","0","","","0","0","","","","","","False","False","False","","UNVERIFIED","UNRESOLVED","No content-verified first-pass relationship is sufficient for automatic resolution."
"2875587269|223","Special-World","SW","2875587269","223","22 Dec, 2024 @ 2:20pm","2024-12-22 14:20","","","False","0","","","0","0","","","","","","False","False","False","","UNVERIFIED","UNRESOLVED","No content-verified first-pass relationship is sufficient for automatic resolution."
"2875587269|224","Special-World","SW","2875587269","224","20 Dec, 2024 @ 9:57pm","2024-12-20 21:57","","","False","0","","","0","0","","","","","","False","False","False","","UNVERIFIED","UNRESOLVED","No content-verified first-pass relationship is sufficient for automatic resolution."
"2875587269|225","Special-World","SW","2875587269","225","20 Dec, 2024 @ 6:43am","2024-12-20 06:43","","COW Update","False","0","","","0","0","","","","","","False","False","False","","UNVERIFIED","UNRESOLVED","No content-verified first-pass relationship is sufficient for automatic resolution."
"2875587269|226","Special-World","SW","2875587269","226","19 Dec, 2024 @ 9:04am","2024-12-19 09:04","","","False","0","","","0","0","","","","","","False","False","False","","UNVERIFIED","UNRESOLVED","No content-verified first-pass relationship is sufficient for automatic resolution."
"2875587269|227","Special-World","SW","2875587269","227","18 Dec, 2024 @ 10:57am","2024-12-18 10:57","","Updated Localization File, was using old one","False","0","","","0","0","","","","","","False","False","False","","UNVERIFIED","UNRESOLVED","No content-verified first-pass relationship is sufficient for automatic resolution."
"2875587269|228","Special-World","SW","2875587269","228","17 Dec, 2024 @ 11:03am","2024-12-17 11:03","","","False","0","","","0","0","","","","","","False","False","False","","UNVERIFIED","UNRESOLVED","No content-verified first-pass relationship is sufficient for automatic resolution."
"2875587269|229","Special-World","SW","2875587269","229","9 Dec, 2024 @ 10:10am","2024-12-09 10:10","","","False","0","","","0","0","","","","","","False","False","False","","UNVERIFIED","UNRESOLVED","No content-verified first-pass relationship is sufficient for automatic resolution."
"2875587269|230","Special-World","SW","2875587269","230","8 Dec, 2024 @ 11:05pm","2024-12-08 23:05","","Share to your Steam activity feed","False","0","","","0","0","","","","","","False","False","False","","UNVERIFIED","UNRESOLVED","No content-verified first-pass relationship is sufficient for automatic resolution."
"2875587269|231","Special-World","SW","2875587269","231","8 Dec, 2024 @ 5:02pm","2024-12-08 17:02","","","False","0","","","0","0","","","","","","False","False","False","","UNVERIFIED","UNRESOLVED","No content-verified first-pass relationship is sufficient for automatic resolution."
"2875587269|232","Special-World","SW","2875587269","232","8 Dec, 2024 @ 4:42pm","2024-12-08 16:42","","","False","0","","","0","0","","","","","","False","False","False","","UNVERIFIED","UNRESOLVED","No content-verified first-pass relationship is sufficient for automatic resolution."
"2875587269|233","Special-World","SW","2875587269","233","8 Dec, 2024 @ 2:43pm","2024-12-08 14:43","","","False","0","","","0","0","","","","","","False","False","False","","UNVERIFIED","UNRESOLVED","No content-verified first-pass relationship is sufficient for automatic resolution."
"2875587269|234","Special-World","SW","2875587269","234","6 Dec, 2024 @ 2:00pm","2024-12-06 14:00","","- ""True Romans"" by Adelaetus compatibility","False","0","","","0","0","","","","","","False","False","False","","UNVERIFIED","UNRESOLVED","No content-verified first-pass relationship is sufficient for automatic resolution."
"2875587269|235","Special-World","SW","2875587269","235","26 Nov, 2024 @ 11:58am","2024-11-26 11:58","","","False","0","","","0","0","","","","","","False","False","False","","UNVERIFIED","UNRESOLVED","No content-verified first-pass relationship is sufficient for automatic resolution."
"2875587269|236","Special-World","SW","2875587269","236","25 Nov, 2024 @ 4:36pm","2024-11-25 16:36","","","False","0","","","0","0","","","","","","False","False","False","","UNVERIFIED","UNRESOLVED","No content-verified first-pass relationship is sufficient for automatic resolution."
"2875587269|237","Special-World","SW","2875587269","237","24 Nov, 2024 @ 1:25pm","2024-11-24 13:25","","","False","0","","","0","0","","","","","","False","False","False","","UNVERIFIED","UNRESOLVED","No content-verified first-pass relationship is sufficient for automatic resolution."
"2875587269|238","Special-World","SW","2875587269","238","11 Nov, 2024 @ 8:10am","2024-11-11 08:10","","","False","0","","","0","0","","","","","","False","False","False","","UNVERIFIED","UNRESOLVED","No content-verified first-pass relationship is sufficient for automatic resolution."
"2875587269|239","Special-World","SW","2875587269","239","9 Nov, 2024 @ 9:20am","2024-11-09 09:20","","","False","0","","","0","0","","","","","","False","False","False","","UNVERIFIED","UNRESOLVED","No content-verified first-pass relationship is sufficient for automatic resolution."
"2875587269|240","Special-World","SW","2875587269","240","4 Nov, 2024 @ 11:49pm","2024-11-04 23:49","","Share to your Steam activity feed","False","0","","","0","0","","","","","","False","False","False","","UNVERIFIED","UNRESOLVED","No content-verified first-pass relationship is sufficient for automatic resolution."
"2875587269|241","Special-World","SW","2875587269","241","31 Oct, 2024 @ 12:39pm","2024-10-31 12:39","","","False","0","","","0","0","","","","","","False","False","False","","UNVERIFIED","UNRESOLVED","No content-verified first-pass relationship is sufficient for automatic resolution."
"2875587269|242","Special-World","SW","2875587269","242","28 Oct, 2024 @ 1:28pm","2024-10-28 13:28","","Updates for MPE fixes.","False","0","","","0","0","","","","","","False","False","False","","UNVERIFIED","UNRESOLVED","No content-verified first-pass relationship is sufficient for automatic resolution."
"2875587269|243","Special-World","SW","2875587269","243","28 Oct, 2024 @ 12:14pm","2024-10-28 12:14","","","False","0","","","0","0","","","","","","False","False","False","","UNVERIFIED","UNRESOLVED","No content-verified first-pass relationship is sufficient for automatic resolution."
"2875587269|244","Special-World","SW","2875587269","244","22 Oct, 2024 @ 9:14am","2024-10-22 09:14","","Titles Fix maybe","False","0","","","0","0","","","","","","False","False","False","","UNVERIFIED","UNRESOLVED","No content-verified first-pass relationship is sufficient for automatic resolution."
"2875587269|245","Special-World","SW","2875587269","245","19 Oct, 2024 @ 1:53pm","2024-10-19 13:53","","Fix Cow Triggers issue.","False","0","","","0","0","","","","","","False","False","False","","UNVERIFIED","UNRESOLVED","No content-verified first-pass relationship is sufficient for automatic resolution."
"2875587269|246","Special-World","SW","2875587269","246","19 Oct, 2024 @ 9:16am","2024-10-19 09:16","","","False","0","","","0","0","","","","","","False","False","False","","UNVERIFIED","UNRESOLVED","No content-verified first-pass relationship is sufficient for automatic resolution."
"2875587269|247","Special-World","SW","2875587269","247","18 Oct, 2024 @ 11:46am","2024-10-18 11:46","","","False","0","","","0","0","","","","","","False","False","False","","UNVERIFIED","UNRESOLVED","No content-verified first-pass relationship is sufficient for automatic resolution."
"2875587269|248","Special-World","SW","2875587269","248","17 Oct, 2024 @ 11:18pm","2024-10-17 23:18","","","False","0","","","0","0","","","","","","False","False","False","","UNVERIFIED","UNRESOLVED","No content-verified first-pass relationship is sufficient for automatic resolution."
"2875587269|249","Special-World","SW","2875587269","249","17 Oct, 2024 @ 4:10pm","2024-10-17 16:10","","","False","0","","","0","0","","","","","","False","False","False","","UNVERIFIED","UNRESOLVED","No content-verified first-pass relationship is sufficient for automatic resolution."
"2875587269|250","Special-World","SW","2875587269","250","15 Oct, 2024 @ 9:30am","2024-10-15 09:30","","Share to your Steam activity feed","False","0","","","0","0","","","","","","False","False","False","","UNVERIFIED","UNRESOLVED","No content-verified first-pass relationship is sufficient for automatic resolution."
"2875587269|251","Special-World","SW","2875587269","251","14 Oct, 2024 @ 11:09am","2024-10-14 11:09","","","False","0","","","0","0","","","","","","False","False","False","","UNVERIFIED","UNRESOLVED","No content-verified first-pass relationship is sufficient for automatic resolution."
"2875587269|252","Special-World","SW","2875587269","252","13 Oct, 2024 @ 9:50pm","2024-10-13 21:50","","","False","0","","","0","0","","","","","","False","False","False","","UNVERIFIED","UNRESOLVED","No content-verified first-pass relationship is sufficient for automatic resolution."
"2875587269|253","Special-World","SW","2875587269","253","9 Oct, 2024 @ 11:55pm","2024-10-09 23:55","","","False","0","","","0","0","","","","","","False","False","False","","UNVERIFIED","UNRESOLVED","No content-verified first-pass relationship is sufficient for automatic resolution."
"2875587269|254","Special-World","SW","2875587269","254","9 Oct, 2024 @ 10:56am","2024-10-09 10:56","","","False","0","","","0","0","","","","","","False","False","False","","UNVERIFIED","UNRESOLVED","No content-verified first-pass relationship is sufficient for automatic resolution."
"2875587269|255","Special-World","SW","2875587269","255","8 Oct, 2024 @ 5:46pm","2024-10-08 17:46","","","False","0","","","0","0","","","","","","False","False","False","","UNVERIFIED","UNRESOLVED","No content-verified first-pass relationship is sufficient for automatic resolution."
"2875587269|256","Special-World","SW","2875587269","256","8 Oct, 2024 @ 1:31pm","2024-10-08 13:31","","","False","0","","","0","0","","","","","","False","False","False","","UNVERIFIED","UNRESOLVED","No content-verified first-pass relationship is sufficient for automatic resolution."
"2875587269|257","Special-World","SW","2875587269","257","8 Oct, 2024 @ 9:06am","2024-10-08 09:06","","","False","0","","","0","0","","","","","","False","False","False","","UNVERIFIED","UNRESOLVED","No content-verified first-pass relationship is sufficient for automatic resolution."
"2875587269|258","Special-World","SW","2875587269","258","4 Oct, 2024 @ 3:19pm","2024-10-04 15:19","","Various fixes and tweaks.","False","0","","","0","0","","","","","","False","False","False","","UNVERIFIED","UNRESOLVED","No content-verified first-pass relationship is sufficient for automatic resolution."
"2875587269|259","Special-World","SW","2875587269","259","4 Oct, 2024 @ 10:06am","2024-10-04 10:06","","- Pending updates for COW3 and RICE","False","0","","","0","0","","","","","","False","False","False","","UNVERIFIED","UNRESOLVED","No content-verified first-pass relationship is sufficient for automatic resolution."
"2875587269|260","Special-World","SW","2875587269","260","17 Sep, 2024 @ 9:14am","2024-09-17 09:14","","Share to your Steam activity feed","False","0","","","0","0","","","","","","False","False","False","","UNVERIFIED","UNRESOLVED","No content-verified first-pass relationship is sufficient for automatic resolution."
"2875587269|261","Special-World","SW","2875587269","261","4 Sep, 2024 @ 8:02am","2024-09-04 08:02","","","False","0","","","0","0","","","","","","False","False","False","","UNVERIFIED","UNRESOLVED","No content-verified first-pass relationship is sufficient for automatic resolution."
"2875587269|262","Special-World","SW","2875587269","262","28 Aug, 2024 @ 11:59am","2024-08-28 11:59","","RICE Sicily Pack Update","False","0","","","0","0","","","","","","False","False","False","","UNVERIFIED","UNRESOLVED","No content-verified first-pass relationship is sufficient for automatic resolution."
"2875587269|263","Special-World","SW","2875587269","263","21 Aug, 2024 @ 8:18am","2024-08-21 08:18","","","False","0","","","0","0","","","","","","False","False","False","","UNVERIFIED","UNRESOLVED","No content-verified first-pass relationship is sufficient for automatic resolution."
"2875587269|264","Special-World","SW","2875587269","264","15 Aug, 2024 @ 10:06pm","2024-08-15 22:06","","","False","0","","","0","0","","","","","","False","False","False","","UNVERIFIED","UNRESOLVED","No content-verified first-pass relationship is sufficient for automatic resolution."
"2875587269|265","Special-World","SW","2875587269","265","9 Aug, 2024 @ 2:41pm","2024-08-09 14:41","","","False","0","","","0","0","","","","","","False","False","False","","UNVERIFIED","UNRESOLVED","No content-verified first-pass relationship is sufficient for automatic resolution."
"2875587269|266","Special-World","SW","2875587269","266","9 Aug, 2024 @ 9:27am","2024-08-09 09:27","","","False","0","","","0","0","","","","","","False","False","False","","UNVERIFIED","UNRESOLVED","No content-verified first-pass relationship is sufficient for automatic resolution."
"2875587269|267","Special-World","SW","2875587269","267","8 Aug, 2024 @ 11:56am","2024-08-08 11:56","","","False","0","","","0","0","","","","","","False","False","False","","UNVERIFIED","UNRESOLVED","No content-verified first-pass relationship is sufficient for automatic resolution."
"2875587269|268","Special-World","SW","2875587269","268","30 Jul, 2024 @ 9:49am","2024-07-30 09:49","","","False","0","","","0","0","","","","","","False","False","False","","UNVERIFIED","UNRESOLVED","No content-verified first-pass relationship is sufficient for automatic resolution."
"2875587269|269","Special-World","SW","2875587269","269","29 Jul, 2024 @ 2:41pm","2024-07-29 14:41","","More Fixes to the Acre and Tripoli. Port of Tripoli is now a Duchy Building for Tripoli.","False","0","","","0","0","","","","","","False","False","False","","UNVERIFIED","UNRESOLVED","No content-verified first-pass relationship is sufficient for automatic resolution."
"2875587269|270","Special-World","SW","2875587269","270","28 Jul, 2024 @ 3:15pm","2024-07-28 15:15","","Share to your Steam activity feed","False","0","","","0","0","","","","","","False","False","False","","UNVERIFIED","UNRESOLVED","No content-verified first-pass relationship is sufficient for automatic resolution."
"2875587269|271","Special-World","SW","2875587269","271","17 Jul, 2024 @ 1:24pm","2024-07-17 13:24","","Fixed MapMode requests","False","0","","","0","0","","","","","","False","False","False","","UNVERIFIED","UNRESOLVED","No content-verified first-pass relationship is sufficient for automatic resolution."
"2875587269|272","Special-World","SW","2875587269","272","9 Jul, 2024 @ 11:05pm","2024-07-09 23:05","","","False","0","","","0","0","","","","","","False","False","False","","UNVERIFIED","UNRESOLVED","No content-verified first-pass relationship is sufficient for automatic resolution."
"2875587269|273","Special-World","SW","2875587269","273","9 Jul, 2024 @ 10:50pm","2024-07-09 22:50","","","False","0","","","0","0","","","","","","False","False","False","","UNVERIFIED","UNRESOLVED","No content-verified first-pass relationship is sufficient for automatic resolution."
"2875587269|274","Special-World","SW","2875587269","274","9 Jul, 2024 @ 12:00pm","2024-07-09 12:00","","","False","0","","","0","0","","","","","","False","False","False","","UNVERIFIED","UNRESOLVED","No content-verified first-pass relationship is sufficient for automatic resolution."
"2875587269|275","Special-World","SW","2875587269","275","9 Jul, 2024 @ 9:43am","2024-07-09 09:43","","","False","0","","","0","0","","","","","","False","False","False","","UNVERIFIED","UNRESOLVED","No content-verified first-pass relationship is sufficient for automatic resolution."
"2875587269|276","Special-World","SW","2875587269","276","9 Jul, 2024 @ 8:57am","2024-07-09 08:57","","","False","0","","","0","0","","","","","","False","False","False","","UNVERIFIED","UNRESOLVED","No content-verified first-pass relationship is sufficient for automatic resolution."
"2875587269|277","Special-World","SW","2875587269","277","9 Jul, 2024 @ 8:52am","2024-07-09 08:52","","","False","0","","","0","0","","","","","","False","False","False","","UNVERIFIED","UNRESOLVED","No content-verified first-pass relationship is sufficient for automatic resolution."
"2875587269|278","Special-World","SW","2875587269","278","9 Jul, 2024 @ 8:02am","2024-07-09 08:02","","- Medieval Arts Update to Special Buildings","False","0","","","0","0","","","","","","False","False","False","","UNVERIFIED","UNRESOLVED","No content-verified first-pass relationship is sufficient for automatic resolution."
"2875587269|279","Special-World","SW","2875587269","279","27 Jun, 2024 @ 10:47am","2024-06-27 10:47","","","False","0","","","0","0","","","","","","False","False","False","","UNVERIFIED","UNRESOLVED","No content-verified first-pass relationship is sufficient for automatic resolution."
"2875587269|280","Special-World","SW","2875587269","280","25 Jun, 2024 @ 9:43pm","2024-06-25 21:43","","Share to your Steam activity feed","False","0","","","0","0","","","","","","False","False","False","","UNVERIFIED","UNRESOLVED","No content-verified first-pass relationship is sufficient for automatic resolution."
"2875587269|281","Special-World","SW","2875587269","281","25 Jun, 2024 @ 2:49pm","2024-06-25 14:49","","Small Error Fix","False","0","","","0","0","","","","","","False","False","False","","UNVERIFIED","UNRESOLVED","No content-verified first-pass relationship is sufficient for automatic resolution."
"2875587269|282","Special-World","SW","2875587269","282","25 Jun, 2024 @ 9:56am","2024-06-25 09:56","","Fix for Duplicated Uppsala issue","False","0","","","0","0","","","","","","False","False","False","","UNVERIFIED","UNRESOLVED","No content-verified first-pass relationship is sufficient for automatic resolution."
"2875587269|283","Special-World","SW","2875587269","283","20 Jun, 2024 @ 12:01pm","2024-06-20 12:01","","MB+ Localization Updates","False","0","","","0","0","","","","","","False","False","False","","UNVERIFIED","UNRESOLVED","No content-verified first-pass relationship is sufficient for automatic resolution."
"2875587269|284","Special-World","SW","2875587269","284","19 Jun, 2024 @ 12:00pm","2024-06-19 12:00","","","False","0","","","0","0","","","","","","False","False","False","","UNVERIFIED","UNRESOLVED","No content-verified first-pass relationship is sufficient for automatic resolution."
"2875587269|285","Special-World","SW","2875587269","285","16 Jun, 2024 @ 11:17pm","2024-06-16 23:17","","","False","0","","","0","0","","","","","","False","False","False","","UNVERIFIED","UNRESOLVED","No content-verified first-pass relationship is sufficient for automatic resolution."
"2875587269|286","Special-World","SW","2875587269","286","16 Jun, 2024 @ 11:44am","2024-06-16 11:44","","Update:","False","0","","","0","0","","","","","","False","False","False","","UNVERIFIED","UNRESOLVED","No content-verified first-pass relationship is sufficient for automatic resolution."
"2875587269|287","Special-World","SW","2875587269","287","14 Jun, 2024 @ 10:08am","2024-06-14 10:08","","","False","0","","","0","0","","","","","","False","False","False","","UNVERIFIED","UNRESOLVED","No content-verified first-pass relationship is sufficient for automatic resolution."
"2875587269|288","Special-World","SW","2875587269","288","12 Jun, 2024 @ 10:03pm","2024-06-12 22:03","","","False","0","","","0","0","","","","","","False","False","False","","UNVERIFIED","UNRESOLVED","No content-verified first-pass relationship is sufficient for automatic resolution."
"2875587269|289","Special-World","SW","2875587269","289","11 Jun, 2024 @ 9:28am","2024-06-11 09:28","","","False","0","","","0","0","","","","","","False","False","False","","UNVERIFIED","UNRESOLVED","No content-verified first-pass relationship is sufficient for automatic resolution."
"2875587269|290","Special-World","SW","2875587269","290","5 Jun, 2024 @ 3:30pm","2024-06-05 15:30","","Share to your Steam activity feed","False","0","","","0","0","","","","","","False","False","False","","UNVERIFIED","UNRESOLVED","No content-verified first-pass relationship is sufficient for automatic resolution."
"2875587269|291","Special-World","SW","2875587269","291","5 Jun, 2024 @ 3:19pm","2024-06-05 15:19","","","False","0","","","0","0","","","","","","False","False","False","","UNVERIFIED","UNRESOLVED","No content-verified first-pass relationship is sufficient for automatic resolution."
"2875587269|292","Special-World","SW","2875587269","292","3 Jun, 2024 @ 12:39pm","2024-06-03 12:39","","","False","0","","","0","0","","","","","","False","False","False","","UNVERIFIED","UNRESOLVED","No content-verified first-pass relationship is sufficient for automatic resolution."
"2875587269|293","Special-World","SW","2875587269","293","21 May, 2024 @ 12:07pm","2024-05-21 12:07","","","False","0","","","0","0","","","","","","False","False","False","","UNVERIFIED","UNRESOLVED","No content-verified first-pass relationship is sufficient for automatic resolution."
"2875587269|294","Special-World","SW","2875587269","294","15 May, 2024 @ 12:11pm","2024-05-15 12:11","","","False","0","","","0","0","","","","","","False","False","False","","UNVERIFIED","UNRESOLVED","No content-verified first-pass relationship is sufficient for automatic resolution."
"2875587269|295","Special-World","SW","2875587269","295","8 May, 2024 @ 9:32am","2024-05-08 09:32","","","False","0","","","0","0","","","","","","False","False","False","","UNVERIFIED","UNRESOLVED","No content-verified first-pass relationship is sufficient for automatic resolution."
"2875587269|296","Special-World","SW","2875587269","296","2 May, 2024 @ 2:35pm","2024-05-02 14:35","","","False","0","","","0","0","","","","","","False","False","False","","UNVERIFIED","UNRESOLVED","No content-verified first-pass relationship is sufficient for automatic resolution."
"2875587269|297","Special-World","SW","2875587269","297","1 May, 2024 @ 12:03pm","2024-05-01 12:03","","","False","0","","","0","0","","","","","","False","False","False","","UNVERIFIED","UNRESOLVED","No content-verified first-pass relationship is sufficient for automatic resolution."
"2875587269|298","Special-World","SW","2875587269","298","23 Apr, 2024 @ 9:43am","2024-04-23 09:43","","","False","0","","","0","0","","","","","","False","False","False","","UNVERIFIED","UNRESOLVED","No content-verified first-pass relationship is sufficient for automatic resolution."
"2875587269|299","Special-World","SW","2875587269","299","19 Apr, 2024 @ 3:02pm","2024-04-19 15:02","","","False","0","","","0","0","","","","","","False","False","False","","UNVERIFIED","UNRESOLVED","No content-verified first-pass relationship is sufficient for automatic resolution."
"2875587269|300","Special-World","SW","2875587269","300","18 Apr, 2024 @ 11:10am","2024-04-18 11:10","","Share to your Steam activity feed","False","0","","","0","0","","","","","","False","False","False","","UNVERIFIED","UNRESOLVED","No content-verified first-pass relationship is sufficient for automatic resolution."
"2875587269|301","Special-World","SW","2875587269","301","17 Apr, 2024 @ 2:39pm","2024-04-17 14:39","","Resized and made some adjustments to the building from the Breize mod.","False","0","","","0","0","","","","","","False","False","False","","UNVERIFIED","UNRESOLVED","No content-verified first-pass relationship is sufficient for automatic resolution."
"2875587269|302","Special-World","SW","2875587269","302","17 Apr, 2024 @ 7:40am","2024-04-17 07:40","","","False","0","","","0","0","","","","","","False","False","False","","UNVERIFIED","UNRESOLVED","No content-verified first-pass relationship is sufficient for automatic resolution."
"2875587269|303","Special-World","SW","2875587269","303","16 Apr, 2024 @ 2:21pm","2024-04-16 14:21","","Besides the new thumbnail?","False","0","","","0","0","","","","","","False","False","False","","UNVERIFIED","UNRESOLVED","No content-verified first-pass relationship is sufficient for automatic resolution."
"2875587269|304","Special-World","SW","2875587269","304","15 Apr, 2024 @ 2:25pm","2024-04-15 14:25","","","False","0","","","0","0","","","","","","False","False","False","","UNVERIFIED","UNRESOLVED","No content-verified first-pass relationship is sufficient for automatic resolution."
"2875587269|305","Special-World","SW","2875587269","305","11 Apr, 2024 @ 12:30am","2024-04-11 00:30","","","False","0","","","0","0","","","","","","False","False","False","","UNVERIFIED","UNRESOLVED","No content-verified first-pass relationship is sufficient for automatic resolution."
"2875587269|306","Special-World","SW","2875587269","306","9 Apr, 2024 @ 10:37am","2024-04-09 10:37","","","False","0","","","0","0","","","","","","False","False","False","","UNVERIFIED","UNRESOLVED","No content-verified first-pass relationship is sufficient for automatic resolution."
"2875587269|307","Special-World","SW","2875587269","307","4 Apr, 2024 @ 11:54am","2024-04-04 11:54","","Medieval Arts Updates","False","0","","","0","0","","","","","","False","False","False","","UNVERIFIED","UNRESOLVED","No content-verified first-pass relationship is sufficient for automatic resolution."
"2875587269|308","Special-World","SW","2875587269","308","2 Apr, 2024 @ 2:08pm","2024-04-02 14:08","","","False","0","","","0","0","","","","","","False","False","False","","UNVERIFIED","UNRESOLVED","No content-verified first-pass relationship is sufficient for automatic resolution."
"2875587269|309","Special-World","SW","2875587269","309","2 Apr, 2024 @ 10:09am","2024-04-02 10:09","","Fixes the Medieval Arts - More Special Buildings Aesthetic Requirments","False","0","","","0","0","","","","","","False","False","False","","UNVERIFIED","UNRESOLVED","No content-verified first-pass relationship is sufficient for automatic resolution."
"2875587269|310","Special-World","SW","2875587269","310","29 Mar, 2024 @ 11:49am","2024-03-29 11:49","","Compatiblity Adjustment","False","0","","","0","0","","","","","","False","False","False","","UNVERIFIED","UNRESOLVED","No content-verified first-pass relationship is sufficient for automatic resolution."
"2875587269|311","Special-World","SW","2875587269","311","29 Mar, 2024 @ 8:08am","2024-03-29 08:08","","Fixes to Unique Buildings Plus building modifiers for ones not already fixed.","False","0","","","0","0","","","","","","False","False","False","","UNVERIFIED","UNRESOLVED","No content-verified first-pass relationship is sufficient for automatic resolution."
"2875587269|312","Special-World","SW","2875587269","312","28 Mar, 2024 @ 10:54am","2024-03-28 10:54","","GUI Fixes","False","0","","","0","0","","","","","","False","False","False","","UNVERIFIED","UNRESOLVED","No content-verified first-pass relationship is sufficient for automatic resolution."
"2875587269|313","Special-World","SW","2875587269","313","27 Mar, 2024 @ 4:37pm","2024-03-27 16:37","","Restored and Updated for 1.12.4","False","0","","","0","0","","","","","","False","False","False","","UNVERIFIED","UNRESOLVED","No content-verified first-pass relationship is sufficient for automatic resolution."
"2875587269|314","Special-World","SW","2875587269","314","27 Mar, 2024 @ 9:20am","2024-03-27 09:20","","Temp Reversion Issues","False","0","","","0","0","","","","","","False","False","False","","UNVERIFIED","UNRESOLVED","No content-verified first-pass relationship is sufficient for automatic resolution."
"2875587269|315","Special-World","SW","2875587269","315","26 Mar, 2024 @ 8:10pm","2024-03-26 20:10","","Reversion to figure out bug issues to 3/19 v2","False","0","","","0","0","","","","","","False","False","False","","UNVERIFIED","UNRESOLVED","No content-verified first-pass relationship is sufficient for automatic resolution."
"2875587269|316","Special-World","SW","2875587269","316","25 Mar, 2024 @ 5:04pm","2024-03-25 17:04","","","False","0","","","0","0","","","","","","False","False","False","","UNVERIFIED","UNRESOLVED","No content-verified first-pass relationship is sufficient for automatic resolution."
"2875587269|317","Special-World","SW","2875587269","317","19 Mar, 2024 @ 10:33am","2024-03-19 10:33","12.2.3 Update","12.2.3 Update","False","0","","","0","0","","","","","","False","False","False","","UNVERIFIED","UNRESOLVED","No content-verified first-pass relationship is sufficient for automatic resolution."
"2875587269|318","Special-World","SW","2875587269","318","19 Mar, 2024 @ 12:26am","2024-03-19 00:26","","","False","0","","","0","0","","","","","","False","False","False","","UNVERIFIED","UNRESOLVED","No content-verified first-pass relationship is sufficient for automatic resolution."
"2875587269|319","Special-World","SW","2875587269","319","16 Mar, 2024 @ 10:48am","2024-03-16 10:48","","","False","0","","","0","0","","","","","","False","False","False","","UNVERIFIED","UNRESOLVED","No content-verified first-pass relationship is sufficient for automatic resolution."
"2875587269|320","Special-World","SW","2875587269","320","15 Mar, 2024 @ 2:30pm","2024-03-15 14:30","","-Add Hall of Heroes as regular building","False","0","","","0","0","","","","","","False","False","False","","UNVERIFIED","UNRESOLVED","No content-verified first-pass relationship is sufficient for automatic resolution."
"2875587269|321","Special-World","SW","2875587269","321","14 Mar, 2024 @ 12:22am","2024-03-14 00:22","","","False","0","","","0","0","","","","","","False","False","False","","UNVERIFIED","UNRESOLVED","No content-verified first-pass relationship is sufficient for automatic resolution."
"2875587269|322","Special-World","SW","2875587269","322","11 Mar, 2024 @ 2:52pm","2024-03-11 14:52","","","False","0","","","0","0","","","","","","False","False","False","","UNVERIFIED","UNRESOLVED","No content-verified first-pass relationship is sufficient for automatic resolution."
"2875587269|323","Special-World","SW","2875587269","323","7 Mar, 2024 @ 10:27am","2024-03-07 10:27","1.12 Update","1.12 Update","False","0","","","0","0","","","","","","False","False","False","","UNVERIFIED","UNRESOLVED","No content-verified first-pass relationship is sufficient for automatic resolution."
"2875587269|324","Special-World","SW","2875587269","324","10 Feb, 2024 @ 10:13am","2024-02-10 10:13","","","False","0","","","0","0","","","","","","False","False","False","","UNVERIFIED","UNRESOLVED","No content-verified first-pass relationship is sufficient for automatic resolution."
"2875587269|325","Special-World","SW","2875587269","325","26 Jan, 2024 @ 9:59pm","2024-01-26 21:59","","Improved Compatibility and Additional Tweaks","False","0","","","0","0","","","","","","False","False","False","","UNVERIFIED","UNRESOLVED","No content-verified first-pass relationship is sufficient for automatic resolution."
"2875587269|326","Special-World","SW","2875587269","326","18 Jan, 2024 @ 2:20pm","2024-01-18 14:20","","","False","0","","","0","0","","","","","","False","False","False","","UNVERIFIED","UNRESOLVED","No content-verified first-pass relationship is sufficient for automatic resolution."
"2875587269|327","Special-World","SW","2875587269","327","17 Jan, 2024 @ 4:53pm","2024-01-17 16:53","","Fixes for Map Mode Issues","False","0","","","0","0","","","","","","False","False","False","","UNVERIFIED","UNRESOLVED","No content-verified first-pass relationship is sufficient for automatic resolution."
"2875587269|328","Special-World","SW","2875587269","328","17 Jan, 2024 @ 4:48pm","2024-01-17 16:48","","","False","0","","","0","0","","","","","","False","False","False","","UNVERIFIED","UNRESOLVED","No content-verified first-pass relationship is sufficient for automatic resolution."
"2875587269|329","Special-World","SW","2875587269","329","15 Jan, 2024 @ 1:06pm","2024-01-15 13:06","","","False","0","","","0","0","","","","","","False","False","False","","UNVERIFIED","UNRESOLVED","No content-verified first-pass relationship is sufficient for automatic resolution."
"2875587269|330","Special-World","SW","2875587269","330","10 Jan, 2024 @ 5:45pm","2024-01-10 17:45","","Share to your Steam activity feed","False","0","","","0","0","","","","","","False","False","False","","UNVERIFIED","UNRESOLVED","No content-verified first-pass relationship is sufficient for automatic resolution."
"2875587269|331","Special-World","SW","2875587269","331","9 Jan, 2024 @ 2:12pm","2024-01-09 14:12","","","False","0","","","0","0","","","","","","False","False","False","","UNVERIFIED","UNRESOLVED","No content-verified first-pass relationship is sufficient for automatic resolution."
"2875587269|332","Special-World","SW","2875587269","332","7 Jan, 2024 @ 4:57pm","2024-01-07 16:57","","Integrated Silk Road and European Trade Routes and associated fixes to Special Building Setup","False","0","","","0","0","","","","","","False","False","False","","UNVERIFIED","UNRESOLVED","No content-verified first-pass relationship is sufficient for automatic resolution."
"2875587269|333","Special-World","SW","2875587269","333","6 Jan, 2024 @ 4:12pm","2024-01-06 16:12","","Fixed some Dharma errors and updates with the help of Aletthius","False","0","","","0","0","","","","","","False","False","False","","UNVERIFIED","UNRESOLVED","No content-verified first-pass relationship is sufficient for automatic resolution."
"2875587269|334","Special-World","SW","2875587269","334","5 Jan, 2024 @ 10:22am","2024-01-05 10:22","","Added Dharma Special buildings to No Bookmarks Mode","False","0","","","0","0","","","","","","False","False","False","","UNVERIFIED","UNRESOLVED","No content-verified first-pass relationship is sufficient for automatic resolution."
"2875587269|335","Special-World","SW","2875587269","335","4 Jan, 2024 @ 9:11am","2024-01-04 09:11","","","False","0","","","0","0","","","","","","False","False","False","","UNVERIFIED","UNRESOLVED","No content-verified first-pass relationship is sufficient for automatic resolution."
"2875587269|336","Special-World","SW","2875587269","336","22 Dec, 2023 @ 3:18pm","2023-12-22 15:18","","","False","0","","","0","0","","","","","","False","False","False","","UNVERIFIED","UNRESOLVED","No content-verified first-pass relationship is sufficient for automatic resolution."
"2875587269|337","Special-World","SW","2875587269","337","20 Dec, 2023 @ 10:18pm","2023-12-20 22:18","","","False","0","","","0","0","","","","","","False","False","False","","UNVERIFIED","UNRESOLVED","No content-verified first-pass relationship is sufficient for automatic resolution."
"2875587269|338","Special-World","SW","2875587269","338","19 Dec, 2023 @ 9:48am","2023-12-19 09:48","","","False","0","","","0","0","","","","","","False","False","False","","UNVERIFIED","UNRESOLVED","No content-verified first-pass relationship is sufficient for automatic resolution."
"2875587269|339","Special-World","SW","2875587269","339","16 Dec, 2023 @ 10:27am","2023-12-16 10:27","","","False","0","","","0","0","","","","","","False","False","False","","UNVERIFIED","UNRESOLVED","No content-verified first-pass relationship is sufficient for automatic resolution."
"2875587269|340","Special-World","SW","2875587269","340","15 Dec, 2023 @ 3:07pm","2023-12-15 15:07","","Updated to things I messed up.","False","0","","","0","0","","","","","","False","False","False","","UNVERIFIED","UNRESOLVED","No content-verified first-pass relationship is sufficient for automatic resolution."
"2875587269|341","Special-World","SW","2875587269","341","15 Dec, 2023 @ 11:00am","2023-12-15 11:00","","Improved functionality for use without MB+ and other compatibilities.","False","0","","","0","0","","","","","","False","False","False","","UNVERIFIED","UNRESOLVED","No content-verified first-pass relationship is sufficient for automatic resolution."
"2875587269|342","Special-World","SW","2875587269","342","8 Dec, 2023 @ 11:17am","2023-12-08 11:17","","","False","0","","","0","0","","","","","","False","False","False","","UNVERIFIED","UNRESOLVED","No content-verified first-pass relationship is sufficient for automatic resolution."
"2875587269|343","Special-World","SW","2875587269","343","6 Dec, 2023 @ 3:12pm","2023-12-06 15:12","","","False","0","","","0","0","","","","","","False","False","False","","UNVERIFIED","UNRESOLVED","No content-verified first-pass relationship is sufficient for automatic resolution."
"2875587269|344","Special-World","SW","2875587269","344","4 Dec, 2023 @ 6:02pm","2023-12-04 18:02","","","False","0","","","0","0","","","","","","False","False","False","","UNVERIFIED","UNRESOLVED","No content-verified first-pass relationship is sufficient for automatic resolution."
"2875587269|345","Special-World","SW","2875587269","345","4 Dec, 2023 @ 4:28pm","2023-12-04 16:28","","","False","0","","","0","0","","","","","","False","False","False","","UNVERIFIED","UNRESOLVED","No content-verified first-pass relationship is sufficient for automatic resolution."
"2875587269|346","Special-World","SW","2875587269","346","27 Nov, 2023 @ 5:43pm","2023-11-27 17:43","","","False","0","","","0","0","","","","","","False","False","False","","UNVERIFIED","UNRESOLVED","No content-verified first-pass relationship is sufficient for automatic resolution."
"2875587269|347","Special-World","SW","2875587269","347","21 Nov, 2023 @ 7:55pm","2023-11-21 19:55","","Further updates for compatibility without MB+ and with other mods.","False","0","","","0","0","","","","","","False","False","False","","UNVERIFIED","UNRESOLVED","No content-verified first-pass relationship is sufficient for automatic resolution."
"2875587269|348","Special-World","SW","2875587269","348","21 Nov, 2023 @ 6:49pm","2023-11-21 18:49","","","False","0","","","0","0","","","","","","False","False","False","","UNVERIFIED","UNRESOLVED","No content-verified first-pass relationship is sufficient for automatic resolution."
"2875587269|349","Special-World","SW","2875587269","349","18 Nov, 2023 @ 12:35am","2023-11-18 00:35","","","False","0","","","0","0","","","","","","False","False","False","","UNVERIFIED","UNRESOLVED","No content-verified first-pass relationship is sufficient for automatic resolution."
"2875587269|350","Special-World","SW","2875587269","350","16 Nov, 2023 @ 2:29pm","2023-11-16 14:29","","Share to your Steam activity feed","False","0","","","0","0","","","","","","False","False","False","","UNVERIFIED","UNRESOLVED","No content-verified first-pass relationship is sufficient for automatic resolution."
"2875587269|351","Special-World","SW","2875587269","351","15 Nov, 2023 @ 10:20am","2023-11-15 10:20","","","False","0","","","0","0","","","","","","False","False","False","","UNVERIFIED","UNRESOLVED","No content-verified first-pass relationship is sufficient for automatic resolution."
"2875587269|352","Special-World","SW","2875587269","352","9 Oct, 2023 @ 3:22pm","2023-10-09 15:22","","","False","0","","","0","0","","","","","","False","False","False","","UNVERIFIED","UNRESOLVED","No content-verified first-pass relationship is sufficient for automatic resolution."
"2875587269|353","Special-World","SW","2875587269","353","9 Oct, 2023 @ 11:31am","2023-10-09 11:31","","","False","0","","","0","0","","","","","","False","False","False","","UNVERIFIED","UNRESOLVED","No content-verified first-pass relationship is sufficient for automatic resolution."
"2875587269|354","Special-World","SW","2875587269","354","9 Oct, 2023 @ 10:21am","2023-10-09 10:21","","","False","0","","","0","0","","","","","","False","False","False","","UNVERIFIED","UNRESOLVED","No content-verified first-pass relationship is sufficient for automatic resolution."
"2875587269|355","Special-World","SW","2875587269","355","6 Oct, 2023 @ 10:04am","2023-10-06 10:04","","1. The game rule for turning off and on sprawl now works. MB+ had it deactivated. If you have too much stutter when moving along the map, turn off sprawl.","False","0","","","0","0","","","","","","False","False","False","","UNVERIFIED","UNRESOLVED","No content-verified first-pass relationship is sufficient for automatic resolution."
"2875587269|356","Special-World","SW","2875587269","356","4 Oct, 2023 @ 2:23pm","2023-10-04 14:23","","","False","0","","","0","0","","","","","","False","False","False","","UNVERIFIED","UNRESOLVED","No content-verified first-pass relationship is sufficient for automatic resolution."
"2875587269|357","Special-World","SW","2875587269","357","4 Oct, 2023 @ 11:34am","2023-10-04 11:34","","","False","0","","","0","0","","","","","","False","False","False","","UNVERIFIED","UNRESOLVED","No content-verified first-pass relationship is sufficient for automatic resolution."
"2875587269|358","Special-World","SW","2875587269","358","3 Oct, 2023 @ 8:32am","2023-10-03 08:32","","","False","0","","","0","0","","","","","","False","False","False","","UNVERIFIED","UNRESOLVED","No content-verified first-pass relationship is sufficient for automatic resolution."
"2875587269|359","Special-World","SW","2875587269","359","28 Sep, 2023 @ 3:23pm","2023-09-28 15:23","","","False","0","","","0","0","","","","","","False","False","False","","UNVERIFIED","UNRESOLVED","No content-verified first-pass relationship is sufficient for automatic resolution."
"2875587269|360","Special-World","SW","2875587269","360","25 Sep, 2023 @ 1:50pm","2023-09-25 13:50","","Share to your Steam activity feed","False","0","","","0","0","","","","","","False","False","False","","UNVERIFIED","UNRESOLVED","No content-verified first-pass relationship is sufficient for automatic resolution."
"2875587269|361","Special-World","SW","2875587269","361","25 Sep, 2023 @ 12:45pm","2023-09-25 12:45","","","False","0","","","0","0","","","","","","False","False","False","","UNVERIFIED","UNRESOLVED","No content-verified first-pass relationship is sufficient for automatic resolution."
"2875587269|362","Special-World","SW","2875587269","362","18 Sep, 2023 @ 7:13pm","2023-09-18 19:13","","","False","0","","","0","0","","","","","","False","False","False","","UNVERIFIED","UNRESOLVED","No content-verified first-pass relationship is sufficient for automatic resolution."
"2875587269|363","Special-World","SW","2875587269","363","1 Sep, 2023 @ 7:34am","2023-09-01 07:34","","","False","0","","","0","0","","","","","","False","False","False","","UNVERIFIED","UNRESOLVED","No content-verified first-pass relationship is sufficient for automatic resolution."
"2875587269|364","Special-World","SW","2875587269","364","31 Aug, 2023 @ 1:59pm","2023-08-31 13:59","","","False","0","","","0","0","","","","","","False","False","False","","UNVERIFIED","UNRESOLVED","No content-verified first-pass relationship is sufficient for automatic resolution."
"2875587269|365","Special-World","SW","2875587269","365","31 Aug, 2023 @ 10:39am","2023-08-31 10:39","","Updated with RICE-Sri Lanka","False","0","","","0","0","","","","","","False","False","False","","UNVERIFIED","UNRESOLVED","No content-verified first-pass relationship is sufficient for automatic resolution."
"2875587269|366","Special-World","SW","2875587269","366","28 Aug, 2023 @ 9:53am","2023-08-28 09:53","","","False","0","","","0","0","","","","","","False","False","False","","UNVERIFIED","UNRESOLVED","No content-verified first-pass relationship is sufficient for automatic resolution."
"2875587269|367","Special-World","SW","2875587269","367","28 Aug, 2023 @ 7:54am","2023-08-28 07:54","","","False","0","","","0","0","","","","","","False","False","False","","UNVERIFIED","UNRESOLVED","No content-verified first-pass relationship is sufficient for automatic resolution."
"2875587269|368","Special-World","SW","2875587269","368","6 Aug, 2023 @ 3:10pm","2023-08-06 15:10","","","False","0","","","0","0","","","","","","False","False","False","","UNVERIFIED","UNRESOLVED","No content-verified first-pass relationship is sufficient for automatic resolution."
"2875587269|369","Special-World","SW","2875587269","369","3 Aug, 2023 @ 12:35pm","2023-08-03 12:35","","","False","0","","","0","0","","","","","","False","False","False","","UNVERIFIED","UNRESOLVED","No content-verified first-pass relationship is sufficient for automatic resolution."
"2875587269|370","Special-World","SW","2875587269","370","2 Aug, 2023 @ 5:46pm","2023-08-02 17:46","","Added Dunnottar Castle with a reused asset.","False","0","","","0","0","","","","","","False","False","False","","UNVERIFIED","UNRESOLVED","No content-verified first-pass relationship is sufficient for automatic resolution."
"2875587269|371","Special-World","SW","2875587269","371","31 Jul, 2023 @ 2:09pm","2023-07-31 14:09","","","False","0","","","0","0","","","","","","False","False","False","","UNVERIFIED","UNRESOLVED","No content-verified first-pass relationship is sufficient for automatic resolution."
"2875587269|372","Special-World","SW","2875587269","372","27 Jul, 2023 @ 10:21am","2023-07-27 10:21","","","False","0","","","0","0","","","","","","False","False","False","","UNVERIFIED","UNRESOLVED","No content-verified first-pass relationship is sufficient for automatic resolution."
"2875587269|373","Special-World","SW","2875587269","373","23 Jul, 2023 @ 2:29pm","2023-07-23 14:29","","","False","0","","","0","0","","","","","","False","False","False","","UNVERIFIED","UNRESOLVED","No content-verified first-pass relationship is sufficient for automatic resolution."
"2875587269|374","Special-World","SW","2875587269","374","2 Jul, 2023 @ 7:24pm","2023-07-02 19:24","","Updated with changes to MB+","False","0","","","0","0","","","","","","False","False","False","","UNVERIFIED","UNRESOLVED","No content-verified first-pass relationship is sufficient for automatic resolution."
"2875587269|375","Special-World","SW","2875587269","375","29 Jun, 2023 @ 8:57am","2023-06-29 08:57","","","False","0","","","0","0","","","","","","False","False","False","","UNVERIFIED","UNRESOLVED","No content-verified first-pass relationship is sufficient for automatic resolution."
"2875587269|376","Special-World","SW","2875587269","376","29 Jun, 2023 @ 8:01am","2023-06-29 08:01","","Something went wrong with upload. Reverted temporarily","False","0","","","0","0","","","","","","False","False","False","","UNVERIFIED","UNRESOLVED","No content-verified first-pass relationship is sufficient for automatic resolution."
"2875587269|377","Special-World","SW","2875587269","377","28 Jun, 2023 @ 1:13pm","2023-06-28 13:13","","MA Update for Athens","False","0","","","0","0","","","","","","False","False","False","","UNVERIFIED","UNRESOLVED","No content-verified first-pass relationship is sufficient for automatic resolution."
"2875587269|378","Special-World","SW","2875587269","378","28 Jun, 2023 @ 9:20am","2023-06-28 09:20","","Rome is now more aesthetically pleasing.","False","0","","","0","0","","","","","","False","False","False","","UNVERIFIED","UNRESOLVED","No content-verified first-pass relationship is sufficient for automatic resolution."
"2875587269|379","Special-World","SW","2875587269","379","22 Jun, 2023 @ 5:38pm","2023-06-22 17:38","","Localization Corrections","False","0","","","0","0","","","","","","False","False","False","","UNVERIFIED","UNRESOLVED","No content-verified first-pass relationship is sufficient for automatic resolution."
"2875587269|380","Special-World","SW","2875587269","380","22 Jun, 2023 @ 5:13pm","2023-06-22 17:13","","Share to your Steam activity feed","False","0","","","0","0","","","","","","False","False","False","","UNVERIFIED","UNRESOLVED","No content-verified first-pass relationship is sufficient for automatic resolution."
"2875587269|381","Special-World","SW","2875587269","381","22 Jun, 2023 @ 10:00am","2023-06-22 10:00","","Fixed Universities from UB+ not spawning.","False","0","","","0","0","","","","","","False","False","False","","UNVERIFIED","UNRESOLVED","No content-verified first-pass relationship is sufficient for automatic resolution."
"2875587269|382","Special-World","SW","2875587269","382","21 Jun, 2023 @ 3:20pm","2023-06-21 15:20","","Compatibility with MB+ and Africa+","False","0","","","0","0","","","","","","False","False","False","","UNVERIFIED","UNRESOLVED","No content-verified first-pass relationship is sufficient for automatic resolution."
"2875587269|383","Special-World","SW","2875587269","383","20 Jun, 2023 @ 2:24pm","2023-06-20 14:24","","","False","0","","","0","0","","","","","","False","False","False","","UNVERIFIED","UNRESOLVED","No content-verified first-pass relationship is sufficient for automatic resolution."
"2875587269|384","Special-World","SW","2875587269","384","20 Jun, 2023 @ 12:55pm","2023-06-20 12:55","","","False","0","","","0","0","","","","","","False","False","False","","UNVERIFIED","UNRESOLVED","No content-verified first-pass relationship is sufficient for automatic resolution."
"2875587269|385","Special-World","SW","2875587269","385","20 Jun, 2023 @ 12:19pm","2023-06-20 12:19","","","False","0","","","0","0","","","","","","False","False","False","","UNVERIFIED","UNRESOLVED","No content-verified first-pass relationship is sufficient for automatic resolution."
"2875587269|386","Special-World","SW","2875587269","386","19 Jun, 2023 @ 3:31pm","2023-06-19 15:31","","MA-MSB now have the proper POIs","False","0","","","0","0","","","","","","False","False","False","","UNVERIFIED","UNRESOLVED","No content-verified first-pass relationship is sufficient for automatic resolution."
"2875587269|387","Special-World","SW","2875587269","387","16 Jun, 2023 @ 9:40am","2023-06-16 09:40","","Allethius totally fixing up the Indian sub-continent lol.","False","0","","","0","0","","","","","","False","False","False","","UNVERIFIED","UNRESOLVED","No content-verified first-pass relationship is sufficient for automatic resolution."
"2875587269|388","Special-World","SW","2875587269","388","15 Jun, 2023 @ 8:48am","2023-06-15 08:48","","","False","0","","","0","0","","","","","","False","False","False","","UNVERIFIED","UNRESOLVED","No content-verified first-pass relationship is sufficient for automatic resolution."
"2875587269|389","Special-World","SW","2875587269","389","13 Jun, 2023 @ 8:07am","2023-06-13 08:07","","","False","0","","","0","0","","","","","","False","False","False","","UNVERIFIED","UNRESOLVED","No content-verified first-pass relationship is sufficient for automatic resolution."
"2875587269|390","Special-World","SW","2875587269","390","12 Jun, 2023 @ 6:57pm","2023-06-12 18:57","","Multiple Bug Fixes and tweaks with thanks from Allethius","False","0","","","0","0","","","","","","False","False","False","","UNVERIFIED","UNRESOLVED","No content-verified first-pass relationship is sufficient for automatic resolution."
"2875587269|391","Special-World","SW","2875587269","391","11 Jun, 2023 @ 10:34am","2023-06-11 10:34","","","False","0","","","0","0","","","","","","False","False","False","","UNVERIFIED","UNRESOLVED","No content-verified first-pass relationship is sufficient for automatic resolution."
"2875587269|392","Special-World","SW","2875587269","392","9 Jun, 2023 @ 4:11pm","2023-06-09 16:11","","","False","0","","","0","0","","","","","","False","False","False","","UNVERIFIED","UNRESOLVED","No content-verified first-pass relationship is sufficient for automatic resolution."
"2875587269|393","Special-World","SW","2875587269","393","9 Jun, 2023 @ 3:49pm","2023-06-09 15:49","","","False","0","","","0","0","","","","","","False","False","False","","UNVERIFIED","UNRESOLVED","No content-verified first-pass relationship is sufficient for automatic resolution."
"2875587269|394","Special-World","SW","2875587269","394","9 Jun, 2023 @ 1:45pm","2023-06-09 13:45","","","False","0","","","0","0","","","","","","False","False","False","","UNVERIFIED","UNRESOLVED","No content-verified first-pass relationship is sufficient for automatic resolution."
"2875587269|395","Special-World","SW","2875587269","395","9 Jun, 2023 @ 9:49am","2023-06-09 09:49","","Updated to latest version of Africa Plus","False","0","","","0","0","","","","","","False","False","False","","UNVERIFIED","UNRESOLVED","No content-verified first-pass relationship is sufficient for automatic resolution."
"2875587269|396","Special-World","SW","2875587269","396","8 Jun, 2023 @ 11:42am","2023-06-08 11:42","","Updated with latest version of Medieval Arts","False","0","","","0","0","","","","","","False","False","False","","UNVERIFIED","UNRESOLVED","No content-verified first-pass relationship is sufficient for automatic resolution."
"2875587269|397","Special-World","SW","2875587269","397","5 Jun, 2023 @ 12:00pm","2023-06-05 12:00","","","False","0","","","0","0","","","","","","False","False","False","","UNVERIFIED","UNRESOLVED","No content-verified first-pass relationship is sufficient for automatic resolution."
"2875587269|398","Special-World","SW","2875587269","398","5 Jun, 2023 @ 11:50am","2023-06-05 11:50","","","False","0","","","0","0","","","","","","False","False","False","","UNVERIFIED","UNRESOLVED","No content-verified first-pass relationship is sufficient for automatic resolution."
"2875587269|399","Special-World","SW","2875587269","399","22 May, 2023 @ 1:05pm","2023-05-22 13:05","","","False","0","","","0","0","","","","","","False","False","False","","UNVERIFIED","UNRESOLVED","No content-verified first-pass relationship is sufficient for automatic resolution."
"2875587269|400","Special-World","SW","2875587269","400","22 May, 2023 @ 12:11pm","2023-05-22 12:11","","Share to your Steam activity feed","False","0","","","0","0","","","","","","False","False","False","","UNVERIFIED","UNRESOLVED","No content-verified first-pass relationship is sufficient for automatic resolution."
"2875587269|401","Special-World","SW","2875587269","401","22 May, 2023 @ 11:47am","2023-05-22 11:47","","Updated for Unique Buildings Plus Update and Holding Sprawl Update","False","0","","","0","0","","","","","","False","False","False","","UNVERIFIED","UNRESOLVED","No content-verified first-pass relationship is sufficient for automatic resolution."
"2875587269|402","Special-World","SW","2875587269","402","22 May, 2023 @ 11:07am","2023-05-22 11:07","","","False","0","","","0","0","","","","","","False","False","False","","UNVERIFIED","UNRESOLVED","No content-verified first-pass relationship is sufficient for automatic resolution."
"2875587269|403","Special-World","SW","2875587269","403","22 May, 2023 @ 11:06am","2023-05-22 11:06","","","False","0","","","0","0","","","","","","False","False","False","","UNVERIFIED","UNRESOLVED","No content-verified first-pass relationship is sufficient for automatic resolution."
"2875587269|404","Special-World","SW","2875587269","404","22 May, 2023 @ 9:43am","2023-05-22 09:43","","","False","0","","","0","0","","","","","","False","False","False","","UNVERIFIED","UNRESOLVED","No content-verified first-pass relationship is sufficient for automatic resolution."
"2875587269|405","Special-World","SW","2875587269","405","19 May, 2023 @ 2:53pm","2023-05-19 14:53","","-Minor tweaks. Rotated Canterbury Cathedral so it's 1) facing the proper direction (why PDX?), 2) not floating 1/2 over the sea.","False","0","","","0","0","","","","","","False","False","False","","UNVERIFIED","UNRESOLVED","No content-verified first-pass relationship is sufficient for automatic resolution."
"2875587269|406","Special-World","SW","2875587269","406","19 May, 2023 @ 9:09am","2023-05-19 09:09","","- Temple of Uppsala_01 (Sigtuna)","False","0","","","0","0","","","","","","False","False","False","","UNVERIFIED","UNRESOLVED","No content-verified first-pass relationship is sufficient for automatic resolution."
"2875587269|407","Special-World","SW","2875587269","407","18 May, 2023 @ 8:40am","2023-05-18 08:40","","- Special Buildings will no longer be overwritten by ""Vanilla"" Special Buildings at Holy Sites or by Universities","False","0","","","0","0","","","","","","False","False","False","","UNVERIFIED","UNRESOLVED","No content-verified first-pass relationship is sufficient for automatic resolution."
"2875587269|408","Special-World","SW","2875587269","408","17 May, 2023 @ 12:06pm","2023-05-17 12:06","","","False","0","","","0","0","","","","","","False","False","False","","UNVERIFIED","UNRESOLVED","No content-verified first-pass relationship is sufficient for automatic resolution."
"2875587269|409","Special-World","SW","2875587269","409","16 May, 2023 @ 10:44am","2023-05-16 10:44","","","False","0","","","0","0","","","","","","False","False","False","","UNVERIFIED","UNRESOLVED","No content-verified first-pass relationship is sufficient for automatic resolution."
"2875587269|410","Special-World","SW","2875587269","410","25 Apr, 2023 @ 8:28am","2023-04-25 08:28","","Share to your Steam activity feed","False","0","","","0","0","","","","","","False","False","False","","UNVERIFIED","UNRESOLVED","No content-verified first-pass relationship is sufficient for automatic resolution."
"2875587269|411","Special-World","SW","2875587269","411","24 Apr, 2023 @ 10:51pm","2023-04-24 22:51","","","False","0","","","0","0","","","","","","False","False","False","","UNVERIFIED","UNRESOLVED","No content-verified first-pass relationship is sufficient for automatic resolution."
"2875587269|412","Special-World","SW","2875587269","412","24 Apr, 2023 @ 7:18pm","2023-04-24 19:18","","","False","0","","","0","0","","","","","","False","False","False","","UNVERIFIED","UNRESOLVED","No content-verified first-pass relationship is sufficient for automatic resolution."
"2875587269|413","Special-World","SW","2875587269","413","4 Apr, 2023 @ 10:07am","2023-04-04 10:07","","","False","0","","","0","0","","","","","","False","False","False","","UNVERIFIED","UNRESOLVED","No content-verified first-pass relationship is sufficient for automatic resolution."
"2875587269|414","Special-World","SW","2875587269","414","28 Mar, 2023 @ 9:26am","2023-03-28 09:26","","","False","0","","","0","0","","","","","","False","False","False","","UNVERIFIED","UNRESOLVED","No content-verified first-pass relationship is sufficient for automatic resolution."
"2875587269|415","Special-World","SW","2875587269","415","9 Mar, 2023 @ 1:53pm","2023-03-09 13:53","","","False","0","","","0","0","","","","","","False","False","False","","UNVERIFIED","UNRESOLVED","No content-verified first-pass relationship is sufficient for automatic resolution."
"2875587269|416","Special-World","SW","2875587269","416","8 Mar, 2023 @ 7:06pm","2023-03-08 19:06","","","False","0","","","0","0","","","","","","False","False","False","","UNVERIFIED","UNRESOLVED","No content-verified first-pass relationship is sufficient for automatic resolution."
"2875587269|417","Special-World","SW","2875587269","417","5 Mar, 2023 @ 11:12am","2023-03-05 11:12","","","False","0","","","0","0","","","","","","False","False","False","","UNVERIFIED","UNRESOLVED","No content-verified first-pass relationship is sufficient for automatic resolution."
"2875587269|418","Special-World","SW","2875587269","418","4 Mar, 2023 @ 12:14pm","2023-03-04 12:14","","","False","0","","","0","0","","","","","","False","False","False","","UNVERIFIED","UNRESOLVED","No content-verified first-pass relationship is sufficient for automatic resolution."
"2875587269|419","Special-World","SW","2875587269","419","2 Mar, 2023 @ 8:21am","2023-03-02 08:21","","","False","0","","","0","0","","","","","","False","False","False","","UNVERIFIED","UNRESOLVED","No content-verified first-pass relationship is sufficient for automatic resolution."
"2875587269|420","Special-World","SW","2875587269","420","1 Mar, 2023 @ 9:44pm","2023-03-01 21:44","","Share to your Steam activity feed","False","0","","","0","0","","","","","","False","False","False","","UNVERIFIED","UNRESOLVED","No content-verified first-pass relationship is sufficient for automatic resolution."
"2875587269|421","Special-World","SW","2875587269","421","27 Feb, 2023 @ 7:27pm","2023-02-27 19:27","","","False","0","","","0","0","","","","","","False","False","False","","UNVERIFIED","UNRESOLVED","No content-verified first-pass relationship is sufficient for automatic resolution."
"2875587269|422","Special-World","SW","2875587269","422","26 Feb, 2023 @ 1:35pm","2023-02-26 13:35","","","False","0","","","0","0","","","","","","False","False","False","","UNVERIFIED","UNRESOLVED","No content-verified first-pass relationship is sufficient for automatic resolution."
"2875587269|423","Special-World","SW","2875587269","423","17 Feb, 2023 @ 11:28am","2023-02-17 11:28","","","False","0","","","0","0","","","","","","False","False","False","","UNVERIFIED","UNRESOLVED","No content-verified first-pass relationship is sufficient for automatic resolution."
"2875587269|424","Special-World","SW","2875587269","424","6 Feb, 2023 @ 3:02pm","2023-02-06 15:02","","","False","0","","","0","0","","","","","","False","False","False","","UNVERIFIED","UNRESOLVED","No content-verified first-pass relationship is sufficient for automatic resolution."
"2875587269|425","Special-World","SW","2875587269","425","6 Feb, 2023 @ 11:41am","2023-02-06 11:41","","","False","0","","","0","0","","","","","","False","False","False","","UNVERIFIED","UNRESOLVED","No content-verified first-pass relationship is sufficient for automatic resolution."
"2875587269|426","Special-World","SW","2875587269","426","5 Feb, 2023 @ 10:35am","2023-02-05 10:35","","","False","0","","","0","0","","","","","","False","False","False","","UNVERIFIED","UNRESOLVED","No content-verified first-pass relationship is sufficient for automatic resolution."
"2875587269|427","Special-World","SW","2875587269","427","4 Feb, 2023 @ 4:38pm","2023-02-04 16:38","","","False","0","","","0","0","","","","","","False","False","False","","UNVERIFIED","UNRESOLVED","No content-verified first-pass relationship is sufficient for automatic resolution."
"2875587269|428","Special-World","SW","2875587269","428","3 Feb, 2023 @ 11:03pm","2023-02-03 23:03","","","False","0","","","0","0","","","","","","False","False","False","","UNVERIFIED","UNRESOLVED","No content-verified first-pass relationship is sufficient for automatic resolution."
"2875587269|429","Special-World","SW","2875587269","429","3 Feb, 2023 @ 4:25pm","2023-02-03 16:25","","","False","0","","","0","0","","","","","","False","False","False","","UNVERIFIED","UNRESOLVED","No content-verified first-pass relationship is sufficient for automatic resolution."
"2875587269|430","Special-World","SW","2875587269","430","3 Feb, 2023 @ 1:20pm","2023-02-03 13:20","","Share to your Steam activity feed","False","0","","","0","0","","","","","","False","False","False","","UNVERIFIED","UNRESOLVED","No content-verified first-pass relationship is sufficient for automatic resolution."
"2875587269|431","Special-World","SW","2875587269","431","3 Feb, 2023 @ 12:08pm","2023-02-03 12:08","","","False","0","","","0","0","","","","","","False","False","False","","UNVERIFIED","UNRESOLVED","No content-verified first-pass relationship is sufficient for automatic resolution."
"2875587269|432","Special-World","SW","2875587269","432","1 Feb, 2023 @ 10:32am","2023-02-01 10:32","","","False","0","","","0","0","","","","","","False","False","False","","UNVERIFIED","UNRESOLVED","No content-verified first-pass relationship is sufficient for automatic resolution."
"2875587269|433","Special-World","SW","2875587269","433","1 Feb, 2023 @ 10:14am","2023-02-01 10:14","","Note","False","0","","","0","0","","","","","","False","False","False","","UNVERIFIED","UNRESOLVED","No content-verified first-pass relationship is sufficient for automatic resolution."
"2875587269|434","Special-World","SW","2875587269","434","1 Feb, 2023 @ 8:29am","2023-02-01 08:29","","","False","0","","","0","0","","","","","","False","False","False","","UNVERIFIED","UNRESOLVED","No content-verified first-pass relationship is sufficient for automatic resolution."
"2875587269|435","Special-World","SW","2875587269","435","1 Feb, 2023 @ 8:26am","2023-02-01 08:26","","","False","0","","","0","0","","","","","","False","False","False","","UNVERIFIED","UNRESOLVED","No content-verified first-pass relationship is sufficient for automatic resolution."
"2875587269|436","Special-World","SW","2875587269","436","31 Jan, 2023 @ 4:23pm","2023-01-31 16:23","","","False","0","","","0","0","","","","","","False","False","False","","UNVERIFIED","UNRESOLVED","No content-verified first-pass relationship is sufficient for automatic resolution."
"2875587269|437","Special-World","SW","2875587269","437","31 Jan, 2023 @ 11:45am","2023-01-31 11:45","","","False","0","","","0","0","","","","","","False","False","False","","UNVERIFIED","UNRESOLVED","No content-verified first-pass relationship is sufficient for automatic resolution."
"2875587269|438","Special-World","SW","2875587269","438","30 Jan, 2023 @ 11:03pm","2023-01-30 23:03","","","False","0","","","0","0","","","","","","False","False","False","","UNVERIFIED","UNRESOLVED","No content-verified first-pass relationship is sufficient for automatic resolution."
"2875587269|439","Special-World","SW","2875587269","439","30 Jan, 2023 @ 10:05pm","2023-01-30 22:05","","","False","0","","","0","0","","","","","","False","False","False","","UNVERIFIED","UNRESOLVED","No content-verified first-pass relationship is sufficient for automatic resolution."
"2875587269|440","Special-World","SW","2875587269","440","30 Jan, 2023 @ 10:02pm","2023-01-30 22:02","","Share to your Steam activity feed","False","0","","","0","0","","","","","","False","False","False","","UNVERIFIED","UNRESOLVED","No content-verified first-pass relationship is sufficient for automatic resolution."
"2875587269|441","Special-World","SW","2875587269","441","30 Jan, 2023 @ 9:58pm","2023-01-30 21:58","","Note","False","0","","","0","0","","","","","","False","False","False","","UNVERIFIED","UNRESOLVED","No content-verified first-pass relationship is sufficient for automatic resolution."
"2875587269|442","Special-World","SW","2875587269","442","30 Jan, 2023 @ 7:20pm","2023-01-30 19:20","","","False","0","","","0","0","","","","","","False","False","False","","UNVERIFIED","UNRESOLVED","No content-verified first-pass relationship is sufficient for automatic resolution."
"2875587269|443","Special-World","SW","2875587269","443","30 Jan, 2023 @ 7:06pm","2023-01-30 19:06","","Temporary Move to an older version. Will be fixed shortly.","False","0","","","0","0","","","","","","False","False","False","","UNVERIFIED","UNRESOLVED","No content-verified first-pass relationship is sufficient for automatic resolution."
"2875587269|444","Special-World","SW","2875587269","444","25 Jan, 2023 @ 4:12pm","2023-01-25 16:12","","","False","0","","","0","0","","","","","","False","False","False","","UNVERIFIED","UNRESOLVED","No content-verified first-pass relationship is sufficient for automatic resolution."
"2875587269|445","Special-World","SW","2875587269","445","24 Jan, 2023 @ 3:39pm","2023-01-24 15:39","","","False","0","","","0","0","","","","","","False","False","False","","UNVERIFIED","UNRESOLVED","No content-verified first-pass relationship is sufficient for automatic resolution."
"2875587269|446","Special-World","SW","2875587269","446","22 Jan, 2023 @ 11:46pm","2023-01-22 23:46","","","False","0","","","0","0","","","","","","False","False","False","","UNVERIFIED","UNRESOLVED","No content-verified first-pass relationship is sufficient for automatic resolution."
"2875587269|447","Special-World","SW","2875587269","447","21 Jan, 2023 @ 12:45pm","2023-01-21 12:45","","","False","0","","","0","0","","","","","","False","False","False","","UNVERIFIED","UNRESOLVED","No content-verified first-pass relationship is sufficient for automatic resolution."
"2875587269|448","Special-World","SW","2875587269","448","21 Jan, 2023 @ 9:10am","2023-01-21 09:10","","","False","0","","","0","0","","","","","","False","False","False","","UNVERIFIED","UNRESOLVED","No content-verified first-pass relationship is sufficient for automatic resolution."
"2875587269|449","Special-World","SW","2875587269","449","20 Jan, 2023 @ 7:38pm","2023-01-20 19:38","","","False","0","","","0","0","","","","","","False","False","False","","UNVERIFIED","UNRESOLVED","No content-verified first-pass relationship is sufficient for automatic resolution."
"2875587269|450","Special-World","SW","2875587269","450","20 Jan, 2023 @ 4:07pm","2023-01-20 16:07","","Share to your Steam activity feed","False","0","","","0","0","","","","","","False","False","False","","UNVERIFIED","UNRESOLVED","No content-verified first-pass relationship is sufficient for automatic resolution."
"2875587269|451","Special-World","SW","2875587269","451","17 Jan, 2023 @ 2:10pm","2023-01-17 14:10","","","False","0","","","0","0","","","","","","False","False","False","","UNVERIFIED","UNRESOLVED","No content-verified first-pass relationship is sufficient for automatic resolution."
"2875587269|452","Special-World","SW","2875587269","452","17 Jan, 2023 @ 1:10pm","2023-01-17 13:10","","","False","0","","","0","0","","","","","","False","False","False","","UNVERIFIED","UNRESOLVED","No content-verified first-pass relationship is sufficient for automatic resolution."
"2875587269|453","Special-World","SW","2875587269","453","15 Jan, 2023 @ 2:17pm","2023-01-15 14:17","","","False","0","","","0","0","","","","","","False","False","False","","UNVERIFIED","UNRESOLVED","No content-verified first-pass relationship is sufficient for automatic resolution."
"2875587269|454","Special-World","SW","2875587269","454","9 Jan, 2023 @ 7:51am","2023-01-09 07:51","","","False","0","","","0","0","","","","","","False","False","False","","UNVERIFIED","UNRESOLVED","No content-verified first-pass relationship is sufficient for automatic resolution."
"2875587269|455","Special-World","SW","2875587269","455","7 Jan, 2023 @ 2:09pm","2023-01-07 14:09","","","False","0","","","0","0","","","","","","False","False","False","","UNVERIFIED","UNRESOLVED","No content-verified first-pass relationship is sufficient for automatic resolution."
"2875587269|456","Special-World","SW","2875587269","456","2 Jan, 2023 @ 10:14am","2023-01-02 10:14","","","False","0","","","0","0","","","","","","False","False","False","","UNVERIFIED","UNRESOLVED","No content-verified first-pass relationship is sufficient for automatic resolution."
"2875587269|457","Special-World","SW","2875587269","457","29 Dec, 2022 @ 5:21pm","2022-12-29 17:21","","","False","0","","","0","0","","","","","","False","False","False","","UNVERIFIED","UNRESOLVED","No content-verified first-pass relationship is sufficient for automatic resolution."
"2875587269|458","Special-World","SW","2875587269","458","23 Dec, 2022 @ 7:01pm","2022-12-23 19:01","","","False","0","","","0","0","","","","","","False","False","False","","UNVERIFIED","UNRESOLVED","No content-verified first-pass relationship is sufficient for automatic resolution."
"2875587269|459","Special-World","SW","2875587269","459","6 Dec, 2022 @ 10:16am","2022-12-06 10:16","","","False","0","","","0","0","","","","","","False","False","False","","UNVERIFIED","UNRESOLVED","No content-verified first-pass relationship is sufficient for automatic resolution."
"2875587269|460","Special-World","SW","2875587269","460","30 Nov, 2022 @ 5:16pm","2022-11-30 17:16","","Share to your Steam activity feed","False","0","","","0","0","","","","","","False","False","False","","UNVERIFIED","UNRESOLVED","No content-verified first-pass relationship is sufficient for automatic resolution."
"2875587269|461","Special-World","SW","2875587269","461","30 Nov, 2022 @ 4:46pm","2022-11-30 16:46","","","False","0","","","0","0","","","","","","False","False","False","","UNVERIFIED","UNRESOLVED","No content-verified first-pass relationship is sufficient for automatic resolution."
"2875587269|462","Special-World","SW","2875587269","462","30 Nov, 2022 @ 2:18pm","2022-11-30 14:18","","","False","0","","","0","0","","","","","","False","False","False","","UNVERIFIED","UNRESOLVED","No content-verified first-pass relationship is sufficient for automatic resolution."
"2875587269|463","Special-World","SW","2875587269","463","28 Nov, 2022 @ 9:30am","2022-11-28 09:30","","","False","0","","","0","0","","","","","","False","False","False","","UNVERIFIED","UNRESOLVED","No content-verified first-pass relationship is sufficient for automatic resolution."
"2875587269|464","Special-World","SW","2875587269","464","28 Nov, 2022 @ 9:15am","2022-11-28 09:15","","","False","0","","","0","0","","","","","","False","False","False","","UNVERIFIED","UNRESOLVED","No content-verified first-pass relationship is sufficient for automatic resolution."
"2875587269|465","Special-World","SW","2875587269","465","17 Oct, 2022 @ 5:39pm","2022-10-17 17:39","","","False","0","","","0","0","","","","","","False","False","False","","UNVERIFIED","UNRESOLVED","No content-verified first-pass relationship is sufficient for automatic resolution."
"2875587269|466","Special-World","SW","2875587269","466","17 Oct, 2022 @ 3:55pm","2022-10-17 15:55","","","False","0","","","0","0","","","","","","False","False","False","","UNVERIFIED","UNRESOLVED","No content-verified first-pass relationship is sufficient for automatic resolution."
"2875587269|467","Special-World","SW","2875587269","467","16 Oct, 2022 @ 6:11am","2022-10-16 06:11","","","False","0","","","0","0","","","","","","False","False","False","","UNVERIFIED","UNRESOLVED","No content-verified first-pass relationship is sufficient for automatic resolution."
"2875587269|468","Special-World","SW","2875587269","468","15 Oct, 2022 @ 10:12am","2022-10-15 10:12","","","False","0","","","0","0","","","","","","False","False","False","","UNVERIFIED","UNRESOLVED","No content-verified first-pass relationship is sufficient for automatic resolution."
"2875587269|469","Special-World","SW","2875587269","469","15 Oct, 2022 @ 9:38am","2022-10-15 09:38","","","False","0","","","0","0","","","","","","False","False","False","","UNVERIFIED","UNRESOLVED","No content-verified first-pass relationship is sufficient for automatic resolution."
"2875587269|470","Special-World","SW","2875587269","470","15 Oct, 2022 @ 9:33am","2022-10-15 09:33","","Share to your Steam activity feed","False","0","","","0","0","","","","","","False","False","False","","UNVERIFIED","UNRESOLVED","No content-verified first-pass relationship is sufficient for automatic resolution."
"3668769244|1","Turkic-World-Expanded","TWE","3668769244","1","1 May @ 1:48pm","2026-05-01 13:48","","","False","0","","","0","0","","","","","","False","False","False","","UNVERIFIED","UNRESOLVED","No content-verified first-pass relationship is sufficient for automatic resolution."
"3668769244|2","Turkic-World-Expanded","TWE","3668769244","2","7 Mar @ 11:16am","2026-03-07 11:16","","- New dna templates for Kipchak, Cuman and Oghuz/Turkmen cultures have been added.","False","0","","","0","0","","","","","","False","False","False","","UNVERIFIED","UNRESOLVED","No content-verified first-pass relationship is sufficient for automatic resolution."
"3668769244|3","Turkic-World-Expanded","TWE","3668769244","3","18 Feb @ 7:26am","2026-02-18 07:26","","Share to your Steam activity feed","False","0","","","0","0","","","","","","False","False","False","","UNVERIFIED","UNRESOLVED","No content-verified first-pass relationship is sufficient for automatic resolution."
"3490396842|1","Western-Steppe-Expanded","WSE","3490396842","1","20 Apr @ 8:37am","2026-04-20 08:37","","-Updated to 1.19","False","1","063576a7299159e3eef1ba510e6e3bd7f938d7ab","NORMAL","0","0","","","","","","False","False","False","","UNVERIFIED","UNRESOLVED","No content-verified first-pass relationship is sufficient for automatic resolution."
"3490396842|2","Western-Steppe-Expanded","WSE","3490396842","2","4 Apr @ 3:43am","2026-04-04 03:43","","-Bug Fixes","False","1","813cdf117fb1a935cdb0f51184a4ed9a379cbacf","NORMAL","0","0","","","","","","False","False","False","","UNVERIFIED","UNRESOLVED","No content-verified first-pass relationship is sufficient for automatic resolution."
"3490396842|3","Western-Steppe-Expanded","WSE","3490396842","3","4 Feb @ 12:39pm","2026-02-04 12:39","","","False","1","fcda0b4b0dae1bcf911e7b9b8e650b9aad3bb554","NORMAL","0","0","","","","","","False","False","False","","UNVERIFIED","UNRESOLVED","No content-verified first-pass relationship is sufficient for automatic resolution."
"3490396842|4","Western-Steppe-Expanded","WSE","3490396842","4","28 Jan @ 4:30pm","2026-01-28 16:30","","-New Hunnic Name List","False","1","fcda0b4b0dae1bcf911e7b9b8e650b9aad3bb554","NORMAL","0","0","","","","","","False","False","False","","UNVERIFIED","UNRESOLVED","No content-verified first-pass relationship is sufficient for automatic resolution."
"3490396842|5","Western-Steppe-Expanded","WSE","3490396842","5","23 Jan @ 8:34am","2026-01-23 08:34","","-Makes House Attilid a cadet branch of the Elmingirid dynasty","False","0","","","0","0","","","","","","False","False","False","","UNVERIFIED","UNRESOLVED","No content-verified first-pass relationship is sufficient for automatic resolution."
"3490396842|6","Western-Steppe-Expanded","WSE","3490396842","6","21 Jan @ 8:42am","2026-01-21 08:42","","Heirs of Attila Update:","False","0","","","0","0","","","","","","False","False","False","","UNVERIFIED","UNRESOLVED","No content-verified first-pass relationship is sufficient for automatic resolution."
"3490396842|7","Western-Steppe-Expanded","WSE","3490396842","7","17 Dec, 2025 @ 3:04am","2025-12-17 03:04","","-Added the decisions Found the Black Army and Maintain the Black Army","False","0","","","0","0","","","","","","False","False","False","","UNVERIFIED","UNRESOLVED","No content-verified first-pass relationship is sufficient for automatic resolution."
"3490396842|8","Western-Steppe-Expanded","WSE","3490396842","8","1 Dec, 2025 @ 11:48am","2025-12-01 11:48","","-reenabled deleted history file for hungary provinces","False","0","","","0","0","","","","","","False","False","False","","UNVERIFIED","UNRESOLVED","No content-verified first-pass relationship is sufficient for automatic resolution."
"3490396842|9","Western-Steppe-Expanded","WSE","3490396842","9","1 Dec, 2025 @ 11:26am","2025-12-01 11:26","","-Fixed missing Mine in Hungary","False","0","","","0","0","","","","","","False","False","False","","UNVERIFIED","UNRESOLVED","No content-verified first-pass relationship is sufficient for automatic resolution."
"3490396842|10","Western-Steppe-Expanded","WSE","3490396842","10","18 Nov, 2025 @ 7:25am","2025-11-18 07:25","","Calm Before the Storm Update:","False","0","","","0","0","","","","","","False","False","False","","UNVERIFIED","UNRESOLVED","No content-verified first-pass relationship is sufficient for automatic resolution."
"3490396842|11","Western-Steppe-Expanded","WSE","3490396842","11","15 Nov, 2025 @ 10:28am","2025-11-15 10:28","","-Fixed issue with Hungarian/Sezelky/Csangos cultures using asian MAA art","False","0","","","0","0","","","","","","False","False","False","","UNVERIFIED","UNRESOLVED","No content-verified first-pass relationship is sufficient for automatic resolution."
"3490396842|12","Western-Steppe-Expanded","WSE","3490396842","12","31 Oct, 2025 @ 2:18pm","2025-10-31 14:18","","-The Tarjan dynasty is no longer immortal. (humans should not be 200 years old...)","False","0","","","0","0","","","","","","False","False","False","","UNVERIFIED","UNRESOLVED","No content-verified first-pass relationship is sufficient for automatic resolution."
"3490396842|13","Western-Steppe-Expanded","WSE","3490396842","13","28 Oct, 2025 @ 12:57pm","2025-10-28 12:57","","-Update for AUH release","False","0","","","0","0","","","","","","False","False","False","","UNVERIFIED","UNRESOLVED","No content-verified first-pass relationship is sufficient for automatic resolution."
"3490396842|14","Western-Steppe-Expanded","WSE","3490396842","14","30 Sep, 2025 @ 11:36am","2025-09-30 11:36","","-Updated following comments from vidz99","False","0","","","0","0","","","","","","False","False","False","","UNVERIFIED","UNRESOLVED","No content-verified first-pass relationship is sufficient for automatic resolution."
"3490396842|15","Western-Steppe-Expanded","WSE","3490396842","15","14 Sep, 2025 @ 1:38pm","2025-09-14 13:38","","-Fixed/changed requirements for decisions","False","0","","","0","0","","","","","","False","False","False","","UNVERIFIED","UNRESOLVED","No content-verified first-pass relationship is sufficient for automatic resolution."
"3490396842|16","Western-Steppe-Expanded","WSE","3490396842","16","9 Sep, 2025 @ 10:10am","2025-09-09 10:10","","-Update for new dlc","False","0","","","0","0","","","","","","False","False","False","","UNVERIFIED","UNRESOLVED","No content-verified first-pass relationship is sufficient for automatic resolution."
"3490396842|17","Western-Steppe-Expanded","WSE","3490396842","17","27 Jul, 2025 @ 2:01am","2025-07-27 02:01","","-Removed Holy Site location changes","False","0","","","0","0","","","","","","False","False","False","","UNVERIFIED","UNRESOLVED","No content-verified first-pass relationship is sufficient for automatic resolution."
"3490396842|18","Western-Steppe-Expanded","WSE","3490396842","18","1 Jul, 2025 @ 6:47am","2025-07-01 06:47","","-Added namespace for crimean tatar event (should stop characters from randomly turning into that culture)","False","0","","","0","0","","","","","","False","False","False","","UNVERIFIED","UNRESOLVED","No content-verified first-pass relationship is sufficient for automatic resolution."
"3490396842|19","Western-Steppe-Expanded","WSE","3490396842","19","16 Jun, 2025 @ 7:02am","2025-06-16 07:02","","-Removed the ability for Empires to do contracts, will be added back in a future update.","False","0","","","0","0","","","","","","False","False","False","","UNVERIFIED","UNRESOLVED","No content-verified first-pass relationship is sufficient for automatic resolution."
"3490396842|20","Western-Steppe-Expanded","WSE","3490396842","20","7 Jun, 2025 @ 1:50pm","2025-06-07 13:50","","-Lowers prestige required for Lord of the Volga decision","False","0","","","0","0","","","","","","False","False","False","","UNVERIFIED","UNRESOLVED","No content-verified first-pass relationship is sufficient for automatic resolution."
"3490396842|21","Western-Steppe-Expanded","WSE","3490396842","21","5 Jun, 2025 @ 1:52pm","2025-06-05 13:52","","-Fixes Crimea Event Issue","False","0","","","0","0","","","","","","False","False","False","","UNVERIFIED","UNRESOLVED","No content-verified first-pass relationship is sufficient for automatic resolution."
"3490396842|22","Western-Steppe-Expanded","WSE","3490396842","22","4 Jun, 2025 @ 1:35pm","2025-06-04 13:35","","-Added Crimean Tatar Culture, accessible through either character creator or through taking the Embrace Crimean Tatar Culture decision","False","0","","","0","0","","","","","","False","False","False","","UNVERIFIED","UNRESOLVED","No content-verified first-pass relationship is sufficient for automatic resolution."
"3490396842|23","Western-Steppe-Expanded","WSE","3490396842","23","4 Jun, 2025 @ 3:07am","2025-06-04 03:07","","-Fixed Title History bug that was causing characters to appear twice in the history tab","False","0","","","0","0","","","","","","False","False","False","","UNVERIFIED","UNRESOLVED","No content-verified first-pass relationship is sufficient for automatic resolution."
"3490396842|24","Western-Steppe-Expanded","WSE","3490396842","24","2 Jun, 2025 @ 12:04am","2025-06-02 00:04","","-Fixed bug regarding Lord of Volga decision triggering the Augustus event if you have Devil's Brood mod","False","0","","","0","0","","","","","","False","False","False","","UNVERIFIED","UNRESOLVED","No content-verified first-pass relationship is sufficient for automatic resolution."
"3490396842|25","Western-Steppe-Expanded","WSE","3490396842","25","1 Jun, 2025 @ 10:35am","2025-06-01 10:35","","-Turned Kingdom of the Pechenegs into a non de jure kingdom to stop Wallachia and Moldavia from immediately getting banished to the shadow-world and produce border gore.","False","0","","","0","0","","","","","","False","False","False","","UNVERIFIED","UNRESOLVED","No content-verified first-pass relationship is sufficient for automatic resolution."
"3490396842|26","Western-Steppe-Expanded","WSE","3490396842","26","1 Jun, 2025 @ 5:09am","2025-06-01 05:09","","-Updated to include many of the features from Pannonia Expanded","False","0","","","0","0","","","","","","False","False","False","","UNVERIFIED","UNRESOLVED","No content-verified first-pass relationship is sufficient for automatic resolution."
"3490396842|27","Western-Steppe-Expanded","WSE","3490396842","27","31 May, 2025 @ 8:30am","2025-05-31 08:30","","","False","0","","","0","0","","","","","","False","False","False","","UNVERIFIED","UNRESOLVED","No content-verified first-pass relationship is sufficient for automatic resolution."
"3490396842|28","Western-Steppe-Expanded","WSE","3490396842","28","30 May, 2025 @ 12:06pm","2025-05-30 12:06","","Share to your Steam activity feed","False","0","","","0","0","","","","","","False","False","False","","UNVERIFIED","UNRESOLVED","No content-verified first-pass relationship is sufficient for automatic resolution."
