"EventKey","Repo","Abbreviation","WorkshopId","SteamNewestOrdinal","SteamRawDisplayedTime","SteamNormalizedFetchedTime","SteamVersionText","SteamPreview","SteamCanonicalTimeVerified","GitOrdinal","GitCommitSha","GitSubject","GitAuthorDate","GitDescriptorVersion","GitDescriptorWorkshopId","GitClassification","SubjectDayDelta","AuthorDayDelta","VersionTokensMatched","CurrentHeadEvidence","Score","Evidence"
"2220098919|2","Community-Flavor-Pack","CFP","2220098919","2","27 Jan @ 1:24pm","2026-01-27 13:24","Version 3.3.5","Version 3.3.5","False","3","afa8f4eb4da627fe9d1c9ef60ff58ee3e6fed62d","2026.01.28","2026-01-28T16:37:25+03:00","3.3.5","2220098919","NORMAL","1","1","3.3.5","False","225","subject-date-1-day; author-date-1-day; version-token:3.3.5; descriptor-workshop-id-match"
"2220098919|3","Community-Flavor-Pack","CFP","2220098919","3","12 Nov, 2025 @ 12:36pm","2025-11-12 12:36","Version 3.3.4","Version 3.3.4","False","2","115aefd26240f208fe4a9ce7ab3c867ca1e6a8ea","First","2026-01-03T17:57:27+03:00","3.3.4","2220098919","NORMAL","","52","3.3.4","False","95","version-token:3.3.4; descriptor-workshop-id-match"
"3206891770|3","Culture-and-Faith-Granularity","CFG","3206891770","3","14 Nov, 2025 @ 11:43am","2025-11-14 11:43","2.3.0","2.3.0","False","3","2e2602f56ee08890cc915690989b121c299ca8d0","2.3.0","2026-02-21T10:44:03+03:00","2.3.0 - CK 1.18","3206891770","NORMAL","","99","2.3.0","False","95","version-token:2.3.0; descriptor-workshop-id-match"
"3206891770|13","Culture-and-Faith-Granularity","CFG","3206891770","13","9 Oct, 2024 @ 11:28am","2024-10-09 11:28","1.4.0","1.4.0","False","2","3b866d6489ab4552cf501aebce5f7836c90c45a5","1.4.0","2026-02-21T10:43:11+03:00","1.4.0","3422074499","EXTERNAL_DESCRIPTOR_MISMATCH","","500","1.4.0","False","65","version-token:1.4.0; descriptor-workshop-id-external-mismatch"
"2829397295|1","Culture-Expanded","CE","2829397295","1","25 May @ 8:54am","2026-05-25 08:54","","","False","7","07b7ca5ee4f0481ea9107d0299a90a396d2d78e8","2026.05.25","2026-05-26T11:33:18+03:00","1.0","2829397295","NORMAL","0","1","","True","565","subject-date-exact; author-date-1-day; descriptor-workshop-id-match; current-head-vs-steam-evidence"
"2829397295|2","Culture-Expanded","CE","2829397295","2","9 May @ 10:30pm","2026-05-09 22:30","","","False","6","0804f6a73ecb93a2bfc8b048ae2730c242388a92","2026.05.10","2026-05-10T13:07:08+03:00","1.0","2829397295","NORMAL","1","1","","False","135","subject-date-1-day; author-date-1-day; descriptor-workshop-id-match"
"2829397295|3","Culture-Expanded","CE","2829397295","3","9 May @ 9:57pm","2026-05-09 21:57","","","False","6","0804f6a73ecb93a2bfc8b048ae2730c242388a92","2026.05.10","2026-05-10T13:07:08+03:00","1.0","2829397295","NORMAL","1","1","","False","135","subject-date-1-day; author-date-1-day; descriptor-workshop-id-match"
"2829397295|4","Culture-Expanded","CE","2829397295","4","26 Apr @ 11:08am","2026-04-26 11:08","","","False","5","8a0cffb5c6f82b7addeb8e91e25799b95d3689ae","2026.04.26","2026-04-27T23:05:34+03:00","1.0","2829397295","NORMAL","0","1","","False","165","subject-date-exact; author-date-1-day; descriptor-workshop-id-match"
"2829397295|4","Culture-Expanded","CE","2829397295","4","26 Apr @ 11:08am","2026-04-26 11:08","","","False","4","dd4267956356f7e84f8e6bd84bea17c8ec45ee20","2026.04.21","2026-04-21T16:36:48+03:00","1.0","2829397295","NORMAL","5","5","","False","35","subject-date-within-7-days; author-date-within-7-days; descriptor-workshop-id-match"
"2829397295|5","Culture-Expanded","CE","2829397295","5","20 Apr @ 4:09pm","2026-04-20 16:09","","","False","4","dd4267956356f7e84f8e6bd84bea17c8ec45ee20","2026.04.21","2026-04-21T16:36:48+03:00","1.0","2829397295","NORMAL","1","1","","False","135","subject-date-1-day; author-date-1-day; descriptor-workshop-id-match"
"2829397295|5","Culture-Expanded","CE","2829397295","5","20 Apr @ 4:09pm","2026-04-20 16:09","","","False","5","8a0cffb5c6f82b7addeb8e91e25799b95d3689ae","2026.04.26","2026-04-27T23:05:34+03:00","1.0","2829397295","NORMAL","6","7","","False","35","subject-date-within-7-days; author-date-within-7-days; descriptor-workshop-id-match"
"2829397295|6","Culture-Expanded","CE","2829397295","6","18 Mar @ 7:50pm","2026-03-18 19:50","","","False","3","9cf590790a7e257689388e0a8d06335e3fdaf4f5","2026.03.19","2026-03-19T14:20:56+03:00","1.0","2829397295","NORMAL","1","1","","False","135","subject-date-1-day; author-date-1-day; descriptor-workshop-id-match"
"2829397295|7","Culture-Expanded","CE","2829397295","7","12 Feb @ 6:55pm","2026-02-12 18:55","","","False","2","5db0c9ce064448e50984a8c113d3dea1d5a17c45","2026.02.13","2026-02-13T17:34:02+03:00","1.0","2829397295","NORMAL","1","1","","False","135","subject-date-1-day; author-date-1-day; descriptor-workshop-id-match"
"2996881191|1","EPE-CFP","EPE-CFP","2996881191","1","7 Jun @ 12:39pm","2026-06-07 12:39","","","False","10","63d844200f7adf6fb57df1b37cb99d89d6ca8ced","2026.06.07","2026-06-08T20:53:42+03:00","5.2.0","2996881191","NORMAL","0","1","","True","565","subject-date-exact; author-date-1-day; descriptor-workshop-id-match; current-head-vs-steam-evidence"
"2996881191|2","EPE-CFP","EPE-CFP","2996881191","2","11 May @ 4:49am","2026-05-11 04:49","","","False","9","54cc9c5830ad485c79bacc5ec5c31416ba30ae1f","2026.05.11","2026-05-11T15:13:02+03:00","5.2.0","2996881191","NORMAL","0","0","","False","175","subject-date-exact; author-date-exact; descriptor-workshop-id-match"
"2996881191|3","EPE-CFP","EPE-CFP","2996881191","3","28 Apr @ 5:48am","2026-04-28 05:48","","","False","8","dbebe469551c494e9481693a5ef74dcc847c77b7","2026.04.28","2026-04-28T19:11:50+03:00","5.1.1","2996881191","NORMAL","0","0","","False","175","subject-date-exact; author-date-exact; descriptor-workshop-id-match"
"2996881191|3","EPE-CFP","EPE-CFP","2996881191","3","28 Apr @ 5:48am","2026-04-28 05:48","","","False","7","ec21513d682e85426658aaf24cf68ccdd884adb9","2026.04.27","2026-04-27T23:06:57+03:00","5.1.0","2996881191","NORMAL","1","1","","False","135","subject-date-1-day; author-date-1-day; descriptor-workshop-id-match"
"2996881191|4","EPE-CFP","EPE-CFP","2996881191","4","26 Apr @ 2:10pm","2026-04-26 14:10","","","False","7","ec21513d682e85426658aaf24cf68ccdd884adb9","2026.04.27","2026-04-27T23:06:57+03:00","5.1.0","2996881191","NORMAL","1","1","","False","135","subject-date-1-day; author-date-1-day; descriptor-workshop-id-match"
"2996881191|4","EPE-CFP","EPE-CFP","2996881191","4","26 Apr @ 2:10pm","2026-04-26 14:10","","","False","8","dbebe469551c494e9481693a5ef74dcc847c77b7","2026.04.28","2026-04-28T19:11:50+03:00","5.1.1","2996881191","NORMAL","2","2","","False","95","subject-date-2-days; author-date-2-days; descriptor-workshop-id-match"
"2996881191|5","EPE-CFP","EPE-CFP","2996881191","5","20 Mar @ 1:18pm","2026-03-20 13:18","1.18.4","1.18.4","False","6","3f7bbef8e71f4cbc0483ada19c89d5bee9ec9906","2026.03.21","2026-03-22T19:38:36+03:00","5.0.0","2996881191","NORMAL","1","2","","False","125","subject-date-1-day; author-date-2-days; descriptor-workshop-id-match"
"2996881191|6","EPE-CFP","EPE-CFP","2996881191","6","5 Feb @ 4:16am","2026-02-05 04:16","","","False","5","9ff2bd53b1bec5e0cd1b8d0816f7d750fef566d3","2026.02.05","2026-02-05T18:21:07+03:00","4.8.0","2996881191","NORMAL","0","0","","False","175","subject-date-exact; author-date-exact; descriptor-workshop-id-match"
"2996881191|7","EPE-CFP","EPE-CFP","2996881191","7","15 Dec, 2025 @ 4:53am","2025-12-15 04:53","","","False","4","25284d7351b6cdc292cdccb3ceed15ef5336622f","2025.12.15","2025-12-15T17:01:13+03:00","4.7.1","2996881191","NORMAL","0","0","","False","175","subject-date-exact; author-date-exact; descriptor-workshop-id-match"
"2996881191|8","EPE-CFP","EPE-CFP","2996881191","8","14 Dec, 2025 @ 1:13pm","2025-12-14 13:13","","","False","4","25284d7351b6cdc292cdccb3ceed15ef5336622f","2025.12.15","2025-12-15T17:01:13+03:00","4.7.1","2996881191","NORMAL","1","1","","False","135","subject-date-1-day; author-date-1-day; descriptor-workshop-id-match"
"2996881191|9","EPE-CFP","EPE-CFP","2996881191","9","18 Nov, 2025 @ 11:39am","2025-11-18 11:39","","","False","3","4ce6ce712925f0b928664bfbda395ca2b98fda0d","2025.11.19","2025-11-19T20:26:28+03:00","4.5.3","2996881191","NORMAL","1","1","","False","135","subject-date-1-day; author-date-1-day; descriptor-workshop-id-match"
"2996881191|9","EPE-CFP","EPE-CFP","2996881191","9","18 Nov, 2025 @ 11:39am","2025-11-18 11:39","","","False","2","821c8f1f68c5aa8245e3653bff2d275e2a43fd3f","2025.11.13","2025-11-13T13:25:10+03:00","4.5.0","2996881191","NORMAL","5","5","","False","35","subject-date-within-7-days; author-date-within-7-days; descriptor-workshop-id-match"
"2996881191|10","EPE-CFP","EPE-CFP","2996881191","10","17 Nov, 2025 @ 4:33am","2025-11-17 04:33","","Share to your Steam activity feed","False","3","4ce6ce712925f0b928664bfbda395ca2b98fda0d","2025.11.19","2025-11-19T20:26:28+03:00","4.5.3","2996881191","NORMAL","2","2","","False","95","subject-date-2-days; author-date-2-days; descriptor-workshop-id-match"
"2996881191|10","EPE-CFP","EPE-CFP","2996881191","10","17 Nov, 2025 @ 4:33am","2025-11-17 04:33","","Share to your Steam activity feed","False","2","821c8f1f68c5aa8245e3653bff2d275e2a43fd3f","2025.11.13","2025-11-13T13:25:10+03:00","4.5.0","2996881191","NORMAL","4","4","","False","35","subject-date-within-7-days; author-date-within-7-days; descriptor-workshop-id-match"
"2996881191|11","EPE-CFP","EPE-CFP","2996881191","11","16 Nov, 2025 @ 5:12am","2025-11-16 05:12","","","False","3","4ce6ce712925f0b928664bfbda395ca2b98fda0d","2025.11.19","2025-11-19T20:26:28+03:00","4.5.3","2996881191","NORMAL","3","3","","False","60","subject-date-3-days; author-date-within-7-days; descriptor-workshop-id-match"
"2996881191|11","EPE-CFP","EPE-CFP","2996881191","11","16 Nov, 2025 @ 5:12am","2025-11-16 05:12","","","False","2","821c8f1f68c5aa8245e3653bff2d275e2a43fd3f","2025.11.13","2025-11-13T13:25:10+03:00","4.5.0","2996881191","NORMAL","3","3","","False","60","subject-date-3-days; author-date-within-7-days; descriptor-workshop-id-match"
"2996881191|12","EPE-CFP","EPE-CFP","2996881191","12","12 Nov, 2025 @ 5:52am","2025-11-12 05:52","","","False","2","821c8f1f68c5aa8245e3653bff2d275e2a43fd3f","2025.11.13","2025-11-13T13:25:10+03:00","4.5.0","2996881191","NORMAL","1","1","","False","135","subject-date-1-day; author-date-1-day; descriptor-workshop-id-match"
"2996881191|12","EPE-CFP","EPE-CFP","2996881191","12","12 Nov, 2025 @ 5:52am","2025-11-12 05:52","","","False","3","4ce6ce712925f0b928664bfbda395ca2b98fda0d","2025.11.19","2025-11-19T20:26:28+03:00","4.5.3","2996881191","NORMAL","7","7","","False","35","subject-date-within-7-days; author-date-within-7-days; descriptor-workshop-id-match"
"2507209632|1","Ethnicities-and-Portraits-Expanded","EPE","2507209632","1","25 May @ 8:54am","2026-05-25 08:54","","","False","16","3bd4f6406b7068dddf48e28d2fc4b79b0329ebd1","2026.05.25","2026-05-26T11:33:51+03:00","1.0","2507209632","NORMAL","0","1","","True","565","subject-date-exact; author-date-1-day; descriptor-workshop-id-match; current-head-vs-steam-evidence"
"2507209632|2","Ethnicities-and-Portraits-Expanded","EPE","2507209632","2","9 May @ 1:40pm","2026-05-09 13:40","","","False","15","c4f0f4855d23fa3c3987825aaf47d921df27bcce","2026.05.09","2026-05-10T11:39:46+03:00","1.0","2507209632","NORMAL","0","1","","False","165","subject-date-exact; author-date-1-day; descriptor-workshop-id-match"
"2507209632|3","Ethnicities-and-Portraits-Expanded","EPE","2507209632","3","27 Apr @ 9:05pm","2026-04-27 21:05","","","False","13","d18bd456a64d6b756bc5c51a22a5f4b931dea401","2026.04.26","2026-04-27T23:07:24+03:00","1.0","2507209632","NORMAL","1","0","","False","145","subject-date-1-day; author-date-exact; descriptor-workshop-id-match"
"2507209632|3","Ethnicities-and-Portraits-Expanded","EPE","2507209632","3","27 Apr @ 9:05pm","2026-04-27 21:05","","","False","14","89af2c6f05c3e771a5d540012639759e8bdbb804","2026.04.28","2026-04-28T19:14:05+03:00","1.0","2507209632","NORMAL","1","1","","False","135","subject-date-1-day; author-date-1-day; descriptor-workshop-id-match"
"2507209632|3","Ethnicities-and-Portraits-Expanded","EPE","2507209632","3","27 Apr @ 9:05pm","2026-04-27 21:05","","","False","12","acca03321fce1ea242cdacba66f3d2c97a622d06","2026.04.21","2026-04-21T16:36:33+03:00","1.0","2507209632","NORMAL","6","6","","False","35","subject-date-within-7-days; author-date-within-7-days; descriptor-workshop-id-match"
"2507209632|4","Ethnicities-and-Portraits-Expanded","EPE","2507209632","4","26 Apr @ 11:08am","2026-04-26 11:08","","","False","13","d18bd456a64d6b756bc5c51a22a5f4b931dea401","2026.04.26","2026-04-27T23:07:24+03:00","1.0","2507209632","NORMAL","0","1","","False","165","subject-date-exact; author-date-1-day; descriptor-workshop-id-match"
"2507209632|4","Ethnicities-and-Portraits-Expanded","EPE","2507209632","4","26 Apr @ 11:08am","2026-04-26 11:08","","","False","14","89af2c6f05c3e771a5d540012639759e8bdbb804","2026.04.28","2026-04-28T19:14:05+03:00","1.0","2507209632","NORMAL","2","2","","False","95","subject-date-2-days; author-date-2-days; descriptor-workshop-id-match"
"2507209632|4","Ethnicities-and-Portraits-Expanded","EPE","2507209632","4","26 Apr @ 11:08am","2026-04-26 11:08","","","False","12","acca03321fce1ea242cdacba66f3d2c97a622d06","2026.04.21","2026-04-21T16:36:33+03:00","1.0","2507209632","NORMAL","5","5","","False","35","subject-date-within-7-days; author-date-within-7-days; descriptor-workshop-id-match"
"2507209632|5","Ethnicities-and-Portraits-Expanded","EPE","2507209632","5","20 Apr @ 9:35pm","2026-04-20 21:35","","","False","12","acca03321fce1ea242cdacba66f3d2c97a622d06","2026.04.21","2026-04-21T16:36:33+03:00","1.0","2507209632","NORMAL","1","1","","False","135","subject-date-1-day; author-date-1-day; descriptor-workshop-id-match"
"2507209632|5","Ethnicities-and-Portraits-Expanded","EPE","2507209632","5","20 Apr @ 9:35pm","2026-04-20 21:35","","","False","13","d18bd456a64d6b756bc5c51a22a5f4b931dea401","2026.04.26","2026-04-27T23:07:24+03:00","1.0","2507209632","NORMAL","6","7","","False","35","subject-date-within-7-days; author-date-within-7-days; descriptor-workshop-id-match"
"2507209632|6","Ethnicities-and-Portraits-Expanded","EPE","2507209632","6","20 Apr @ 4:08pm","2026-04-20 16:08","","","False","12","acca03321fce1ea242cdacba66f3d2c97a622d06","2026.04.21","2026-04-21T16:36:33+03:00","1.0","2507209632","NORMAL","1","1","","False","135","subject-date-1-day; author-date-1-day; descriptor-workshop-id-match"
"2507209632|6","Ethnicities-and-Portraits-Expanded","EPE","2507209632","6","20 Apr @ 4:08pm","2026-04-20 16:08","","","False","13","d18bd456a64d6b756bc5c51a22a5f4b931dea401","2026.04.26","2026-04-27T23:07:24+03:00","1.0","2507209632","NORMAL","6","7","","False","35","subject-date-within-7-days; author-date-within-7-days; descriptor-workshop-id-match"
"2507209632|7","Ethnicities-and-Portraits-Expanded","EPE","2507209632","7","18 Mar @ 7:48pm","2026-03-18 19:48","","","False","11","01623125ad685892e015bde075febb957368e178","2026.03.19 Fix 2","2026-03-19T14:50:31+03:00","1.0","2507209632","NORMAL","1","1","","False","135","subject-date-1-day; author-date-1-day; descriptor-workshop-id-match"
"2507209632|7","Ethnicities-and-Portraits-Expanded","EPE","2507209632","7","18 Mar @ 7:48pm","2026-03-18 19:48","","","False","10","0a56c30b2fc9fbf7feac6efb2dbf0c13a790c1eb","2026.03.19 Fix 1","2026-03-19T14:40:27+03:00","1.0","2507209632","NORMAL","1","1","","False","135","subject-date-1-day; author-date-1-day; descriptor-workshop-id-match"
"2507209632|7","Ethnicities-and-Portraits-Expanded","EPE","2507209632","7","18 Mar @ 7:48pm","2026-03-18 19:48","","","False","9","e22986746fdb4b6cca0724d22e5a4089c1ada711","2026.03.19","2026-03-19T14:28:59+03:00","","","DESCRIPTOR_ID_MISSING","1","1","","False","130","subject-date-1-day; author-date-1-day"
"2507209632|8","Ethnicities-and-Portraits-Expanded","EPE","2507209632","8","3 Feb @ 5:01pm","2026-02-03 17:01","","","False","8","fa84cac63da28d1638da6654995cbf9591d43878","2026.02.04","2026-02-04T20:02:04+03:00","1.0","2507209632","NORMAL","1","1","","False","135","subject-date-1-day; author-date-1-day; descriptor-workshop-id-match"
"2507209632|9","Ethnicities-and-Portraits-Expanded","EPE","2507209632","9","19 Jan @ 9:51pm","2026-01-19 21:51","","","False","7","1813c7f41d030378fccac0f1324bdfefb30cc76b","2026.01.20","2026-01-20T17:37:00+03:00","1.0","2507209632","NORMAL","1","1","","False","135","subject-date-1-day; author-date-1-day; descriptor-workshop-id-match"
"2507209632|10","Ethnicities-and-Portraits-Expanded","EPE","2507209632","10","14 Dec, 2025 @ 6:59pm","2025-12-14 18:59","","Share to your Steam activity feed","False","6","bea606d31f179e2f4e6552ab88b613bbe6bf4619","2025.12.15","2025-12-15T17:05:47+03:00","1.0","2507209632","NORMAL","1","1","","False","135","subject-date-1-day; author-date-1-day; descriptor-workshop-id-match"
"2507209632|10","Ethnicities-and-Portraits-Expanded","EPE","2507209632","10","14 Dec, 2025 @ 6:59pm","2025-12-14 18:59","","Share to your Steam activity feed","False","5","f80b05bd4c1d6488d1f1bdefa6839f9bdb003813","2025.10.14","2025-12-14T14:04:12+03:00","1.0","2507209632","NORMAL","61","0","","False","35","author-date-exact; descriptor-workshop-id-match"
"2507209632|10","Ethnicities-and-Portraits-Expanded","EPE","2507209632","10","14 Dec, 2025 @ 6:59pm","2025-12-14 18:59","","Share to your Steam activity feed","False","4","6da86181eb50d0403af87630acec947f1742ebdb","2025.12.09","2025-12-09T20:01:11+03:00","1.0","2507209632","NORMAL","5","5","","False","35","subject-date-within-7-days; author-date-within-7-days; descriptor-workshop-id-match"
"2507209632|11","Ethnicities-and-Portraits-Expanded","EPE","2507209632","11","13 Dec, 2025 @ 12:47pm","2025-12-13 12:47","","","False","6","bea606d31f179e2f4e6552ab88b613bbe6bf4619","2025.12.15","2025-12-15T17:05:47+03:00","1.0","2507209632","NORMAL","2","2","","False","95","subject-date-2-days; author-date-2-days; descriptor-workshop-id-match"
"2507209632|11","Ethnicities-and-Portraits-Expanded","EPE","2507209632","11","13 Dec, 2025 @ 12:47pm","2025-12-13 12:47","","","False","4","6da86181eb50d0403af87630acec947f1742ebdb","2025.12.09","2025-12-09T20:01:11+03:00","1.0","2507209632","NORMAL","4","4","","False","35","subject-date-within-7-days; author-date-within-7-days; descriptor-workshop-id-match"
"2507209632|11","Ethnicities-and-Portraits-Expanded","EPE","2507209632","11","13 Dec, 2025 @ 12:47pm","2025-12-13 12:47","","","False","5","f80b05bd4c1d6488d1f1bdefa6839f9bdb003813","2025.10.14","2025-12-14T14:04:12+03:00","1.0","2507209632","NORMAL","60","1","","False","25","author-date-1-day; descriptor-workshop-id-match"
"2507209632|12","Ethnicities-and-Portraits-Expanded","EPE","2507209632","12","17 Nov, 2025 @ 7:25pm","2025-11-17 19:25","","","False","3","541b16c138e3574ce547b5a4a43ef3cfdf215854","2025.11.19","2025-11-19T20:34:11+03:00","","","DESCRIPTOR_ID_MISSING","2","2","","False","90","subject-date-2-days; author-date-2-days"
"2507209632|12","Ethnicities-and-Portraits-Expanded","EPE","2507209632","12","17 Nov, 2025 @ 7:25pm","2025-11-17 19:25","","","False","2","b36c5a961967d25e197c816b18a6aaf7eaa0428c","2025.11.13","2025-11-13T18:12:12+03:00","1.0","2507209632","NORMAL","4","4","","False","35","subject-date-within-7-days; author-date-within-7-days; descriptor-workshop-id-match"
"2507209632|13","Ethnicities-and-Portraits-Expanded","EPE","2507209632","13","16 Nov, 2025 @ 10:18pm","2025-11-16 22:18","","","False","2","b36c5a961967d25e197c816b18a6aaf7eaa0428c","2025.11.13","2025-11-13T18:12:12+03:00","1.0","2507209632","NORMAL","3","3","","False","60","subject-date-3-days; author-date-within-7-days; descriptor-workshop-id-match"
"2507209632|13","Ethnicities-and-Portraits-Expanded","EPE","2507209632","13","16 Nov, 2025 @ 10:18pm","2025-11-16 22:18","","","False","3","541b16c138e3574ce547b5a4a43ef3cfdf215854","2025.11.19","2025-11-19T20:34:11+03:00","","","DESCRIPTOR_ID_MISSING","3","3","","False","55","subject-date-3-days; author-date-within-7-days"
"2507209632|14","Ethnicities-and-Portraits-Expanded","EPE","2507209632","14","15 Nov, 2025 @ 11:29am","2025-11-15 11:29","","","False","2","b36c5a961967d25e197c816b18a6aaf7eaa0428c","2025.11.13","2025-11-13T18:12:12+03:00","1.0","2507209632","NORMAL","2","2","","False","95","subject-date-2-days; author-date-2-days; descriptor-workshop-id-match"
"2507209632|14","Ethnicities-and-Portraits-Expanded","EPE","2507209632","14","15 Nov, 2025 @ 11:29am","2025-11-15 11:29","","","False","3","541b16c138e3574ce547b5a4a43ef3cfdf215854","2025.11.19","2025-11-19T20:34:11+03:00","","","DESCRIPTOR_ID_MISSING","4","4","","False","30","subject-date-within-7-days; author-date-within-7-days"
"2507209632|15","Ethnicities-and-Portraits-Expanded","EPE","2507209632","15","10 Nov, 2025 @ 2:47pm","2025-11-10 14:47","","","False","2","b36c5a961967d25e197c816b18a6aaf7eaa0428c","2025.11.13","2025-11-13T18:12:12+03:00","1.0","2507209632","NORMAL","3","3","","False","60","subject-date-3-days; author-date-within-7-days; descriptor-workshop-id-match"
"2507209632|16","Ethnicities-and-Portraits-Expanded","EPE","2507209632","16","10 Nov, 2025 @ 2:43pm","2025-11-10 14:43","","","False","2","b36c5a961967d25e197c816b18a6aaf7eaa0428c","2025.11.13","2025-11-13T18:12:12+03:00","1.0","2507209632","NORMAL","3","3","","False","60","subject-date-3-days; author-date-within-7-days; descriptor-workshop-id-match"
"2543865921|1","MBP-EPE-CFP","MBP-EPE-CFP","2543865921","1","24 Jul @ 7:40am","2026-07-24 07:40","","","False","6","b459dda76721e334d0998a90f62ce01b9c6cff5d","2026.07.24","2026-07-25T12:18:54+03:00","1.0","2543865921","NORMAL","0","1","","True","565","subject-date-exact; author-date-1-day; descriptor-workshop-id-match; current-head-vs-steam-evidence"
"2543865921|3","MBP-EPE-CFP","MBP-EPE-CFP","2543865921","3","20 Apr @ 9:20am","2026-04-20 09:20","","","False","5","92d4259f2ec8c80ec304c1e2293d137e5e99511a","2026.04.20","2026-04-25T10:37:46+03:00","1.0","2543865921","NORMAL","0","5","","False","150","subject-date-exact; author-date-within-7-days; descriptor-workshop-id-match"
"2543865921|5","MBP-EPE-CFP","MBP-EPE-CFP","2543865921","5","12 Mar @ 9:46pm","2026-03-12 21:46","","","False","4","c86a00c074ec2900035bcd8cca81c850b38d6a3c","2026.03.13","2026-03-13T16:20:00+03:00","1.0","2543865921","NORMAL","1","1","","False","135","subject-date-1-day; author-date-1-day; descriptor-workshop-id-match"
"2543865921|6","MBP-EPE-CFP","MBP-EPE-CFP","2543865921","6","12 Mar @ 8:18pm","2026-03-12 20:18","","","False","4","c86a00c074ec2900035bcd8cca81c850b38d6a3c","2026.03.13","2026-03-13T16:20:00+03:00","1.0","2543865921","NORMAL","1","1","","False","135","subject-date-1-day; author-date-1-day; descriptor-workshop-id-match"
"2543865921|7","MBP-EPE-CFP","MBP-EPE-CFP","2543865921","7","26 Feb @ 3:29pm","2026-02-26 15:29","","","False","3","8465d11333287e282920c262db343a33fd7dd177","2026.02.27","2026-02-27T23:10:47+03:00","1.0","2543865921","NORMAL","1","1","","False","135","subject-date-1-day; author-date-1-day; descriptor-workshop-id-match"
"3268020725|1","MedievalImmersion","MI","3268020725","1","21 Jul @ 12:12pm","2026-07-21 12:12","","","False","4","4110c9c2689b261b236d5030e78a1d797799bb26","2026.07.21","2026-07-22T10:51:54+03:00","1.**","3268020725","NORMAL","0","1","","True","565","subject-date-exact; author-date-1-day; descriptor-workshop-id-match; current-head-vs-steam-evidence"
"3268020725|1","MedievalImmersion","MI","3268020725","1","21 Jul @ 12:12pm","2026-07-21 12:12","","","False","3","140514d126037cc8a0f53fc6802e3f5e0cf71fd6","2026.07.20","2026-07-21T21:54:58+03:00","1.**","3268020725","NORMAL","1","0","","False","145","subject-date-1-day; author-date-exact; descriptor-workshop-id-match"
"3268020725|2","MedievalImmersion","MI","3268020725","2","19 Jul @ 4:53pm","2026-07-19 16:53","","*Updated for latest patch","False","3","140514d126037cc8a0f53fc6802e3f5e0cf71fd6","2026.07.20","2026-07-21T21:54:58+03:00","1.**","3268020725","NORMAL","1","2","","False","125","subject-date-1-day; author-date-2-days; descriptor-workshop-id-match"
"3268020725|2","MedievalImmersion","MI","3268020725","2","19 Jul @ 4:53pm","2026-07-19 16:53","","*Updated for latest patch","False","4","4110c9c2689b261b236d5030e78a1d797799bb26","2026.07.21","2026-07-22T10:51:54+03:00","1.**","3268020725","NORMAL","2","3","","False","90","subject-date-2-days; author-date-within-7-days; descriptor-workshop-id-match"
"3268020725|3","MedievalImmersion","MI","3268020725","3","30 Dec, 2025 @ 12:43pm","2025-12-30 12:43","","Fixed bug that caused CTD","False","2","734cf8921680212b8b4ba5147751d8f6fc951c8c","2025.12.30","2026-06-28T18:16:13+03:00","1.**","3268020725","NORMAL","0","180","","False","145","subject-date-exact; descriptor-workshop-id-match"
"3268020725|13","MedievalImmersion","MI","3268020725","13","15 Nov, 2025 @ 9:31am","2025-11-15 09:31","","Minor bugfix","False","1","5b472603f6df7d88a26e7e0fa3a8eeada748b6d1","first","2025-11-14T12:26:29+03:00","1.**","3268020725","NORMAL","","1","","False","25","author-date-1-day; descriptor-workshop-id-match"
"3268020725|14","MedievalImmersion","MI","3268020725","14","14 Nov, 2025 @ 6:01pm","2025-11-14 18:01","","Fixed bug that did not allow members of the Robertians to form the house of Capet when they controlled the Kingdom of France","False","1","5b472603f6df7d88a26e7e0fa3a8eeada748b6d1","first","2025-11-14T12:26:29+03:00","1.**","3268020725","NORMAL","","0","","False","35","author-date-exact; descriptor-workshop-id-match"
"3268020725|15","MedievalImmersion","MI","3268020725","15","14 Nov, 2025 @ 4:55pm","2025-11-14 16:55","","Minor bugfix","False","1","5b472603f6df7d88a26e7e0fa3a8eeada748b6d1","first","2025-11-14T12:26:29+03:00","1.**","3268020725","NORMAL","","0","","False","35","author-date-exact; descriptor-workshop-id-match"
"3268020725|16","MedievalImmersion","MI","3268020725","16","14 Nov, 2025 @ 4:51pm","2025-11-14 16:51","","Minor bugfix","False","1","5b472603f6df7d88a26e7e0fa3a8eeada748b6d1","first","2025-11-14T12:26:29+03:00","1.**","3268020725","NORMAL","","0","","False","35","author-date-exact; descriptor-workshop-id-match"
"3268020725|17","MedievalImmersion","MI","3268020725","17","14 Nov, 2025 @ 2:40pm","2025-11-14 14:40","","Updated for 1.18.1.1","False","1","5b472603f6df7d88a26e7e0fa3a8eeada748b6d1","first","2025-11-14T12:26:29+03:00","1.**","3268020725","NORMAL","","0","","False","35","author-date-exact; descriptor-workshop-id-match"
"3268020725|18","MedievalImmersion","MI","3268020725","18","12 Nov, 2025 @ 7:23pm","2025-11-12 19:23","","Forgot about Siam. Updated for its decision to work.","False","1","5b472603f6df7d88a26e7e0fa3a8eeada748b6d1","first","2025-11-14T12:26:29+03:00","1.**","3268020725","NORMAL","","2","","False","15","author-date-2-days; descriptor-workshop-id-match"
"3268020725|19","MedievalImmersion","MI","3268020725","19","12 Nov, 2025 @ 6:44pm","2025-11-12 18:44","","General Changes:","False","1","5b472603f6df7d88a26e7e0fa3a8eeada748b6d1","first","2025-11-14T12:26:29+03:00","1.**","3268020725","NORMAL","","2","","False","15","author-date-2-days; descriptor-workshop-id-match"
"3726274827|1","MPE","MPE","3726274827","1","7 Aug @ 7:03pm","2026-08-07 19:03","","Various fixes,","False","6","d4aaebb1f911bb711138e8d12533cf022f2f1f75","2026.08.08","2026-08-08T12:32:45+03:00","0.01","3726274827","NORMAL","1","1","","True","535","subject-date-1-day; author-date-1-day; descriptor-workshop-id-match; current-head-vs-steam-evidence"
"3726274827|2","MPE","MPE","3726274827","2","10 Jul @ 12:39am","2026-07-10 00:39","","Africa, Middle Kingdom, Land of Juche, and Riben Guizi.","False","5","3273a06395ca26775180f80c19adcba89fbe4fe3","2026.07.10","2026-07-10T21:34:58+03:00","0.01","3726274827","NORMAL","0","0","","False","175","subject-date-exact; author-date-exact; descriptor-workshop-id-match"
"3726274827|3","MPE","MPE","3726274827","3","10 Jul @ 12:34am","2026-07-10 00:34","","","False","5","3273a06395ca26775180f80c19adcba89fbe4fe3","2026.07.10","2026-07-10T21:34:58+03:00","0.01","3726274827","NORMAL","0","0","","False","175","subject-date-exact; author-date-exact; descriptor-workshop-id-match"
"3726274827|4","MPE","MPE","3726274827","4","18 Jun @ 4:31am","2026-06-18 04:31","","South East Asia massive rework.","False","4","19b72a1ccc1c9b4b5aed39b07175cd07cf8c9fe5","2026.06.18","2026-06-20T11:51:48+03:00","0.01","3726274827","NORMAL","0","2","","False","155","subject-date-exact; author-date-2-days; descriptor-workshop-id-match"
"3726274827|5","MPE","MPE","3726274827","5","20 May @ 10:40pm","2026-05-20 22:40","","Medieval Arts fixes","False","3","2b645ef19806ff0fc1030944bba5f607da2e25d8","2026.05.21","2026-05-21T23:17:58+03:00","0.01","3726274827","NORMAL","1","1","","False","135","subject-date-1-day; author-date-1-day; descriptor-workshop-id-match"
"3726274827|5","MPE","MPE","3726274827","5","20 May @ 10:40pm","2026-05-20 22:40","","Medieval Arts fixes","False","2","c88f6de5838518fb3721392953db7bf1e47afc59","2026.05.18","2026-05-18T20:41:13+03:00","0.01","3726274827","NORMAL","2","2","","False","95","subject-date-2-days; author-date-2-days; descriptor-workshop-id-match"
"3726274827|5","MPE","MPE","3726274827","5","20 May @ 10:40pm","2026-05-20 22:40","","Medieval Arts fixes","False","1","bda26e2f7f05946fad97191229afe72c6d9a3f9e","2026.05.16","2026-05-16T20:50:09+03:00","0.01","3726274827","NORMAL","4","4","","False","35","subject-date-within-7-days; author-date-within-7-days; descriptor-workshop-id-match"
"3726274827|6","MPE","MPE","3726274827","6","17 May @ 11:36pm","2026-05-17 23:36","","Winter severity","False","2","c88f6de5838518fb3721392953db7bf1e47afc59","2026.05.18","2026-05-18T20:41:13+03:00","0.01","3726274827","NORMAL","1","1","","False","135","subject-date-1-day; author-date-1-day; descriptor-workshop-id-match"
"3726274827|6","MPE","MPE","3726274827","6","17 May @ 11:36pm","2026-05-17 23:36","","Winter severity","False","1","bda26e2f7f05946fad97191229afe72c6d9a3f9e","2026.05.16","2026-05-16T20:50:09+03:00","0.01","3726274827","NORMAL","1","1","","False","135","subject-date-1-day; author-date-1-day; descriptor-workshop-id-match"
"3726274827|6","MPE","MPE","3726274827","6","17 May @ 11:36pm","2026-05-17 23:36","","Winter severity","False","3","2b645ef19806ff0fc1030944bba5f607da2e25d8","2026.05.21","2026-05-21T23:17:58+03:00","0.01","3726274827","NORMAL","4","4","","False","35","subject-date-within-7-days; author-date-within-7-days; descriptor-workshop-id-match"
"3726274827|7","MPE","MPE","3726274827","7","17 May @ 2:34am","2026-05-17 02:34","","","False","2","c88f6de5838518fb3721392953db7bf1e47afc59","2026.05.18","2026-05-18T20:41:13+03:00","0.01","3726274827","NORMAL","1","1","","False","135","subject-date-1-day; author-date-1-day; descriptor-workshop-id-match"
"3726274827|7","MPE","MPE","3726274827","7","17 May @ 2:34am","2026-05-17 02:34","","","False","1","bda26e2f7f05946fad97191229afe72c6d9a3f9e","2026.05.16","2026-05-16T20:50:09+03:00","0.01","3726274827","NORMAL","1","1","","False","135","subject-date-1-day; author-date-1-day; descriptor-workshop-id-match"
"3726274827|7","MPE","MPE","3726274827","7","17 May @ 2:34am","2026-05-17 02:34","","","False","3","2b645ef19806ff0fc1030944bba5f607da2e25d8","2026.05.21","2026-05-21T23:17:58+03:00","0.01","3726274827","NORMAL","4","4","","False","35","subject-date-within-7-days; author-date-within-7-days; descriptor-workshop-id-match"
"3726274827|8","MPE","MPE","3726274827","8","16 May @ 3:46am","2026-05-16 03:46","","RICE files in COMPATCH folder","False","1","bda26e2f7f05946fad97191229afe72c6d9a3f9e","2026.05.16","2026-05-16T20:50:09+03:00","0.01","3726274827","NORMAL","0","0","","False","175","subject-date-exact; author-date-exact; descriptor-workshop-id-match"
"3726274827|8","MPE","MPE","3726274827","8","16 May @ 3:46am","2026-05-16 03:46","","RICE files in COMPATCH folder","False","2","c88f6de5838518fb3721392953db7bf1e47afc59","2026.05.18","2026-05-18T20:41:13+03:00","0.01","3726274827","NORMAL","2","2","","False","95","subject-date-2-days; author-date-2-days; descriptor-workshop-id-match"
"3726274827|8","MPE","MPE","3726274827","8","16 May @ 3:46am","2026-05-16 03:46","","RICE files in COMPATCH folder","False","3","2b645ef19806ff0fc1030944bba5f607da2e25d8","2026.05.21","2026-05-21T23:17:58+03:00","0.01","3726274827","NORMAL","5","5","","False","35","subject-date-within-7-days; author-date-within-7-days; descriptor-workshop-id-match"
"3726274827|9","MPE","MPE","3726274827","9","15 May @ 1:28am","2026-05-15 01:28","","Share to your Steam activity feed","False","1","bda26e2f7f05946fad97191229afe72c6d9a3f9e","2026.05.16","2026-05-16T20:50:09+03:00","0.01","3726274827","NORMAL","1","1","","False","135","subject-date-1-day; author-date-1-day; descriptor-workshop-id-match"
"3726274827|9","MPE","MPE","3726274827","9","15 May @ 1:28am","2026-05-15 01:28","","Share to your Steam activity feed","False","2","c88f6de5838518fb3721392953db7bf1e47afc59","2026.05.18","2026-05-18T20:41:13+03:00","0.01","3726274827","NORMAL","3","3","","False","60","subject-date-3-days; author-date-within-7-days; descriptor-workshop-id-match"
"3726274827|9","MPE","MPE","3726274827","9","15 May @ 1:28am","2026-05-15 01:28","","Share to your Steam activity feed","False","3","2b645ef19806ff0fc1030944bba5f607da2e25d8","2026.05.21","2026-05-21T23:17:58+03:00","0.01","3726274827","NORMAL","6","6","","False","35","subject-date-within-7-days; author-date-within-7-days; descriptor-workshop-id-match"
"2273832430|1","RICE","RICE","2273832430","1","14 Aug @ 12:14pm","2026-08-14 12:14","Version 1.19.2.a Hotfix for ""Al-Andalus""","Version 1.19.2.a Hotfix for ""Al-Andalus""","False","16","1e4238bd030ef259bcae60147126f3cc9c950ceb","2026.08.14","2026-08-15T11:53:13+03:00","1.3.0","2273832430","NORMAL","0","1","","True","565","subject-date-exact; author-date-1-day; descriptor-workshop-id-match; current-head-vs-steam-evidence"
"2273832430|2","RICE","RICE","2273832430","2","26 Jul @ 12:25pm","2026-07-26 12:25","Version 1.19.2 ""Al-Andalus""","Version 1.19.2 ""Al-Andalus""","False","15","9a3484844539b6a48bad484b98d189216412077d","2026.07.26","2026-08-01T02:21:33+03:00","1.3.0","2273832430","NORMAL","0","6","","False","150","subject-date-exact; author-date-within-7-days; descriptor-workshop-id-match"
"2273832430|3","RICE","RICE","2273832430","3","10 Jul @ 11:40am","2026-07-10 11:40","Version 1.19.1 ""Pacific""","Version 1.19.1 ""Pacific""","False","14","9a8ce64d80233a6e638a628b3db4bbcea64c3ebb","2026.07.10","2026-07-11T14:14:35+03:00","1.3.0","2273832430","NORMAL","0","1","","False","165","subject-date-exact; author-date-1-day; descriptor-workshop-id-match"
"2273832430|4","RICE","RICE","2273832430","4","15 May @ 1:16pm","2026-05-15 13:16","Version 1.19.0.b Hotfix for ""Strait of Malacca""","Version 1.19.0.b Hotfix for ""Strait of Malacca""","False","13","4615a5c22b57137e721bbc088bf3847b0b524045","2026.05.15","2026-05-16T20:54:27+03:00","1.3.0","2273832430","NORMAL","0","1","","False","165","subject-date-exact; author-date-1-day; descriptor-workshop-id-match"
"2273832430|5","RICE","RICE","2273832430","5","2 May @ 3:53pm","2026-05-02 15:53","Version 1.19.0.a Hotfix for ""Strait of Malacca""","Version 1.19.0.a Hotfix for ""Strait of Malacca""","False","12","dd84e726f4a52dd2a25804a07605f7d0f8b147ad","2026.05.03","2026-05-03T21:22:02+03:00","1.3.0","2273832430","NORMAL","1","1","","False","135","subject-date-1-day; author-date-1-day; descriptor-workshop-id-match"
"2273832430|5","RICE","RICE","2273832430","5","2 May @ 3:53pm","2026-05-02 15:53","Version 1.19.0.a Hotfix for ""Strait of Malacca""","Version 1.19.0.a Hotfix for ""Strait of Malacca""","False","11","d3f0ed7d2ba5c7fe349d23e4c90bd7bfdf25b5a4","2026.04.28","2026-04-30T22:18:09+03:00","1.3.0","2273832430","NORMAL","4","2","","False","40","subject-date-within-7-days; author-date-2-days; descriptor-workshop-id-match"
"2273832430|6","RICE","RICE","2273832430","6","28 Apr @ 12:04pm","2026-04-28 12:04","","“All the merchants from above the winds and below the winds came to Melaka [...] It was named Malakat by all the Arabs, meaning the meeting place of all merchants, because there are many different types of commerce there.”","False","11","d3f0ed7d2ba5c7fe349d23e4c90bd7bfdf25b5a4","2026.04.28","2026-04-30T22:18:09+03:00","1.3.0","2273832430","NORMAL","0","2","","False","155","subject-date-exact; author-date-2-days; descriptor-workshop-id-match"
"2273832430|6","RICE","RICE","2273832430","6","28 Apr @ 12:04pm","2026-04-28 12:04","","“All the merchants from above the winds and below the winds came to Melaka [...] It was named Malakat by all the Arabs, meaning the meeting place of all merchants, because there are many different types of commerce there.”","False","12","dd84e726f4a52dd2a25804a07605f7d0f8b147ad","2026.05.03","2026-05-03T21:22:02+03:00","1.3.0","2273832430","NORMAL","5","5","","False","35","subject-date-within-7-days; author-date-within-7-days; descriptor-workshop-id-match"
"2273832430|6","RICE","RICE","2273832430","6","28 Apr @ 12:04pm","2026-04-28 12:04","","“All the merchants from above the winds and below the winds came to Melaka [...] It was named Malakat by all the Arabs, meaning the meeting place of all merchants, because there are many different types of commerce there.”","False","10","857b1d0f4a5be85306d3c9bc9658f8da21a8b0d7","2026.03.28","2026-04-25T10:41:19+03:00","1.3.0","2273832430","NORMAL","31","3","","False","10","author-date-within-7-days; descriptor-workshop-id-match"
"2273832430|7","RICE","RICE","2273832430","7","28 Mar @ 11:29am","2026-03-28 11:29","","“Whoever is bound for the Land of the Zanj sails past Socotra. The majority of its population are Christian Arabs. Thence are delivered aloe and the resin of a tree which grows only on this island.”","False","10","857b1d0f4a5be85306d3c9bc9658f8da21a8b0d7","2026.03.28","2026-04-25T10:41:19+03:00","1.3.0","2273832430","NORMAL","0","28","","False","145","subject-date-exact; descriptor-workshop-id-match"
"2273832430|8","RICE","RICE","2273832430","8","9 Feb @ 10:48pm","2026-02-09 22:48","Version 1.18.1.b Hotfix for ""Saint Patrick""","Version 1.18.1.b Hotfix for ""Saint Patrick""","False","8","49e14a0204f299d58a4faa2d0ea74d21a1fbbcd5","2026.02.08","2026-02-09T20:21:34+03:00","1.3.0","2273832430","NORMAL","1","0","","False","145","subject-date-1-day; author-date-exact; descriptor-workshop-id-match"
"2273832430|8","RICE","RICE","2273832430","8","9 Feb @ 10:48pm","2026-02-09 22:48","Version 1.18.1.b Hotfix for ""Saint Patrick""","Version 1.18.1.b Hotfix for ""Saint Patrick""","False","9","e2f5f564b25bd86dd6517cc40bf7442475aed41c","2026.02.10","2026-02-10T17:28:46+03:00","1.3.0","2273832430","NORMAL","1","1","","False","135","subject-date-1-day; author-date-1-day; descriptor-workshop-id-match"
"2273832430|8","RICE","RICE","2273832430","8","9 Feb @ 10:48pm","2026-02-09 22:48","Version 1.18.1.b Hotfix for ""Saint Patrick""","Version 1.18.1.b Hotfix for ""Saint Patrick""","False","7","9e37de2ebb79670977fa6a1f7ac4c334f2b6400f","2026.02.02","2026-02-02T15:24:09+03:00","1.3.0","2273832430","NORMAL","7","7","","False","35","subject-date-within-7-days; author-date-within-7-days; descriptor-workshop-id-match"
"2273832430|9","RICE","RICE","2273832430","9","7 Feb @ 1:01pm","2026-02-07 13:01","Version 1.18.1.a Hotfix for ""Saint Patrick""","Version 1.18.1.a Hotfix for ""Saint Patrick""","False","8","49e14a0204f299d58a4faa2d0ea74d21a1fbbcd5","2026.02.08","2026-02-09T20:21:34+03:00","1.3.0","2273832430","NORMAL","1","2","","False","125","subject-date-1-day; author-date-2-days; descriptor-workshop-id-match"
"2273832430|9","RICE","RICE","2273832430","9","7 Feb @ 1:01pm","2026-02-07 13:01","Version 1.18.1.a Hotfix for ""Saint Patrick""","Version 1.18.1.a Hotfix for ""Saint Patrick""","False","9","e2f5f564b25bd86dd6517cc40bf7442475aed41c","2026.02.10","2026-02-10T17:28:46+03:00","1.3.0","2273832430","NORMAL","3","3","","False","60","subject-date-3-days; author-date-within-7-days; descriptor-workshop-id-match"
"2273832430|9","RICE","RICE","2273832430","9","7 Feb @ 1:01pm","2026-02-07 13:01","Version 1.18.1.a Hotfix for ""Saint Patrick""","Version 1.18.1.a Hotfix for ""Saint Patrick""","False","7","9e37de2ebb79670977fa6a1f7ac4c334f2b6400f","2026.02.02","2026-02-02T15:24:09+03:00","1.3.0","2273832430","NORMAL","5","5","","False","35","subject-date-within-7-days; author-date-within-7-days; descriptor-workshop-id-match"
"2273832430|10","RICE","RICE","2273832430","10","2 Feb @ 12:04am","2026-02-02 00:04","Version 1.18.1 ""Saint Patrick""","Version 1.18.1 ""Saint Patrick""","False","7","9e37de2ebb79670977fa6a1f7ac4c334f2b6400f","2026.02.02","2026-02-02T15:24:09+03:00","1.3.0","2273832430","NORMAL","0","0","","False","175","subject-date-exact; author-date-exact; descriptor-workshop-id-match"
"2273832430|10","RICE","RICE","2273832430","10","2 Feb @ 12:04am","2026-02-02 00:04","Version 1.18.1 ""Saint Patrick""","Version 1.18.1 ""Saint Patrick""","False","8","49e14a0204f299d58a4faa2d0ea74d21a1fbbcd5","2026.02.08","2026-02-09T20:21:34+03:00","1.3.0","2273832430","NORMAL","6","7","","False","35","subject-date-within-7-days; author-date-within-7-days; descriptor-workshop-id-match"
"2273832430|11","RICE","RICE","2273832430","11","17 Dec, 2025 @ 10:03pm","2025-12-17 22:03","Version 1.18.0.c Hotfix ""Scholar-Gentry""","Version 1.18.0.c Hotfix ""Scholar-Gentry""","False","6","3fccb9af9d3a57422f919b096eee2e1f9aca1f88","2025.12.18","2025-12-18T19:16:02+03:00","1.3.0","2273832430","NORMAL","1","1","","False","135","subject-date-1-day; author-date-1-day; descriptor-workshop-id-match"
"2273832430|11","RICE","RICE","2273832430","11","17 Dec, 2025 @ 10:03pm","2025-12-17 22:03","Version 1.18.0.c Hotfix ""Scholar-Gentry""","Version 1.18.0.c Hotfix ""Scholar-Gentry""","False","5","dcb50b0af9410c380ba4da4ed5d25e9b1a0540d2","2025.12.14","2025-12-14T14:01:16+03:00","1.3.0","2273832430","NORMAL","3","3","","False","60","subject-date-3-days; author-date-within-7-days; descriptor-workshop-id-match"
"2273832430|11","RICE","RICE","2273832430","11","17 Dec, 2025 @ 10:03pm","2025-12-17 22:03","Version 1.18.0.c Hotfix ""Scholar-Gentry""","Version 1.18.0.c Hotfix ""Scholar-Gentry""","False","4","e3c5eb10aeee7604aec826fc62fcbc53d64284ec","2025.12.10","2025-12-10T23:39:08+03:00","1.3.0","2273832430","NORMAL","7","7","","False","35","subject-date-within-7-days; author-date-within-7-days; descriptor-workshop-id-match"
"2273832430|12","RICE","RICE","2273832430","12","13 Dec, 2025 @ 10:59pm","2025-12-13 22:59","Version 1.18.0.b Hotfix ""Scholar-Gentry""","Version 1.18.0.b Hotfix ""Scholar-Gentry""","False","5","dcb50b0af9410c380ba4da4ed5d25e9b1a0540d2","2025.12.14","2025-12-14T14:01:16+03:00","1.3.0","2273832430","NORMAL","1","1","","False","135","subject-date-1-day; author-date-1-day; descriptor-workshop-id-match"
"2273832430|12","RICE","RICE","2273832430","12","13 Dec, 2025 @ 10:59pm","2025-12-13 22:59","Version 1.18.0.b Hotfix ""Scholar-Gentry""","Version 1.18.0.b Hotfix ""Scholar-Gentry""","False","4","e3c5eb10aeee7604aec826fc62fcbc53d64284ec","2025.12.10","2025-12-10T23:39:08+03:00","1.3.0","2273832430","NORMAL","3","3","","False","60","subject-date-3-days; author-date-within-7-days; descriptor-workshop-id-match"
"2273832430|12","RICE","RICE","2273832430","12","13 Dec, 2025 @ 10:59pm","2025-12-13 22:59","Version 1.18.0.b Hotfix ""Scholar-Gentry""","Version 1.18.0.b Hotfix ""Scholar-Gentry""","False","6","3fccb9af9d3a57422f919b096eee2e1f9aca1f88","2025.12.18","2025-12-18T19:16:02+03:00","1.3.0","2273832430","NORMAL","5","5","","False","35","subject-date-within-7-days; author-date-within-7-days; descriptor-workshop-id-match"
"2273832430|13","RICE","RICE","2273832430","13","9 Dec, 2025 @ 9:39pm","2025-12-09 21:39","Version 1.18.0.a Hotfix ""Scholar-Gentry""","Version 1.18.0.a Hotfix ""Scholar-Gentry""","False","4","e3c5eb10aeee7604aec826fc62fcbc53d64284ec","2025.12.10","2025-12-10T23:39:08+03:00","1.3.0","2273832430","NORMAL","1","1","","False","135","subject-date-1-day; author-date-1-day; descriptor-workshop-id-match"
"2273832430|13","RICE","RICE","2273832430","13","9 Dec, 2025 @ 9:39pm","2025-12-09 21:39","Version 1.18.0.a Hotfix ""Scholar-Gentry""","Version 1.18.0.a Hotfix ""Scholar-Gentry""","False","5","dcb50b0af9410c380ba4da4ed5d25e9b1a0540d2","2025.12.14","2025-12-14T14:01:16+03:00","1.3.0","2273832430","NORMAL","5","5","","False","35","subject-date-within-7-days; author-date-within-7-days; descriptor-workshop-id-match"
"2273832430|13","RICE","RICE","2273832430","13","9 Dec, 2025 @ 9:39pm","2025-12-09 21:39","Version 1.18.0.a Hotfix ""Scholar-Gentry""","Version 1.18.0.a Hotfix ""Scholar-Gentry""","False","3","928fd31902aae67f7ed963ea988f98ed8a9746b2","1.18","2025-12-09T21:39:13+03:00","1.3.0","2273832430","NORMAL","","0","","False","35","author-date-exact; descriptor-workshop-id-match"
"2273832430|13","RICE","RICE","2273832430","13","9 Dec, 2025 @ 9:39pm","2025-12-09 21:39","Version 1.18.0.a Hotfix ""Scholar-Gentry""","Version 1.18.0.a Hotfix ""Scholar-Gentry""","False","2","138913511f7cc9aefa55a8c70b4546ee8509d5f6","1.17","2025-12-09T21:33:54+03:00","1.3.0","2273832430","NORMAL","","0","","False","35","author-date-exact; descriptor-workshop-id-match"
"2273832430|14","RICE","RICE","2273832430","14","9 Dec, 2025 @ 12:27am","2025-12-09 00:27","Version 1.18.0 ""Scholar-Gentry""","Version 1.18.0 ""Scholar-Gentry""","False","4","e3c5eb10aeee7604aec826fc62fcbc53d64284ec","2025.12.10","2025-12-10T23:39:08+03:00","1.3.0","2273832430","NORMAL","1","1","","False","135","subject-date-1-day; author-date-1-day; descriptor-workshop-id-match"
"2273832430|14","RICE","RICE","2273832430","14","9 Dec, 2025 @ 12:27am","2025-12-09 00:27","Version 1.18.0 ""Scholar-Gentry""","Version 1.18.0 ""Scholar-Gentry""","False","5","dcb50b0af9410c380ba4da4ed5d25e9b1a0540d2","2025.12.14","2025-12-14T14:01:16+03:00","1.3.0","2273832430","NORMAL","5","5","","False","35","subject-date-within-7-days; author-date-within-7-days; descriptor-workshop-id-match"
"2273832430|14","RICE","RICE","2273832430","14","9 Dec, 2025 @ 12:27am","2025-12-09 00:27","Version 1.18.0 ""Scholar-Gentry""","Version 1.18.0 ""Scholar-Gentry""","False","3","928fd31902aae67f7ed963ea988f98ed8a9746b2","1.18","2025-12-09T21:39:13+03:00","1.3.0","2273832430","NORMAL","","0","","False","35","author-date-exact; descriptor-workshop-id-match"
"2273832430|14","RICE","RICE","2273832430","14","9 Dec, 2025 @ 12:27am","2025-12-09 00:27","Version 1.18.0 ""Scholar-Gentry""","Version 1.18.0 ""Scholar-Gentry""","False","2","138913511f7cc9aefa55a8c70b4546ee8509d5f6","1.17","2025-12-09T21:33:54+03:00","1.3.0","2273832430","NORMAL","","0","","False","35","author-date-exact; descriptor-workshop-id-match"
"2273832430|36","RICE","RICE","2273832430","36","6 Oct, 2024 @ 3:11am","2024-10-06 03:11","Version 1.3.0 Mini-Hotfix","Version 1.3.0 Mini-Hotfix","False","16","1e4238bd030ef259bcae60147126f3cc9c950ceb","2026.08.14","2026-08-15T11:53:13+03:00","1.3.0","2273832430","NORMAL","677","678","1.3.0","False","95","version-token:1.3.0; descriptor-workshop-id-match"
"2273832430|36","RICE","RICE","2273832430","36","6 Oct, 2024 @ 3:11am","2024-10-06 03:11","Version 1.3.0 Mini-Hotfix","Version 1.3.0 Mini-Hotfix","False","15","9a3484844539b6a48bad484b98d189216412077d","2026.07.26","2026-08-01T02:21:33+03:00","1.3.0","2273832430","NORMAL","658","664","1.3.0","False","95","version-token:1.3.0; descriptor-workshop-id-match"
"2273832430|36","RICE","RICE","2273832430","36","6 Oct, 2024 @ 3:11am","2024-10-06 03:11","Version 1.3.0 Mini-Hotfix","Version 1.3.0 Mini-Hotfix","False","14","9a8ce64d80233a6e638a628b3db4bbcea64c3ebb","2026.07.10","2026-07-11T14:14:35+03:00","1.3.0","2273832430","NORMAL","642","643","1.3.0","False","95","version-token:1.3.0; descriptor-workshop-id-match"
"2273832430|36","RICE","RICE","2273832430","36","6 Oct, 2024 @ 3:11am","2024-10-06 03:11","Version 1.3.0 Mini-Hotfix","Version 1.3.0 Mini-Hotfix","False","13","4615a5c22b57137e721bbc088bf3847b0b524045","2026.05.15","2026-05-16T20:54:27+03:00","1.3.0","2273832430","NORMAL","586","587","1.3.0","False","95","version-token:1.3.0; descriptor-workshop-id-match"
"2273832430|36","RICE","RICE","2273832430","36","6 Oct, 2024 @ 3:11am","2024-10-06 03:11","Version 1.3.0 Mini-Hotfix","Version 1.3.0 Mini-Hotfix","False","12","dd84e726f4a52dd2a25804a07605f7d0f8b147ad","2026.05.03","2026-05-03T21:22:02+03:00","1.3.0","2273832430","NORMAL","574","574","1.3.0","False","95","version-token:1.3.0; descriptor-workshop-id-match"
"2273832430|36","RICE","RICE","2273832430","36","6 Oct, 2024 @ 3:11am","2024-10-06 03:11","Version 1.3.0 Mini-Hotfix","Version 1.3.0 Mini-Hotfix","False","11","d3f0ed7d2ba5c7fe349d23e4c90bd7bfdf25b5a4","2026.04.28","2026-04-30T22:18:09+03:00","1.3.0","2273832430","NORMAL","569","571","1.3.0","False","95","version-token:1.3.0; descriptor-workshop-id-match"
"2273832430|36","RICE","RICE","2273832430","36","6 Oct, 2024 @ 3:11am","2024-10-06 03:11","Version 1.3.0 Mini-Hotfix","Version 1.3.0 Mini-Hotfix","False","10","857b1d0f4a5be85306d3c9bc9658f8da21a8b0d7","2026.03.28","2026-04-25T10:41:19+03:00","1.3.0","2273832430","NORMAL","538","566","1.3.0","False","95","version-token:1.3.0; descriptor-workshop-id-match"
"2273832430|36","RICE","RICE","2273832430","36","6 Oct, 2024 @ 3:11am","2024-10-06 03:11","Version 1.3.0 Mini-Hotfix","Version 1.3.0 Mini-Hotfix","False","9","e2f5f564b25bd86dd6517cc40bf7442475aed41c","2026.02.10","2026-02-10T17:28:46+03:00","1.3.0","2273832430","NORMAL","492","492","1.3.0","False","95","version-token:1.3.0; descriptor-workshop-id-match"
"2273832430|36","RICE","RICE","2273832430","36","6 Oct, 2024 @ 3:11am","2024-10-06 03:11","Version 1.3.0 Mini-Hotfix","Version 1.3.0 Mini-Hotfix","False","8","49e14a0204f299d58a4faa2d0ea74d21a1fbbcd5","2026.02.08","2026-02-09T20:21:34+03:00","1.3.0","2273832430","NORMAL","490","491","1.3.0","False","95","version-token:1.3.0; descriptor-workshop-id-match"
"2273832430|36","RICE","RICE","2273832430","36","6 Oct, 2024 @ 3:11am","2024-10-06 03:11","Version 1.3.0 Mini-Hotfix","Version 1.3.0 Mini-Hotfix","False","7","9e37de2ebb79670977fa6a1f7ac4c334f2b6400f","2026.02.02","2026-02-02T15:24:09+03:00","1.3.0","2273832430","NORMAL","484","484","1.3.0","False","95","version-token:1.3.0; descriptor-workshop-id-match"
"2273832430|36","RICE","RICE","2273832430","36","6 Oct, 2024 @ 3:11am","2024-10-06 03:11","Version 1.3.0 Mini-Hotfix","Version 1.3.0 Mini-Hotfix","False","6","3fccb9af9d3a57422f919b096eee2e1f9aca1f88","2025.12.18","2025-12-18T19:16:02+03:00","1.3.0","2273832430","NORMAL","438","438","1.3.0","False","95","version-token:1.3.0; descriptor-workshop-id-match"
"2273832430|36","RICE","RICE","2273832430","36","6 Oct, 2024 @ 3:11am","2024-10-06 03:11","Version 1.3.0 Mini-Hotfix","Version 1.3.0 Mini-Hotfix","False","5","dcb50b0af9410c380ba4da4ed5d25e9b1a0540d2","2025.12.14","2025-12-14T14:01:16+03:00","1.3.0","2273832430","NORMAL","434","434","1.3.0","False","95","version-token:1.3.0; descriptor-workshop-id-match"
"2273832430|36","RICE","RICE","2273832430","36","6 Oct, 2024 @ 3:11am","2024-10-06 03:11","Version 1.3.0 Mini-Hotfix","Version 1.3.0 Mini-Hotfix","False","4","e3c5eb10aeee7604aec826fc62fcbc53d64284ec","2025.12.10","2025-12-10T23:39:08+03:00","1.3.0","2273832430","NORMAL","430","430","1.3.0","False","95","version-token:1.3.0; descriptor-workshop-id-match"
"2273832430|36","RICE","RICE","2273832430","36","6 Oct, 2024 @ 3:11am","2024-10-06 03:11","Version 1.3.0 Mini-Hotfix","Version 1.3.0 Mini-Hotfix","False","3","928fd31902aae67f7ed963ea988f98ed8a9746b2","1.18","2025-12-09T21:39:13+03:00","1.3.0","2273832430","NORMAL","","429","1.3.0","False","95","version-token:1.3.0; descriptor-workshop-id-match"
"2273832430|36","RICE","RICE","2273832430","36","6 Oct, 2024 @ 3:11am","2024-10-06 03:11","Version 1.3.0 Mini-Hotfix","Version 1.3.0 Mini-Hotfix","False","2","138913511f7cc9aefa55a8c70b4546ee8509d5f6","1.17","2025-12-09T21:33:54+03:00","1.3.0","2273832430","NORMAL","","429","1.3.0","False","95","version-token:1.3.0; descriptor-workshop-id-match"
"2273832430|108","RICE","RICE","2273832430","108","10 Jun, 2021 @ 6:42pm","2021-06-10 18:42","Version 1.3.0 ""Tammuz""","Version 1.3.0 ""Tammuz""","False","16","1e4238bd030ef259bcae60147126f3cc9c950ceb","2026.08.14","2026-08-15T11:53:13+03:00","1.3.0","2273832430","NORMAL","1891","1892","1.3.0","False","95","version-token:1.3.0; descriptor-workshop-id-match"
"2273832430|108","RICE","RICE","2273832430","108","10 Jun, 2021 @ 6:42pm","2021-06-10 18:42","Version 1.3.0 ""Tammuz""","Version 1.3.0 ""Tammuz""","False","15","9a3484844539b6a48bad484b98d189216412077d","2026.07.26","2026-08-01T02:21:33+03:00","1.3.0","2273832430","NORMAL","1872","1878","1.3.0","False","95","version-token:1.3.0; descriptor-workshop-id-match"
"2273832430|108","RICE","RICE","2273832430","108","10 Jun, 2021 @ 6:42pm","2021-06-10 18:42","Version 1.3.0 ""Tammuz""","Version 1.3.0 ""Tammuz""","False","14","9a8ce64d80233a6e638a628b3db4bbcea64c3ebb","2026.07.10","2026-07-11T14:14:35+03:00","1.3.0","2273832430","NORMAL","1856","1857","1.3.0","False","95","version-token:1.3.0; descriptor-workshop-id-match"
"2273832430|108","RICE","RICE","2273832430","108","10 Jun, 2021 @ 6:42pm","2021-06-10 18:42","Version 1.3.0 ""Tammuz""","Version 1.3.0 ""Tammuz""","False","13","4615a5c22b57137e721bbc088bf3847b0b524045","2026.05.15","2026-05-16T20:54:27+03:00","1.3.0","2273832430","NORMAL","1800","1801","1.3.0","False","95","version-token:1.3.0; descriptor-workshop-id-match"
"2273832430|108","RICE","RICE","2273832430","108","10 Jun, 2021 @ 6:42pm","2021-06-10 18:42","Version 1.3.0 ""Tammuz""","Version 1.3.0 ""Tammuz""","False","12","dd84e726f4a52dd2a25804a07605f7d0f8b147ad","2026.05.03","2026-05-03T21:22:02+03:00","1.3.0","2273832430","NORMAL","1788","1788","1.3.0","False","95","version-token:1.3.0; descriptor-workshop-id-match"
"2273832430|108","RICE","RICE","2273832430","108","10 Jun, 2021 @ 6:42pm","2021-06-10 18:42","Version 1.3.0 ""Tammuz""","Version 1.3.0 ""Tammuz""","False","11","d3f0ed7d2ba5c7fe349d23e4c90bd7bfdf25b5a4","2026.04.28","2026-04-30T22:18:09+03:00","1.3.0","2273832430","NORMAL","1783","1785","1.3.0","False","95","version-token:1.3.0; descriptor-workshop-id-match"
"2273832430|108","RICE","RICE","2273832430","108","10 Jun, 2021 @ 6:42pm","2021-06-10 18:42","Version 1.3.0 ""Tammuz""","Version 1.3.0 ""Tammuz""","False","10","857b1d0f4a5be85306d3c9bc9658f8da21a8b0d7","2026.03.28","2026-04-25T10:41:19+03:00","1.3.0","2273832430","NORMAL","1752","1780","1.3.0","False","95","version-token:1.3.0; descriptor-workshop-id-match"
"2273832430|108","RICE","RICE","2273832430","108","10 Jun, 2021 @ 6:42pm","2021-06-10 18:42","Version 1.3.0 ""Tammuz""","Version 1.3.0 ""Tammuz""","False","9","e2f5f564b25bd86dd6517cc40bf7442475aed41c","2026.02.10","2026-02-10T17:28:46+03:00","1.3.0","2273832430","NORMAL","1706","1706","1.3.0","False","95","version-token:1.3.0; descriptor-workshop-id-match"
"2273832430|108","RICE","RICE","2273832430","108","10 Jun, 2021 @ 6:42pm","2021-06-10 18:42","Version 1.3.0 ""Tammuz""","Version 1.3.0 ""Tammuz""","False","8","49e14a0204f299d58a4faa2d0ea74d21a1fbbcd5","2026.02.08","2026-02-09T20:21:34+03:00","1.3.0","2273832430","NORMAL","1704","1705","1.3.0","False","95","version-token:1.3.0; descriptor-workshop-id-match"
"2273832430|108","RICE","RICE","2273832430","108","10 Jun, 2021 @ 6:42pm","2021-06-10 18:42","Version 1.3.0 ""Tammuz""","Version 1.3.0 ""Tammuz""","False","7","9e37de2ebb79670977fa6a1f7ac4c334f2b6400f","2026.02.02","2026-02-02T15:24:09+03:00","1.3.0","2273832430","NORMAL","1698","1698","1.3.0","False","95","version-token:1.3.0; descriptor-workshop-id-match"
"2273832430|108","RICE","RICE","2273832430","108","10 Jun, 2021 @ 6:42pm","2021-06-10 18:42","Version 1.3.0 ""Tammuz""","Version 1.3.0 ""Tammuz""","False","6","3fccb9af9d3a57422f919b096eee2e1f9aca1f88","2025.12.18","2025-12-18T19:16:02+03:00","1.3.0","2273832430","NORMAL","1652","1652","1.3.0","False","95","version-token:1.3.0; descriptor-workshop-id-match"
"2273832430|108","RICE","RICE","2273832430","108","10 Jun, 2021 @ 6:42pm","2021-06-10 18:42","Version 1.3.0 ""Tammuz""","Version 1.3.0 ""Tammuz""","False","5","dcb50b0af9410c380ba4da4ed5d25e9b1a0540d2","2025.12.14","2025-12-14T14:01:16+03:00","1.3.0","2273832430","NORMAL","1648","1648","1.3.0","False","95","version-token:1.3.0; descriptor-workshop-id-match"
"2273832430|108","RICE","RICE","2273832430","108","10 Jun, 2021 @ 6:42pm","2021-06-10 18:42","Version 1.3.0 ""Tammuz""","Version 1.3.0 ""Tammuz""","False","4","e3c5eb10aeee7604aec826fc62fcbc53d64284ec","2025.12.10","2025-12-10T23:39:08+03:00","1.3.0","2273832430","NORMAL","1644","1644","1.3.0","False","95","version-token:1.3.0; descriptor-workshop-id-match"
"2273832430|108","RICE","RICE","2273832430","108","10 Jun, 2021 @ 6:42pm","2021-06-10 18:42","Version 1.3.0 ""Tammuz""","Version 1.3.0 ""Tammuz""","False","3","928fd31902aae67f7ed963ea988f98ed8a9746b2","1.18","2025-12-09T21:39:13+03:00","1.3.0","2273832430","NORMAL","","1643","1.3.0","False","95","version-token:1.3.0; descriptor-workshop-id-match"
"2273832430|108","RICE","RICE","2273832430","108","10 Jun, 2021 @ 6:42pm","2021-06-10 18:42","Version 1.3.0 ""Tammuz""","Version 1.3.0 ""Tammuz""","False","2","138913511f7cc9aefa55a8c70b4546ee8509d5f6","1.17","2025-12-09T21:33:54+03:00","1.3.0","2273832430","NORMAL","","1643","1.3.0","False","95","version-token:1.3.0; descriptor-workshop-id-match"
"2875587269|1","Special-World","SW","2875587269","1","1 Aug @ 8:11am","2026-08-01 08:11","","","False","37","62f33e63129a4196cf45d750c5c4f9316cd368fe","2026.08.01","2026-08-03T12:41:14+03:00","1.0","2875587269","NORMAL","0","2","","True","555","subject-date-exact; author-date-2-days; descriptor-workshop-id-match; current-head-vs-steam-evidence"
"2875587269|1","Special-World","SW","2875587269","1","1 Aug @ 8:11am","2026-08-01 08:11","","","False","36","4bb54881d2e35563f8db910cd3682869b875f706","2026.07.29","2026-08-01T02:18:29+03:00","1.0","2875587269","NORMAL","3","0","","False","85","subject-date-3-days; author-date-exact; descriptor-workshop-id-match"
"2875587269|2","Special-World","SW","2875587269","2","29 Jul @ 12:36pm","2026-07-29 12:36","","","False","36","4bb54881d2e35563f8db910cd3682869b875f706","2026.07.29","2026-08-01T02:18:29+03:00","1.0","2875587269","NORMAL","0","3","","False","150","subject-date-exact; author-date-within-7-days; descriptor-workshop-id-match"
"2875587269|2","Special-World","SW","2875587269","2","29 Jul @ 12:36pm","2026-07-29 12:36","","","False","37","62f33e63129a4196cf45d750c5c4f9316cd368fe","2026.08.01","2026-08-03T12:41:14+03:00","1.0","2875587269","NORMAL","3","5","","False","60","subject-date-3-days; author-date-within-7-days; descriptor-workshop-id-match"
"2875587269|2","Special-World","SW","2875587269","2","29 Jul @ 12:36pm","2026-07-29 12:36","","","False","35","f6452b9e2fdf635070305178f98828371a150190","2026.07.22","2026-07-22T10:50:27+03:00","1.0","2875587269","NORMAL","7","7","","False","35","subject-date-within-7-days; author-date-within-7-days; descriptor-workshop-id-match"
"2875587269|3","Special-World","SW","2875587269","3","29 Jul @ 10:11am","2026-07-29 10:11","","","False","36","4bb54881d2e35563f8db910cd3682869b875f706","2026.07.29","2026-08-01T02:18:29+03:00","1.0","2875587269","NORMAL","0","3","","False","150","subject-date-exact; author-date-within-7-days; descriptor-workshop-id-match"
"2875587269|3","Special-World","SW","2875587269","3","29 Jul @ 10:11am","2026-07-29 10:11","","","False","37","62f33e63129a4196cf45d750c5c4f9316cd368fe","2026.08.01","2026-08-03T12:41:14+03:00","1.0","2875587269","NORMAL","3","5","","False","60","subject-date-3-days; author-date-within-7-days; descriptor-workshop-id-match"
"2875587269|3","Special-World","SW","2875587269","3","29 Jul @ 10:11am","2026-07-29 10:11","","","False","35","f6452b9e2fdf635070305178f98828371a150190","2026.07.22","2026-07-22T10:50:27+03:00","1.0","2875587269","NORMAL","7","7","","False","35","subject-date-within-7-days; author-date-within-7-days; descriptor-workshop-id-match"
"2875587269|4","Special-World","SW","2875587269","4","26 Jul @ 8:47pm","2026-07-26 20:47","","","False","36","4bb54881d2e35563f8db910cd3682869b875f706","2026.07.29","2026-08-01T02:18:29+03:00","1.0","2875587269","NORMAL","3","6","","False","60","subject-date-3-days; author-date-within-7-days; descriptor-workshop-id-match"
"2875587269|4","Special-World","SW","2875587269","4","26 Jul @ 8:47pm","2026-07-26 20:47","","","False","35","f6452b9e2fdf635070305178f98828371a150190","2026.07.22","2026-07-22T10:50:27+03:00","1.0","2875587269","NORMAL","4","4","","False","35","subject-date-within-7-days; author-date-within-7-days; descriptor-workshop-id-match"
"2875587269|4","Special-World","SW","2875587269","4","26 Jul @ 8:47pm","2026-07-26 20:47","","","False","34","0c51d727a0c8d83f8ebdb48f8b73c43737e1dbca","2026.07.21","2026-07-21T21:55:43+03:00","1.0","2875587269","NORMAL","5","5","","False","35","subject-date-within-7-days; author-date-within-7-days; descriptor-workshop-id-match"
"2875587269|4","Special-World","SW","2875587269","4","26 Jul @ 8:47pm","2026-07-26 20:47","","","False","37","62f33e63129a4196cf45d750c5c4f9316cd368fe","2026.08.01","2026-08-03T12:41:14+03:00","1.0","2875587269","NORMAL","6","8","","False","30","subject-date-within-7-days; descriptor-workshop-id-match"
"2875587269|5","Special-World","SW","2875587269","5","24 Jul @ 8:52am","2026-07-24 08:52","","","False","35","f6452b9e2fdf635070305178f98828371a150190","2026.07.22","2026-07-22T10:50:27+03:00","1.0","2875587269","NORMAL","2","2","","False","95","subject-date-2-days; author-date-2-days; descriptor-workshop-id-match"
"2875587269|5","Special-World","SW","2875587269","5","24 Jul @ 8:52am","2026-07-24 08:52","","","False","34","0c51d727a0c8d83f8ebdb48f8b73c43737e1dbca","2026.07.21","2026-07-21T21:55:43+03:00","1.0","2875587269","NORMAL","3","3","","False","60","subject-date-3-days; author-date-within-7-days; descriptor-workshop-id-match"
"2875587269|5","Special-World","SW","2875587269","5","24 Jul @ 8:52am","2026-07-24 08:52","","","False","36","4bb54881d2e35563f8db910cd3682869b875f706","2026.07.29","2026-08-01T02:18:29+03:00","1.0","2875587269","NORMAL","5","8","","False","30","subject-date-within-7-days; descriptor-workshop-id-match"
"2875587269|6","Special-World","SW","2875587269","6","21 Jul @ 6:16pm","2026-07-21 18:16","","","False","34","0c51d727a0c8d83f8ebdb48f8b73c43737e1dbca","2026.07.21","2026-07-21T21:55:43+03:00","1.0","2875587269","NORMAL","0","0","","False","175","subject-date-exact; author-date-exact; descriptor-workshop-id-match"
"2875587269|6","Special-World","SW","2875587269","6","21 Jul @ 6:16pm","2026-07-21 18:16","","","False","35","f6452b9e2fdf635070305178f98828371a150190","2026.07.22","2026-07-22T10:50:27+03:00","1.0","2875587269","NORMAL","1","1","","False","135","subject-date-1-day; author-date-1-day; descriptor-workshop-id-match"
"2875587269|7","Special-World","SW","2875587269","7","21 Jul @ 5:46pm","2026-07-21 17:46","","","False","34","0c51d727a0c8d83f8ebdb48f8b73c43737e1dbca","2026.07.21","2026-07-21T21:55:43+03:00","1.0","2875587269","NORMAL","0","0","","False","175","subject-date-exact; author-date-exact; descriptor-workshop-id-match"
"2875587269|7","Special-World","SW","2875587269","7","21 Jul @ 5:46pm","2026-07-21 17:46","","","False","35","f6452b9e2fdf635070305178f98828371a150190","2026.07.22","2026-07-22T10:50:27+03:00","1.0","2875587269","NORMAL","1","1","","False","135","subject-date-1-day; author-date-1-day; descriptor-workshop-id-match"
"2875587269|8","Special-World","SW","2875587269","8","21 Jul @ 11:37am","2026-07-21 11:37","","","False","34","0c51d727a0c8d83f8ebdb48f8b73c43737e1dbca","2026.07.21","2026-07-21T21:55:43+03:00","1.0","2875587269","NORMAL","0","0","","False","175","subject-date-exact; author-date-exact; descriptor-workshop-id-match"
"2875587269|8","Special-World","SW","2875587269","8","21 Jul @ 11:37am","2026-07-21 11:37","","","False","35","f6452b9e2fdf635070305178f98828371a150190","2026.07.22","2026-07-22T10:50:27+03:00","1.0","2875587269","NORMAL","1","1","","False","135","subject-date-1-day; author-date-1-day; descriptor-workshop-id-match"
"2875587269|9","Special-World","SW","2875587269","9","20 Jul @ 10:42pm","2026-07-20 22:42","","","False","34","0c51d727a0c8d83f8ebdb48f8b73c43737e1dbca","2026.07.21","2026-07-21T21:55:43+03:00","1.0","2875587269","NORMAL","1","1","","False","135","subject-date-1-day; author-date-1-day; descriptor-workshop-id-match"
"2875587269|9","Special-World","SW","2875587269","9","20 Jul @ 10:42pm","2026-07-20 22:42","","","False","35","f6452b9e2fdf635070305178f98828371a150190","2026.07.22","2026-07-22T10:50:27+03:00","1.0","2875587269","NORMAL","2","2","","False","95","subject-date-2-days; author-date-2-days; descriptor-workshop-id-match"
"2875587269|10","Special-World","SW","2875587269","10","20 Jul @ 9:56pm","2026-07-20 21:56","","Share to your Steam activity feed","False","34","0c51d727a0c8d83f8ebdb48f8b73c43737e1dbca","2026.07.21","2026-07-21T21:55:43+03:00","1.0","2875587269","NORMAL","1","1","","False","135","subject-date-1-day; author-date-1-day; descriptor-workshop-id-match"
"2875587269|10","Special-World","SW","2875587269","10","20 Jul @ 9:56pm","2026-07-20 21:56","","Share to your Steam activity feed","False","35","f6452b9e2fdf635070305178f98828371a150190","2026.07.22","2026-07-22T10:50:27+03:00","1.0","2875587269","NORMAL","2","2","","False","95","subject-date-2-days; author-date-2-days; descriptor-workshop-id-match"
"2875587269|11","Special-World","SW","2875587269","11","19 Jul @ 9:52pm","2026-07-19 21:52","","","False","34","0c51d727a0c8d83f8ebdb48f8b73c43737e1dbca","2026.07.21","2026-07-21T21:55:43+03:00","1.0","2875587269","NORMAL","2","2","","False","95","subject-date-2-days; author-date-2-days; descriptor-workshop-id-match"
"2875587269|11","Special-World","SW","2875587269","11","19 Jul @ 9:52pm","2026-07-19 21:52","","","False","35","f6452b9e2fdf635070305178f98828371a150190","2026.07.22","2026-07-22T10:50:27+03:00","1.0","2875587269","NORMAL","3","3","","False","60","subject-date-3-days; author-date-within-7-days; descriptor-workshop-id-match"
"2875587269|12","Special-World","SW","2875587269","12","19 Jul @ 3:20pm","2026-07-19 15:20","","","False","34","0c51d727a0c8d83f8ebdb48f8b73c43737e1dbca","2026.07.21","2026-07-21T21:55:43+03:00","1.0","2875587269","NORMAL","2","2","","False","95","subject-date-2-days; author-date-2-days; descriptor-workshop-id-match"
"2875587269|12","Special-World","SW","2875587269","12","19 Jul @ 3:20pm","2026-07-19 15:20","","","False","35","f6452b9e2fdf635070305178f98828371a150190","2026.07.22","2026-07-22T10:50:27+03:00","1.0","2875587269","NORMAL","3","3","","False","60","subject-date-3-days; author-date-within-7-days; descriptor-workshop-id-match"
"2875587269|13","Special-World","SW","2875587269","13","19 Jul @ 11:10am","2026-07-19 11:10","","Update:","False","34","0c51d727a0c8d83f8ebdb48f8b73c43737e1dbca","2026.07.21","2026-07-21T21:55:43+03:00","1.0","2875587269","NORMAL","2","2","","False","95","subject-date-2-days; author-date-2-days; descriptor-workshop-id-match"
"2875587269|13","Special-World","SW","2875587269","13","19 Jul @ 11:10am","2026-07-19 11:10","","Update:","False","35","f6452b9e2fdf635070305178f98828371a150190","2026.07.22","2026-07-22T10:50:27+03:00","1.0","2875587269","NORMAL","3","3","","False","60","subject-date-3-days; author-date-within-7-days; descriptor-workshop-id-match"
"2875587269|14","Special-World","SW","2875587269","14","19 Jul @ 11:05am","2026-07-19 11:05","","","False","34","0c51d727a0c8d83f8ebdb48f8b73c43737e1dbca","2026.07.21","2026-07-21T21:55:43+03:00","1.0","2875587269","NORMAL","2","2","","False","95","subject-date-2-days; author-date-2-days; descriptor-workshop-id-match"
"2875587269|14","Special-World","SW","2875587269","14","19 Jul @ 11:05am","2026-07-19 11:05","","","False","35","f6452b9e2fdf635070305178f98828371a150190","2026.07.22","2026-07-22T10:50:27+03:00","1.0","2875587269","NORMAL","3","3","","False","60","subject-date-3-days; author-date-within-7-days; descriptor-workshop-id-match"
"2875587269|15","Special-World","SW","2875587269","15","19 Jul @ 10:44am","2026-07-19 10:44","","Update:","False","34","0c51d727a0c8d83f8ebdb48f8b73c43737e1dbca","2026.07.21","2026-07-21T21:55:43+03:00","1.0","2875587269","NORMAL","2","2","","False","95","subject-date-2-days; author-date-2-days; descriptor-workshop-id-match"
"2875587269|15","Special-World","SW","2875587269","15","19 Jul @ 10:44am","2026-07-19 10:44","","Update:","False","35","f6452b9e2fdf635070305178f98828371a150190","2026.07.22","2026-07-22T10:50:27+03:00","1.0","2875587269","NORMAL","3","3","","False","60","subject-date-3-days; author-date-within-7-days; descriptor-workshop-id-match"
"2875587269|16","Special-World","SW","2875587269","16","10 Jul @ 12:12pm","2026-07-10 12:12","","Fixed Blank Character and Holding backgrounds for certain Turkish instances.","False","33","a8ada073cbf32d42c4f9928040d8183309e83563","2026.07.10","2026-07-11T14:13:29+03:00","1.0","2875587269","NORMAL","0","1","","False","165","subject-date-exact; author-date-1-day; descriptor-workshop-id-match"
"2875587269|16","Special-World","SW","2875587269","16","10 Jul @ 12:12pm","2026-07-10 12:12","","Fixed Blank Character and Holding backgrounds for certain Turkish instances.","False","32","83032b87bb5b0f3ab378fb348fa4610f3ed71110","2026.07.09","2026-07-10T21:32:18+03:00","1.0","2875587269","NORMAL","1","0","","False","145","subject-date-1-day; author-date-exact; descriptor-workshop-id-match"
"2875587269|16","Special-World","SW","2875587269","16","10 Jul @ 12:12pm","2026-07-10 12:12","","Fixed Blank Character and Holding backgrounds for certain Turkish instances.","False","31","f4aa884373df976e5da19fff5f1109bfc83b7451","2026.07.07","2026-07-08T18:27:08+03:00","1.0","2875587269","NORMAL","3","2","","False","65","subject-date-3-days; author-date-2-days; descriptor-workshop-id-match"
"2875587269|17","Special-World","SW","2875587269","17","8 Jul @ 6:05pm","2026-07-08 18:05","","","False","31","f4aa884373df976e5da19fff5f1109bfc83b7451","2026.07.07","2026-07-08T18:27:08+03:00","1.0","2875587269","NORMAL","1","0","","False","145","subject-date-1-day; author-date-exact; descriptor-workshop-id-match"
"2875587269|17","Special-World","SW","2875587269","17","8 Jul @ 6:05pm","2026-07-08 18:05","","","False","32","83032b87bb5b0f3ab378fb348fa4610f3ed71110","2026.07.09","2026-07-10T21:32:18+03:00","1.0","2875587269","NORMAL","1","2","","False","125","subject-date-1-day; author-date-2-days; descriptor-workshop-id-match"
"2875587269|17","Special-World","SW","2875587269","17","8 Jul @ 6:05pm","2026-07-08 18:05","","","False","33","a8ada073cbf32d42c4f9928040d8183309e83563","2026.07.10","2026-07-11T14:13:29+03:00","1.0","2875587269","NORMAL","2","3","","False","90","subject-date-2-days; author-date-within-7-days; descriptor-workshop-id-match"
"2875587269|18","Special-World","SW","2875587269","18","7 Jul @ 1:41pm","2026-07-07 13:41","","Updated for MA Updates with additional tweaks and updated.","False","31","f4aa884373df976e5da19fff5f1109bfc83b7451","2026.07.07","2026-07-08T18:27:08+03:00","1.0","2875587269","NORMAL","0","1","","False","165","subject-date-exact; author-date-1-day; descriptor-workshop-id-match"
"2875587269|18","Special-World","SW","2875587269","18","7 Jul @ 1:41pm","2026-07-07 13:41","","Updated for MA Updates with additional tweaks and updated.","False","32","83032b87bb5b0f3ab378fb348fa4610f3ed71110","2026.07.09","2026-07-10T21:32:18+03:00","1.0","2875587269","NORMAL","2","3","","False","90","subject-date-2-days; author-date-within-7-days; descriptor-workshop-id-match"
"2875587269|18","Special-World","SW","2875587269","18","7 Jul @ 1:41pm","2026-07-07 13:41","","Updated for MA Updates with additional tweaks and updated.","False","33","a8ada073cbf32d42c4f9928040d8183309e83563","2026.07.10","2026-07-11T14:13:29+03:00","1.0","2875587269","NORMAL","3","4","","False","60","subject-date-3-days; author-date-within-7-days; descriptor-workshop-id-match"
"2875587269|19","Special-World","SW","2875587269","19","29 May @ 1:46pm","2026-05-29 13:46","","","False","30","f0fcdf01de6da346c5542f250ad92797ae2dfae4","2026.05.29","2026-05-30T12:29:28+03:00","1.0","2875587269","NORMAL","0","1","","False","165","subject-date-exact; author-date-1-day; descriptor-workshop-id-match"
"2875587269|20","Special-World","SW","2875587269","20","19 May @ 2:00pm","2026-05-19 14:00","","Minor Fixes","False","29","1b3bfb322bb26b7bd3d940f2e3ab4b66e99c0dd9","2026.05.20","2026-05-21T23:15:14+03:00","1.0","2875587269","NORMAL","1","2","","False","125","subject-date-1-day; author-date-2-days; descriptor-workshop-id-match"
"2875587269|20","Special-World","SW","2875587269","20","19 May @ 2:00pm","2026-05-19 14:00","","Minor Fixes","False","28","6555e536fff0289dbd66fe561c93f37bb7e51854","2026.05.16","2026-05-16T20:53:15+03:00","1.0","2875587269","NORMAL","3","3","","False","60","subject-date-3-days; author-date-within-7-days; descriptor-workshop-id-match"
"2875587269|21","Special-World","SW","2875587269","21","15 May @ 2:55pm","2026-05-15 14:55","","Minor Fixes and Adjustments","False","28","6555e536fff0289dbd66fe561c93f37bb7e51854","2026.05.16","2026-05-16T20:53:15+03:00","1.0","2875587269","NORMAL","1","1","","False","135","subject-date-1-day; author-date-1-day; descriptor-workshop-id-match"
"2875587269|21","Special-World","SW","2875587269","21","15 May @ 2:55pm","2026-05-15 14:55","","Minor Fixes and Adjustments","False","29","1b3bfb322bb26b7bd3d940f2e3ab4b66e99c0dd9","2026.05.20","2026-05-21T23:15:14+03:00","1.0","2875587269","NORMAL","5","6","","False","35","subject-date-within-7-days; author-date-within-7-days; descriptor-workshop-id-match"
"2875587269|21","Special-World","SW","2875587269","21","15 May @ 2:55pm","2026-05-15 14:55","","Minor Fixes and Adjustments","False","27","1eeaf8d51248fc7c41d8340a9ce7353020550954","2026.05.08","2026-05-09T20:03:00+03:00","1.0","2875587269","NORMAL","7","6","","False","35","subject-date-within-7-days; author-date-within-7-days; descriptor-workshop-id-match"
"2875587269|22","Special-World","SW","2875587269","22","7 May @ 3:20pm","2026-05-07 15:20","1.19.0.5 Update","1.19.0.5 Update","False","27","1eeaf8d51248fc7c41d8340a9ce7353020550954","2026.05.08","2026-05-09T20:03:00+03:00","1.0","2875587269","NORMAL","1","2","","False","125","subject-date-1-day; author-date-2-days; descriptor-workshop-id-match"
"2875587269|22","Special-World","SW","2875587269","22","7 May @ 3:20pm","2026-05-07 15:20","1.19.0.5 Update","1.19.0.5 Update","False","26","d78a822ab3d7e0eae87367e2a2230fd7ef0b7090","2026.05.03","2026-05-03T21:19:34+03:00","1.0","2875587269","NORMAL","4","4","","False","35","subject-date-within-7-days; author-date-within-7-days; descriptor-workshop-id-match"
"2875587269|22","Special-World","SW","2875587269","22","7 May @ 3:20pm","2026-05-07 15:20","1.19.0.5 Update","1.19.0.5 Update","False","25","ed7d7be79ddaf725d79dff90abf05eba19e7c2e7","2026.04.30","2026-05-01T11:08:14+03:00","1.0","2875587269","NORMAL","7","6","","False","35","subject-date-within-7-days; author-date-within-7-days; descriptor-workshop-id-match"
"2875587269|23","Special-World","SW","2875587269","23","2 May @ 7:37pm","2026-05-02 19:37","","MA/COW3 Update","False","26","d78a822ab3d7e0eae87367e2a2230fd7ef0b7090","2026.05.03","2026-05-03T21:19:34+03:00","1.0","2875587269","NORMAL","1","1","","False","135","subject-date-1-day; author-date-1-day; descriptor-workshop-id-match"
"2875587269|23","Special-World","SW","2875587269","23","2 May @ 7:37pm","2026-05-02 19:37","","MA/COW3 Update","False","25","ed7d7be79ddaf725d79dff90abf05eba19e7c2e7","2026.04.30","2026-05-01T11:08:14+03:00","1.0","2875587269","NORMAL","2","1","","False","105","subject-date-2-days; author-date-1-day; descriptor-workshop-id-match"
"2875587269|23","Special-World","SW","2875587269","23","2 May @ 7:37pm","2026-05-02 19:37","","MA/COW3 Update","False","24","5e196a059c4a801d23e4200abc83d05b3838c29a","2026.04.29","2026-04-29T23:59:21+03:00","1.0","2875587269","NORMAL","3","3","","False","60","subject-date-3-days; author-date-within-7-days; descriptor-workshop-id-match"
"2875587269|23","Special-World","SW","2875587269","23","2 May @ 7:37pm","2026-05-02 19:37","","MA/COW3 Update","False","27","1eeaf8d51248fc7c41d8340a9ce7353020550954","2026.05.08","2026-05-09T20:03:00+03:00","1.0","2875587269","NORMAL","6","7","","False","35","subject-date-within-7-days; author-date-within-7-days; descriptor-workshop-id-match"
"2875587269|23","Special-World","SW","2875587269","23","2 May @ 7:37pm","2026-05-02 19:37","","MA/COW3 Update","False","23","a8bfe78d253cb661b4d2b7d3bd462be98330f8a4","2026.04.27","2026-04-27T23:04:56+03:00","1.0","2875587269","NORMAL","5","5","","False","35","subject-date-within-7-days; author-date-within-7-days; descriptor-workshop-id-match"
"2875587269|23","Special-World","SW","2875587269","23","2 May @ 7:37pm","2026-05-02 19:37","","MA/COW3 Update","False","22","e73d268fb26b7d31a7d547d39ad95005358d85e9","2026.04.25","2026-04-25T10:35:19+03:00","1.0","2875587269","NORMAL","7","7","","False","35","subject-date-within-7-days; author-date-within-7-days; descriptor-workshop-id-match"
"2875587269|24","Special-World","SW","2875587269","24","30 Apr @ 7:50am","2026-04-30 07:50","","Update:","False","25","ed7d7be79ddaf725d79dff90abf05eba19e7c2e7","2026.04.30","2026-05-01T11:08:14+03:00","1.0","2875587269","NORMAL","0","1","","False","165","subject-date-exact; author-date-1-day; descriptor-workshop-id-match"
"2875587269|24","Special-World","SW","2875587269","24","30 Apr @ 7:50am","2026-04-30 07:50","","Update:","False","24","5e196a059c4a801d23e4200abc83d05b3838c29a","2026.04.29","2026-04-29T23:59:21+03:00","1.0","2875587269","NORMAL","1","1","","False","135","subject-date-1-day; author-date-1-day; descriptor-workshop-id-match"
"2875587269|24","Special-World","SW","2875587269","24","30 Apr @ 7:50am","2026-04-30 07:50","","Update:","False","26","d78a822ab3d7e0eae87367e2a2230fd7ef0b7090","2026.05.03","2026-05-03T21:19:34+03:00","1.0","2875587269","NORMAL","3","3","","False","60","subject-date-3-days; author-date-within-7-days; descriptor-workshop-id-match"
"2875587269|24","Special-World","SW","2875587269","24","30 Apr @ 7:50am","2026-04-30 07:50","","Update:","False","23","a8bfe78d253cb661b4d2b7d3bd462be98330f8a4","2026.04.27","2026-04-27T23:04:56+03:00","1.0","2875587269","NORMAL","3","3","","False","60","subject-date-3-days; author-date-within-7-days; descriptor-workshop-id-match"
"2875587269|24","Special-World","SW","2875587269","24","30 Apr @ 7:50am","2026-04-30 07:50","","Update:","False","22","e73d268fb26b7d31a7d547d39ad95005358d85e9","2026.04.25","2026-04-25T10:35:19+03:00","1.0","2875587269","NORMAL","5","5","","False","35","subject-date-within-7-days; author-date-within-7-days; descriptor-workshop-id-match"
"2875587269|25","Special-World","SW","2875587269","25","28 Apr @ 6:57pm","2026-04-28 18:57","","Update:","False","24","5e196a059c4a801d23e4200abc83d05b3838c29a","2026.04.29","2026-04-29T23:59:21+03:00","1.0","2875587269","NORMAL","1","1","","False","135","subject-date-1-day; author-date-1-day; descriptor-workshop-id-match"
"2875587269|25","Special-World","SW","2875587269","25","28 Apr @ 6:57pm","2026-04-28 18:57","","Update:","False","23","a8bfe78d253cb661b4d2b7d3bd462be98330f8a4","2026.04.27","2026-04-27T23:04:56+03:00","1.0","2875587269","NORMAL","1","1","","False","135","subject-date-1-day; author-date-1-day; descriptor-workshop-id-match"
"2875587269|25","Special-World","SW","2875587269","25","28 Apr @ 6:57pm","2026-04-28 18:57","","Update:","False","25","ed7d7be79ddaf725d79dff90abf05eba19e7c2e7","2026.04.30","2026-05-01T11:08:14+03:00","1.0","2875587269","NORMAL","2","3","","False","90","subject-date-2-days; author-date-within-7-days; descriptor-workshop-id-match"
"2875587269|25","Special-World","SW","2875587269","25","28 Apr @ 6:57pm","2026-04-28 18:57","","Update:","False","22","e73d268fb26b7d31a7d547d39ad95005358d85e9","2026.04.25","2026-04-25T10:35:19+03:00","1.0","2875587269","NORMAL","3","3","","False","60","subject-date-3-days; author-date-within-7-days; descriptor-workshop-id-match"
"2875587269|25","Special-World","SW","2875587269","25","28 Apr @ 6:57pm","2026-04-28 18:57","","Update:","False","26","d78a822ab3d7e0eae87367e2a2230fd7ef0b7090","2026.05.03","2026-05-03T21:19:34+03:00","1.0","2875587269","NORMAL","5","5","","False","35","subject-date-within-7-days; author-date-within-7-days; descriptor-workshop-id-match"
"2875587269|26","Special-World","SW","2875587269","26","26 Apr @ 9:23pm","2026-04-26 21:23","","","False","23","a8bfe78d253cb661b4d2b7d3bd462be98330f8a4","2026.04.27","2026-04-27T23:04:56+03:00","1.0","2875587269","NORMAL","1","1","","False","135","subject-date-1-day; author-date-1-day; descriptor-workshop-id-match"
"2875587269|26","Special-World","SW","2875587269","26","26 Apr @ 9:23pm","2026-04-26 21:23","","","False","22","e73d268fb26b7d31a7d547d39ad95005358d85e9","2026.04.25","2026-04-25T10:35:19+03:00","1.0","2875587269","NORMAL","1","1","","False","135","subject-date-1-day; author-date-1-day; descriptor-workshop-id-match"
"2875587269|26","Special-World","SW","2875587269","26","26 Apr @ 9:23pm","2026-04-26 21:23","","","False","24","5e196a059c4a801d23e4200abc83d05b3838c29a","2026.04.29","2026-04-29T23:59:21+03:00","1.0","2875587269","NORMAL","3","3","","False","60","subject-date-3-days; author-date-within-7-days; descriptor-workshop-id-match"
"2875587269|26","Special-World","SW","2875587269","26","26 Apr @ 9:23pm","2026-04-26 21:23","","","False","26","d78a822ab3d7e0eae87367e2a2230fd7ef0b7090","2026.05.03","2026-05-03T21:19:34+03:00","1.0","2875587269","NORMAL","7","7","","False","35","subject-date-within-7-days; author-date-within-7-days; descriptor-workshop-id-match"
"2875587269|26","Special-World","SW","2875587269","26","26 Apr @ 9:23pm","2026-04-26 21:23","","","False","25","ed7d7be79ddaf725d79dff90abf05eba19e7c2e7","2026.04.30","2026-05-01T11:08:14+03:00","1.0","2875587269","NORMAL","4","5","","False","35","subject-date-within-7-days; author-date-within-7-days; descriptor-workshop-id-match"
"2875587269|27","Special-World","SW","2875587269","27","25 Apr @ 3:53am","2026-04-25 03:53","","","False","22","e73d268fb26b7d31a7d547d39ad95005358d85e9","2026.04.25","2026-04-25T10:35:19+03:00","1.0","2875587269","NORMAL","0","0","","False","175","subject-date-exact; author-date-exact; descriptor-workshop-id-match"
"2875587269|27","Special-World","SW","2875587269","27","25 Apr @ 3:53am","2026-04-25 03:53","","","False","23","a8bfe78d253cb661b4d2b7d3bd462be98330f8a4","2026.04.27","2026-04-27T23:04:56+03:00","1.0","2875587269","NORMAL","2","2","","False","95","subject-date-2-days; author-date-2-days; descriptor-workshop-id-match"
"2875587269|27","Special-World","SW","2875587269","27","25 Apr @ 3:53am","2026-04-25 03:53","","","False","25","ed7d7be79ddaf725d79dff90abf05eba19e7c2e7","2026.04.30","2026-05-01T11:08:14+03:00","1.0","2875587269","NORMAL","5","6","","False","35","subject-date-within-7-days; author-date-within-7-days; descriptor-workshop-id-match"
"2875587269|27","Special-World","SW","2875587269","27","25 Apr @ 3:53am","2026-04-25 03:53","","","False","24","5e196a059c4a801d23e4200abc83d05b3838c29a","2026.04.29","2026-04-29T23:59:21+03:00","1.0","2875587269","NORMAL","4","4","","False","35","subject-date-within-7-days; author-date-within-7-days; descriptor-workshop-id-match"
"2875587269|28","Special-World","SW","2875587269","28","24 Apr @ 7:28pm","2026-04-24 19:28","","","False","22","e73d268fb26b7d31a7d547d39ad95005358d85e9","2026.04.25","2026-04-25T10:35:19+03:00","1.0","2875587269","NORMAL","1","1","","False","135","subject-date-1-day; author-date-1-day; descriptor-workshop-id-match"
"2875587269|28","Special-World","SW","2875587269","28","24 Apr @ 7:28pm","2026-04-24 19:28","","","False","23","a8bfe78d253cb661b4d2b7d3bd462be98330f8a4","2026.04.27","2026-04-27T23:04:56+03:00","1.0","2875587269","NORMAL","3","3","","False","60","subject-date-3-days; author-date-within-7-days; descriptor-workshop-id-match"
"2875587269|28","Special-World","SW","2875587269","28","24 Apr @ 7:28pm","2026-04-24 19:28","","","False","25","ed7d7be79ddaf725d79dff90abf05eba19e7c2e7","2026.04.30","2026-05-01T11:08:14+03:00","1.0","2875587269","NORMAL","6","7","","False","35","subject-date-within-7-days; author-date-within-7-days; descriptor-workshop-id-match"
"2875587269|28","Special-World","SW","2875587269","28","24 Apr @ 7:28pm","2026-04-24 19:28","","","False","24","5e196a059c4a801d23e4200abc83d05b3838c29a","2026.04.29","2026-04-29T23:59:21+03:00","1.0","2875587269","NORMAL","5","5","","False","35","subject-date-within-7-days; author-date-within-7-days; descriptor-workshop-id-match"
"2875587269|29","Special-World","SW","2875587269","29","24 Apr @ 2:48pm","2026-04-24 14:48","1.19 Update","1.19 Update","False","22","e73d268fb26b7d31a7d547d39ad95005358d85e9","2026.04.25","2026-04-25T10:35:19+03:00","1.0","2875587269","NORMAL","1","1","","False","135","subject-date-1-day; author-date-1-day; descriptor-workshop-id-match"
"2875587269|29","Special-World","SW","2875587269","29","24 Apr @ 2:48pm","2026-04-24 14:48","1.19 Update","1.19 Update","False","23","a8bfe78d253cb661b4d2b7d3bd462be98330f8a4","2026.04.27","2026-04-27T23:04:56+03:00","1.0","2875587269","NORMAL","3","3","","False","60","subject-date-3-days; author-date-within-7-days; descriptor-workshop-id-match"
"2875587269|29","Special-World","SW","2875587269","29","24 Apr @ 2:48pm","2026-04-24 14:48","1.19 Update","1.19 Update","False","25","ed7d7be79ddaf725d79dff90abf05eba19e7c2e7","2026.04.30","2026-05-01T11:08:14+03:00","1.0","2875587269","NORMAL","6","7","","False","35","subject-date-within-7-days; author-date-within-7-days; descriptor-workshop-id-match"
"2875587269|29","Special-World","SW","2875587269","29","24 Apr @ 2:48pm","2026-04-24 14:48","1.19 Update","1.19 Update","False","24","5e196a059c4a801d23e4200abc83d05b3838c29a","2026.04.29","2026-04-29T23:59:21+03:00","1.0","2875587269","NORMAL","5","5","","False","35","subject-date-within-7-days; author-date-within-7-days; descriptor-workshop-id-match"
"2875587269|30","Special-World","SW","2875587269","30","22 Mar @ 1:03pm","2026-03-22 13:03","","MA Update","False","20","9f4303d3f29ed5b04b3589ffdd2c069f44f8e811","2026.03.21","2026-03-22T19:37:33+03:00","1.0","2875587269","NORMAL","1","0","","False","145","subject-date-1-day; author-date-exact; descriptor-workshop-id-match"
"2875587269|30","Special-World","SW","2875587269","30","22 Mar @ 1:03pm","2026-03-22 13:03","","MA Update","False","21","079d5a19aae0272124debd3075f1be8c94c2a127","2026.03.23","2026-03-23T17:55:53+03:00","1.0","2875587269","NORMAL","1","1","","False","135","subject-date-1-day; author-date-1-day; descriptor-workshop-id-match"
"2875587269|30","Special-World","SW","2875587269","30","22 Mar @ 1:03pm","2026-03-22 13:03","","MA Update","False","19","7a988841a4ba8a4aaf107e9a743a9127443de517","2026.03.15","2026-03-15T15:07:14+03:00","1.0","2875587269","NORMAL","7","7","","False","35","subject-date-within-7-days; author-date-within-7-days; descriptor-workshop-id-match"
"2875587269|31","Special-World","SW","2875587269","31","20 Mar @ 2:07pm","2026-03-20 14:07","","Replaced integratation of ""Prosperous Kaifeng"" with ""Yingzao Fashi"" by Pslim","False","20","9f4303d3f29ed5b04b3589ffdd2c069f44f8e811","2026.03.21","2026-03-22T19:37:33+03:00","1.0","2875587269","NORMAL","1","2","","False","125","subject-date-1-day; author-date-2-days; descriptor-workshop-id-match"
"2875587269|31","Special-World","SW","2875587269","31","20 Mar @ 2:07pm","2026-03-20 14:07","","Replaced integratation of ""Prosperous Kaifeng"" with ""Yingzao Fashi"" by Pslim","False","21","079d5a19aae0272124debd3075f1be8c94c2a127","2026.03.23","2026-03-23T17:55:53+03:00","1.0","2875587269","NORMAL","3","3","","False","60","subject-date-3-days; author-date-within-7-days; descriptor-workshop-id-match"
"2875587269|31","Special-World","SW","2875587269","31","20 Mar @ 2:07pm","2026-03-20 14:07","","Replaced integratation of ""Prosperous Kaifeng"" with ""Yingzao Fashi"" by Pslim","False","19","7a988841a4ba8a4aaf107e9a743a9127443de517","2026.03.15","2026-03-15T15:07:14+03:00","1.0","2875587269","NORMAL","5","5","","False","35","subject-date-within-7-days; author-date-within-7-days; descriptor-workshop-id-match"
"2875587269|31","Special-World","SW","2875587269","31","20 Mar @ 2:07pm","2026-03-20 14:07","","Replaced integratation of ""Prosperous Kaifeng"" with ""Yingzao Fashi"" by Pslim","False","18","1a1b6fc88f3549885518ead116df2f6f0cd55b4b","2026.03.14","2026-03-14T14:33:42+03:00","1.0","2875587269","NORMAL","6","6","","False","35","subject-date-within-7-days; author-date-within-7-days; descriptor-workshop-id-match"
"2875587269|32","Special-World","SW","2875587269","32","14 Mar @ 4:20pm","2026-03-14 16:20","","","False","18","1a1b6fc88f3549885518ead116df2f6f0cd55b4b","2026.03.14","2026-03-14T14:33:42+03:00","1.0","2875587269","NORMAL","0","0","","False","175","subject-date-exact; author-date-exact; descriptor-workshop-id-match"
"2875587269|32","Special-World","SW","2875587269","32","14 Mar @ 4:20pm","2026-03-14 16:20","","","False","19","7a988841a4ba8a4aaf107e9a743a9127443de517","2026.03.15","2026-03-15T15:07:14+03:00","1.0","2875587269","NORMAL","1","1","","False","135","subject-date-1-day; author-date-1-day; descriptor-workshop-id-match"
"2875587269|32","Special-World","SW","2875587269","32","14 Mar @ 4:20pm","2026-03-14 16:20","","","False","17","fb9749b56200ff16abb9fec81ddcb0fe266eb35b","2026.03.07","2026-03-07T12:00:09+03:00","1.0","2875587269","NORMAL","7","7","","False","35","subject-date-within-7-days; author-date-within-7-days; descriptor-workshop-id-match"
"2875587269|32","Special-World","SW","2875587269","32","14 Mar @ 4:20pm","2026-03-14 16:20","","","False","20","9f4303d3f29ed5b04b3589ffdd2c069f44f8e811","2026.03.21","2026-03-22T19:37:33+03:00","1.0","2875587269","NORMAL","7","8","","False","30","subject-date-within-7-days; descriptor-workshop-id-match"
"2875587269|33","Special-World","SW","2875587269","33","14 Mar @ 1:33pm","2026-03-14 13:33","","","False","18","1a1b6fc88f3549885518ead116df2f6f0cd55b4b","2026.03.14","2026-03-14T14:33:42+03:00","1.0","2875587269","NORMAL","0","0","","False","175","subject-date-exact; author-date-exact; descriptor-workshop-id-match"
"2875587269|33","Special-World","SW","2875587269","33","14 Mar @ 1:33pm","2026-03-14 13:33","","","False","19","7a988841a4ba8a4aaf107e9a743a9127443de517","2026.03.15","2026-03-15T15:07:14+03:00","1.0","2875587269","NORMAL","1","1","","False","135","subject-date-1-day; author-date-1-day; descriptor-workshop-id-match"
"2875587269|33","Special-World","SW","2875587269","33","14 Mar @ 1:33pm","2026-03-14 13:33","","","False","17","fb9749b56200ff16abb9fec81ddcb0fe266eb35b","2026.03.07","2026-03-07T12:00:09+03:00","1.0","2875587269","NORMAL","7","7","","False","35","subject-date-within-7-days; author-date-within-7-days; descriptor-workshop-id-match"
"2875587269|33","Special-World","SW","2875587269","33","14 Mar @ 1:33pm","2026-03-14 13:33","","","False","20","9f4303d3f29ed5b04b3589ffdd2c069f44f8e811","2026.03.21","2026-03-22T19:37:33+03:00","1.0","2875587269","NORMAL","7","8","","False","30","subject-date-within-7-days; descriptor-workshop-id-match"
"2875587269|34","Special-World","SW","2875587269","34","13 Mar @ 3:18pm","2026-03-13 15:18","","Medieval Arts / Locator Update","False","18","1a1b6fc88f3549885518ead116df2f6f0cd55b4b","2026.03.14","2026-03-14T14:33:42+03:00","1.0","2875587269","NORMAL","1","1","","False","135","subject-date-1-day; author-date-1-day; descriptor-workshop-id-match"
"2875587269|34","Special-World","SW","2875587269","34","13 Mar @ 3:18pm","2026-03-13 15:18","","Medieval Arts / Locator Update","False","19","7a988841a4ba8a4aaf107e9a743a9127443de517","2026.03.15","2026-03-15T15:07:14+03:00","1.0","2875587269","NORMAL","2","2","","False","95","subject-date-2-days; author-date-2-days; descriptor-workshop-id-match"
"2875587269|34","Special-World","SW","2875587269","34","13 Mar @ 3:18pm","2026-03-13 15:18","","Medieval Arts / Locator Update","False","17","fb9749b56200ff16abb9fec81ddcb0fe266eb35b","2026.03.07","2026-03-07T12:00:09+03:00","1.0","2875587269","NORMAL","6","6","","False","35","subject-date-within-7-days; author-date-within-7-days; descriptor-workshop-id-match"
"2875587269|35","Special-World","SW","2875587269","35","6 Mar @ 2:30pm","2026-03-06 14:30","","Jerusalem model will now show as COW","False","17","fb9749b56200ff16abb9fec81ddcb0fe266eb35b","2026.03.07","2026-03-07T12:00:09+03:00","1.0","2875587269","NORMAL","1","1","","False","135","subject-date-1-day; author-date-1-day; descriptor-workshop-id-match"
"2875587269|35","Special-World","SW","2875587269","35","6 Mar @ 2:30pm","2026-03-06 14:30","","Jerusalem model will now show as COW","False","16","82f9a80b847cebb359e9b8797be9b85058fc99e7","2026.03.01","2026-03-02T19:12:42+03:00","1.0","2875587269","NORMAL","5","4","","False","35","subject-date-within-7-days; author-date-within-7-days; descriptor-workshop-id-match"
"2875587269|36","Special-World","SW","2875587269","36","1 Mar @ 7:42am","2026-03-01 07:42","","","False","16","82f9a80b847cebb359e9b8797be9b85058fc99e7","2026.03.01","2026-03-02T19:12:42+03:00","1.0","2875587269","NORMAL","0","1","","False","165","subject-date-exact; author-date-1-day; descriptor-workshop-id-match"
"2875587269|36","Special-World","SW","2875587269","36","1 Mar @ 7:42am","2026-03-01 07:42","","","False","15","35b31d96b564aa28b6abc3079864e8cb73caa66d","2026.02.26","2026-02-27T22:09:24+03:00","1.0","2875587269","NORMAL","3","2","","False","65","subject-date-3-days; author-date-2-days; descriptor-workshop-id-match"
"2875587269|36","Special-World","SW","2875587269","36","1 Mar @ 7:42am","2026-03-01 07:42","","","False","17","fb9749b56200ff16abb9fec81ddcb0fe266eb35b","2026.03.07","2026-03-07T12:00:09+03:00","1.0","2875587269","NORMAL","6","6","","False","35","subject-date-within-7-days; author-date-within-7-days; descriptor-workshop-id-match"
"2875587269|36","Special-World","SW","2875587269","36","1 Mar @ 7:42am","2026-03-01 07:42","","","False","14","be266d10ef71a8ae6d1b26920fcb063039aa7d5c","2026.02.22","2026-02-22T11:56:22+03:00","1.0","2875587269","NORMAL","7","7","","False","35","subject-date-within-7-days; author-date-within-7-days; descriptor-workshop-id-match"
"2875587269|37","Special-World","SW","2875587269","37","25 Feb @ 3:30pm","2026-02-25 15:30","","Updated for COW3 Updates","False","15","35b31d96b564aa28b6abc3079864e8cb73caa66d","2026.02.26","2026-02-27T22:09:24+03:00","1.0","2875587269","NORMAL","1","2","","False","125","subject-date-1-day; author-date-2-days; descriptor-workshop-id-match"
"2875587269|37","Special-World","SW","2875587269","37","25 Feb @ 3:30pm","2026-02-25 15:30","","Updated for COW3 Updates","False","14","be266d10ef71a8ae6d1b26920fcb063039aa7d5c","2026.02.22","2026-02-22T11:56:22+03:00","1.0","2875587269","NORMAL","3","3","","False","60","subject-date-3-days; author-date-within-7-days; descriptor-workshop-id-match"
"2875587269|37","Special-World","SW","2875587269","37","25 Feb @ 3:30pm","2026-02-25 15:30","","Updated for COW3 Updates","False","16","82f9a80b847cebb359e9b8797be9b85058fc99e7","2026.03.01","2026-03-02T19:12:42+03:00","1.0","2875587269","NORMAL","4","5","","False","35","subject-date-within-7-days; author-date-within-7-days; descriptor-workshop-id-match"
"2875587269|37","Special-World","SW","2875587269","37","25 Feb @ 3:30pm","2026-02-25 15:30","","Updated for COW3 Updates","False","13","9ee299267667b7f65add26844e8520da320efdae","2026.02.18","2026-02-18T18:18:27+03:00","1.0","2875587269","NORMAL","7","7","","False","35","subject-date-within-7-days; author-date-within-7-days; descriptor-workshop-id-match"
"2875587269|38","Special-World","SW","2875587269","38","21 Feb @ 10:54pm","2026-02-21 22:54","","","False","14","be266d10ef71a8ae6d1b26920fcb063039aa7d5c","2026.02.22","2026-02-22T11:56:22+03:00","1.0","2875587269","NORMAL","1","1","","False","135","subject-date-1-day; author-date-1-day; descriptor-workshop-id-match"
"2875587269|38","Special-World","SW","2875587269","38","21 Feb @ 10:54pm","2026-02-21 22:54","","","False","13","9ee299267667b7f65add26844e8520da320efdae","2026.02.18","2026-02-18T18:18:27+03:00","1.0","2875587269","NORMAL","3","3","","False","60","subject-date-3-days; author-date-within-7-days; descriptor-workshop-id-match"
"2875587269|38","Special-World","SW","2875587269","38","21 Feb @ 10:54pm","2026-02-21 22:54","","","False","15","35b31d96b564aa28b6abc3079864e8cb73caa66d","2026.02.26","2026-02-27T22:09:24+03:00","1.0","2875587269","NORMAL","5","6","","False","35","subject-date-within-7-days; author-date-within-7-days; descriptor-workshop-id-match"
"2875587269|38","Special-World","SW","2875587269","38","21 Feb @ 10:54pm","2026-02-21 22:54","","","False","12","0d6593821735eed75eeea01feaa347e3323e81f6","2026.02.14","2026-02-14T11:04:30+03:00","1.0","2875587269","NORMAL","7","7","","False","35","subject-date-within-7-days; author-date-within-7-days; descriptor-workshop-id-match"
"2875587269|39","Special-World","SW","2875587269","39","17 Feb @ 2:14pm","2026-02-17 14:14","","Fixed some issues with buildings.","False","13","9ee299267667b7f65add26844e8520da320efdae","2026.02.18","2026-02-18T18:18:27+03:00","1.0","2875587269","NORMAL","1","1","","False","135","subject-date-1-day; author-date-1-day; descriptor-workshop-id-match"
"2875587269|39","Special-World","SW","2875587269","39","17 Feb @ 2:14pm","2026-02-17 14:14","","Fixed some issues with buildings.","False","12","0d6593821735eed75eeea01feaa347e3323e81f6","2026.02.14","2026-02-14T11:04:30+03:00","1.0","2875587269","NORMAL","3","3","","False","60","subject-date-3-days; author-date-within-7-days; descriptor-workshop-id-match"
"2875587269|39","Special-World","SW","2875587269","39","17 Feb @ 2:14pm","2026-02-17 14:14","","Fixed some issues with buildings.","False","14","be266d10ef71a8ae6d1b26920fcb063039aa7d5c","2026.02.22","2026-02-22T11:56:22+03:00","1.0","2875587269","NORMAL","5","5","","False","35","subject-date-within-7-days; author-date-within-7-days; descriptor-workshop-id-match"
"2875587269|39","Special-World","SW","2875587269","39","17 Feb @ 2:14pm","2026-02-17 14:14","","Fixed some issues with buildings.","False","11","dbd3d6f27c20d3fb999730b7d28e09df3667bd16","2026.02.11","2026-02-11T17:42:56+03:00","1.0","2875587269","NORMAL","6","6","","False","35","subject-date-within-7-days; author-date-within-7-days; descriptor-workshop-id-match"
"2875587269|40","Special-World","SW","2875587269","40","15 Feb @ 10:39am","2026-02-15 10:39","","Share to your Steam activity feed","False","12","0d6593821735eed75eeea01feaa347e3323e81f6","2026.02.14","2026-02-14T11:04:30+03:00","1.0","2875587269","NORMAL","1","1","","False","135","subject-date-1-day; author-date-1-day; descriptor-workshop-id-match"
"2875587269|40","Special-World","SW","2875587269","40","15 Feb @ 10:39am","2026-02-15 10:39","","Share to your Steam activity feed","False","13","9ee299267667b7f65add26844e8520da320efdae","2026.02.18","2026-02-18T18:18:27+03:00","1.0","2875587269","NORMAL","3","3","","False","60","subject-date-3-days; author-date-within-7-days; descriptor-workshop-id-match"
"2875587269|40","Special-World","SW","2875587269","40","15 Feb @ 10:39am","2026-02-15 10:39","","Share to your Steam activity feed","False","14","be266d10ef71a8ae6d1b26920fcb063039aa7d5c","2026.02.22","2026-02-22T11:56:22+03:00","1.0","2875587269","NORMAL","7","7","","False","35","subject-date-within-7-days; author-date-within-7-days; descriptor-workshop-id-match"
"2875587269|40","Special-World","SW","2875587269","40","15 Feb @ 10:39am","2026-02-15 10:39","","Share to your Steam activity feed","False","11","dbd3d6f27c20d3fb999730b7d28e09df3667bd16","2026.02.11","2026-02-11T17:42:56+03:00","1.0","2875587269","NORMAL","4","4","","False","35","subject-date-within-7-days; author-date-within-7-days; descriptor-workshop-id-match"
"2875587269|41","Special-World","SW","2875587269","41","13 Feb @ 4:43pm","2026-02-13 16:43","","Medieval Arts Update","False","12","0d6593821735eed75eeea01feaa347e3323e81f6","2026.02.14","2026-02-14T11:04:30+03:00","1.0","2875587269","NORMAL","1","1","","False","135","subject-date-1-day; author-date-1-day; descriptor-workshop-id-match"
"2875587269|41","Special-World","SW","2875587269","41","13 Feb @ 4:43pm","2026-02-13 16:43","","Medieval Arts Update","False","11","dbd3d6f27c20d3fb999730b7d28e09df3667bd16","2026.02.11","2026-02-11T17:42:56+03:00","1.0","2875587269","NORMAL","2","2","","False","95","subject-date-2-days; author-date-2-days; descriptor-workshop-id-match"
"2875587269|41","Special-World","SW","2875587269","41","13 Feb @ 4:43pm","2026-02-13 16:43","","Medieval Arts Update","False","13","9ee299267667b7f65add26844e8520da320efdae","2026.02.18","2026-02-18T18:18:27+03:00","1.0","2875587269","NORMAL","5","5","","False","35","subject-date-within-7-days; author-date-within-7-days; descriptor-workshop-id-match"
"2875587269|42","Special-World","SW","2875587269","42","10 Feb @ 4:52pm","2026-02-10 16:52","","A Special World Fixes:","False","11","dbd3d6f27c20d3fb999730b7d28e09df3667bd16","2026.02.11","2026-02-11T17:42:56+03:00","1.0","2875587269","NORMAL","1","1","","False","135","subject-date-1-day; author-date-1-day; descriptor-workshop-id-match"
"2875587269|42","Special-World","SW","2875587269","42","10 Feb @ 4:52pm","2026-02-10 16:52","","A Special World Fixes:","False","12","0d6593821735eed75eeea01feaa347e3323e81f6","2026.02.14","2026-02-14T11:04:30+03:00","1.0","2875587269","NORMAL","4","4","","False","35","subject-date-within-7-days; author-date-within-7-days; descriptor-workshop-id-match"
"2875587269|43","Special-World","SW","2875587269","43","3 Feb @ 7:40am","2026-02-03 07:40","","Update for MA","False","10","04978e0c73beff81e806fb0433ea3ad95cf3a589","2026.01.31","2026-01-31T10:49:28+03:00","1.0","2875587269","NORMAL","3","3","","False","60","subject-date-3-days; author-date-within-7-days; descriptor-workshop-id-match"
"2875587269|43","Special-World","SW","2875587269","43","3 Feb @ 7:40am","2026-02-03 07:40","","Update for MA","False","9","fc1bca8d5e65a0a82dfb0ac58e4d4858ed83afac","2026.01.27","2026-01-27T20:09:40+03:00","1.0","2875587269","NORMAL","7","7","","False","35","subject-date-within-7-days; author-date-within-7-days; descriptor-workshop-id-match"
"2875587269|44","Special-World","SW","2875587269","44","30 Jan @ 5:13pm","2026-01-30 17:13","","","False","10","04978e0c73beff81e806fb0433ea3ad95cf3a589","2026.01.31","2026-01-31T10:49:28+03:00","1.0","2875587269","NORMAL","1","1","","False","135","subject-date-1-day; author-date-1-day; descriptor-workshop-id-match"
"2875587269|44","Special-World","SW","2875587269","44","30 Jan @ 5:13pm","2026-01-30 17:13","","","False","9","fc1bca8d5e65a0a82dfb0ac58e4d4858ed83afac","2026.01.27","2026-01-27T20:09:40+03:00","1.0","2875587269","NORMAL","3","3","","False","60","subject-date-3-days; author-date-within-7-days; descriptor-workshop-id-match"
"2875587269|45","Special-World","SW","2875587269","45","26 Jan @ 2:10pm","2026-01-26 14:10","","- Added Kaifeng city graphics by star","False","9","fc1bca8d5e65a0a82dfb0ac58e4d4858ed83afac","2026.01.27","2026-01-27T20:09:40+03:00","1.0","2875587269","NORMAL","1","1","","False","135","subject-date-1-day; author-date-1-day; descriptor-workshop-id-match"
"2875587269|45","Special-World","SW","2875587269","45","26 Jan @ 2:10pm","2026-01-26 14:10","","- Added Kaifeng city graphics by star","False","10","04978e0c73beff81e806fb0433ea3ad95cf3a589","2026.01.31","2026-01-31T10:49:28+03:00","1.0","2875587269","NORMAL","5","5","","False","35","subject-date-within-7-days; author-date-within-7-days; descriptor-workshop-id-match"
"2875587269|46","Special-World","SW","2875587269","46","14 Jan @ 3:41pm","2026-01-14 15:41","","","False","8","688be509388ead75fa299018dcdde17ba4c8f5f5","2026.01.15","2026-01-16T10:53:16+03:00","1.0","2875587269","NORMAL","1","2","","False","125","subject-date-1-day; author-date-2-days; descriptor-workshop-id-match"
"2875587269|46","Special-World","SW","2875587269","46","14 Jan @ 3:41pm","2026-01-14 15:41","","","False","7","59197499171ff9f910d90d8b03407b7388b43847","2026.01.12","2026-01-13T11:44:48+03:00","1.0","2875587269","NORMAL","2","1","","False","105","subject-date-2-days; author-date-1-day; descriptor-workshop-id-match"
"2875587269|47","Special-World","SW","2875587269","47","11 Jan @ 8:30pm","2026-01-11 20:30","","","False","7","59197499171ff9f910d90d8b03407b7388b43847","2026.01.12","2026-01-13T11:44:48+03:00","1.0","2875587269","NORMAL","1","2","","False","125","subject-date-1-day; author-date-2-days; descriptor-workshop-id-match"
"2875587269|47","Special-World","SW","2875587269","47","11 Jan @ 8:30pm","2026-01-11 20:30","","","False","8","688be509388ead75fa299018dcdde17ba4c8f5f5","2026.01.15","2026-01-16T10:53:16+03:00","1.0","2875587269","NORMAL","4","5","","False","35","subject-date-within-7-days; author-date-within-7-days; descriptor-workshop-id-match"
"2875587269|48","Special-World","SW","2875587269","48","31 Dec, 2025 @ 2:43pm","2025-12-31 14:43","","","False","6","825da8e0f5e4b60f964301e80c5665a8a8426fc2","2026.01.01","2026-01-01T23:38:26+03:00","1.0","2875587269","NORMAL","1","1","","False","135","subject-date-1-day; author-date-1-day; descriptor-workshop-id-match"
"2875587269|48","Special-World","SW","2875587269","48","31 Dec, 2025 @ 2:43pm","2025-12-31 14:43","","","False","5","281142eee5206dc821e274b9db26da1428e16fc0","2025.12.30","2025-12-30T17:09:49+03:00","1.0","2875587269","NORMAL","1","1","","False","135","subject-date-1-day; author-date-1-day; descriptor-workshop-id-match"
"2875587269|48","Special-World","SW","2875587269","48","31 Dec, 2025 @ 2:43pm","2025-12-31 14:43","","","False","4","bd48aaacb89f48226bbaf66fad12ba33907e5c46","2025.12.25","2025-12-25T00:24:53+03:00","1.0","2875587269","NORMAL","6","6","","False","35","subject-date-within-7-days; author-date-within-7-days; descriptor-workshop-id-match"
"2875587269|49","Special-World","SW","2875587269","49","29 Dec, 2025 @ 11:57am","2025-12-29 11:57","","","False","5","281142eee5206dc821e274b9db26da1428e16fc0","2025.12.30","2025-12-30T17:09:49+03:00","1.0","2875587269","NORMAL","1","1","","False","135","subject-date-1-day; author-date-1-day; descriptor-workshop-id-match"
"2875587269|49","Special-World","SW","2875587269","49","29 Dec, 2025 @ 11:57am","2025-12-29 11:57","","","False","6","825da8e0f5e4b60f964301e80c5665a8a8426fc2","2026.01.01","2026-01-01T23:38:26+03:00","1.0","2875587269","NORMAL","3","3","","False","60","subject-date-3-days; author-date-within-7-days; descriptor-workshop-id-match"
"2875587269|49","Special-World","SW","2875587269","49","29 Dec, 2025 @ 11:57am","2025-12-29 11:57","","","False","4","bd48aaacb89f48226bbaf66fad12ba33907e5c46","2025.12.25","2025-12-25T00:24:53+03:00","1.0","2875587269","NORMAL","4","4","","False","35","subject-date-within-7-days; author-date-within-7-days; descriptor-workshop-id-match"
"2875587269|50","Special-World","SW","2875587269","50","23 Dec, 2025 @ 4:05pm","2025-12-23 16:05","","-Updated for 1.18.2","False","4","bd48aaacb89f48226bbaf66fad12ba33907e5c46","2025.12.25","2025-12-25T00:24:53+03:00","1.0","2875587269","NORMAL","2","2","","False","95","subject-date-2-days; author-date-2-days; descriptor-workshop-id-match"
"2875587269|50","Special-World","SW","2875587269","50","23 Dec, 2025 @ 4:05pm","2025-12-23 16:05","","-Updated for 1.18.2","False","5","281142eee5206dc821e274b9db26da1428e16fc0","2025.12.30","2025-12-30T17:09:49+03:00","1.0","2875587269","NORMAL","7","7","","False","35","subject-date-within-7-days; author-date-within-7-days; descriptor-workshop-id-match"
"2875587269|51","Special-World","SW","2875587269","51","10 Dec, 2025 @ 11:31am","2025-12-10 11:31","","""Temporarily"" removed some of the UB buildings as they may be causing issues.","False","3","a2f8e19bc24921e55b1459032bf255d0a02d4507","2025.12.10","2025-12-10T23:39:34+03:00","1.0","2875587269","NORMAL","0","0","","False","175","subject-date-exact; author-date-exact; descriptor-workshop-id-match"
"2875587269|52","Special-World","SW","2875587269","52","6 Dec, 2025 @ 10:01pm","2025-12-06 22:01","","Fix to Improperly Loading Buildings","False","3","a2f8e19bc24921e55b1459032bf255d0a02d4507","2025.12.10","2025-12-10T23:39:34+03:00","1.0","2875587269","NORMAL","4","4","","False","35","subject-date-within-7-days; author-date-within-7-days; descriptor-workshop-id-match"
"2875587269|58","Special-World","SW","2875587269","58","26 Oct, 2025 @ 10:02pm","2025-10-26 22:02","","","False","2","5d059d311cc276f2a49f976a2d4254280ac39f2c","2025.10.28","2025-10-28T21:00:58+03:00","1.0","2875587269","NORMAL","2","2","","False","95","subject-date-2-days; author-date-2-days; descriptor-workshop-id-match"
"2875587269|59","Special-World","SW","2875587269","59","22 Oct, 2025 @ 5:58pm","2025-10-22 17:58","","Updated for Medieval Arts Update","False","2","5d059d311cc276f2a49f976a2d4254280ac39f2c","2025.10.28","2025-10-28T21:00:58+03:00","1.0","2875587269","NORMAL","6","6","","False","35","subject-date-within-7-days; author-date-within-7-days; descriptor-workshop-id-match"
"2875587269|60","Special-World","SW","2875587269","60","17 Sep, 2025 @ 5:13pm","2025-09-17 17:13","1.17 and Medieval Arts Update","1.17 and Medieval Arts Update","False","1","8cff9607cb4a5bbf4772156f15f62b5564764df4","First","2025-09-18T23:22:49+03:00","1.0","2875587269","NORMAL","","1","","False","25","author-date-1-day; descriptor-workshop-id-match"
"3490396842|1","Western-Steppe-Expanded","WSE","3490396842","1","20 Apr @ 8:37am","2026-04-20 08:37","","-Updated to 1.19","False","4","063576a7299159e3eef1ba510e6e3bd7f938d7ab","2026.04.20","2026-04-25T10:40:10+03:00","1.19.*","3490396842","NORMAL","0","5","1.19","True","575","subject-date-exact; author-date-within-7-days; version-token:1.19; descriptor-workshop-id-match; current-head-vs-steam-evidence"
"3490396842|2","Western-Steppe-Expanded","WSE","3490396842","2","4 Apr @ 3:43am","2026-04-04 03:43","","-Bug Fixes","False","3","813cdf117fb1a935cdb0f51184a4ed9a379cbacf","2026.04.04","2026-04-04T18:26:41+03:00","1.18.*","3490396842","NORMAL","0","0","","False","175","subject-date-exact; author-date-exact; descriptor-workshop-id-match"
"3490396842|3","Western-Steppe-Expanded","WSE","3490396842","3","4 Feb @ 12:39pm","2026-02-04 12:39","","","False","2","fcda0b4b0dae1bcf911e7b9b8e650b9aad3bb554","04.02.2026","2026-03-28T09:51:59+03:00","1.18.*","3490396842","NORMAL","0","52","","False","145","subject-date-exact; descriptor-workshop-id-match"
"3490396842|4","Western-Steppe-Expanded","WSE","3490396842","4","28 Jan @ 4:30pm","2026-01-28 16:30","","-New Hunnic Name List","False","2","fcda0b4b0dae1bcf911e7b9b8e650b9aad3bb554","04.02.2026","2026-03-28T09:51:59+03:00","1.18.*","3490396842","NORMAL","7","59","","False","30","subject-date-within-7-days; descriptor-workshop-id-match"
